ply
format ascii 1.0
comment made by meshes/oim_asset_to_ply.py from sugar_box_centered.obj; mm; origin 24.7 mm above the underside, plan bbox centred
comment TextureFile sugar_box.png
element vertex 8393
property float x
property float y
property float z
property float nx
property float ny
property float nz
property float texture_u
property float texture_v
element face 16384
property list uchar int vertex_indices
end_header
-87.0450 -45.2070 6.3160 -0.77244 -0.63471 -0.02195 0.164337 0.593229
-87.0450 -45.2070 6.3160 -0.96848 -0.24301 -0.05462 0.120116 0.637818
-87.0050 -45.1250 4.2160 -0.99210 -0.11541 -0.04913 0.111982 0.638538
-87.0050 -45.1250 4.2160 -0.78858 -0.61469 -0.01705 0.163926 0.585158
-86.3760 -45.9540 4.5560 -0.50289 -0.86435 0.00154 0.167972 0.586328
-87.2130 -44.5350 6.3050 -0.99021 -0.12787 -0.05596 0.120223 0.640486
-87.0970 -43.2960 2.9320 -0.99829 -0.05184 -0.02715 0.107319 0.645809
-86.3250 -45.9930 2.7050 -0.50859 -0.86075 0.02112 0.167938 0.579184
-86.8160 -45.4300 1.4200 -0.75961 -0.65036 -0.00466 0.164848 0.574367
-86.8160 -45.4300 1.4200 -0.97011 -0.24215 -0.01546 0.101082 0.637769
-87.0050 -44.6750 1.4540 -0.99034 -0.13704 -0.02117 0.101364 0.640754
-86.1980 -46.1270 0.2540 -0.47709 -0.87828 0.03158 0.168217 0.569713
-86.8470 -45.3380 0.2070 -0.78881 -0.61452 0.01162 0.164246 0.569722
-86.8470 -45.3380 0.2070 -0.98028 -0.19632 -0.02268 0.096411 0.638374
-86.3870 -46.0620 -1.0040 -0.66369 -0.74797 0.00734 0.167303 0.564904
-86.9010 -44.8140 -1.3340 -0.99033 -0.13395 -0.03613 0.090556 0.640693
-86.6990 -45.4990 -2.8100 -0.97635 -0.21216 -0.04163 0.084712 0.638247
-86.6990 -45.4990 -2.8100 -0.77754 -0.62787 -0.03466 0.164581 0.558037
-87.0860 -41.9360 -0.8550 -0.99814 -0.05411 -0.02807 0.092892 0.651701
-86.9690 -42.3810 -3.5430 -0.99746 -0.05992 -0.03854 0.082433 0.650436
-87.2520 -39.9370 2.2110 -0.99855 -0.04999 -0.01984 0.105059 0.658876
-86.4220 -45.8520 -5.8560 -0.68268 -0.73002 -0.03182 0.165914 0.546247
-86.4220 -45.8520 -5.8560 -0.94853 -0.31668 0.00017 0.072866 0.637290
-85.9990 -46.2990 -3.3400 -0.44937 -0.89327 0.01169 0.168613 0.555845
-86.0120 -46.2400 -1.6110 -0.24056 -0.97000 0.03524 0.168790 0.562503
-85.1010 -46.3250 -1.6590 -0.16189 -0.98645 0.02673 0.172285 0.562211
-85.3510 -46.2390 0.9970 -0.19390 -0.98062 0.02806 0.171598 0.572474
-83.6670 -46.6590 -1.9900 -0.13873 -0.98998 0.02620 0.177902 0.560748
-84.8730 -46.4620 -4.9750 -0.15444 -0.98744 0.03325 0.172799 0.549406
-86.7580 -44.8450 -4.7360 -0.98609 -0.15995 -0.04514 0.077404 0.641136
-85.8600 -46.4040 -5.5040 -0.41901 -0.90794 -0.00907 0.168961 0.547493
-85.5900 -46.4690 -6.6570 -0.31232 -0.94928 0.03652 0.169806 0.542988
-86.4970 -45.6930 -6.9390 -0.76220 -0.64627 -0.03725 0.165050 0.542109
-86.4970 -45.6930 -6.9390 -0.97641 -0.21224 -0.03963 0.068728 0.638188
-85.7140 -46.5390 -8.2830 -0.43632 -0.89953 0.02156 0.169218 0.536715
-86.3140 -45.8210 -9.3300 -0.96599 -0.25656 -0.03218 0.059472 0.638041
-86.3140 -45.8210 -9.3300 -0.76652 -0.64221 -0.00406 0.165416 0.532857
-83.7290 -46.7680 -6.4370 -0.15391 -0.98763 0.02990 0.177156 0.543614
-84.7180 -46.5940 -8.3040 -0.12692 -0.99139 0.03208 0.173043 0.536541
-83.2710 -46.8830 -8.2370 -0.11316 -0.99343 0.01695 0.178736 0.536620
-86.8310 -42.9580 -5.9420 -0.99672 -0.06487 -0.04848 0.073070 0.648613
-87.2530 -38.0740 -2.3060 -0.99828 -0.05028 -0.03017 0.087897 0.666828
-87.0070 -39.6190 -6.5350 -0.99732 -0.05725 -0.04552 0.071327 0.661582
-86.5880 -44.9380 -7.9960 -0.98935 -0.13402 -0.05686 0.064802 0.641313
-86.5950 -43.3640 -9.5600 -0.99591 -0.07044 -0.05658 0.059034 0.647634
-86.0980 -45.9700 -14.3480 -0.79805 -0.60254 -0.00744 0.165492 0.513417
-86.0980 -45.9700 -14.3480 -0.98873 -0.14711 -0.02795 0.040122 0.638308
-85.4230 -46.8550 -15.0530 -0.51493 -0.85490 0.06320 0.169644 0.510515
-85.6350 -46.6360 -12.8290 -0.63332 -0.77382 -0.01009 0.168930 0.519165
-86.1530 -46.0030 -12.2370 -0.97286 -0.22479 -0.05499 0.048235 0.637815
-86.1530 -46.0030 -12.2370 -0.77963 -0.62612 -0.01196 0.165870 0.521585
-85.3080 -47.0810 -16.1970 -0.39460 -0.91879 -0.01052 0.170248 0.506109
-86.2250 -45.0940 -14.4660 -0.99344 -0.10874 -0.03543 0.039828 0.641737
-86.0120 -46.1150 -16.6380 -0.97659 -0.21486 -0.01070 0.031296 0.638095
-86.0120 -46.1150 -16.6380 -0.80627 -0.59148 -0.00852 0.165808 0.504254
-85.9400 -46.1800 -17.6340 -0.94815 -0.31728 -0.01834 0.027454 0.637951
-85.9400 -46.1800 -17.6340 -0.64565 -0.76016 -0.07273 0.166563 0.500262
-86.1150 -45.6240 -17.7890 -0.98558 -0.16924 -0.00049 0.026949 0.640222
-85.6250 -46.6630 -10.8940 -0.44600 -0.89471 0.02398 0.169320 0.526632
-84.6110 -46.6940 -10.9940 -0.09816 -0.99443 0.03841 0.173204 0.526144
-83.3280 -46.9240 -10.7970 -0.09493 -0.99536 0.01599 0.178241 0.526765
-81.2770 -46.9460 -10.6890 0.00872 -0.99996 -0.00163 0.186158 0.526969
-81.9790 -46.9460 -12.9430 0.00418 -0.99993 -0.01151 0.183216 0.518366
-86.3660 -45.4960 -10.7520 -0.98036 -0.19208 -0.04468 0.054068 0.639602
-85.2340 -46.8280 -13.4000 -0.18275 -0.98174 0.05283 0.170560 0.516894
-86.4730 -42.7990 -12.7730 -0.99635 -0.06852 -0.05101 0.046735 0.650326
-84.8630 -46.9590 -15.2350 -0.01620 -0.99650 0.08199 0.171874 0.509795
-83.9770 -46.8960 -14.7250 0.01061 -0.99978 0.01815 0.175324 0.511695
-83.0980 -46.8630 -16.6220 0.04188 -0.99836 -0.03909 0.178565 0.504313
-80.2740 -46.8360 -16.4720 0.01274 -0.99900 -0.04297 0.189448 0.504627
-87.2070 -36.0090 -6.3880 -0.99796 -0.04850 -0.04157 0.072459 0.675470
-86.7620 -40.6230 -10.0300 -0.99652 -0.06391 -0.05356 0.057674 0.658278
-86.9450 -37.9890 -9.6000 -0.99708 -0.05523 -0.05279 0.059754 0.668368
-87.1640 -33.1860 -10.1270 -0.99732 -0.05431 -0.04905 0.058470 0.686972
-86.8990 -34.6300 -13.4830 -0.99711 -0.05576 -0.05159 0.045299 0.681941
-86.3250 -42.1690 -16.4110 -0.99774 -0.05483 -0.03886 0.032814 0.653318
-86.2470 -42.5000 -19.3800 -0.89427 -0.02116 -0.44703 0.164135 0.477556
-86.2470 -42.5000 -19.3800 -0.99844 -0.03361 -0.04453 0.021335 0.652510
-86.3020 -40.0660 -19.3400 -0.98204 -0.03437 -0.18550 0.021867 0.661876
-86.6440 -38.9410 -14.0540 -0.99698 -0.05790 -0.05174 0.042421 0.665404
-86.5720 -37.4700 -17.3150 -0.99641 -0.04959 -0.06858 0.030083 0.671588
-86.4020 -36.7510 -19.3570 -0.97795 -0.03441 -0.20599 0.022293 0.674652
-87.1910 -30.9110 -12.2950 -0.99752 -0.05245 -0.04697 0.050463 0.696108
-86.9860 -31.2300 -15.9640 -0.99622 -0.05319 -0.06868 0.036269 0.695463
-86.7810 -33.4130 -17.3140 -0.99480 -0.04683 -0.09044 0.030722 0.687242
-86.5160 -34.5630 -19.1290 -0.98074 -0.03558 -0.19206 0.023506 0.683060
-86.2460 -35.2100 -20.0060 -0.88343 -0.02939 -0.46763 0.019893 0.680673
-86.5690 -31.7240 -19.3180 -0.97762 -0.03663 -0.20717 0.023193 0.694042
-86.2380 -33.3250 -20.2390 -0.83006 -0.03805 -0.55637 0.019257 0.687981
-86.9060 -29.4920 -17.6850 -0.98999 -0.04002 -0.13533 0.029882 0.702437
-87.2670 -27.8870 -14.6280 -0.99695 -0.05656 -0.05384 0.041945 0.708170
-86.3630 -31.5330 -20.0860 -0.91317 -0.02805 -0.40661 0.020153 0.694879
-85.5060 -32.5050 -20.8390 -0.31853 -0.04368 -0.94691 0.169791 0.438580
-85.5060 -32.5050 -20.8390 -0.56938 -0.05123 -0.82048 0.015630 0.691167
-85.7560 -34.9080 -20.5880 -0.39377 -0.04022 -0.91833 0.168513 0.447879
-85.7560 -34.9080 -20.5880 -0.73201 -0.04473 -0.67983 0.016977 0.681881
-86.0320 -30.6290 -20.6250 -0.66452 -0.03406 -0.74649 0.017789 0.698417
-86.5070 -28.3240 -20.0050 -0.93065 -0.03206 -0.36451 0.020968 0.707258
-85.6450 -28.9290 -20.9310 -0.45958 -0.03635 -0.88739 0.015940 0.705003
-84.9280 -30.1580 -21.1870 -0.42818 -0.04547 -0.90255 0.013011 0.700243
-84.9280 -30.1580 -21.1870 -0.20362 -0.03949 -0.97825 0.172388 0.429511
-68.2840 -44.6220 17.9220 -0.00752 -0.57766 0.81625 0.239464 0.637101
-69.6580 -45.3190 17.2510 -0.00934 -0.84167 0.53992 0.234035 0.633555
-67.8460 -45.4230 17.0400 0.01246 -0.89306 0.44976 0.241002 0.632459
-65.9260 -45.1530 17.4770 -0.01531 -0.82585 0.56368 0.248497 0.634136
-64.6770 -44.3860 18.1920 -0.04534 -0.39407 0.91796 0.253442 0.638047
-66.6090 -45.5360 16.3940 0.02160 -0.98543 0.16873 0.245704 0.629798
-63.5890 -45.2760 17.3270 -0.00895 -0.92911 0.36969 0.257507 0.633076
-63.8650 -44.9480 17.8370 -0.02068 -0.70904 0.70487 0.256520 0.635430
-65.8490 -45.6100 14.1650 0.00305 -0.99772 0.06740 0.248378 0.621108
-65.4380 -45.6380 15.0590 -0.00286 -0.99972 0.02347 0.250071 0.624500
-63.7850 -45.4640 16.3660 0.01977 -0.99169 0.12716 0.256618 0.629339
-63.4100 -45.5590 14.6870 0.01447 -0.99681 0.07851 0.257861 0.622828
-62.1610 -45.1670 17.5870 0.00438 -0.83545 0.54954 0.263053 0.633994
-61.5550 -45.4220 16.7050 -0.00488 -0.98785 0.15536 0.265273 0.630382
-61.2690 -44.2020 18.3660 -0.03483 -0.37461 0.92653 0.266631 0.638684
-60.1910 -45.3060 17.3350 -0.00209 -0.91593 0.40134 0.270614 0.632671
-59.5800 -44.7900 18.0300 -0.01989 -0.67324 0.73916 0.273083 0.635919
-57.8860 -45.0680 17.7320 -0.00045 -0.84707 0.53148 0.279566 0.634135
-58.5900 -45.4060 16.9360 0.01340 -0.97857 0.20548 0.276737 0.630903
-57.5980 -43.9770 18.5890 -0.04274 -0.30201 0.95235 0.280836 0.639507
-56.4520 -44.5640 18.3250 -0.01704 -0.61503 0.78832 0.285200 0.636940
-57.4530 -42.2230 18.7960 -0.04216 -0.11194 0.99282 0.281472 0.646292
-64.0550 -45.7420 13.0160 0.00412 -0.99599 0.08934 0.255165 0.616439
-61.7020 -45.7220 13.1680 0.00610 -0.99663 0.08178 0.264265 0.616743
-62.1420 -45.7810 11.9130 0.01095 -0.99731 0.07242 0.262420 0.611965
-59.8030 -45.6110 14.0260 0.00981 -0.99602 0.08861 0.271698 0.619836
-58.8580 -45.4590 15.6610 0.00268 -0.99788 0.06501 0.275544 0.626032
-59.9010 -45.7930 11.8420 0.00821 -0.99679 0.07963 0.271057 0.611420
-62.0420 -46.0090 9.4050 0.00712 -0.99694 0.07791 0.262506 0.602267
-58.4060 -46.0210 8.8560 0.00450 -0.99697 0.07768 0.276467 0.599723
-56.2890 -45.4760 15.3480 0.02386 -0.99775 0.06265 0.285416 0.624530
-55.7650 -45.5160 14.2760 0.01734 -0.99651 0.08160 0.287310 0.620343
-55.4980 -45.0360 17.7920 -0.00498 -0.84833 0.52944 0.288791 0.634085
-56.6460 -45.7430 12.0760 0.00861 -0.99601 0.08883 0.283641 0.611942
-55.8990 -46.0860 8.0170 0.00439 -0.99690 0.07859 0.286036 0.596189
-54.2050 -45.6110 13.3800 0.01074 -0.99452 0.10400 0.293212 0.616691
-53.0400 -46.0110 8.6780 0.01368 -0.99656 0.08179 0.297136 0.598403
-56.1010 -46.3360 4.6610 0.00581 -0.99815 0.06047 0.284861 0.583267
-51.9780 -46.3050 4.2710 0.01044 -0.99822 0.05876 0.300709 0.581288
-48.7230 -46.4190 1.6140 0.00923 -0.99900 0.04374 0.312947 0.570677
-53.3760 -46.5190 -0.0620 0.00985 -0.99926 0.03731 0.294822 0.564766
-86.9850 -43.9470 18.0350 -0.56738 -0.09368 0.81811 0.166766 0.641371
-87.2240 -44.7490 17.6180 -0.82410 -0.34628 0.44827 0.165105 0.637825
-86.5510 -44.7790 18.0440 -0.13733 -0.43986 0.88750 0.168320 0.638568
-86.7500 -43.0160 18.1850 -0.32557 -0.04857 0.94427 0.167827 0.644938
-87.0290 -45.4400 15.8950 -0.62739 -0.77595 0.06544 0.166385 0.630111
-86.8770 -45.4250 17.1440 -0.47530 -0.82950 0.29329 0.167336 0.634814
-87.3180 -44.6480 15.9430 -0.93543 -0.34579 0.07351 0.163264 0.630812
-87.3180 -44.6480 15.9430 -0.98971 -0.04149 0.13691 0.158248 0.638556
-85.9690 -45.4590 17.3610 0.02693 -0.87133 0.48996 0.170753 0.635229
-85.7540 -45.6310 15.9350 -0.10795 -0.98867 0.10429 0.171435 0.629980
-84.8150 -45.5450 16.7930 0.05801 -0.92639 0.37207 0.175167 0.633345
-87.1710 -42.8210 17.8260 -0.90036 -0.00974 0.43504 0.165633 0.645652
-87.0590 -41.8820 18.0080 -0.79926 0.00216 0.60098 0.166469 0.649252
-87.2780 -42.3080 16.1510 -0.98457 -0.00739 0.17483 0.159133 0.647640
-87.5600 -43.8540 15.1620 -0.98554 -0.06873 0.15490 0.155026 0.641769
-82.3670 -45.1030 17.2550 0.00776 -0.67310 0.73951 0.184754 0.635529
-84.5350 -45.0140 17.3880 0.11402 -0.58373 0.80391 0.176322 0.636448
-85.9360 -42.8650 18.1880 0.11115 -0.11930 0.98662 0.171060 0.645415
-84.7290 -44.3980 17.6610 0.14040 -0.26073 0.95515 0.175655 0.639079
-84.7290 -42.0160 18.0730 0.11293 -0.14142 0.98349 0.175944 0.648353
-86.7660 -41.3630 18.3040 -0.47100 -0.02534 0.88177 0.168057 0.651247
-85.7760 -40.8320 18.4210 0.06536 -0.11971 0.99065 0.171969 0.653166
-81.8230 -44.3580 17.7070 -0.02416 -0.33010 0.94364 0.186976 0.638837
-83.0180 -42.9160 17.8910 -0.00736 -0.14543 0.98934 0.182490 0.644596
-84.3680 -39.7340 18.3400 0.05517 -0.12226 0.99096 0.177605 0.657117
-87.2160 -40.5890 17.5740 -0.95685 -0.00902 0.29043 0.164747 0.654236
-87.5810 -40.4550 15.2540 -0.97301 -0.01288 0.23041 0.155590 0.654927
-87.6920 -41.1930 14.2720 -0.99894 -0.02048 0.04126 0.151700 0.652185
-87.3540 -39.7790 15.9350 -0.98074 -0.00556 0.19521 0.158417 0.657461
-87.7260 -38.2960 14.7640 -0.98703 -0.00930 0.16027 0.153830 0.663329
-87.8180 -35.1020 13.7270 -0.99939 -0.01580 0.03130 0.150168 0.675772
-87.7540 -37.4470 12.7060 -0.99922 -0.02855 -0.02731 0.145973 0.666856
-86.7120 -35.7220 18.3220 -0.61376 0.02532 0.78909 0.168654 0.672788
-87.0740 -38.1850 17.9990 -0.83991 0.00498 0.54270 0.166605 0.663418
-86.5690 -37.9110 18.4860 -0.46704 -0.01315 0.88414 0.169308 0.664415
-85.7580 -38.1560 18.6400 -0.06533 -0.06569 0.99570 0.172443 0.663405
-86.0940 -40.0100 18.5200 -0.13208 -0.06124 0.98934 0.170833 0.656365
-85.9340 -36.5160 18.6690 -0.21926 0.00186 0.97566 0.171891 0.669704
-83.9480 -35.1330 18.8370 -0.05198 -0.06062 0.99681 0.179640 0.674860
-86.8920 -39.9860 18.1680 -0.68833 -0.01693 0.72520 0.167434 0.656513
-87.2490 -38.7640 17.5580 -0.96758 -0.01819 0.25192 0.164752 0.661232
-87.3740 -36.8890 15.8350 -0.98026 -0.00441 0.19768 0.158311 0.668620
-83.6720 -37.7820 18.5840 0.00330 -0.11468 0.99340 0.180492 0.664607
-87.1390 -35.4450 17.7510 -0.89908 0.01246 0.43760 0.165940 0.673924
-85.8080 -34.7830 18.7020 -0.24033 -0.00529 0.97068 0.172479 0.676319
-87.2610 -33.7480 17.2580 -0.98187 0.01239 0.18914 0.164221 0.680495
-87.2990 -35.6820 17.1700 -0.98690 0.00352 0.16128 0.163594 0.673093
-87.0870 -33.2930 17.7870 -0.84588 0.02113 0.53295 0.166424 0.682161
-86.2990 -33.2790 18.4870 -0.50893 0.01837 0.86061 0.170495 0.682117
-86.5370 -31.4570 18.3240 -0.59535 0.02597 0.80305 0.169533 0.689131
-87.6930 -36.0220 14.9570 -0.97247 0.00171 0.23304 0.154822 0.672073
-87.3830 -34.6200 15.7270 -0.97613 0.01079 0.21690 0.158185 0.677360
-87.7450 -34.2250 14.7800 -0.97418 -0.00053 0.22577 0.154336 0.679005
-79.2250 -41.8260 18.1650 -0.02684 -0.13849 0.99000 0.197295 0.648549
-81.3210 -39.5710 18.4050 -0.02015 -0.13130 0.99114 0.189392 0.657467
-76.6320 -42.1810 18.1970 -0.02415 -0.11862 0.99265 0.207318 0.647037
-76.6480 -41.4130 18.2530 -0.02511 -0.11103 0.99350 0.207306 0.650008
-77.8870 -39.7940 18.4650 -0.02740 -0.13128 0.99097 0.202640 0.656378
-79.2540 -38.0800 18.6100 -0.02315 -0.11096 0.99356 0.197496 0.663105
-76.7330 -38.5730 18.6740 -0.03246 -0.12423 0.99172 0.207194 0.661072
-81.1540 -36.5910 18.8180 -0.00318 -0.10505 0.99446 0.190293 0.669039
-85.8080 -31.7670 18.6500 -0.28714 0.02384 0.95759 0.172582 0.687885
-81.0320 -33.6010 19.0830 -0.00159 -0.07776 0.99697 0.190974 0.680569
-81.0970 -30.9580 19.2520 -0.04064 -0.03793 0.99845 0.190897 0.690744
-79.3810 -35.4380 18.8430 -0.01590 -0.08922 0.99588 0.197207 0.673335
-77.8310 -36.4070 18.8740 -0.05041 -0.09972 0.99374 0.203122 0.669522
-75.2430 -36.5920 18.9200 -0.02132 -0.10070 0.99469 0.213089 0.668673
-79.4380 -31.2030 19.2130 -0.03258 -0.06331 0.99746 0.197269 0.689694
-77.1310 -32.4200 19.2930 -0.04856 -0.08596 0.99511 0.206097 0.684910
-87.2790 -30.6020 17.0340 -0.98651 0.00365 0.16365 0.163798 0.692590
-87.1250 -30.7800 17.5890 -0.88768 0.01565 0.46019 0.165984 0.691823
-87.3760 -31.9860 15.6020 -0.97306 0.00860 0.23037 0.158080 0.687494
-87.3660 -29.4850 15.5030 -0.97027 0.00780 0.24192 0.158079 0.697111
-87.2490 -28.1980 17.1640 -0.95135 0.00587 0.30804 0.164672 0.701793
-87.7290 -31.4670 14.7480 -0.96023 0.00864 0.27908 0.154592 0.689614
-87.8630 -31.1270 13.8990 -0.99745 -0.00913 0.07071 0.151330 0.691045
-87.7700 -28.8360 14.6000 -0.96026 0.00465 0.27905 0.154371 0.699743
-87.3980 -25.9760 15.3280 -0.96748 0.00690 0.25285 0.157926 0.710606
-87.9070 -28.4400 13.6030 -0.99800 -0.00876 0.06254 0.150560 0.701415
-87.8530 -29.9430 10.7090 -0.99973 -0.02119 -0.00988 0.139221 0.696065
-87.8020 -26.3930 14.4290 -0.96314 0.00603 0.26892 0.154069 0.709151
-87.9030 -26.7430 8.3820 -0.99980 -0.01924 -0.00528 0.130721 0.708737
-87.9390 -24.2360 13.4220 -0.99673 -0.00195 0.08079 0.150480 0.717590
-87.7660 -24.3840 14.4820 -0.95288 0.01462 0.30298 0.154594 0.716852
-87.9590 -23.1340 8.9690 -0.99992 -0.01242 0.00064 0.133507 0.722526
-87.9850 -20.0810 13.1050 -0.99622 -0.00023 0.08684 0.149874 0.733586
-84.3460 -30.4260 18.8850 -0.15134 0.00604 0.98846 0.178337 0.692951
-86.5710 -28.6090 18.2220 -0.63535 0.03189 0.77157 0.169445 0.700053
-85.7360 -28.5770 18.5790 -0.29693 0.02618 0.95454 0.172938 0.700114
-83.9920 -27.3630 18.9120 -0.17979 0.01371 0.98361 0.179813 0.704691
-86.3890 -26.2540 18.2180 -0.57709 0.03267 0.81603 0.170206 0.709080
-87.1160 -26.7010 17.4250 -0.86233 0.02595 0.50568 0.166001 0.707500
-87.0410 -24.1200 17.4630 -0.85730 0.01902 0.51447 0.166600 0.717389
-87.2380 -25.5000 17.0070 -0.97515 0.01188 0.22121 0.164495 0.712170
-87.2760 -23.6920 16.7570 -0.97922 0.01058 0.20253 0.163798 0.719147
-85.6640 -25.0380 18.4870 -0.31509 0.03174 0.94853 0.173258 0.713699
-81.2340 -28.3810 19.3230 -0.07241 -0.01902 0.99719 0.190508 0.700657
-79.7550 -27.1060 19.3730 -0.06456 -0.02251 0.99766 0.196257 0.705477
-81.2880 -24.3200 19.3390 -0.10678 0.00129 0.99428 0.190467 0.716246
-83.2970 -22.9530 18.9710 -0.20056 0.01882 0.97950 0.182657 0.721584
-85.9640 -16.7280 18.0790 -0.41470 0.03241 0.90938 0.172157 0.745632
-86.2680 -19.5980 18.0480 -0.50221 0.02947 0.86424 0.170833 0.734635
-84.9280 -18.0940 18.4690 -0.26821 0.03176 0.96284 0.176329 0.740318
-86.6990 -18.3930 17.6820 -0.69597 0.02526 0.71762 0.168798 0.739324
-86.5820 -15.3120 17.6650 -0.64866 0.02727 0.76059 0.169428 0.751134
-87.1230 -17.0630 17.1100 -0.88097 0.02488 0.47252 0.166231 0.744520
-81.3840 -19.2500 19.2890 -0.14387 0.02297 0.98933 0.190270 0.735708
-82.9530 -16.6550 18.8440 -0.21881 0.03081 0.97528 0.184130 0.745747
-84.7630 -15.4360 18.4170 -0.26435 0.03528 0.96378 0.177033 0.750516
-87.3940 -22.9800 15.1780 -0.96384 0.00848 0.26635 0.157816 0.722126
-87.2770 -21.2970 16.6640 -0.97786 -0.00442 0.20922 0.163802 0.728353
-87.7640 -22.1750 14.4100 -0.95136 0.00669 0.30800 0.154650 0.725341
-87.4120 -20.1210 15.0950 -0.96609 0.00635 0.25813 0.157902 0.733110
-86.5300 -22.5890 17.9850 -0.60930 0.02152 0.79265 0.169586 0.723178
-85.7660 -22.5240 18.3840 -0.34989 0.02509 0.93645 0.172907 0.723359
-86.9860 -21.1800 17.4560 -0.83341 0.01644 0.55241 0.167072 0.728675
-87.7680 -19.5490 14.3140 -0.95314 0.01031 0.30235 0.154678 0.735432
-87.9610 -16.6040 13.1410 -0.99620 0.00449 0.08702 0.150548 0.746917
-87.2600 -19.4040 16.8910 -0.94692 0.01186 0.32124 0.164934 0.735582
-87.4240 -16.6270 14.9350 -0.96845 0.01177 0.24892 0.157815 0.746544
-87.3120 -16.5350 16.4010 -0.98601 0.00491 0.16661 0.163491 0.746655
-87.8190 -16.0650 14.0360 -0.95844 0.01656 0.28480 0.154119 0.748843
-88.0040 -18.5190 6.7020 -0.99998 -0.00536 -0.00116 0.125478 0.740633
-81.2800 -21.4170 19.3180 -0.11786 0.00541 0.99302 0.190597 0.727386
-74.2010 -38.3080 18.7650 -0.02125 -0.11649 0.99296 0.216993 0.661986
-74.4350 -32.2360 19.3670 -0.02369 -0.09211 0.99547 0.216493 0.685480
-71.5350 -36.3070 19.0070 -0.02079 -0.09781 0.99499 0.227409 0.669607
-78.2730 -29.4380 19.4260 -0.08033 -0.05382 0.99531 0.201873 0.696452
-76.1480 -29.6280 19.5350 -0.04138 -0.06332 0.99713 0.210054 0.695625
-71.2040 -31.9160 19.4810 -0.02249 -0.09385 0.99533 0.228961 0.686579
-73.3480 -29.7380 19.6100 -0.02768 -0.07178 0.99704 0.220830 0.695076
-70.7490 -27.5140 19.8320 -0.03063 -0.06367 0.99750 0.230962 0.703540
-68.3880 -33.9300 19.3180 -0.02736 -0.10138 0.99447 0.239695 0.678673
-67.9100 -30.1020 19.7220 -0.02487 -0.08271 0.99626 0.241758 0.693458
-65.6960 -32.8850 19.5320 -0.02995 -0.09868 0.99467 0.250136 0.682638
-68.4750 -26.3620 19.9700 -0.03162 -0.06249 0.99754 0.239779 0.707897
-65.4600 -28.4260 19.9010 -0.03019 -0.07735 0.99655 0.251281 0.699841
-62.7880 -30.0800 19.8720 -0.03538 -0.08346 0.99588 0.261493 0.693386
-63.4860 -27.5440 20.0360 -0.03623 -0.07383 0.99661 0.258931 0.703189
-78.1520 -26.8860 19.5510 -0.08793 -0.03584 0.99548 0.202470 0.706263
-75.5710 -24.7370 19.8180 -0.05432 -0.03867 0.99777 0.212539 0.714421
-79.8150 -23.2710 19.4150 -0.09328 -0.00725 0.99561 0.196183 0.720212
-77.7450 -23.5100 19.6820 -0.10305 -0.02176 0.99444 0.204209 0.719217
-78.0670 -19.9460 19.7000 -0.12806 -0.00124 0.99177 0.203120 0.732911
-73.4600 -25.0830 19.8690 -0.03488 -0.05089 0.99810 0.220650 0.713001
-75.9250 -19.7230 19.9040 -0.07705 -0.00926 0.99698 0.211404 0.733688
-73.1190 -21.5380 20.0340 -0.04868 -0.02745 0.99844 0.222138 0.726620
-81.4220 -16.2790 19.1970 -0.16246 0.02967 0.98627 0.190198 0.747109
-81.4580 -13.8610 19.1050 -0.16721 0.02671 0.98556 0.190112 0.756392
-79.9040 -15.8890 19.3320 -0.13730 0.02269 0.99027 0.196078 0.748553
-79.8330 -19.0970 19.4020 -0.12078 0.01305 0.99259 0.196261 0.736237
-78.3870 -16.6210 19.6140 -0.14905 0.01414 0.98873 0.201982 0.745683
-77.8120 -13.9560 19.6650 -0.14273 0.01363 0.98967 0.204312 0.755884
-76.4070 -16.2360 19.8510 -0.09880 0.00690 0.99508 0.209675 0.747086
-73.3580 -17.6370 20.0860 -0.06170 -0.00830 0.99806 0.221386 0.741608
-74.9620 -14.2320 19.9700 -0.08689 0.00543 0.99620 0.215331 0.754723
-76.5470 -11.6580 19.8000 -0.11435 0.01423 0.99334 0.209306 0.764647
-70.5090 -22.6640 20.1010 -0.03700 -0.04313 0.99838 0.232134 0.722201
-70.6920 -20.2270 20.1720 -0.04300 -0.02467 0.99877 0.231542 0.731575
-64.6780 -25.4420 20.1650 -0.02950 -0.06715 0.99731 0.254442 0.711331
-65.1530 -22.9150 20.2900 -0.03531 -0.04561 0.99834 0.252742 0.721072
-68.1790 -21.8930 20.2150 -0.03675 -0.03948 0.99854 0.241140 0.725093
-68.0980 -18.4840 20.3230 -0.03999 -0.02566 0.99887 0.241603 0.738196
-66.0400 -18.7830 20.3860 -0.04051 -0.02975 0.99874 0.249507 0.736989
-70.1480 -15.8720 20.2770 -0.05364 -0.01250 0.99848 0.233821 0.748284
-73.2860 -11.7800 20.0800 -0.07521 0.01205 0.99709 0.221891 0.764080
-72.5820 -13.8710 20.1480 -0.06701 0.00153 0.99775 0.224526 0.756038
-67.6970 -15.3030 20.4190 -0.04586 -0.01252 0.99887 0.243281 0.750407
-70.4380 -12.7960 20.2810 -0.05860 0.00226 0.99828 0.232828 0.760102
-67.6670 -11.5410 20.4130 -0.04824 -0.00075 0.99884 0.243540 0.764853
-70.2250 -9.2440 20.2780 -0.06747 0.00990 0.99767 0.233784 0.773728
-87.6190 -43.8760 13.1280 -0.99762 -0.06798 -0.01186 0.147002 0.641972
-87.5180 -44.6600 14.2890 -0.99208 -0.11806 0.04284 0.151490 0.638758
-87.5180 -44.6600 14.2890 -0.84629 -0.53237 0.01960 0.162565 0.624140
-87.4710 -44.8860 11.9490 -0.80398 -0.59379 0.03223 0.163004 0.615004
-87.4710 -44.8860 11.9490 -0.98946 -0.14478 -0.00018 0.142227 0.638232
-86.8820 -45.5940 13.1990 -0.52926 -0.84807 0.02573 0.166772 0.619678
-86.8730 -45.6960 10.8970 -0.48092 -0.87596 0.03754 0.166727 0.610811
-87.4910 -44.7680 10.3000 -0.95797 -0.28547 -0.02821 0.162260 0.608647
-87.4910 -44.7680 10.3000 -0.99857 -0.01472 -0.05131 0.135797 0.638966
-86.5330 -45.6410 14.3270 -0.20310 -0.97785 0.05067 0.168253 0.623966
-84.7360 -45.8340 15.3430 -0.03226 -0.99216 0.12073 0.175392 0.627651
-85.0010 -45.9630 13.1710 -0.09071 -0.99463 0.04985 0.174223 0.619345
-85.8490 -45.8190 11.2990 -0.17371 -0.98434 0.03012 0.170715 0.612249
-87.3380 -45.2420 9.9010 -0.84990 -0.52466 -0.04905 0.164146 0.607073
-86.6630 -45.7710 8.8300 -0.47541 -0.87940 -0.02542 0.167288 0.602826
-87.2390 -45.0140 8.0190 -0.96766 -0.23877 -0.08141 0.126813 0.638334
-87.2390 -45.0140 8.0190 -0.78359 -0.61888 -0.05458 0.163501 0.599811
-86.4980 -45.8860 7.0020 -0.48222 -0.87604 0.00458 0.167778 0.595758
-85.6140 -45.9560 8.6680 -0.18416 -0.98231 0.03389 0.171380 0.602069
-84.5320 -46.1260 10.1350 -0.10445 -0.99345 0.04636 0.175787 0.607590
-84.4380 -46.2420 7.8530 -0.12798 -0.99097 0.03993 0.175932 0.598775
-82.1040 -45.3890 16.8520 0.01035 -0.90827 0.41825 0.185733 0.633576
-83.1280 -45.7500 15.3140 0.03290 -0.99030 0.13500 0.181638 0.627518
-80.1610 -45.7290 14.3410 0.00200 -0.99649 0.08370 0.193054 0.623494
-81.5750 -45.8550 13.5960 0.02812 -0.99583 0.08675 0.187505 0.620725
-79.6770 -45.8460 13.4240 -0.00666 -0.99552 0.09434 0.194835 0.619869
-80.6460 -45.8840 12.6960 0.00973 -0.99727 0.07324 0.191021 0.617153
-81.6460 -46.0980 10.7330 0.02371 -0.99651 0.08008 0.186972 0.609637
-80.3760 -46.1720 9.1930 0.00684 -0.99699 0.07729 0.191730 0.603558
-79.6090 -46.0420 11.2890 -0.02160 -0.99643 0.08166 0.194892 0.611582
-85.5300 -46.0360 6.0060 -0.18416 -0.98256 0.02577 0.171426 0.591803
-84.4320 -46.3210 5.4640 -0.15969 -0.98664 0.03235 0.175718 0.589566
-85.3370 -46.1540 3.2210 -0.21000 -0.97726 0.02944 0.171866 0.581049
-84.2260 -46.4680 2.4200 -0.15542 -0.98727 0.03384 0.176200 0.577807
-81.3950 -46.3250 7.9890 0.02024 -0.99757 0.06659 0.187678 0.598988
-82.9500 -46.4460 5.0730 -0.04871 -0.99762 0.04885 0.181399 0.587890
-81.2320 -46.4760 5.2750 0.01462 -0.99815 0.05898 0.188033 0.588493
-81.6970 -46.6220 2.7470 -0.01882 -0.99884 0.04429 0.185992 0.578780
-81.3820 -46.7190 0.4210 -0.03258 -0.99879 0.03692 0.186964 0.569781
-80.3020 -46.3770 6.0890 0.00525 -0.99800 0.06306 0.191709 0.591552
-78.9560 -46.3590 7.3020 -0.01997 -0.99733 0.07018 0.197019 0.596082
-80.3920 -46.5600 3.2610 -0.00109 -0.99844 0.05584 0.191072 0.580635
-78.7280 -46.5240 4.8810 -0.01874 -0.99790 0.06194 0.197652 0.586702
-77.9150 -46.6910 1.9810 -0.00368 -0.99889 0.04687 0.200477 0.575418
-87.3540 -42.8790 8.4520 -0.99834 -0.01217 -0.05627 0.128831 0.646516
-87.5780 -40.3540 11.1440 -0.99813 -0.02508 -0.05578 0.139627 0.655848
-87.4350 -39.3830 8.4680 -0.99832 -0.03320 -0.04747 0.129353 0.659986
-87.2680 -40.9980 5.3830 -0.99878 -0.03680 -0.03298 0.117177 0.654253
-87.5620 -35.3630 7.5990 -0.99839 -0.04438 -0.03520 0.126510 0.675630
-87.4410 -37.0760 5.3800 -0.99882 -0.04425 -0.01980 0.117718 0.669375
-79.8440 -45.4480 16.7550 -0.01359 -0.89615 0.44354 0.194519 0.632911
-79.5490 -45.6700 15.8510 -0.01194 -0.98945 0.14439 0.195570 0.629272
-79.9260 -44.7860 17.5320 -0.00702 -0.60911 0.79306 0.194307 0.636858
-79.0400 -44.3170 17.7890 -0.00763 -0.35376 0.93531 0.197808 0.638820
-78.5090 -45.1350 17.2290 -0.01076 -0.71328 0.70080 0.199775 0.634951
-78.2140 -45.7730 14.5780 0.00874 -0.99859 0.05245 0.200611 0.624162
-76.9380 -44.5110 17.7020 -0.01525 -0.48291 0.87554 0.205954 0.637827
-77.2950 -45.6620 16.0810 0.00478 -0.98702 0.16051 0.204333 0.629853
-76.7130 -45.4870 16.7390 -0.00587 -0.92281 0.38520 0.206674 0.632397
-74.8650 -45.2470 17.2330 -0.01716 -0.81096 0.58486 0.213911 0.634246
-77.2120 -45.9720 12.1900 0.00303 -0.99551 0.09458 0.204242 0.614791
-75.7720 -46.0710 10.8360 0.00719 -0.99681 0.07953 0.209660 0.609391
-75.8220 -45.7080 14.3690 0.00975 -0.99682 0.07904 0.209851 0.623084
-74.6730 -45.9160 12.6220 0.00600 -0.99525 0.09714 0.214099 0.616164
-76.2100 -43.9800 17.9210 -0.03012 -0.23832 0.97072 0.208829 0.639995
-74.7340 -44.5230 17.8090 -0.04063 -0.46522 0.88426 0.214514 0.637786
-74.3500 -45.6190 16.1080 0.00027 -0.98603 0.16659 0.215749 0.629605
-72.4910 -45.4030 17.0630 -0.01158 -0.88420 0.46697 0.223072 0.633107
-73.1350 -44.8040 17.6820 -0.01090 -0.60296 0.79770 0.220677 0.636479
-71.7530 -44.2150 18.0240 -0.01732 -0.33450 0.94224 0.226084 0.638971
-72.7800 -45.6550 14.9710 0.00802 -0.99756 0.06935 0.221686 0.625024
-71.4070 -45.5990 16.2220 0.00638 -0.99054 0.13711 0.227153 0.629659
-71.4220 -45.8700 12.7020 0.01763 -0.99590 0.08870 0.226670 0.616084
-73.3630 -41.4910 18.3480 -0.02555 -0.13574 0.99042 0.220006 0.649585
-71.8130 -46.1270 9.5430 0.01595 -0.99680 0.07830 0.224811 0.603934
-75.4930 -46.3470 7.3710 0.00797 -0.99728 0.07328 0.210379 0.595960
-74.7210 -46.5850 3.6890 0.01092 -0.99849 0.05388 0.212964 0.581657
-72.2950 -46.3830 6.2030 0.01824 -0.99754 0.06766 0.222589 0.591093
-69.8840 -46.2880 6.8930 0.01802 -0.99768 0.06564 0.231962 0.593484
-69.7000 -46.4180 4.6420 0.02095 -0.99812 0.05768 0.232420 0.584780
-81.0120 -46.8410 -2.9060 -0.00682 -0.99941 0.03381 0.188030 0.556917
-77.8950 -46.8000 -1.0760 -0.00305 -0.99959 0.02830 0.200230 0.563632
-79.7320 -46.8270 -3.8010 0.00512 -0.99977 0.02093 0.192863 0.553333
-75.0510 -46.8000 -1.7950 0.01194 -0.99946 0.03062 0.211104 0.560554
-76.7150 -46.8890 -4.7870 0.00149 -0.99991 0.01361 0.204374 0.549211
-81.4880 -46.9070 -5.5320 -0.02227 -0.99945 0.02472 0.185907 0.546849
-81.4520 -46.9510 -8.1240 -0.00871 -0.99993 0.00769 0.185762 0.536864
-79.0720 -46.9030 -8.4270 0.01006 -0.99994 0.00325 0.194899 0.535450
-79.3580 -46.8790 -11.1190 0.01888 -0.99976 -0.01127 0.193509 0.525119
-79.4280 -46.8660 -13.2580 0.02426 -0.99961 -0.01371 0.193023 0.516896
-77.8820 -46.7950 -15.0670 0.01950 -0.99973 -0.01242 0.198799 0.509770
-76.4670 -46.9010 -9.9370 0.01062 -0.99988 -0.01098 0.204774 0.529364
-76.6170 -46.8260 -12.9450 0.01448 -0.99965 -0.02199 0.203881 0.517804
-74.5720 -46.8770 -8.0160 0.02101 -0.99977 -0.00321 0.212274 0.536552
-73.3740 -46.7830 -12.1840 0.02607 -0.99950 -0.01786 0.216448 0.520379
-74.8670 -46.7730 -14.0870 0.01786 -0.99956 -0.02357 0.210501 0.513216
-73.0390 -46.8160 -3.5610 0.02056 -0.99964 0.01737 0.218662 0.553536
-71.8230 -46.7180 -0.8630 0.02086 -0.99932 0.03037 0.223642 0.563794
-71.4110 -46.5930 2.5660 0.02380 -0.99859 0.04755 0.225600 0.576961
-69.2560 -46.6190 0.2750 0.02128 -0.99923 0.03294 0.233657 0.567896
-68.9860 -46.7100 -3.8020 0.02444 -0.99965 0.01057 0.234254 0.552164
-65.2330 -46.6340 -3.5780 0.00873 -0.99992 0.00940 0.248735 0.552602
-71.3730 -46.7890 -5.5870 0.03015 -0.99955 0.00009 0.224860 0.545552
-71.0950 -46.7440 -9.8050 0.03368 -0.99936 -0.01176 0.225483 0.529284
-68.8230 -46.6820 -7.9340 0.02655 -0.99961 -0.00846 0.234437 0.536234
-69.3300 -46.6730 -10.4990 0.02886 -0.99953 -0.01041 0.232205 0.526417
-65.6410 -46.5890 -10.4210 0.01180 -0.99985 -0.01237 0.246423 0.526307
-64.8160 -46.6190 -7.3830 0.00521 -0.99995 -0.00795 0.249929 0.537907
-87.7850 -32.8030 10.1190 -0.99923 -0.02929 -0.02625 0.136565 0.685136
-87.6200 -33.1420 5.4550 -0.99870 -0.04609 -0.02155 0.118551 0.684540
-87.8150 -30.0720 7.4880 -0.99929 -0.03284 -0.01857 0.126808 0.696062
-87.8710 -27.2130 5.9000 -0.99953 -0.02795 -0.01245 0.121104 0.707326
-87.7540 -29.6150 3.7590 -0.99900 -0.04000 -0.02020 0.112515 0.698422
-87.4540 -35.9120 1.8140 -0.99878 -0.04589 -0.01816 0.104121 0.674464
-87.6090 -31.5400 0.7850 -0.99893 -0.04177 -0.01980 0.100781 0.691494
-87.4630 -33.3740 -2.2560 -0.99860 -0.04467 -0.02819 0.088792 0.684934
-87.3560 -32.5240 -6.4820 -0.99809 -0.04882 -0.03787 0.072629 0.688919
-87.9520 -23.7490 5.4670 -0.99985 -0.01598 -0.00626 0.119945 0.720732
-87.8980 -24.8010 2.3510 -0.99956 -0.02463 -0.01645 0.107798 0.717204
-87.7440 -28.2750 1.1060 -0.99907 -0.03845 -0.01939 0.102497 0.704025
-87.6430 -28.9420 -3.3040 -0.99876 -0.03655 -0.03386 0.085417 0.702203
-87.8150 -25.5980 -0.9490 -0.99958 -0.02188 -0.01888 0.094980 0.714694
-87.5660 -27.4470 -4.7150 -0.99773 -0.03290 -0.05883 0.080184 0.708197
-87.5290 -29.2510 -6.4590 -0.99911 -0.02387 -0.03473 0.073212 0.701540
-87.7670 -25.4140 -3.9500 -0.99833 -0.04205 -0.03956 0.083459 0.715920
-87.7910 -24.1070 -2.2350 -0.99972 -0.02085 -0.01076 0.090253 0.720656
-87.5180 -27.7910 -6.6910 -0.99890 -0.03892 -0.02601 0.072527 0.707203
-87.6260 -24.8180 -6.6850 -0.99839 -0.04166 -0.03859 0.073002 0.718677
-87.6150 -26.3010 -8.2330 -0.99886 -0.04073 -0.02487 0.066825 0.713230
-87.8430 -24.0970 0.0780 -0.99938 -0.02169 -0.02769 0.099154 0.720299
-87.9110 -21.8830 -0.4260 -0.99951 -0.02254 -0.02168 0.097548 0.728917
-87.4060 -29.4910 -9.4350 -0.99859 -0.02738 -0.04551 0.061710 0.701109
-87.3760 -27.9960 -10.0240 -0.99792 -0.05082 -0.03954 0.059659 0.706968
-87.5000 -26.4100 -10.9390 -0.99743 -0.04369 -0.05684 0.056394 0.713264
-87.2720 -28.5080 -12.1370 -0.99844 -0.04483 -0.03314 0.051439 0.705350
-70.7500 -45.0690 17.4870 -0.02334 -0.65604 0.75436 0.229856 0.634992
-69.6900 -44.2880 18.0670 -0.03285 -0.35512 0.93424 0.234061 0.638612
-69.4960 -42.0780 18.3820 -0.02232 -0.11862 0.99269 0.234942 0.647177
-69.6690 -40.6680 18.5170 -0.02022 -0.12214 0.99231 0.234348 0.652630
-70.0660 -45.6240 14.9010 0.01043 -0.99798 0.06266 0.232177 0.624415
-68.9290 -45.7780 13.1260 0.01895 -0.99589 0.08860 0.236360 0.617436
-69.2090 -45.5670 16.5900 -0.00623 -0.98123 0.19277 0.235688 0.630799
-68.2900 -45.6570 14.1910 0.01642 -0.99713 0.07387 0.238957 0.621482
-71.3750 -39.7000 18.6510 -0.01376 -0.13663 0.99053 0.227816 0.656470
-67.0940 -44.1360 18.1460 -0.03736 -0.22750 0.97306 0.244113 0.639070
-66.8560 -41.8340 18.4570 -0.03240 -0.12527 0.99159 0.245155 0.648006
-64.5240 -42.2600 18.5210 -0.04018 -0.12302 0.99159 0.254154 0.646309
-69.2780 -37.6060 18.9380 -0.02476 -0.11125 0.99348 0.236046 0.664498
-66.7500 -39.3530 18.7970 -0.02886 -0.12916 0.99120 0.245708 0.657641
-65.0420 -40.5090 18.6730 -0.03496 -0.12300 0.99179 0.252234 0.653089
-69.5530 -45.9140 11.4720 0.02039 -0.99648 0.08137 0.233757 0.611125
-65.6080 -45.8330 11.6710 0.00858 -0.99728 0.07314 0.249013 0.611438
-67.8240 -46.1130 8.9760 0.01974 -0.99684 0.07698 0.240144 0.601283
-65.8300 -46.0570 9.0330 0.01455 -0.99692 0.07702 0.247849 0.601278
-67.1780 -46.3110 5.7320 0.01467 -0.99788 0.06344 0.242274 0.588698
-64.2130 -46.2080 6.8650 0.00720 -0.99759 0.06898 0.253837 0.592721
-64.8830 -46.3820 4.1730 0.00964 -0.99848 0.05424 0.250948 0.582420
-66.9960 -36.9260 19.0790 -0.02664 -0.10310 0.99431 0.244894 0.667050
-61.5980 -40.7900 18.7870 -0.03712 -0.12463 0.99151 0.265529 0.651923
-64.5370 -38.8390 18.9260 -0.03556 -0.12302 0.99177 0.254278 0.659563
-64.1140 -37.4300 19.0870 -0.03748 -0.10206 0.99407 0.255988 0.665003
-65.4350 -36.0340 19.1970 -0.02687 -0.10046 0.99458 0.250967 0.670443
-61.7600 -37.7620 19.1840 -0.03624 -0.10080 0.99425 0.265068 0.663679
-59.1290 -40.3570 18.9240 -0.03880 -0.12003 0.99201 0.275084 0.653544
-59.8920 -37.9480 19.2110 -0.03671 -0.11257 0.99297 0.272266 0.662906
-61.9530 -36.3850 19.2820 -0.03938 -0.09237 0.99495 0.264387 0.668993
-62.8760 -33.8220 19.4950 -0.03744 -0.10054 0.99423 0.260958 0.678922
-58.2220 -37.0510 19.3760 -0.03893 -0.10148 0.99408 0.278753 0.666341
-61.3130 -31.6760 19.7950 -0.03771 -0.09099 0.99514 0.267102 0.687193
-67.2290 -46.4980 2.6560 0.01426 -0.99878 0.04729 0.241730 0.576839
-65.2420 -46.5710 -0.2340 0.01026 -0.99951 0.02948 0.249073 0.565479
-61.3750 -46.4880 1.5540 0.00191 -0.99916 0.04101 0.264176 0.571921
-60.4300 -46.3060 4.9970 0.00321 -0.99809 0.06174 0.268212 0.585077
-60.9640 -46.6390 -3.7540 0.00174 -0.99993 0.01132 0.265170 0.551437
-62.7160 -46.6350 -6.7370 -0.00231 -0.99998 -0.00539 0.258091 0.540155
-57.6700 -46.5300 0.8210 0.00174 -0.99927 0.03821 0.278372 0.568663
-58.0110 -46.6250 -3.6150 -0.00321 -0.99993 0.01174 0.276561 0.551630
-59.1270 -46.6290 -7.5580 0.00196 -0.99992 -0.01211 0.271824 0.536584
-62.1950 -46.6100 -9.5030 0.00212 -0.99986 -0.01675 0.259791 0.529448
-55.6280 -46.6430 -3.2570 0.00253 -0.99986 0.01671 0.285782 0.552730
-55.8040 -46.6540 -5.8060 0.00207 -0.99998 -0.00584 0.284821 0.542940
-55.5440 -46.5970 -8.4710 0.00491 -0.99973 -0.02276 0.285526 0.532656
-52.9590 -46.6230 -5.7230 0.01402 -0.99990 -0.00342 0.295789 0.542932
-52.1490 -46.5960 -3.0680 0.01373 -0.99977 0.01651 0.299208 0.553053
-49.0170 -46.5370 -2.1300 0.01151 -0.99976 0.01869 0.311381 0.556301
-55.2420 -43.9620 18.6670 -0.03798 -0.29119 0.95591 0.289928 0.639496
-54.6740 -44.4150 18.4590 -0.04198 -0.58869 0.80727 0.292072 0.637518
-52.9700 -44.0970 18.7390 -0.03736 -0.38192 0.92344 0.298697 0.638961
-52.7230 -42.0550 19.0210 -0.04197 -0.11130 0.99290 0.299744 0.646859
-55.2050 -45.3140 17.0820 0.01491 -0.97637 0.21557 0.289809 0.631104
-52.8040 -44.9690 18.0720 -0.00695 -0.82982 0.55800 0.299211 0.634756
-52.8480 -45.2570 17.0610 0.01941 -0.98577 0.16700 0.298898 0.630738
-53.2360 -45.3380 15.7610 0.01721 -0.99683 0.07773 0.297245 0.625780
-51.5800 -45.5030 14.0120 0.01503 -0.99526 0.09606 0.303414 0.618835
-51.3840 -45.8240 10.3130 0.01622 -0.99580 0.09009 0.303722 0.604533
-49.5940 -45.0570 17.7580 0.00803 -0.96601 0.25840 0.311535 0.633123
-50.5860 -44.9330 18.0550 -0.00297 -0.85106 0.52506 0.307756 0.634489
-49.1990 -45.2880 15.9350 0.01397 -0.99577 0.09084 0.312834 0.626006
-48.1900 -44.0870 18.9340 -0.03130 -0.42588 0.90424 0.317138 0.638901
-51.0170 -44.4180 18.6000 -0.00953 -0.58381 0.81183 0.306194 0.637440
-47.6320 -44.8880 18.2050 -0.01288 -0.86862 0.49531 0.319174 0.634695
-47.8490 -45.2190 16.6480 0.00789 -0.99127 0.13158 0.318126 0.628598
-46.2490 -45.2980 15.2840 0.01274 -0.99545 0.09442 0.324125 0.623151
-48.8340 -45.3590 14.6100 0.01517 -0.99499 0.09877 0.314079 0.620858
-48.3550 -45.5000 13.5620 0.00772 -0.99420 0.10730 0.315795 0.616733
-50.6310 -43.7790 18.9000 -0.04134 -0.25264 0.96668 0.307741 0.640130
-48.2480 -41.1250 19.2970 -0.03953 -0.11612 0.99245 0.317055 0.650367
-51.2990 -40.3590 19.2380 -0.04311 -0.11905 0.99195 0.305311 0.653383
-49.6090 -38.9620 19.5150 -0.04067 -0.11211 0.99286 0.311900 0.658782
-44.5420 -45.0950 17.4930 0.01425 -0.98524 0.17056 0.330978 0.631473
-44.8150 -44.8930 18.2380 -0.00519 -0.87547 0.48324 0.330029 0.634476
-46.4560 -44.4340 18.7000 -0.01694 -0.60287 0.79766 0.323782 0.637170
-46.5320 -43.6480 19.0790 -0.03240 -0.26416 0.96393 0.323567 0.640550
-44.3890 -43.8620 19.1250 -0.03774 -0.33353 0.94198 0.331828 0.639696
-43.0350 -44.2950 18.9140 -0.02246 -0.60094 0.79898 0.337005 0.637730
-45.3790 -45.4880 13.5690 0.01404 -0.99570 0.09154 0.327263 0.616408
-43.2580 -45.1490 16.1640 0.01499 -0.99600 0.08805 0.335763 0.626212
-43.4420 -45.3880 14.1010 0.01827 -0.99465 0.10163 0.334794 0.618245
-43.7850 -41.8170 19.4180 -0.04215 -0.10770 0.99329 0.334243 0.647620
-44.7790 -40.5790 19.4800 -0.04068 -0.10033 0.99412 0.330456 0.652416
-47.8250 -37.9770 19.6800 -0.03679 -0.10167 0.99414 0.318822 0.662560
-45.6180 -38.4000 19.7080 -0.03239 -0.10667 0.99377 0.327311 0.660876
-42.0940 -44.7920 18.4420 -0.00222 -0.87163 0.49016 0.340542 0.634977
-41.3390 -43.6120 19.3100 -0.04166 -0.26151 0.96430 0.343611 0.640628
-40.1410 -44.2060 19.1010 -0.04027 -0.60717 0.79355 0.348176 0.638121
-40.3080 -41.6630 19.5480 -0.03472 -0.10233 0.99414 0.347652 0.648161
-40.8610 -45.0450 17.2740 0.00717 -0.99292 0.11855 0.345132 0.630215
-40.4520 -44.8570 18.3070 -0.00873 -0.91129 0.41167 0.346846 0.634206
-41.0810 -45.2240 15.5390 0.02157 -0.99264 0.11919 0.344068 0.623521
-40.0550 -45.2750 14.5370 0.02237 -0.99526 0.09463 0.347902 0.619546
-39.5100 -45.0610 16.3890 0.01617 -0.99673 0.07917 0.350231 0.626648
-42.2550 -39.5060 19.7080 -0.03985 -0.10342 0.99384 0.340232 0.656539
-49.1470 -46.0540 7.4260 0.01415 -0.99689 0.07746 0.311994 0.593126
-48.1810 -46.2200 4.9740 0.01439 -0.99760 0.06768 0.315425 0.583560
-47.8180 -45.8260 10.0020 0.01079 -0.99607 0.08787 0.317429 0.602914
-46.7890 -45.6130 11.9580 0.01406 -0.99590 0.08940 0.321635 0.610362
-45.2050 -45.8540 9.4890 0.01114 -0.99623 0.08598 0.327434 0.600627
-46.4220 -46.0340 6.9660 0.01085 -0.99732 0.07236 0.322444 0.591044
-44.7500 -46.3540 2.1800 0.01385 -0.99868 0.04952 0.328318 0.572395
-44.3220 -46.0800 6.2680 0.01049 -0.99750 0.06988 0.330451 0.588104
-41.7650 -46.0840 5.5630 0.01866 -0.99742 0.06932 0.340222 0.585097
-45.4670 -46.4810 -1.4300 0.01218 -0.99963 0.02424 0.325140 0.558585
-45.3910 -46.5200 -4.4290 0.01168 -0.99993 0.00148 0.325092 0.547036
-42.2070 -46.4690 -2.6360 0.01821 -0.99971 0.01600 0.337562 0.553568
-42.1220 -45.4920 12.6270 0.01908 -0.99560 0.09179 0.339702 0.612404
-42.4850 -45.8230 9.1980 0.02030 -0.99624 0.08423 0.337882 0.599198
-38.9110 -45.5860 11.0230 0.01827 -0.99574 0.09033 0.351879 0.605843
-39.0780 -45.9600 6.5620 0.01903 -0.99723 0.07186 0.350694 0.588645
-36.8460 -45.7950 8.4200 0.01929 -0.99656 0.08061 0.359517 0.595552
-40.4320 -46.2800 2.1740 0.02110 -0.99859 0.04876 0.344954 0.571881
-34.1810 -45.9260 5.4710 0.02474 -0.99748 0.06656 0.369432 0.583889
-37.2730 -46.1020 3.8040 0.02239 -0.99797 0.05964 0.357321 0.577809
-37.6990 -46.2800 0.5110 0.02097 -0.99903 0.03882 0.355291 0.565169
-39.3350 -46.3980 -2.5250 0.02068 -0.99964 0.01729 0.348640 0.553669
-34.7010 -46.2310 0.2290 0.01637 -0.99904 0.04067 0.366809 0.563746
-33.1770 -44.6910 18.6850 -0.00569 -0.89301 0.45000 0.374922 0.634882
-36.0970 -44.9390 17.8710 0.01552 -0.97663 0.21437 0.363564 0.631978
-33.4220 -44.9080 17.7460 0.00984 -0.99010 0.14002 0.373852 0.631201
-34.7560 -44.1880 19.2740 -0.02609 -0.61043 0.79164 0.368930 0.638031
-35.7280 -44.4890 18.9460 -0.01591 -0.77828 0.62772 0.365131 0.636433
-32.4790 -44.1070 19.3770 -0.04079 -0.61042 0.79103 0.377714 0.638297
-30.7950 -44.4490 19.1190 -0.00619 -0.79651 0.60459 0.384158 0.636471
-30.0270 -44.8020 18.3280 0.00790 -0.96898 0.24699 0.387003 0.633049
-37.9370 -43.8480 19.4160 -0.02639 -0.36708 0.92981 0.356711 0.639711
-36.0030 -41.8100 19.7120 -0.03763 -0.09629 0.99464 0.364252 0.647525
-38.1650 -40.1970 19.7730 -0.03394 -0.10772 0.99360 0.355971 0.653799
-37.6070 -44.8100 18.3780 0.00589 -0.92657 0.37608 0.357812 0.634146
-38.6700 -44.9970 17.6520 0.00770 -0.98976 0.14250 0.353622 0.631402
-37.8940 -44.4920 18.9320 -0.00791 -0.74788 0.66379 0.356788 0.636625
-36.8310 -45.0610 16.1650 0.01413 -0.99643 0.08327 0.360528 0.625477
-33.7190 -44.9980 16.3200 0.01088 -0.99672 0.08018 0.372534 0.625733
-40.2470 -38.8890 19.8730 -0.03923 -0.11086 0.99306 0.348002 0.658909
-43.0410 -36.2560 19.9860 -0.03308 -0.09264 0.99515 0.337332 0.669116
-35.6160 -40.1150 19.8640 -0.04464 -0.10296 0.99368 0.365802 0.654064
-35.3910 -43.6490 19.5350 -0.04201 -0.32519 0.94471 0.366530 0.640375
-32.9190 -43.5080 19.6580 -0.04001 -0.27125 0.96168 0.376077 0.640887
-33.4680 -41.0710 19.8710 -0.04056 -0.10096 0.99406 0.374048 0.650330
-35.7330 -37.6030 20.1480 -0.03981 -0.09570 0.99461 0.365450 0.663795
-39.0000 -36.5310 20.1230 -0.03800 -0.08673 0.99551 0.352899 0.667992
-34.5360 -38.8550 20.0930 -0.04889 -0.10729 0.99303 0.370020 0.658944
-35.9100 -35.7430 20.3090 -0.03149 -0.07845 0.99642 0.364837 0.670986
-30.3930 -43.7790 19.6980 -0.03208 -0.40682 0.91295 0.385797 0.639825
-28.6980 -44.3990 19.2230 -0.02675 -0.77188 0.63520 0.392247 0.636677
-27.7970 -43.8900 19.6590 -0.02748 -0.51350 0.85765 0.395778 0.639195
-28.5630 -43.2290 19.8730 -0.02636 -0.19679 0.98009 0.392879 0.641924
-30.9490 -41.8630 19.9210 -0.03866 -0.09368 0.99485 0.383729 0.647250
-26.5470 -43.4840 19.8940 -0.03464 -0.26754 0.96292 0.400634 0.640909
-27.0120 -44.5640 19.0930 -0.01215 -0.86105 0.50837 0.398712 0.635741
-25.1470 -43.9110 19.7500 -0.02179 -0.53546 0.84428 0.405993 0.639086
-26.0700 -40.5560 20.2110 -0.04069 -0.10347 0.99380 0.402580 0.652224
-23.7310 -43.2640 20.0400 -0.03242 -0.24681 0.96852 0.411498 0.641712
-29.7880 -40.3300 20.0740 -0.04037 -0.10281 0.99388 0.388255 0.653147
-32.3630 -37.5280 20.2920 -0.03522 -0.08818 0.99548 0.378440 0.664037
-29.2560 -38.9320 20.2820 -0.04126 -0.10577 0.99353 0.390365 0.658567
-33.2130 -36.0250 20.3720 -0.03684 -0.07761 0.99630 0.375217 0.669853
-29.9050 -36.3770 20.4580 -0.03421 -0.07232 0.99679 0.387947 0.668441
-29.1110 -35.0550 20.5760 -0.03564 -0.08075 0.99610 0.391049 0.673527
-28.1850 -36.7130 20.4970 -0.03840 -0.07460 0.99647 0.394565 0.667118
-26.7890 -37.7350 20.4700 -0.03812 -0.08527 0.99563 0.399908 0.663151
-24.6710 -38.9750 20.4620 -0.03384 -0.09838 0.99457 0.408034 0.658331
-26.0310 -35.7450 20.6540 -0.03843 -0.08011 0.99605 0.402895 0.670823
-31.5340 -44.9930 16.4010 0.01279 -0.99691 0.07747 0.380958 0.625785
-28.9700 -45.0130 15.4230 0.01894 -0.99570 0.09067 0.390713 0.621717
-31.4820 -45.1220 14.6650 0.01659 -0.99646 0.08247 0.380946 0.619079
-36.2630 -45.2130 14.6030 0.01655 -0.99544 0.09390 0.362521 0.619376
-33.9950 -45.6260 9.4820 0.02230 -0.99610 0.08539 0.370633 0.599340
-34.0840 -45.3170 12.7750 0.01835 -0.99639 0.08289 0.370693 0.612076
-32.9660 -45.1930 14.3680 0.02555 -0.99647 0.08002 0.375192 0.618094
-29.4600 -45.5190 9.6860 0.02068 -0.99654 0.08054 0.388124 0.599617
-33.2630 -46.0950 2.6070 0.02495 -0.99777 0.06183 0.372628 0.572741
-32.8390 -45.9710 4.0450 0.03192 -0.99733 0.06565 0.374436 0.578245
-30.7580 -45.8950 4.5220 0.02215 -0.99803 0.05870 0.382509 0.579849
-30.9040 -46.1720 0.4000 0.02839 -0.99862 0.04413 0.381453 0.563972
-31.1080 -46.0820 1.7780 0.03562 -0.99700 0.06865 0.380831 0.569308
-31.1850 -45.7190 7.5250 0.02076 -0.99729 0.07065 0.381220 0.591474
-28.0310 -45.8130 5.2640 0.02107 -0.99793 0.06073 0.393099 0.582399
-29.2080 -45.9850 2.0430 0.02535 -0.99771 0.06271 0.388189 0.570124
-28.0790 -44.9120 16.3810 0.00725 -0.99741 0.07151 0.394264 0.625316
-27.9540 -45.0930 14.4830 0.01474 -0.99576 0.09081 0.394509 0.617963
-26.2170 -44.8240 17.8280 -0.00659 -0.99178 0.12780 0.401608 0.630674
-26.0170 -45.2990 11.4700 0.01850 -0.99684 0.07719 0.401605 0.606117
-26.0810 -44.9520 15.4640 0.00768 -0.99789 0.06451 0.401843 0.621545
-25.3860 -44.6870 18.8080 -0.00679 -0.94450 0.32845 0.404931 0.634377
-26.2280 -44.9650 16.4530 -0.00078 -0.99906 0.04324 0.401396 0.625365
-23.8960 -44.8780 16.7390 0.01866 -0.99798 0.06077 0.410408 0.626199
-22.0930 -44.0550 19.7290 -0.02570 -0.62147 0.78302 0.417730 0.638301
-24.5990 -44.3560 19.3530 -0.01994 -0.76657 0.64185 0.408035 0.636736
-22.6530 -44.5070 19.2050 0.00560 -0.87125 0.49082 0.415499 0.635709
-23.7210 -44.7680 18.4830 0.01441 -0.98176 0.18959 0.411292 0.632895
-24.5950 -45.0300 14.6890 0.01323 -0.99669 0.08016 0.407471 0.618377
-22.4200 -44.8950 15.6200 0.02026 -0.99763 0.06583 0.415961 0.621739
-21.7330 -45.1090 12.9860 0.01652 -0.99684 0.07772 0.418285 0.611491
-22.8210 -45.3180 10.4410 0.01812 -0.99715 0.07317 0.413790 0.601790
-25.0200 -45.5340 8.0330 0.02200 -0.99710 0.07288 0.405030 0.592745
-19.4960 -45.2970 9.9080 0.01018 -0.99737 0.07172 0.426526 0.599363
-20.9500 -45.5760 6.3330 0.01609 -0.99794 0.06215 0.420503 0.585735
-23.2760 -45.6730 5.5340 0.02284 -0.99790 0.06061 0.411450 0.582912
-23.3160 -45.8350 2.4850 0.02619 -0.99868 0.04408 0.410938 0.571168
-61.4890 -27.0550 20.1600 -0.02909 -0.06978 0.99714 0.266649 0.705028
-59.7560 -25.2350 20.3090 -0.03338 -0.06137 0.99756 0.273406 0.711995
-59.8880 -29.8280 19.9760 -0.03226 -0.07913 0.99634 0.272680 0.694282
-62.3840 -23.6970 20.3320 -0.02853 -0.05491 0.99808 0.263363 0.717987
-63.8520 -19.6770 20.4610 -0.04344 -0.03455 0.99846 0.257894 0.733496
-63.9820 -17.0090 20.5290 -0.04233 -0.02301 0.99884 0.257503 0.743760
-61.4600 -19.8790 20.5600 -0.02644 -0.03756 0.99894 0.267092 0.732667
-59.8780 -21.2390 20.5220 -0.03307 -0.04635 0.99838 0.273117 0.727392
-57.1840 -21.4690 20.6400 -0.04091 -0.04638 0.99809 0.283482 0.726453
-60.0510 -16.3500 20.6770 -0.03503 -0.02331 0.99911 0.272652 0.746208
-58.0550 -17.1550 20.7570 -0.04599 -0.02743 0.99856 0.280301 0.743074
-64.0490 -13.5290 20.5730 -0.04589 -0.00637 0.99893 0.257385 0.757139
-64.8150 -8.4780 20.5600 -0.04641 0.00663 0.99890 0.254622 0.776559
-61.8100 -14.1800 20.6830 -0.03669 -0.01284 0.99924 0.265977 0.754592
-57.5760 -14.5220 20.8270 -0.04583 -0.01765 0.99879 0.282244 0.753198
-59.8740 -12.2950 20.7540 -0.04019 -0.00771 0.99916 0.273487 0.761803
-62.1470 -10.3620 20.6730 -0.04146 -0.00258 0.99914 0.264818 0.769274
-59.7490 -8.7980 20.7650 -0.04249 0.00437 0.99909 0.274086 0.775250
-61.7390 -7.6120 20.6970 -0.03769 0.01090 0.99923 0.266481 0.779839
-55.4050 -17.4450 20.8580 -0.03124 -0.03051 0.99905 0.290486 0.741913
-53.8550 -22.1960 20.7160 -0.03589 -0.04743 0.99823 0.296261 0.723588
-53.2510 -18.5680 20.8580 -0.03551 -0.03384 0.99880 0.298725 0.737545
-53.4850 -15.8870 20.9440 -0.03285 -0.02441 0.99916 0.297927 0.747876
-51.8600 -15.7280 21.0230 -0.03320 -0.02361 0.99917 0.304180 0.748462
-56.4140 -10.8180 20.9320 -0.04032 -0.00312 0.99918 0.286842 0.767430
-55.1960 -12.8720 20.9690 -0.02927 -0.01188 0.99950 0.291454 0.759509
-55.4650 -6.3860 20.9660 -0.03525 0.01383 0.99928 0.290628 0.784470
-53.4100 -12.2540 20.9900 -0.02924 -0.00994 0.99952 0.298335 0.761859
-53.3270 -9.2420 21.0130 -0.03102 0.00175 0.99952 0.298752 0.773448
-51.5220 -10.7470 21.1010 -0.03811 -0.00200 0.99927 0.305645 0.767632
-49.0820 -12.0720 21.1550 -0.03400 -0.01183 0.99935 0.314978 0.762495
-49.5380 -8.8780 21.1490 -0.03698 0.00504 0.99930 0.313316 0.774801
-52.1050 -5.7620 21.0300 -0.03132 0.01695 0.99937 0.303539 0.786836
-48.3680 -4.6300 21.1510 -0.03659 0.02163 0.99910 0.317919 0.791149
-45.3800 -8.3480 21.3250 -0.02409 0.00593 0.99969 0.329310 0.776787
-45.3690 -2.6410 21.1970 -0.02692 0.02900 0.99922 0.329480 0.798780
-43.5900 -5.7960 21.3110 -0.02478 0.02003 0.99949 0.336244 0.786596
-43.4880 -10.1980 21.3390 -0.02582 -0.00277 0.99966 0.336529 0.769632
-41.9810 -7.6110 21.3990 -0.03559 0.00959 0.99932 0.342386 0.779577
-41.9220 -2.9440 21.2810 -0.02608 0.03092 0.99918 0.342708 0.797570
-55.6580 -40.2090 19.0780 -0.04011 -0.12502 0.99134 0.288493 0.654046
-57.9560 -39.1290 19.1550 -0.04194 -0.13106 0.99049 0.279680 0.658297
-54.3150 -38.8330 19.3370 -0.03804 -0.12098 0.99193 0.293748 0.659370
-55.4080 -36.3800 19.5390 -0.03387 -0.09555 0.99485 0.289640 0.668874
-58.6320 -32.6270 19.7820 -0.03451 -0.09259 0.99511 0.277388 0.683446
-51.4090 -36.5790 19.6510 -0.03805 -0.09179 0.99505 0.305056 0.668019
-53.3260 -32.4240 19.9840 -0.03644 -0.09360 0.99494 0.297852 0.684117
-50.2200 -34.1590 19.9250 -0.03933 -0.09413 0.99478 0.309745 0.677351
-54.8060 -27.6120 20.3730 -0.03245 -0.07409 0.99672 0.292373 0.702736
-55.7740 -24.5490 20.5220 -0.03729 -0.05834 0.99760 0.288776 0.714559
-46.0890 -35.9910 19.9340 -0.03316 -0.09600 0.99483 0.325597 0.670202
-51.6030 -30.7490 20.2220 -0.03758 -0.08781 0.99543 0.304570 0.690562
-46.5270 -32.4640 20.2610 -0.03605 -0.08827 0.99544 0.324059 0.683847
-49.0720 -28.5540 20.4730 -0.03486 -0.07446 0.99661 0.314414 0.698984
-52.5460 -27.8780 20.4030 -0.03057 -0.07388 0.99680 0.301063 0.701657
-49.2840 -24.4490 20.7340 -0.03179 -0.05909 0.99775 0.313764 0.714817
-53.3360 -24.4130 20.6050 -0.03730 -0.06176 0.99739 0.298166 0.715035
-51.6100 -23.9130 20.7170 -0.03093 -0.05915 0.99777 0.304835 0.716936
-45.0110 -27.1800 20.7160 -0.02838 -0.07032 0.99712 0.330110 0.704216
-49.5580 -22.1780 20.8340 -0.02873 -0.04532 0.99856 0.312797 0.723575
-51.7080 -20.5270 20.8740 -0.03107 -0.03804 0.99879 0.304591 0.729980
-49.8100 -18.5810 20.9760 -0.02945 -0.03298 0.99902 0.311962 0.737437
-43.0750 -30.8980 20.4820 -0.02965 -0.08217 0.99618 0.337418 0.689825
-38.7470 -33.9810 20.3560 -0.03518 -0.08704 0.99558 0.353969 0.677839
-37.9990 -30.1060 20.7090 -0.03517 -0.07725 0.99639 0.356996 0.692798
-40.3520 -27.9550 20.7990 -0.03177 -0.07033 0.99702 0.348016 0.701141
-37.6100 -26.4520 20.9700 -0.03519 -0.06444 0.99730 0.358623 0.706893
-34.8470 -34.7490 20.4010 -0.03266 -0.07846 0.99638 0.368962 0.674801
-34.6080 -30.9100 20.7770 -0.03370 -0.08307 0.99597 0.370030 0.689645
-42.8270 -25.3710 20.8860 -0.02758 -0.06374 0.99759 0.338583 0.711152
-44.9940 -23.3580 20.9660 -0.02942 -0.05466 0.99807 0.330321 0.718960
-45.0110 -18.9630 21.1650 -0.03115 -0.03600 0.99887 0.330412 0.735895
-42.9570 -21.8410 21.0810 -0.02629 -0.04835 0.99848 0.338211 0.724767
-39.3840 -24.0870 21.0790 -0.02930 -0.05867 0.99785 0.351883 0.716051
-39.2740 -20.0380 21.2850 -0.02822 -0.03840 0.99886 0.352440 0.731657
-30.6050 -32.3960 20.7770 -0.03212 -0.08420 0.99593 0.385393 0.683835
-34.8820 -26.9460 21.0640 -0.03440 -0.06326 0.99740 0.369115 0.704951
-31.1490 -28.6080 21.0510 -0.02546 -0.06987 0.99723 0.383425 0.698472
-26.8550 -30.8540 21.0390 -0.03533 -0.07590 0.99649 0.399888 0.689736
-28.7810 -28.8850 21.0840 -0.03945 -0.07019 0.99675 0.392529 0.697357
-32.0030 -25.0660 21.2460 -0.02923 -0.05439 0.99809 0.380254 0.712151
-29.0440 -24.2300 21.3860 -0.04003 -0.05433 0.99772 0.391669 0.715330
-36.9690 -22.1330 21.2580 -0.02816 -0.04721 0.99849 0.361241 0.723546
-36.1500 -18.5390 21.4020 -0.02673 -0.02990 0.99920 0.364500 0.737382
-33.9270 -21.3810 21.3700 -0.02876 -0.04204 0.99870 0.372966 0.726393
-32.4190 -19.2070 21.4950 -0.03254 -0.03503 0.99886 0.378833 0.734748
-32.8330 -16.4840 21.5590 -0.03438 -0.02326 0.99914 0.377315 0.745248
-45.4380 -14.0320 21.2810 -0.03356 -0.01652 0.99930 0.328932 0.754893
-42.6890 -18.3030 21.2360 -0.02706 -0.03314 0.99908 0.339360 0.738397
-42.2460 -14.4730 21.3590 -0.02916 -0.01821 0.99941 0.341184 0.753147
-39.9050 -16.5550 21.3690 -0.02525 -0.02680 0.99932 0.350120 0.745087
-37.8070 -15.0040 21.4480 -0.02358 -0.02238 0.99947 0.358230 0.751029
-40.9940 -10.5010 21.4320 -0.03181 -0.00242 0.99949 0.346108 0.768429
-39.4670 -13.4150 21.4590 -0.01986 -0.01448 0.99970 0.351897 0.757181
-38.3620 -10.1280 21.5040 -0.02958 -0.00069 0.99956 0.356228 0.769827
-34.5250 -13.8200 21.5760 -0.02591 -0.01670 0.99952 0.370882 0.755544
-36.4110 -10.8380 21.5750 -0.02526 -0.00447 0.99967 0.363713 0.767061
-39.2440 -6.0960 21.4600 -0.02498 0.02047 0.99948 0.352934 0.785377
-37.0450 -7.3280 21.5220 -0.02339 0.01361 0.99963 0.361355 0.780597
-37.6600 -3.0760 21.3990 -0.02359 0.03292 0.99918 0.359074 0.797002
-39.3310 0.0830 21.2490 -0.02520 0.04025 0.99887 0.352710 0.809211
-21.5700 -41.4090 20.3320 -0.04036 -0.09247 0.99490 0.419903 0.648859
-22.7660 -40.3040 20.3580 -0.03913 -0.08837 0.99532 0.415322 0.653143
-23.7000 -37.5020 20.6030 -0.03489 -0.08061 0.99614 0.411817 0.664001
-19.6230 -38.4490 20.7170 -0.04046 -0.08918 0.99519 0.427504 0.660291
-21.5950 -36.5190 20.7460 -0.04073 -0.07931 0.99602 0.419958 0.667761
-23.3040 -35.6500 20.7610 -0.03686 -0.08190 0.99596 0.413402 0.671148
-24.4150 -32.0000 21.0260 -0.03571 -0.07794 0.99632 0.409246 0.685270
-19.4800 -36.7050 20.8230 -0.03951 -0.07366 0.99650 0.428099 0.667019
-20.5690 -35.5600 20.8880 -0.04069 -0.08741 0.99534 0.423944 0.671463
-16.3780 -35.4470 21.0450 -0.03045 -0.07379 0.99681 0.440084 0.671841
-20.4780 -33.0690 21.0860 -0.03499 -0.07748 0.99638 0.424372 0.681083
-21.4270 -29.2620 21.3520 -0.03484 -0.06701 0.99714 0.420837 0.695801
-17.0170 -29.1460 21.4810 -0.02607 -0.06426 0.99759 0.437816 0.696174
-12.9930 -30.2650 21.5040 -0.02719 -0.06395 0.99758 0.453272 0.691785
-21.7900 -43.4410 20.0880 -0.03798 -0.31634 0.94788 0.418971 0.641001
-20.7990 -44.7100 18.3990 0.01496 -0.98592 0.16656 0.422533 0.632296
-20.9430 -44.8130 16.8260 0.01250 -0.99811 0.06010 0.421790 0.626236
-20.4440 -44.4440 19.3280 -0.00080 -0.84936 0.52781 0.424021 0.635983
-19.4080 -44.5630 19.0390 0.02025 -0.94528 0.32564 0.427973 0.634669
-19.0950 -43.6710 20.0230 -0.04268 -0.49400 0.86841 0.429339 0.639858
-19.0630 -43.1030 20.2400 -0.03943 -0.22074 0.97454 0.429501 0.642220
-18.6060 -44.1150 19.7190 -0.05037 -0.70773 0.70468 0.431170 0.637715
-18.3880 -40.1890 20.5580 -0.03677 -0.10549 0.99374 0.432196 0.653520
-19.1830 -44.8980 15.1900 0.01899 -0.99684 0.07714 0.428367 0.619717
-19.4810 -45.1220 12.3410 0.00377 -0.99722 0.07444 0.426875 0.608749
-18.8790 -44.7730 17.1780 0.02405 -0.99677 0.07665 0.429772 0.627364
-17.5530 -44.7480 16.1640 0.01659 -0.99843 0.05349 0.434756 0.623302
-16.3170 -44.3350 19.6580 0.00057 -0.84038 0.54200 0.439966 0.636688
-16.4190 -44.5890 18.5040 0.01487 -0.98871 0.14910 0.439411 0.632173
-16.7600 -43.6560 20.2070 -0.03731 -0.46505 0.88450 0.438360 0.640064
-15.1620 -44.3740 19.5880 -0.01480 -0.87944 0.47578 0.444391 0.636268
-15.2000 -44.7280 16.8180 0.01207 -0.99650 0.08277 0.443897 0.625523
-15.5820 -40.1390 20.6710 -0.03802 -0.09893 0.99437 0.443006 0.653706
-15.6200 -43.1960 20.3860 -0.03026 -0.22905 0.97294 0.442782 0.641895
-16.8290 -44.9570 14.1130 0.01251 -0.99619 0.08635 0.437298 0.615281
-18.2540 -45.1200 12.5080 0.00765 -0.99704 0.07653 0.431620 0.609247
-16.7930 -45.2130 10.8620 0.01353 -0.99725 0.07290 0.437050 0.602732
-18.1800 -45.4150 8.2170 0.00800 -0.99738 0.07184 0.431394 0.592687
-17.4700 -45.5590 6.0440 0.01246 -0.99824 0.05795 0.433867 0.584225
-16.2390 -45.4050 8.1200 0.01338 -0.99748 0.06971 0.438856 0.592093
-12.7280 -45.0060 12.7480 0.01707 -0.99680 0.07808 0.452925 0.609547
-13.1700 -45.4060 7.3830 0.01680 -0.99787 0.06299 0.450588 0.588907
-16.7870 -38.1130 20.8450 -0.03434 -0.08501 0.99579 0.438430 0.661555
-14.3060 -43.8910 20.1150 -0.03497 -0.61117 0.79073 0.447772 0.638913
-13.2670 -43.3650 20.4680 -0.04948 -0.29594 0.95393 0.451835 0.641242
-12.9020 -41.2710 20.6820 -0.04000 -0.08012 0.99598 0.453301 0.649318
-12.1300 -43.8550 20.2660 -0.02366 -0.61798 0.78584 0.456157 0.639122
-10.5540 -43.2810 20.6100 -0.02339 -0.34619 0.93787 0.462278 0.641519
-13.3920 -44.4640 19.1980 0.01394 -0.97863 0.20517 0.451141 0.634513
-13.4960 -44.3290 19.6380 -0.00220 -0.87721 0.48009 0.450800 0.636297
-11.3160 -44.6570 17.3960 0.02022 -0.99773 0.06418 0.458915 0.627314
-12.1490 -44.6750 16.5860 0.01900 -0.99882 0.04468 0.455617 0.624290
-10.9480 -44.1780 19.9380 0.01665 -0.83066 0.55653 0.460649 0.637231
-9.6140 -44.4300 18.9250 0.01316 -0.98577 0.16760 0.465653 0.633051
-11.6210 -39.8830 20.8190 -0.03589 -0.08466 0.99576 0.458274 0.654641
-12.6630 -38.3600 20.9620 -0.02840 -0.08691 0.99581 0.454309 0.660553
-8.7580 -41.3730 20.8410 -0.03928 -0.08054 0.99598 0.469263 0.648844
-7.0020 -44.2320 19.8150 0.00046 -0.92126 0.38894 0.475810 0.636288
-9.2460 -44.1910 19.9670 -0.01906 -0.84142 0.54004 0.467194 0.637118
-8.8200 -43.2740 20.6740 -0.03840 -0.34797 0.93672 0.468949 0.641513
-8.4620 -44.5930 16.9580 0.01697 -0.99628 0.08451 0.469853 0.625334
-7.9010 -43.7890 20.3860 0.00069 -0.62268 0.78248 0.472441 0.639178
-6.2530 -43.9460 20.2350 0.00024 -0.75017 0.66124 0.478758 0.638166
-6.3540 -44.5570 17.0520 0.01256 -0.99759 0.06831 0.477975 0.625479
-6.1050 -44.5070 18.0660 0.00729 -0.99552 0.09426 0.479052 0.629366
-8.4760 -38.8060 21.0630 -0.03837 -0.07809 0.99621 0.470426 0.658752
-11.0770 -37.9770 21.0270 -0.03209 -0.07985 0.99629 0.460428 0.661998
-7.8220 -35.8470 21.2870 -0.02898 -0.06685 0.99734 0.473024 0.670157
-10.2780 -44.9460 12.9140 0.01577 -0.99663 0.08052 0.462383 0.609923
-8.6350 -45.1500 10.0040 0.01676 -0.99733 0.07101 0.468363 0.598512
-6.4220 -44.8440 13.6160 0.01794 -0.99672 0.07896 0.477310 0.612209
-4.0150 -45.1090 9.3520 0.02289 -0.99757 0.06580 0.486075 0.595488
-2.8990 -44.8090 13.0280 0.02059 -0.99674 0.07804 0.490798 0.609551
-15.0340 -37.0320 20.9540 -0.02822 -0.06569 0.99744 0.445211 0.665700
-12.1790 -35.6600 21.1460 -0.03213 -0.06874 0.99712 0.456248 0.670951
-8.4890 -32.5040 21.4960 -0.02826 -0.06566 0.99744 0.470548 0.683071
-0.8490 -44.2150 19.7390 -0.00201 -0.96876 0.24798 0.499488 0.635249
-0.2720 -43.9420 20.4450 -0.03113 -0.81856 0.57358 0.501807 0.638047
-2.0390 -44.0270 20.1850 -0.01142 -0.84000 0.54246 0.494981 0.637300
0.8160 -44.1520 20.0180 0.00121 -0.95530 0.29563 0.505938 0.636115
0.5610 -44.4080 18.2490 0.01953 -0.99831 0.05473 0.504736 0.629291
1.8570 -44.3340 17.6400 0.01639 -0.99987 -0.00047 0.509658 0.626802
1.2980 -44.5990 14.8180 0.02176 -0.99660 0.07945 0.507170 0.615981
4.0610 -44.5530 14.5300 0.01423 -0.99743 0.07024 0.517777 0.614572
2.7150 -43.8980 20.5440 0.00280 -0.78370 0.62113 0.513309 0.638153
0.7880 -43.3350 21.0650 -0.02698 -0.41231 0.91065 0.505980 0.641228
3.5930 -44.1510 19.9480 0.00854 -0.96310 0.26900 0.516608 0.635557
3.1340 -42.9710 21.1850 -0.03859 -0.30423 0.95182 0.515009 0.642491
4.0180 -43.4340 20.9900 -0.03511 -0.54911 0.83501 0.518389 0.640490
3.8790 -44.3670 18.3450 0.01184 -0.99892 0.04495 0.517515 0.629299
4.6110 -44.3350 17.6500 0.01524 -0.99945 0.02952 0.520254 0.626543
5.6160 -43.8030 20.7080 -0.01586 -0.79198 0.61035 0.524489 0.638529
5.1110 -42.8610 21.2870 -0.03743 -0.21476 0.97595 0.522639 0.642895
6.4840 -44.2730 18.7370 0.01115 -0.99636 0.08447 0.527584 0.630521
7.4720 -43.8660 20.7280 -0.01861 -0.81624 0.57742 0.531623 0.638248
7.3290 -44.0630 20.2120 -0.00470 -0.96604 0.25835 0.531008 0.636149
6.4550 -43.2550 21.1980 -0.02931 -0.48516 0.87394 0.527789 0.641283
3.8910 -41.2880 21.3360 -0.03480 -0.04037 0.99858 0.517985 0.648972
7.3700 -42.8960 21.3450 -0.02634 -0.20250 0.97893 0.531335 0.642719
5.7440 -40.0120 21.4170 -0.03041 -0.05763 0.99787 0.525142 0.653855
9.9120 -44.3020 18.5280 0.01219 -0.99839 0.05538 0.540754 0.629348
9.8790 -43.9360 20.5660 -0.00600 -0.90086 0.43407 0.540861 0.637331
8.3000 -43.3780 21.1770 -0.00502 -0.54619 0.83765 0.534878 0.640694
9.1190 -39.9950 21.5510 -0.03579 -0.05162 0.99803 0.538143 0.653860
9.7320 -42.7670 21.4520 -0.03084 -0.22639 0.97355 0.540440 0.643149
9.1250 -44.2790 17.7040 0.00750 -0.99968 0.02426 0.537635 0.626259
8.3470 -44.5080 14.3810 0.01218 -0.99762 0.06787 0.534259 0.613530
11.7650 -44.3660 15.8130 0.01940 -0.99725 0.07152 0.547582 0.618677
11.6080 -44.5220 13.8290 0.01684 -0.99748 0.06895 0.546752 0.611039
-6.2360 -42.8520 20.8180 -0.04232 -0.20246 0.97838 0.478929 0.643039
-5.4980 -43.4430 20.6570 -0.05150 -0.46809 0.88218 0.481734 0.640624
-4.3760 -44.2680 19.7210 0.00694 -0.93613 0.35158 0.485912 0.635603
-3.9020 -43.6250 20.6280 -0.02055 -0.63461 0.77256 0.487873 0.639818
-3.9990 -43.0950 20.8810 -0.03660 -0.26450 0.96369 0.487548 0.642082
-4.9290 -39.9760 21.0760 -0.03656 -0.08368 0.99582 0.484044 0.654144
-6.3740 -38.0680 21.1970 -0.03219 -0.06563 0.99732 0.478540 0.661558
-3.7890 -38.3820 21.2830 -0.03035 -0.06703 0.99729 0.488484 0.660310
-1.8490 -43.5820 20.6810 -0.03748 -0.59981 0.79926 0.495787 0.639871
-1.0340 -42.9140 21.0430 -0.05586 -0.21694 0.97459 0.498979 0.642761
-1.5220 -39.7110 21.2010 -0.02706 -0.07435 0.99686 0.497167 0.655139
0.3270 -41.4470 21.1660 -0.03404 -0.05251 0.99804 0.504241 0.648452
-5.6730 -36.5140 21.2680 -0.02396 -0.06393 0.99767 0.481276 0.667535
-2.7410 -37.1580 21.3470 -0.02452 -0.04622 0.99863 0.492545 0.665013
-2.7050 -35.3460 21.4580 -0.02467 -0.06419 0.99763 0.492735 0.672001
-0.8290 -38.5340 21.3240 -0.02594 -0.06721 0.99740 0.499870 0.659676
-0.0470 -36.0980 21.4510 -0.02592 -0.05980 0.99787 0.502942 0.669053
-2.9930 -44.4580 17.8160 0.01694 -0.99732 0.07111 0.491002 0.628049
-1.6270 -44.4600 16.8920 0.01764 -0.99840 0.05367 0.496156 0.624332
0.6150 -44.8600 11.3900 0.02944 -0.99746 0.06488 0.504139 0.602839
-8.7130 -29.1840 21.6900 -0.02565 -0.05317 0.99826 0.469777 0.695882
-3.9150 -30.5100 21.7330 -0.02011 -0.05571 0.99824 0.488207 0.690681
-0.7900 -30.3280 21.7960 -0.00998 -0.05076 0.99866 0.500233 0.691322
-5.2090 -26.7000 21.8980 -0.01762 -0.03950 0.99906 0.483323 0.705395
1.7750 -39.9160 21.2770 -0.03709 -0.06406 0.99726 0.509861 0.654305
2.0560 -38.5210 21.4270 -0.03362 -0.06741 0.99716 0.510986 0.659688
3.4860 -37.0990 21.5220 -0.02863 -0.03954 0.99881 0.516525 0.665137
-0.3930 -34.7540 21.5490 -0.02063 -0.06415 0.99773 0.501650 0.674245
2.8930 -35.3500 21.5910 -0.02383 -0.04893 0.99852 0.514285 0.671887
6.1690 -38.4290 21.5560 -0.02885 -0.05864 0.99786 0.526825 0.659960
4.8220 -35.6680 21.6100 -0.02542 -0.04221 0.99879 0.521702 0.670623
4.5480 -32.8850 21.7360 -0.02265 -0.04686 0.99864 0.520715 0.681354
1.4890 -32.5770 21.6820 -0.01634 -0.05052 0.99859 0.508948 0.682601
7.3880 -35.5890 21.6910 -0.02816 -0.03885 0.99885 0.531584 0.670877
-2.5410 -27.7320 21.8810 -0.01388 -0.04045 0.99909 0.493565 0.701366
0.1490 -26.2860 21.9840 -0.00416 -0.03682 0.99931 0.503950 0.706883
1.6300 -29.3250 21.8420 -0.01618 -0.04500 0.99886 0.509573 0.695134
3.1650 -30.7360 21.8330 -0.01700 -0.04713 0.99874 0.515443 0.689669
6.4680 -30.9510 21.8770 -0.02903 -0.04147 0.99872 0.528151 0.688768
4.7840 -29.2040 21.8910 -0.01446 -0.04040 0.99908 0.521713 0.695535
1.3060 -25.8980 21.9800 0.00129 -0.04346 0.99905 0.508410 0.708346
3.1140 -27.3390 21.9730 -0.01374 -0.03957 0.99912 0.515336 0.702760
2.5410 -23.3460 22.0920 -0.00925 -0.02357 0.99968 0.513226 0.718159
-24.5690 -26.6280 21.3840 -0.02542 -0.06175 0.99777 0.408820 0.706005
-26.7020 -26.8120 21.3530 -0.03204 -0.06607 0.99730 0.400606 0.705341
-24.8200 -23.4250 21.5590 -0.02396 -0.04917 0.99850 0.407950 0.718367
-27.1530 -22.2020 21.5750 -0.03298 -0.04356 0.99851 0.399011 0.723124
-20.3750 -24.1490 21.6730 -0.02871 -0.04665 0.99850 0.425036 0.715504
-29.8210 -21.3450 21.4920 -0.03525 -0.04016 0.99857 0.388766 0.726464
-30.6480 -16.8520 21.6470 -0.01775 -0.02473 0.99954 0.385710 0.743801
-29.1730 -15.2840 21.6770 -0.02688 -0.01472 0.99953 0.391420 0.749814
-26.8900 -17.8200 21.7270 -0.03223 -0.02291 0.99922 0.400143 0.740008
-25.2250 -15.3270 21.7950 -0.02642 -0.01225 0.99958 0.406606 0.749586
-24.7260 -19.8580 21.7240 -0.02305 -0.03309 0.99919 0.408410 0.732119
-21.6480 -21.5760 21.7290 -0.03033 -0.03610 0.99889 0.420206 0.725441
-16.3890 -24.9890 21.7340 -0.02165 -0.04554 0.99873 0.440348 0.712197
-12.8260 -26.0370 21.7490 -0.02083 -0.04764 0.99865 0.454032 0.708092
-17.2340 -20.5590 21.8700 -0.01338 -0.03017 0.99946 0.437211 0.729286
-12.0870 -22.0930 21.9150 -0.01948 -0.03152 0.99931 0.456976 0.723279
-21.9380 -18.1830 21.8120 -0.02506 -0.02526 0.99937 0.419176 0.738522
-19.9610 -19.0880 21.8780 -0.02706 -0.02584 0.99930 0.426764 0.735004
-23.4810 -16.7450 21.8480 -0.02038 -0.01954 0.99960 0.413280 0.744095
-21.9790 -15.9550 21.8560 -0.01831 -0.01287 0.99975 0.419076 0.747110
-23.6120 -12.9920 21.8770 -0.02498 -0.00141 0.99969 0.412867 0.758553
-17.8850 -17.6960 21.9270 -0.01129 -0.01719 0.99979 0.434779 0.740327
-15.3040 -20.2350 21.8980 -0.01652 -0.02584 0.99953 0.444643 0.730496
-20.3130 -16.2580 21.9140 -0.02678 -0.01387 0.99955 0.425479 0.745913
-20.0570 -13.0390 21.9530 -0.02307 -0.00178 0.99973 0.426536 0.758310
-17.8360 -14.8680 21.9640 -0.01113 -0.00870 0.99990 0.435037 0.751223
-17.3940 -11.4630 21.9810 -0.01054 0.00793 0.99991 0.436811 0.764333
-32.2690 -9.9810 21.6480 -0.03213 0.00087 0.99948 0.379648 0.770300
-31.0630 -13.3710 21.6640 -0.02218 -0.00944 0.99971 0.384205 0.757219
-34.5880 -9.0710 21.5900 -0.01865 0.00737 0.99980 0.370758 0.773843
-30.8670 -9.3300 21.7070 -0.02302 0.00495 0.99972 0.385055 0.772786
-26.7990 -12.7830 21.8120 -0.01976 -0.00391 0.99980 0.400616 0.759412
-29.2860 -11.4800 21.7070 -0.02568 -0.00353 0.99966 0.391078 0.764474
-28.9110 -8.3860 21.7030 -0.02488 0.00800 0.99966 0.392590 0.776393
-26.8460 -9.8480 21.7950 -0.01889 0.00531 0.99981 0.400499 0.770725
-35.1560 -5.1310 21.5340 -0.02084 0.02641 0.99943 0.368657 0.789037
-32.7300 -5.4420 21.5770 -0.02224 0.02515 0.99944 0.377970 0.787803
-34.9190 -2.0040 21.4120 -0.01884 0.03556 0.99919 0.369623 0.801098
-29.6640 -4.9290 21.6430 -0.02448 0.02915 0.99928 0.389766 0.789732
-32.4740 -0.2160 21.4050 -0.02109 0.03805 0.99905 0.379042 0.807957
-30.3460 -0.9250 21.4780 -0.02176 0.03972 0.99897 0.387209 0.805188
-25.1290 -11.5070 21.7990 -0.02248 0.00313 0.99974 0.407063 0.764300
-25.1760 -7.6210 21.7810 -0.01099 0.01823 0.99977 0.406967 0.779277
-27.0890 -7.2810 21.7760 -0.01855 0.01791 0.99967 0.399620 0.780618
-23.9080 -9.6380 21.8510 -0.02249 0.01298 0.99966 0.411802 0.771483
-18.3020 -9.2250 21.9280 -0.01016 0.01608 0.99982 0.433364 0.772975
-20.1330 -9.0430 21.9260 -0.01775 0.01613 0.99971 0.426331 0.773706
-22.0420 -12.2440 21.8830 -0.01999 0.00225 0.99980 0.418918 0.761407
-22.4860 -8.6460 21.8330 -0.01968 0.01787 0.99965 0.417288 0.775281
-21.1210 -5.0030 21.7960 -0.01552 0.03096 0.99940 0.422603 0.789299
-27.1110 -3.3100 21.6380 -0.01736 0.03604 0.99920 0.399605 0.795935
-26.5790 0.7640 21.4840 -0.01701 0.04404 0.99889 0.401715 0.811641
-23.9480 -4.6550 21.7340 -0.01775 0.03019 0.99939 0.411740 0.790691
-21.7420 -0.4250 21.6090 -0.01396 0.04337 0.99896 0.420293 0.806968
-22.9400 3.6680 21.3880 -0.01448 0.05134 0.99858 0.415746 0.822788
-7.6530 -23.7350 21.9480 -0.01868 -0.03300 0.99928 0.473996 0.716866
-8.9740 -21.1490 21.9930 -0.01678 -0.02506 0.99955 0.468976 0.726854
-6.0250 -21.1860 22.0420 -0.01245 -0.02527 0.99960 0.480318 0.726654
-15.2140 -16.5870 21.9740 -0.02054 -0.01638 0.99966 0.445079 0.744551
-11.4980 -18.2860 22.0310 -0.01550 -0.02071 0.99967 0.459334 0.737937
-13.0960 -15.2300 22.0710 -0.01799 -0.01004 0.99979 0.453260 0.749741
-15.3180 -13.5210 21.9950 -0.02259 -0.00167 0.99974 0.444747 0.756365
-13.5860 -12.3380 22.0570 -0.02064 0.00543 0.99977 0.451437 0.760890
-8.0560 -15.9820 22.1040 -0.01514 -0.00671 0.99986 0.472627 0.746742
-11.3380 -14.2940 22.0720 -0.00687 -0.00113 0.99998 0.460043 0.753312
-1.9670 -24.0190 22.0090 -0.01335 -0.02774 0.99953 0.495863 0.715657
-6.9600 -17.8220 22.1170 -0.01815 -0.01520 0.99972 0.476802 0.739635
-3.0650 -20.5810 22.0860 -0.01038 -0.02049 0.99974 0.491719 0.728925
-4.6340 -16.5110 22.1500 -0.00332 -0.00806 0.99996 0.485776 0.744638
-5.2420 -12.8040 22.1470 -0.00589 0.00183 0.99998 0.483520 0.758928
-7.4430 -11.3410 22.1180 -0.01178 0.00802 0.99990 0.475085 0.764607
-2.2330 -15.8390 22.1430 -0.00637 -0.00457 0.99997 0.495026 0.747173
-0.3040 -18.2190 22.1620 -0.01023 -0.01039 0.99989 0.502394 0.737967
1.4040 -15.5720 22.1810 -0.00452 -0.00084 0.99999 0.509029 0.748127
-2.3640 -11.4180 22.1370 -0.00346 0.00967 0.99995 0.494620 0.764208
-4.3280 -10.4500 22.1380 -0.00036 0.01464 0.99989 0.487086 0.767979
-0.0400 -21.5850 22.0990 -0.01082 -0.02139 0.99971 0.503336 0.724996
-18.6670 -6.3040 21.8590 -0.01809 0.02874 0.99942 0.432017 0.784241
-17.2890 -6.2810 21.9010 -0.01322 0.02840 0.99951 0.437317 0.784301
-15.4460 -8.9090 21.9640 -0.02031 0.01633 0.99966 0.444353 0.774139
-13.3740 -7.4980 22.0060 -0.01955 0.02398 0.99952 0.452351 0.779531
-11.3340 -8.6630 22.0360 -0.00944 0.01559 0.99983 0.460175 0.775006
-15.5950 -3.4830 21.8020 -0.01894 0.03735 0.99912 0.443879 0.795060
-13.5540 -2.9790 21.8410 -0.01921 0.03801 0.99909 0.451742 0.796958
-10.9850 -5.0480 21.9420 -0.01428 0.03392 0.99932 0.461586 0.788932
-18.1580 -3.1150 21.7600 -0.01206 0.03955 0.99914 0.434029 0.796525
-16.6600 1.3820 21.5880 -0.01641 0.04487 0.99886 0.439864 0.813846
-19.3080 5.5600 21.3550 -0.01589 0.05405 0.99841 0.429741 0.830019
-12.8450 3.0310 21.5930 -0.01770 0.04883 0.99865 0.454567 0.820126
-15.0620 6.1290 21.3890 -0.01673 0.05421 0.99839 0.446082 0.832128
-7.6240 -5.2170 22.0200 -0.00991 0.02992 0.99950 0.474510 0.788206
-5.1950 -6.0320 22.0420 -0.00069 0.02442 0.99970 0.483839 0.785019
-2.8160 -7.3670 22.0550 -0.00915 0.02014 0.99976 0.492960 0.779828
-3.9300 -0.6240 21.8510 -0.00657 0.04073 0.99915 0.488806 0.805842
-2.5280 -4.0200 21.9940 -0.00657 0.03292 0.99944 0.494136 0.792719
-8.8560 1.6040 21.7190 -0.01213 0.04491 0.99892 0.469891 0.814535
-8.0170 5.2670 21.5460 -0.01503 0.05190 0.99854 0.473178 0.828650
-85.7170 -46.3950 -18.2840 -0.53168 -0.84689 -0.00981 0.167934 0.497652
-85.9080 -46.2010 -19.4170 -0.90920 -0.41620 -0.01142 0.020596 0.638070
-85.9080 -46.2010 -19.4170 -0.55801 -0.71430 -0.42237 0.167252 0.492744
-85.3740 -46.3910 -19.5290 -0.25094 -0.87979 -0.40373 0.169550 0.493000
-86.1480 -45.6800 -19.2970 -0.97341 -0.22888 0.00910 0.021136 0.640257
-86.1480 -45.6800 -19.2970 -0.88744 -0.18026 -0.42420 0.165383 0.490549
-85.2620 -46.6030 -18.0010 -0.31759 -0.93501 -0.15779 0.169824 0.498967
-84.8960 -46.9940 -17.0930 -0.10368 -0.97093 -0.21575 0.171622 0.502664
-84.9700 -46.2270 -19.8760 -0.05732 -0.75788 -0.64987 0.171274 0.491750
-85.1980 -45.7290 -20.2680 -0.19310 -0.39968 -0.89608 0.170610 0.489472
-84.0950 -46.5680 -19.1050 -0.00707 -0.95249 -0.30448 0.174541 0.494855
-83.9220 -45.6490 -20.1640 0.07441 -0.39139 -0.91721 0.175324 0.489368
-84.0990 -46.8400 -17.5590 0.00702 -0.98391 -0.17852 0.174583 0.500784
-81.6930 -46.7220 -18.1300 0.01589 -0.99073 -0.13494 0.183848 0.498382
-81.7900 -46.1010 -19.6810 0.05682 -0.70312 -0.70880 0.183379 0.491879
-80.3270 -46.5920 -18.7190 0.03384 -0.94184 -0.33434 0.189046 0.495926
-82.2940 -45.3150 -20.1540 0.06117 -0.31135 -0.94833 0.181523 0.488311
-79.5510 -45.1870 -20.1020 0.03699 -0.35694 -0.93339 0.192010 0.488109
-85.8310 -45.4810 -20.0290 -0.67255 -0.23851 -0.70057 0.168121 0.489006
-86.0360 -43.7750 -19.8430 -0.85986 -0.03155 -0.50955 0.166535 0.482478
-85.6380 -44.1680 -20.2560 -0.48880 -0.04635 -0.87116 0.168786 0.483793
-84.6540 -44.7700 -20.4020 -0.03769 -0.12132 -0.99190 0.172610 0.485875
-85.8670 -42.3290 -20.1090 -0.69435 -0.03417 -0.71882 0.167359 0.476722
-86.0670 -40.3400 -20.0230 -0.94804 -0.02198 -0.31738 0.019049 0.660908
-86.0670 -40.3400 -20.0230 -0.59418 -0.03325 -0.80364 0.166506 0.468956
-84.9620 -42.9240 -20.5280 -0.25582 -0.04556 -0.96565 0.171328 0.478872
-83.4690 -42.7830 -20.5720 0.03358 -0.11039 -0.99332 0.177127 0.478354
-84.2850 -42.6150 -20.6270 -0.02245 -0.07199 -0.99715 0.173967 0.477666
-85.6210 -41.2610 -20.3070 -0.45819 -0.03370 -0.88821 0.168562 0.472521
-84.4650 -41.2250 -20.6950 -0.15833 -0.06388 -0.98532 0.173312 0.472314
-81.2940 -43.1120 -20.4540 0.01788 -0.14774 -0.98886 0.185475 0.479844
-85.2470 -39.3780 -20.5940 -0.39819 -0.05904 -0.91540 0.170330 0.465176
-84.5590 -37.6900 -20.8990 -0.19667 -0.05749 -0.97878 0.173238 0.458643
-86.0850 -38.1260 -20.1760 -0.93947 -0.02900 -0.34139 0.018769 0.669448
-86.0850 -38.1260 -20.1760 -0.50478 -0.05410 -0.86155 0.166693 0.460356
-85.2450 -36.6100 -20.7530 -0.39086 -0.05452 -0.91883 0.170568 0.454455
-81.1020 -40.5760 -20.8080 -0.00390 -0.12204 -0.99252 0.186371 0.470010
-80.8130 -37.6090 -21.1470 -0.03636 -0.09577 -0.99474 0.187730 0.458545
-83.3190 -37.3120 -21.0500 -0.07636 -0.06702 -0.99483 0.178077 0.457242
-84.5750 -34.0810 -21.1030 -0.23304 -0.05011 -0.97118 0.173480 0.444687
-84.2780 -31.3770 -21.2790 -0.18748 -0.05243 -0.98087 0.174849 0.434250
-73.6360 -46.7090 -15.6560 0.01770 -0.99982 0.00607 0.215077 0.507045
-77.8480 -46.7980 -16.8380 0.01261 -0.99838 -0.05544 0.198749 0.502951
-78.9800 -46.0710 -19.4800 0.03443 -0.72338 -0.68959 0.194177 0.492297
-75.6930 -46.6910 -17.6760 0.01808 -0.98523 -0.17026 0.206951 0.499477
-77.0480 -46.4270 -18.8180 0.03537 -0.90757 -0.41840 0.201642 0.495089
-77.4130 -45.3100 -19.9710 0.04431 -0.39676 -0.91685 0.200208 0.488826
-76.0920 -45.9500 -19.4670 0.04730 -0.68254 -0.72931 0.205279 0.491942
-75.5820 -45.0860 -19.9180 0.04905 -0.33275 -0.94174 0.207263 0.488196
-76.5190 -42.8620 -20.4060 0.03708 -0.17344 -0.98415 0.203841 0.479342
-73.7600 -46.7540 -16.7160 0.01989 -0.99887 -0.04326 0.214482 0.502976
-72.0010 -46.7080 -14.3000 0.02133 -0.99965 -0.01548 0.221512 0.512080
-71.0890 -46.6980 -12.9450 0.02832 -0.99954 -0.01041 0.225164 0.517197
-73.5790 -46.5290 -18.3050 0.03776 -0.95589 -0.29128 0.215026 0.496782
-71.1060 -46.6090 -17.5090 0.03153 -0.99035 -0.13499 0.224611 0.499614
-74.3620 -46.3840 -18.7490 0.02731 -0.88125 -0.47186 0.211968 0.495057
-74.3220 -45.6560 -19.5910 0.05066 -0.58032 -0.81281 0.212092 0.490765
-72.3800 -44.9930 -19.7460 0.04941 -0.32511 -0.94438 0.219612 0.488272
-73.2360 -42.5680 -20.3180 0.04098 -0.18712 -0.98148 0.216505 0.478593
-71.7110 -45.9150 -19.2540 0.03828 -0.68997 -0.72282 0.222147 0.492326
-70.3370 -42.6680 -20.1990 0.03218 -0.19366 -0.98054 0.227651 0.479298
-66.9320 -46.5880 -13.2950 0.02421 -0.99964 -0.01174 0.241136 0.515387
-64.2530 -46.5400 -13.0550 0.01129 -0.99977 -0.01839 0.251478 0.516009
-69.6980 -46.6430 -16.2200 0.02587 -0.99904 -0.03526 0.230162 0.504428
-69.2470 -46.6480 -14.4810 0.02838 -0.99956 -0.00813 0.232091 0.511077
-67.5950 -46.5780 -15.1650 0.02571 -0.99966 0.00492 0.238377 0.508264
-70.8870 -46.4320 -18.3100 0.02933 -0.93396 -0.35618 0.225378 0.496432
-69.3090 -46.2320 -18.5950 0.04477 -0.87529 -0.48153 0.231432 0.495022
-68.4550 -46.4930 -17.7250 0.02297 -0.97942 -0.20051 0.234784 0.498475
-69.4250 -45.6720 -19.3130 0.03870 -0.62736 -0.77777 0.230959 0.491505
-67.1840 -46.2180 -18.5080 0.02990 -0.88632 -0.46211 0.239611 0.495200
-68.0250 -44.9190 -19.6500 0.03223 -0.32065 -0.94665 0.236378 0.488383
-66.0150 -42.4870 -20.0450 0.04482 -0.18853 -0.98104 0.244317 0.479077
-66.1760 -46.5950 -16.5190 0.02277 -0.99859 -0.04803 0.243679 0.502901
-65.5900 -46.4390 -17.6150 0.03148 -0.97763 -0.20795 0.245832 0.498587
-66.1190 -45.5580 -19.2880 0.04413 -0.60447 -0.79541 0.243677 0.491265
-64.3670 -46.5030 -14.9900 0.01276 -0.99989 0.00766 0.250825 0.508578
-62.6630 -46.5150 -16.0840 0.01464 -0.99905 -0.04113 0.257259 0.504166
-62.4880 -46.3900 -17.4120 0.02244 -0.98200 -0.18757 0.257790 0.499011
-63.8540 -46.1600 -18.3280 0.04214 -0.89197 -0.45014 0.252450 0.495493
-68.7150 -40.5840 -20.5290 0.03746 -0.17608 -0.98366 0.234072 0.471313
-65.3290 -45.7780 -18.9970 0.06667 -0.71624 -0.69466 0.246734 0.492612
-64.7780 -44.9590 -19.4940 0.05124 -0.36665 -0.92895 0.248872 0.488922
-63.3070 -42.6710 -19.8890 0.04120 -0.19165 -0.98060 0.254733 0.480121
-79.6710 -42.3950 -20.5680 0.00941 -0.14879 -0.98882 0.191760 0.477194
-77.1880 -39.8460 -20.8930 0.01526 -0.14431 -0.98942 0.201514 0.467526
-77.1620 -36.3160 -21.3870 -0.00762 -0.12078 -0.99265 0.201912 0.453816
-73.9780 -38.6450 -21.0070 0.02321 -0.15372 -0.98784 0.213978 0.463185
-73.0360 -35.1370 -21.5000 0.01300 -0.13001 -0.99143 0.217907 0.449635
-81.7800 -33.8470 -21.3990 -0.08268 -0.06489 -0.99446 0.184315 0.443938
-79.8570 -34.1840 -21.5100 -0.05689 -0.08493 -0.99476 0.191712 0.445362
-79.4220 -32.4980 -21.6540 -0.06415 -0.07113 -0.99540 0.193539 0.438879
-81.4550 -30.7020 -21.6080 -0.09993 -0.05738 -0.99334 0.185836 0.431810
-83.4770 -27.9140 -21.5240 -0.13445 -0.03768 -0.99020 0.178235 0.420918
-79.2080 -30.7350 -21.8360 -0.06852 -0.07775 -0.99462 0.194531 0.432070
-80.5060 -28.4520 -21.8310 -0.10080 -0.04854 -0.99372 0.189702 0.423180
-77.5230 -32.9630 -21.7420 -0.03655 -0.06660 -0.99711 0.200824 0.440807
-75.0560 -32.3860 -21.8330 -0.01292 -0.10045 -0.99486 0.210377 0.438783
-77.2190 -31.7970 -21.7800 -0.04076 -0.07553 -0.99631 0.202092 0.436343
-78.6150 -28.0060 -22.0100 -0.07071 -0.05636 -0.99590 0.197049 0.421585
-76.9360 -30.1080 -21.9900 -0.04445 -0.08269 -0.99558 0.203345 0.429817
-69.9930 -36.8200 -21.2040 0.02727 -0.15234 -0.98795 0.229477 0.456486
-66.8590 -37.0780 -21.0440 0.04145 -0.16133 -0.98603 0.241525 0.457842
-64.7270 -39.3880 -20.5510 0.04103 -0.17359 -0.98396 0.249540 0.467110
-68.0430 -34.6620 -21.4620 0.02832 -0.13860 -0.98994 0.237176 0.448300
-72.3350 -31.5190 -21.9340 0.00327 -0.11029 -0.99389 0.220934 0.435674
-74.7290 -28.2800 -22.2160 -0.03232 -0.08077 -0.99621 0.212012 0.422934
-68.4910 -30.7120 -21.9840 0.01828 -0.11835 -0.99280 0.235805 0.432928
-71.0910 -28.4050 -22.2550 -0.00323 -0.09724 -0.99526 0.226011 0.423744
-65.4970 -30.8820 -21.8750 0.02775 -0.12520 -0.99174 0.247322 0.433911
-61.6120 -46.5260 -12.6970 0.01240 -0.99968 -0.02195 0.261684 0.517083
-59.6190 -46.4350 -14.8590 0.01454 -0.99989 -0.00030 0.269118 0.508531
-59.0290 -46.4760 -12.7970 0.01737 -0.99931 -0.03297 0.271623 0.516397
-58.3690 -46.5350 -11.3980 0.00993 -0.99911 -0.04093 0.274320 0.521711
-56.9580 -46.4450 -14.1460 0.00678 -0.99994 -0.00838 0.279449 0.510965
-58.8370 -46.4610 -16.2230 0.01496 -0.99771 -0.06599 0.271972 0.503186
-55.9550 -46.4240 -15.6760 0.02134 -0.99850 -0.05051 0.283137 0.504958
-55.6990 -46.5340 -11.5120 0.00214 -0.99902 -0.04421 0.284591 0.520968
-57.3960 -46.4360 -12.5800 0.00774 -0.99933 -0.03575 0.277935 0.517038
-57.2240 -46.3040 -17.1620 0.02482 -0.97918 -0.20146 0.278091 0.499371
-54.4930 -46.2210 -17.1890 0.02776 -0.98137 -0.19013 0.288604 0.498917
-55.5280 -46.0920 -17.7860 0.04044 -0.91331 -0.40525 0.284564 0.496664
-62.1200 -46.1070 -18.3480 0.03159 -0.87673 -0.47995 0.259120 0.495223
-59.8280 -46.2070 -17.8440 0.02997 -0.93443 -0.35487 0.267990 0.496967
-62.6450 -45.5260 -19.0490 0.03815 -0.64528 -0.76300 0.257069 0.491740
-62.2510 -44.9450 -19.3730 0.04420 -0.36301 -0.93074 0.258609 0.489191
-60.3480 -45.5310 -18.9230 0.04964 -0.67411 -0.73696 0.265927 0.492071
-57.6800 -45.9720 -18.2390 0.03816 -0.86663 -0.49749 0.276234 0.495094
-59.0770 -44.7240 -19.3070 0.03684 -0.33356 -0.94201 0.270848 0.488662
-60.4610 -42.6840 -19.7740 0.03637 -0.19419 -0.98029 0.265689 0.480498
-61.0880 -40.0570 -20.2980 0.03586 -0.18076 -0.98287 0.263501 0.470136
-57.5010 -45.3610 -18.9270 0.04544 -0.60815 -0.79252 0.276894 0.491557
-58.3320 -42.8240 -19.6700 0.04362 -0.19582 -0.97967 0.273879 0.481283
-54.7290 -45.5560 -18.5030 0.04417 -0.71757 -0.69509 0.287598 0.493165
-55.7330 -44.8020 -19.1240 0.06276 -0.38786 -0.91958 0.283734 0.489388
-55.4220 -42.4600 -19.5860 0.04831 -0.19859 -0.97889 0.285129 0.480222
-58.0300 -41.1190 -19.9840 0.04382 -0.18477 -0.98181 0.275189 0.474639
-59.0320 -37.3860 -20.7090 0.04015 -0.16983 -0.98465 0.271646 0.459920
-55.1300 -36.5600 -20.6650 0.04003 -0.16792 -0.98499 0.286756 0.457159
-52.2030 -46.5750 -8.7190 0.01096 -0.99968 -0.02263 0.298365 0.531315
-54.9340 -46.4540 -12.8130 0.00886 -0.99899 -0.04394 0.287392 0.515862
-52.8910 -46.3540 -14.4320 0.01622 -0.99963 -0.02163 0.295080 0.509386
-52.8500 -46.4840 -11.7540 0.01218 -0.99903 -0.04225 0.295537 0.519703
-51.6490 -46.4140 -12.7450 0.01506 -0.99873 -0.04813 0.300054 0.515747
-48.9460 -46.5520 -6.3380 0.01486 -0.99987 -0.00597 0.311178 0.540100
-49.4610 -46.5250 -9.1470 0.01692 -0.99957 -0.02391 0.308879 0.529352
-49.9180 -46.4540 -11.5540 0.01976 -0.99840 -0.05301 0.306854 0.520138
-48.3500 -46.3520 -12.3120 0.01875 -0.99812 -0.05837 0.312811 0.517027
-53.5960 -46.0260 -17.7850 0.03287 -0.89968 -0.43531 0.292005 0.496419
-52.0970 -46.3380 -15.7210 0.01821 -0.99778 -0.06411 0.297990 0.504332
-51.3730 -46.1460 -17.1140 0.02495 -0.97737 -0.21008 0.300633 0.498841
-50.9750 -45.4000 -18.4880 0.03887 -0.67253 -0.73905 0.302069 0.492704
-50.8490 -45.9260 -17.7750 0.02645 -0.89088 -0.45348 0.302592 0.496113
-49.6510 -46.3150 -14.6070 0.01231 -0.99987 -0.00999 0.307541 0.508346
-48.2340 -46.3150 -15.4330 0.01421 -0.99852 -0.05241 0.312904 0.505010
-48.8620 -46.1280 -17.0030 0.02089 -0.97159 -0.23574 0.310315 0.499004
-45.4380 -46.1700 -16.1810 0.02166 -0.98674 -0.16086 0.323597 0.501775
-48.9080 -45.7760 -17.9220 0.03346 -0.84421 -0.53496 0.310060 0.495222
-49.4730 -44.6350 -18.8600 0.03941 -0.34699 -0.93704 0.307876 0.489462
-48.3710 -45.1470 -18.5510 0.04042 -0.58260 -0.81176 0.312106 0.491790
-47.3260 -45.8920 -17.6210 0.04271 -0.90665 -0.41972 0.316179 0.496338
-46.6380 -45.4320 -18.2150 0.05904 -0.69341 -0.71812 0.318789 0.493424
-45.4630 -44.5310 -18.6940 0.04433 -0.35826 -0.93257 0.323346 0.489535
-53.0920 -44.8300 -18.9710 0.03908 -0.40813 -0.91209 0.293909 0.489839
-51.1170 -42.4320 -19.4150 0.04148 -0.20461 -0.97796 0.301715 0.480601
-54.2600 -40.7950 -19.8630 0.04138 -0.18599 -0.98168 0.289744 0.473824
-51.2700 -40.0320 -19.8960 0.03693 -0.18664 -0.98173 0.301331 0.471170
-48.0310 -41.0560 -19.5640 0.04487 -0.20012 -0.97874 0.313730 0.475553
-50.7720 -35.4760 -20.7080 0.03481 -0.16685 -0.98537 0.303640 0.453401
-47.2670 -38.4960 -20.0360 0.04015 -0.18446 -0.98202 0.316885 0.465601
-63.8430 -33.9480 -21.4210 0.03234 -0.14500 -0.98890 0.253411 0.445988
-62.1980 -36.2170 -21.0140 0.03049 -0.16165 -0.98638 0.259553 0.455004
-58.8420 -33.8410 -21.2720 0.03759 -0.15114 -0.98780 0.272690 0.446121
-60.6330 -31.9150 -21.6110 0.02947 -0.13830 -0.98995 0.265958 0.438437
-62.3780 -29.6900 -21.9490 0.02333 -0.12496 -0.99189 0.259438 0.429617
-65.1950 -26.2600 -22.4200 0.01728 -0.10865 -0.99393 0.248906 0.416027
-68.5750 -25.3560 -22.5540 0.00015 -0.09489 -0.99549 0.235980 0.412192
-62.6200 -24.6430 -22.5510 0.01533 -0.10680 -0.99416 0.258966 0.410033
-59.3540 -28.9800 -21.9650 0.02882 -0.12681 -0.99151 0.271147 0.427181
-54.8090 -31.8780 -21.3970 0.03466 -0.15482 -0.98733 0.288403 0.438944
-56.7790 -30.0560 -21.7410 0.02971 -0.13671 -0.99017 0.280969 0.431637
-54.5240 -29.4070 -21.7880 0.02500 -0.13326 -0.99077 0.289712 0.429340
-52.1730 -31.3460 -21.3940 0.02902 -0.16134 -0.98647 0.298605 0.437163
-52.4290 -29.7190 -21.7040 0.03343 -0.14207 -0.98929 0.297755 0.430768
-51.0210 -29.1560 -21.7130 0.04410 -0.10696 -0.99328 0.303236 0.428754
-59.1090 -24.6200 -22.4990 0.02173 -0.11303 -0.99335 0.272481 0.410298
-61.8470 -20.9220 -22.9120 0.01096 -0.09327 -0.99558 0.262291 0.395716
-56.5150 -27.3830 -22.0670 0.03156 -0.12418 -0.99176 0.282220 0.421296
-55.4580 -25.0790 -22.3460 0.03344 -0.12636 -0.99142 0.286481 0.412459
-57.9350 -21.6020 -22.7930 0.01888 -0.10029 -0.99478 0.277277 0.398739
-53.4650 -27.8750 -21.9500 0.02652 -0.14091 -0.98967 0.293929 0.423511
-54.4340 -27.2070 -22.0040 0.00814 -0.11636 -0.99317 0.290248 0.420841
-52.2950 -27.9620 -21.8530 0.06323 -0.11499 -0.99135 0.298442 0.423998
-52.9680 -26.4800 -22.1650 0.01863 -0.12518 -0.99196 0.295953 0.418124
-53.0150 -24.8010 -22.2750 -0.04615 -0.09743 -0.99417 0.295904 0.411647
-51.4560 -26.8260 -21.9030 0.04937 -0.12824 -0.99051 0.301794 0.419715
-53.6720 -22.2150 -22.6330 0.04185 -0.11089 -0.99295 0.293613 0.401547
-40.7520 -46.4420 -5.6130 0.01866 -0.99981 -0.00471 0.342829 0.541948
-37.0440 -46.3290 -8.8810 0.01806 -0.99950 -0.02585 0.356749 0.528949
-40.4070 -46.4000 -8.3170 0.01942 -0.99953 -0.02360 0.343856 0.531502
-35.7230 -46.3170 -1.8630 0.01777 -0.99962 0.02086 0.362629 0.555806
-35.7590 -46.3540 -6.1100 0.01901 -0.99979 -0.00738 0.362011 0.539468
-33.4240 -46.3170 -5.2220 0.02242 -0.99975 -0.00119 0.371104 0.542621
-34.2600 -46.2540 -9.3600 0.01950 -0.99948 -0.02552 0.367424 0.526790
-30.8740 -46.1900 -9.9260 0.02353 -0.99902 -0.03744 0.380408 0.524233
-32.2430 -46.1650 -10.9890 0.01801 -0.99753 -0.06794 0.375016 0.520290
-33.7370 -46.1140 -11.6760 0.02482 -0.99699 -0.07351 0.369189 0.517795
-31.1820 -46.0730 -11.8260 0.02329 -0.99857 -0.04808 0.379017 0.516936
-27.7650 -46.1130 -0.8260 0.03260 -0.99896 0.03172 0.393407 0.558905
-30.1050 -46.1810 -2.0940 0.02574 -0.99959 0.01230 0.384248 0.554287
-32.6350 -46.2520 -1.2730 0.02217 -0.99954 0.02084 0.374592 0.557730
-30.7500 -46.2360 -5.3520 0.02718 -0.99963 -0.00049 0.381394 0.541821
-26.9470 -46.1440 -4.0980 0.02650 -0.99964 0.00485 0.396187 0.546223
-27.9080 -46.0230 1.0780 0.02997 -0.99818 0.05236 0.393083 0.566258
-23.1190 -46.0300 -3.9440 0.02847 -0.99955 0.00936 0.410955 0.546393
-27.2330 -46.1230 -7.7180 0.02694 -0.99957 -0.01156 0.394683 0.532322
-27.1470 -46.0740 -10.5420 0.02568 -0.99832 -0.05199 0.394702 0.521441
-28.5350 -46.0230 -11.5370 0.01970 -0.99865 -0.04805 0.389250 0.517755
-30.2570 -46.0080 -13.3440 0.01786 -0.99978 -0.01112 0.382414 0.510989
-27.2920 -45.9680 -13.7970 0.02113 -0.99965 -0.01599 0.393791 0.508911
-24.1970 -46.0280 -8.7890 0.02666 -0.99952 -0.01549 0.406263 0.527864
-25.5220 -45.9520 -11.4760 0.02542 -0.99863 -0.04570 0.400866 0.517656
-23.2340 -45.8830 -13.3600 0.02238 -0.99972 0.00743 0.409475 0.510155
-23.9890 -45.9800 -10.6080 0.02859 -0.99818 -0.05308 0.406864 0.520840
-22.5760 -45.8770 -11.3810 0.02938 -0.99887 -0.03729 0.412231 0.517702
-24.9840 -45.9600 0.0020 0.03127 -0.99890 0.03501 0.404226 0.561793
-22.0650 -45.9680 -1.8170 0.02402 -0.99938 0.02568 0.415257 0.554462
-20.0820 -45.6730 4.1280 0.01532 -0.99881 0.04639 0.423588 0.577140
-19.8700 -45.7950 0.9810 0.01494 -0.99916 0.03808 0.424035 0.564996
-16.7640 -45.7130 2.8040 0.01243 -0.99898 0.04350 0.436211 0.571666
-18.5690 -45.8860 -2.5590 0.01437 -0.99976 0.01660 0.428645 0.551223
-18.2910 -45.8350 0.1550 0.00266 -0.99953 0.03047 0.430028 0.561634
-15.9330 -45.8600 -2.1690 0.01188 -0.99976 0.01826 0.438840 0.552430
-20.0970 -45.9540 -6.6180 0.02287 -0.99973 -0.00479 0.422302 0.535769
-20.5010 -45.9080 -9.8520 0.02225 -0.99912 -0.03549 0.420387 0.523368
-20.2010 -45.8130 -11.4100 0.01332 -0.99954 -0.02723 0.421380 0.517328
-18.3510 -45.8020 -11.5680 0.00581 -0.99984 -0.01677 0.428486 0.516521
-17.3360 -45.8990 -4.8030 0.01356 -0.99989 0.00527 0.433141 0.542449
-18.1700 -45.8880 -8.7210 0.01321 -0.99975 -0.01803 0.429493 0.527465
-15.4770 -45.8830 -7.5250 0.00795 -0.99995 -0.00608 0.439999 0.531774
-15.8210 -45.8370 -10.4540 0.00557 -0.99978 -0.01998 0.438355 0.520540
-28.4770 -45.9930 -14.8710 0.01957 -0.99817 -0.05725 0.389104 0.504914
-25.7990 -45.8520 -15.7170 0.02068 -0.98271 -0.18399 0.399337 0.501331
-24.6240 -45.9450 -14.7270 0.01620 -0.99864 -0.04964 0.403967 0.505043
-21.5880 -45.8700 -14.7150 0.02500 -0.99705 -0.07256 0.415669 0.504767
-23.4210 -45.7920 -15.6900 0.02806 -0.97541 -0.21862 0.408506 0.501178
-23.9170 -45.4770 -16.7080 0.03236 -0.86096 -0.50765 0.406510 0.497116
-20.8580 -45.3870 -16.6780 0.03685 -0.84122 -0.53944 0.418294 0.496890
-20.3800 -45.5770 -16.2380 0.04081 -0.93456 -0.35345 0.420180 0.498686
-18.5900 -45.8160 -14.0800 0.01942 -0.99942 -0.02810 0.427294 0.506880
-16.9660 -45.6750 -15.5360 0.02250 -0.98248 -0.18501 0.433402 0.501082
-16.8900 -45.4270 -16.3350 0.03081 -0.87804 -0.47759 0.433621 0.497854
-19.6030 -44.8920 -17.1770 0.04424 -0.66608 -0.74456 0.423112 0.494170
-15.5750 -45.7820 -13.8090 0.01271 -0.99916 -0.03888 0.438939 0.507602
-13.5600 -45.7550 -13.1850 0.01125 -0.99960 -0.02599 0.446769 0.509789
-16.4790 -44.7930 -17.0590 0.03016 -0.64018 -0.76763 0.435169 0.494126
-17.2190 -44.0940 -17.4990 0.04363 -0.35792 -0.93273 0.432325 0.490930
-13.7410 -45.6850 -14.9730 0.01101 -0.99207 -0.12521 0.445882 0.502924
-13.8990 -45.4300 -16.1290 0.01926 -0.91046 -0.41316 0.445168 0.498380
-14.0520 -44.8350 -16.9620 0.04164 -0.65867 -0.75128 0.444518 0.494454
-14.5890 -44.1820 -17.3620 0.04360 -0.36465 -0.93012 0.442453 0.491515
-47.2610 -46.4960 -8.6440 0.01307 -0.99971 -0.02042 0.317415 0.531033
-45.9820 -46.4030 -11.2430 0.01238 -0.99859 -0.05168 0.322052 0.520878
-44.2160 -46.4750 -8.6160 0.01443 -0.99965 -0.02225 0.329146 0.530792
-43.5930 -46.3620 -11.3820 0.02282 -0.99794 -0.05996 0.331240 0.520068
-44.5350 -46.3050 -12.4080 0.01607 -0.99855 -0.05137 0.327501 0.516219
-46.1730 -46.2660 -14.3370 0.01522 -0.99986 -0.00754 0.320973 0.508983
-43.6840 -46.2240 -14.0930 0.01295 -0.99978 -0.01624 0.330589 0.509627
-44.4180 -46.2510 -15.2390 0.01831 -0.99869 -0.04777 0.327631 0.505298
-44.7610 -45.5460 -17.8800 0.06029 -0.75757 -0.64996 0.326051 0.494610
-43.9790 -45.9040 -17.2700 0.02121 -0.92733 -0.37365 0.329105 0.497296
-43.5240 -44.6290 -18.5700 0.03888 -0.42523 -0.90425 0.330820 0.490177
-42.4320 -46.0750 -16.4460 0.02465 -0.97920 -0.20137 0.335153 0.500392
-42.2270 -45.0860 -18.1920 0.04181 -0.64256 -0.76509 0.335820 0.492458
-45.3740 -42.2640 -19.1830 0.04547 -0.20731 -0.97722 0.323876 0.480622
-41.3770 -46.2430 -11.9550 0.02264 -0.99808 -0.05760 0.339720 0.517592
-41.2100 -46.2180 -13.8540 0.01464 -0.99974 -0.01757 0.340148 0.510264
-40.1080 -46.1850 -15.1470 0.02071 -0.99770 -0.06459 0.344248 0.505162
-40.1140 -46.2920 -11.1660 0.01743 -0.99794 -0.06181 0.344670 0.520500
-38.4790 -46.0010 -16.2870 0.02693 -0.97933 -0.20048 0.350406 0.500552
-37.4200 -46.1230 -13.9630 0.01774 -0.99975 -0.01358 0.354742 0.509416
-39.3570 -45.8330 -17.0400 0.03905 -0.91649 -0.39816 0.346950 0.497659
-42.2530 -45.7470 -17.4890 0.03419 -0.86371 -0.50283 0.335746 0.496170
-40.5010 -45.4840 -17.7180 0.04615 -0.74987 -0.65998 0.342490 0.494790
-40.7960 -44.5460 -18.4730 0.04633 -0.41861 -0.90698 0.341350 0.490149
-40.9400 -42.5450 -18.9270 0.04402 -0.20975 -0.97676 0.340948 0.482240
-38.1150 -45.1390 -17.9650 0.03422 -0.65784 -0.75238 0.351680 0.493138
-37.1300 -45.6550 -17.3160 0.02985 -0.86621 -0.49878 0.355514 0.496267
-47.2990 -33.8870 -20.8270 0.03563 -0.16353 -0.98589 0.317162 0.447600
-44.9900 -35.2240 -20.5290 0.03480 -0.16911 -0.98498 0.325941 0.453064
-41.3500 -39.3670 -19.6000 0.04666 -0.19465 -0.97976 0.339623 0.469702
-43.1340 -37.0330 -20.1390 0.04411 -0.18232 -0.98225 0.332938 0.460338
-40.8860 -34.8180 -20.4360 0.04383 -0.17448 -0.98369 0.341788 0.451937
-38.6120 -46.1900 -12.0910 0.01568 -0.99844 -0.05358 0.350356 0.516755
-35.6440 -46.2250 -11.2550 0.02252 -0.99800 -0.05907 0.361882 0.519651
-35.8000 -46.1690 -12.0230 0.01897 -0.99845 -0.05228 0.361200 0.516702
-35.0180 -46.0780 -15.2550 0.01714 -0.99655 -0.08117 0.363852 0.504173
-35.1820 -45.8910 -16.4800 0.02352 -0.96935 -0.24457 0.363097 0.499420
-33.4960 -46.0750 -13.7070 0.01728 -0.99974 -0.01457 0.369891 0.509956
-32.6060 -46.0560 -14.9020 0.01898 -0.99807 -0.05914 0.373185 0.505254
-32.4860 -45.8990 -16.1620 0.02486 -0.97602 -0.21624 0.373514 0.500352
-37.6420 -40.4200 -19.2040 0.04817 -0.19583 -0.97945 0.353838 0.474265
-36.2630 -35.9140 -20.0130 0.04363 -0.18448 -0.98187 0.359517 0.456755
-34.6400 -45.0540 -17.7890 0.04414 -0.63232 -0.77345 0.365096 0.493279
-33.5280 -45.6590 -17.0040 0.03330 -0.87699 -0.47935 0.369416 0.497069
-37.0150 -44.3500 -18.3540 0.05305 -0.35963 -0.93159 0.355942 0.489785
-37.6530 -42.2230 -18.8480 0.05217 -0.20261 -0.97787 0.353650 0.481340
-36.4190 -42.2460 -18.7630 0.05092 -0.20350 -0.97775 0.358412 0.481592
-34.5180 -44.1740 -18.2670 0.03595 -0.34118 -0.93931 0.365591 0.489412
-31.7190 -45.0860 -17.6390 0.04340 -0.67899 -0.73286 0.376365 0.493731
-32.6800 -44.3670 -18.1610 0.04025 -0.38610 -0.92158 0.372667 0.490317
-31.0450 -45.6260 -16.8770 0.02320 -0.89449 -0.44649 0.379008 0.497290
-28.9680 -45.8700 -15.9140 0.01746 -0.97685 -0.21323 0.387105 0.500924
-29.9690 -44.3480 -18.0130 0.05291 -0.41502 -0.90827 0.383124 0.490580
-32.9010 -42.1240 -18.6500 0.04413 -0.20477 -0.97781 0.371980 0.481480
-34.6840 -38.9680 -19.3610 0.04153 -0.19329 -0.98026 0.365356 0.468897
-30.7680 -40.8130 -18.8170 0.04306 -0.20287 -0.97826 0.380313 0.476574
-36.7640 -33.3820 -20.4960 0.04280 -0.17032 -0.98446 0.357793 0.446794
-28.9300 -35.3060 -19.8410 0.03828 -0.18411 -0.98216 0.387821 0.455151
-32.5720 -34.0390 -20.2120 0.03790 -0.17644 -0.98358 0.373891 0.449810
-49.8620 -30.6710 -21.4520 0.03476 -0.14644 -0.98861 0.307567 0.434773
-47.0280 -29.9870 -21.4440 0.02928 -0.14009 -0.98971 0.318548 0.432428
-48.8450 -29.1610 -21.5920 0.03200 -0.12443 -0.99171 0.311628 0.429037
-43.9290 -31.5390 -21.1100 0.03439 -0.15766 -0.98689 0.330346 0.438801
-44.6070 -28.8270 -21.5410 0.02629 -0.14100 -0.98966 0.327979 0.428175
-45.6100 -27.0280 -21.7840 0.01748 -0.13153 -0.99116 0.324288 0.421100
-44.1150 -26.6040 -21.8560 0.00952 -0.12592 -0.99200 0.330076 0.419581
-50.5850 -28.1860 -21.7530 0.02852 -0.10196 -0.99438 0.305018 0.425068
-51.5270 -25.1580 -22.2250 0.15750 -0.16792 -0.97314 0.301614 0.413178
-51.9320 -23.4400 -22.5150 0.01547 -0.11197 -0.99359 0.300213 0.406450
-51.0220 -25.8450 -21.9610 0.02437 -0.11108 -0.99351 0.303553 0.415985
-50.5120 -26.3200 -22.0420 -0.06801 -0.10191 -0.99247 0.305508 0.417826
-49.8440 -24.3260 -22.3090 -0.02890 -0.10732 -0.99381 0.308237 0.410143
-50.6400 -24.0940 -22.2440 0.01897 -0.12786 -0.99161 0.305174 0.409212
-49.2740 -26.6310 -21.9640 0.02790 -0.13720 -0.99015 0.310227 0.419162
-47.3380 -27.0870 -21.8610 0.03839 -0.13159 -0.99056 0.317625 0.421126
-52.4950 -22.1430 -22.5690 -0.03066 -0.09843 -0.99467 0.298158 0.401411
-50.9870 -22.4370 -22.5190 0.12319 -0.13880 -0.98263 0.303977 0.402717
-50.3350 -22.4190 -22.4250 0.06040 -0.14526 -0.98755 0.306511 0.402765
-51.6470 -20.9460 -22.7800 -0.03690 -0.09367 -0.99492 0.301563 0.396843
-49.9980 -21.1700 -22.6410 0.03083 -0.11496 -0.99289 0.307911 0.397915
-50.6870 -20.2490 -22.7880 0.10112 -0.10547 -0.98927 0.305328 0.394264
-47.5120 -23.9300 -22.2270 0.03430 -0.13779 -0.98987 0.317245 0.408881
-47.0210 -25.8130 -21.9800 0.02369 -0.12259 -0.99217 0.318964 0.416235
-45.2350 -24.7640 -22.1240 0.05660 -0.13914 -0.98865 0.325922 0.412317
-44.4330 -24.5500 -22.0600 0.04986 -0.13608 -0.98944 0.329042 0.411613
-49.1180 -23.6580 -22.3400 0.01951 -0.10263 -0.99453 0.311090 0.407643
-48.2710 -22.7120 -22.4670 0.01736 -0.12616 -0.99186 0.314426 0.404047
-47.9790 -21.5380 -22.5970 0.04306 -0.11187 -0.99279 0.315649 0.399529
-48.1980 -19.7910 -22.7640 0.01666 -0.09312 -0.99552 0.314974 0.392756
-46.9490 -21.7510 -22.4770 0.05409 -0.10943 -0.99252 0.319609 0.400486
-47.0280 -20.3300 -22.6320 0.04485 -0.10678 -0.99327 0.319433 0.394981
-45.7990 -23.1510 -22.2770 0.01700 -0.10859 -0.99394 0.323904 0.406034
-40.3570 -30.8500 -21.0840 0.04064 -0.15643 -0.98685 0.344164 0.436508
-41.7850 -26.4760 -21.7850 0.03788 -0.13689 -0.98986 0.339054 0.419335
-38.6990 -26.7560 -21.6190 0.03986 -0.13698 -0.98977 0.350909 0.420761
-35.9910 -28.5820 -21.2480 0.03971 -0.14950 -0.98796 0.361179 0.428154
-34.3410 -25.5000 -21.6250 0.03799 -0.13243 -0.99046 0.367797 0.416346
-42.7700 -23.5840 -22.1880 0.02171 -0.12180 -0.99232 0.335525 0.408008
-44.0270 -22.5450 -22.3430 0.02008 -0.11331 -0.99336 0.330778 0.403856
-40.2710 -23.2270 -22.1530 0.03999 -0.11939 -0.99204 0.345170 0.406889
-44.9430 -20.7790 -22.5540 0.02382 -0.10719 -0.99395 0.327412 0.396923
-43.3020 -21.0540 -22.4530 0.01861 -0.10643 -0.99415 0.333704 0.398170
-41.8740 -21.0900 -22.4440 0.02662 -0.10661 -0.99394 0.339194 0.398444
-43.7270 -19.6540 -22.6460 0.01974 -0.10548 -0.99423 0.332194 0.392693
-37.5150 -22.7370 -22.0790 0.03835 -0.11990 -0.99204 0.355826 0.405297
-39.5200 -18.7660 -22.6080 0.03564 -0.09879 -0.99447 0.348467 0.389700
-42.1710 -18.4900 -22.7150 0.03092 -0.09749 -0.99476 0.338288 0.388357
-34.9790 -21.0540 -22.2010 0.03755 -0.11038 -0.99318 0.365735 0.399037
-33.3480 -29.7430 -20.9690 0.03910 -0.15523 -0.98710 0.371256 0.432958
-28.9230 -45.5130 -17.0170 0.02492 -0.83590 -0.54832 0.387169 0.496472
-28.1950 -44.9010 -17.5820 0.03997 -0.60945 -0.79182 0.389966 0.493274
-27.1670 -45.6680 -16.5080 0.04136 -0.91297 -0.40591 0.393990 0.498324
-26.2050 -45.0750 -17.2710 0.03784 -0.69027 -0.72256 0.397657 0.494535
-26.1960 -44.1930 -17.8580 0.04494 -0.38732 -0.92085 0.397698 0.490432
-27.2150 -41.8150 -18.4570 0.04266 -0.21461 -0.97577 0.393935 0.480903
-25.6290 -37.7380 -19.2490 0.04140 -0.19466 -0.98000 0.400350 0.465023
-23.3080 -44.7330 -17.4640 0.03165 -0.58195 -0.81261 0.408829 0.493018
-23.7410 -43.9730 -17.8260 0.03844 -0.30867 -0.95039 0.407186 0.489771
-21.0770 -44.1940 -17.6530 0.04567 -0.35972 -0.93194 0.417441 0.490901
-22.6080 -41.9450 -18.2290 0.04430 -0.21260 -0.97614 0.411690 0.481883
-20.4830 -39.3570 -18.6750 0.04696 -0.20154 -0.97835 0.420071 0.471929
-30.5940 -32.6010 -20.3890 0.03751 -0.16677 -0.98528 0.381627 0.444397
-26.0410 -31.7170 -20.3740 0.04251 -0.16326 -0.98567 0.399233 0.441412
-18.6410 -41.9820 -18.0230 0.04523 -0.21121 -0.97639 0.426989 0.482456
-16.0760 -41.9680 -17.9170 0.04563 -0.20908 -0.97683 0.436872 0.482655
-15.9940 -39.9480 -18.3360 0.05049 -0.19980 -0.97853 0.437330 0.474724
-17.7640 -35.8680 -19.2400 0.05167 -0.18239 -0.98187 0.430809 0.458528
-22.5110 -35.6850 -19.4990 0.04631 -0.18308 -0.98201 0.412527 0.457309
-21.4240 -32.4380 -20.0170 0.04863 -0.16516 -0.98507 0.416971 0.444735
-23.0750 -28.9980 -20.6410 0.04881 -0.14779 -0.98781 0.410886 0.431155
-17.8580 -31.4710 -20.0010 0.05324 -0.16153 -0.98543 0.430791 0.441352
-13.5940 -32.9530 -19.5080 0.05543 -0.16838 -0.98416 0.447117 0.447614
-19.2920 -28.2650 -20.5830 0.04900 -0.14525 -0.98818 0.425525 0.428705
-35.9680 -15.9790 -22.7310 0.04011 -0.08654 -0.99544 0.362396 0.379309
-31.1250 -19.8480 -22.1630 0.04243 -0.10130 -0.99395 0.380684 0.394786
-30.6450 -15.7430 -22.5300 0.04396 -0.08272 -0.99560 0.382912 0.378971
-28.9430 -27.2910 -21.1580 0.03732 -0.14400 -0.98887 0.388429 0.423882
-26.3020 -26.5060 -21.1770 0.04450 -0.13646 -0.98965 0.398663 0.421103
-30.2730 -23.4420 -21.7260 0.04068 -0.12127 -0.99179 0.383642 0.408795
-25.0430 -21.5100 -21.7310 0.04654 -0.10954 -0.99289 0.403950 0.401868
-22.0480 -25.0080 -21.1460 0.04873 -0.12810 -0.99056 0.415184 0.415762
-17.4810 -24.9900 -20.9390 0.05264 -0.12839 -0.99033 0.432777 0.416183
-18.1050 -21.7280 -21.3520 0.04496 -0.10938 -0.99298 0.430657 0.403476
-26.4130 -16.2790 -22.2940 0.04594 -0.08382 -0.99542 0.399155 0.381496
-22.9670 -18.6570 -21.9140 0.04929 -0.09320 -0.99443 0.412208 0.391061
-20.3440 -15.1200 -22.0820 0.04857 -0.07921 -0.99567 0.422641 0.377686
-10.9060 -45.6200 2.6580 0.02074 -0.99884 0.04356 0.458758 0.570454
-12.8400 -45.7980 -1.2750 0.01662 -0.99950 0.02672 0.450857 0.555527
-9.0190 -45.7390 -1.9290 0.02301 -0.99941 0.02565 0.465497 0.552591
-11.3110 -45.8400 -5.3850 0.01637 -0.99984 0.00705 0.456283 0.539548
-11.8680 -45.8450 -8.2790 0.01229 -0.99986 -0.01104 0.453818 0.528477
-4.5530 -45.6880 -5.2770 0.02331 -0.99966 0.01182 0.482329 0.539221
-8.1200 -45.3750 6.3980 0.02064 -0.99827 0.05507 0.469920 0.584553
-5.0000 -45.4450 3.0870 0.02162 -0.99891 0.04134 0.481558 0.571464
-1.9920 -45.2770 5.6510 0.02787 -0.99828 0.05161 0.493435 0.581004
-1.6310 -45.4700 1.0750 0.02228 -0.99903 0.03802 0.494302 0.563347
-3.7590 -45.5570 -0.3260 0.02086 -0.99928 0.03176 0.485944 0.558186
-1.1890 -45.5630 -2.4510 0.02351 -0.99950 0.02135 0.495606 0.549727
-7.8060 -45.7660 -10.0930 0.01179 -0.99992 -0.00482 0.469266 0.521047
-10.8990 -45.7660 -11.1290 0.00819 -0.99979 -0.01900 0.457242 0.517409
-11.1130 -45.7320 -14.0260 0.00562 -0.99845 -0.05538 0.456108 0.506306
-11.1510 -45.5220 -15.9240 0.01899 -0.92532 -0.37871 0.455761 0.498992
-10.7110 -44.9340 -16.6700 0.04789 -0.65702 -0.75235 0.457392 0.495324
-11.4950 -43.9750 -17.2470 0.05935 -0.34155 -0.93799 0.454385 0.491028
-13.0290 -41.7810 -17.7980 0.05604 -0.20270 -0.97764 0.448635 0.482241
-8.5300 -45.6410 -15.1890 0.00980 -0.98455 -0.17482 0.465930 0.501510
-8.6890 -45.7220 -13.2980 -0.00330 -0.99966 -0.02583 0.465521 0.508815
-7.0650 -45.7550 -13.3070 -0.00956 -0.99976 -0.01970 0.471772 0.508593
-4.7750 -45.7560 -14.2220 0.01788 -0.99640 -0.08288 0.480480 0.504799
-8.5740 -45.4310 -15.8560 0.04567 -0.87973 -0.47328 0.465680 0.498828
-6.9310 -45.5220 -15.5030 0.03036 -0.91663 -0.39859 0.472050 0.500029
-7.3220 -44.8590 -16.4680 0.05886 -0.66988 -0.74013 0.470468 0.495536
-8.9730 -44.0590 -17.0630 0.05954 -0.36395 -0.92951 0.464111 0.491696
-8.8220 -41.1170 -17.6670 0.05458 -0.20078 -0.97811 0.464924 0.480155
-5.4240 -45.3050 -15.7910 0.05870 -0.81726 -0.57327 0.477838 0.498520
-4.4110 -43.9940 -16.7860 0.03943 -0.38917 -0.92032 0.481736 0.492072
-4.2230 -44.7580 -16.2810 0.02618 -0.67355 -0.73868 0.482458 0.495636
-4.4780 -41.9930 -17.2730 0.04221 -0.21569 -0.97555 0.481614 0.484112
-1.7360 -45.6300 -6.8810 0.02554 -0.99966 0.00553 0.493002 0.532742
2.1480 -45.5290 -5.7460 0.02455 -0.99966 0.00846 0.508088 0.536686
1.1630 -45.5550 -9.0890 0.02897 -0.99957 -0.00386 0.503924 0.523931
-4.4830 -45.7180 -11.2140 0.02361 -0.99971 0.00438 0.481936 0.516365
-1.6610 -45.6210 -12.8540 0.03951 -0.99907 -0.01707 0.492627 0.509772
0.7970 -45.5250 -13.0360 0.03118 -0.99925 -0.02302 0.502081 0.508785
-4.3270 -45.5710 -15.2040 0.02476 -0.92811 -0.37147 0.482119 0.500901
-1.9370 -45.5530 -14.9410 0.04634 -0.98826 -0.14557 0.491338 0.501792
-2.0180 -45.3870 -15.6380 0.02464 -0.87424 -0.48487 0.490974 0.499065
-2.0960 -44.6850 -16.3590 0.01171 -0.61494 -0.78849 0.490665 0.495234
0.3630 -44.8720 -16.0950 0.03915 -0.72549 -0.68712 0.500140 0.496496
0.4760 -45.3110 -15.3780 0.05652 -0.92826 -0.36761 0.500598 0.499736
-0.0720 -43.9630 -16.7460 0.02285 -0.38933 -0.92081 0.498490 0.492170
2.0300 -45.4410 -14.3210 0.02772 -0.99346 -0.11078 0.506689 0.503689
2.9770 -45.2280 -15.3390 0.02638 -0.93396 -0.35640 0.510242 0.499599
2.8340 -44.4090 -16.4090 0.03648 -0.59158 -0.80542 0.509654 0.494381
-0.6900 -41.5490 -17.2600 0.02155 -0.19974 -0.97961 0.496242 0.482652
-2.0740 -39.5310 -17.6920 0.03015 -0.19405 -0.98053 0.491050 0.474629
1.8610 -41.8800 -17.1390 0.02868 -0.19539 -0.98031 0.506054 0.484148
5.7580 -44.8330 10.3100 0.01222 -0.99786 0.06416 0.523822 0.598112
9.9210 -44.8330 9.1420 0.01931 -0.99812 0.05825 0.539720 0.593161
12.9870 -44.6720 10.7690 0.02315 -0.99823 0.05471 0.551715 0.599101
14.4610 -44.7460 8.5000 0.02161 -0.99834 0.05337 0.557137 0.590205
11.6280 -44.9670 6.0540 0.02444 -0.99853 0.04838 0.545940 0.581078
0.2860 -45.0340 8.4950 0.02752 -0.99789 0.05877 0.502541 0.591719
0.3340 -45.2770 4.0600 0.02647 -0.99845 0.04901 0.502213 0.574628
2.9720 -44.7770 11.3320 0.01946 -0.99764 0.06582 0.513216 0.602368
3.7990 -44.9830 8.1570 0.01561 -0.99810 0.05961 0.516031 0.590033
4.3610 -45.2090 3.8170 0.01926 -0.99872 0.04674 0.517697 0.573252
6.9750 -45.0830 5.5220 0.01760 -0.99864 0.04899 0.527960 0.579533
2.4530 -45.4020 0.1910 0.02243 -0.99920 0.03314 0.509932 0.559496
4.4370 -45.4460 -3.8200 0.02119 -0.99965 0.01575 0.517122 0.543847
5.1640 -45.3820 -0.8120 0.02101 -0.99940 0.02753 0.520258 0.555341
8.4980 -45.2270 1.2750 0.02201 -0.99911 0.03586 0.533338 0.563013
7.8520 -45.3550 -2.7200 0.02250 -0.99956 0.01923 0.530399 0.547709
11.9120 -45.1640 0.9990 0.02734 -0.99899 0.03564 0.546458 0.561582
11.7580 -45.2670 -2.4390 0.02375 -0.99949 0.02126 0.545472 0.548364
13.8400 -44.9930 3.5860 0.02709 -0.99896 0.03677 0.554182 0.571339
14.8150 -45.0780 0.5000 0.02506 -0.99896 0.03801 0.557584 0.559354
14.1480 -45.1880 -1.7410 0.02685 -0.99930 0.02609 0.554758 0.550795
17.0690 -44.9860 2.0820 0.02267 -0.99908 0.03644 0.566446 0.565200
6.3330 -45.4050 -11.2300 0.01741 -0.99983 -0.00559 0.523603 0.515124
3.4670 -45.4800 -9.8790 0.02501 -0.99967 -0.00643 0.512714 0.520635
5.0800 -45.4190 -13.7580 0.02186 -0.99785 -0.06171 0.518496 0.505531
6.3510 -45.4380 -7.0180 0.02098 -0.99978 0.00230 0.524136 0.531331
10.4400 -45.3380 -5.3490 0.02204 -0.99971 0.00969 0.540070 0.537310
9.1230 -45.3810 -9.4840 0.01922 -0.99981 -0.00439 0.534538 0.521542
7.8940 -45.3790 -12.8220 0.02072 -0.99944 -0.02634 0.529438 0.508830
8.2350 -45.2670 -14.6560 0.02536 -0.98180 -0.18819 0.530558 0.501721
10.8200 -45.3070 -12.3730 0.01873 -0.99971 -0.01533 0.540762 0.510240
10.4160 -45.2790 -14.1110 0.02701 -0.99239 -0.12012 0.539017 0.503598
10.9570 -44.9880 -15.2870 0.02694 -0.89769 -0.43980 0.540989 0.498888
7.3350 -45.0260 -15.4700 0.03459 -0.86128 -0.50696 0.527025 0.498523
4.8580 -45.2660 -15.0510 0.02339 -0.95865 -0.28363 0.517514 0.500542
4.1700 -44.8810 -15.8640 0.04219 -0.80105 -0.59711 0.514813 0.497127
3.6450 -43.8640 -16.6700 0.04343 -0.34825 -0.93639 0.512790 0.492088
6.1210 -44.3810 -16.2350 0.04636 -0.58796 -0.80756 0.522315 0.494704
6.1640 -43.5510 -16.6190 0.04013 -0.30549 -0.95135 0.522522 0.491171
4.1280 -41.5310 -17.1240 0.04013 -0.19030 -0.98091 0.514817 0.483002
7.7020 -41.8470 -16.9080 0.03772 -0.18985 -0.98109 0.528558 0.484613
0.8400 -39.7660 -17.5690 0.03000 -0.18737 -0.98183 0.502261 0.475788
3.3170 -38.2990 -17.7570 0.04076 -0.17926 -0.98296 0.511911 0.470277
8.2260 -43.7360 -16.5100 0.03899 -0.36573 -0.92990 0.530456 0.492079
9.6190 -44.4750 -15.9750 0.03423 -0.65789 -0.75233 0.535813 0.495609
11.1130 -43.6820 -16.4160 0.02843 -0.34228 -0.93917 0.541575 0.492120
11.5790 -44.3740 -16.0450 0.02916 -0.63268 -0.77386 0.543355 0.495134
11.1800 -41.7750 -16.8000 0.03944 -0.18766 -0.98144 0.541965 0.484648
7.3470 -37.6950 -17.6870 0.04247 -0.17327 -0.98396 0.527489 0.468324
10.9020 -39.2310 -17.2710 0.04214 -0.17269 -0.98408 0.541077 0.474673
12.9340 -45.3040 -9.8120 0.02361 -0.99971 -0.00378 0.549183 0.519863
14.9490 -45.2440 -6.6940 0.02937 -0.99954 0.00698 0.557285 0.531642
17.4360 -45.1470 -4.9780 0.03228 -0.99943 0.01016 0.567060 0.537978
12.8610 -45.2790 -12.7260 0.02286 -0.99941 -0.02546 0.548582 0.508656
15.1650 -45.2210 -12.1500 0.02469 -0.99955 -0.01720 0.557519 0.510616
14.4330 -45.1640 -14.3480 0.02787 -0.98450 -0.17316 0.554465 0.502237
13.1470 -44.9030 -15.2920 0.04272 -0.87112 -0.48921 0.549432 0.498586
14.9050 -44.2510 -15.9100 0.04620 -0.62419 -0.77991 0.556174 0.495074
15.9540 -44.8680 -15.1330 0.02621 -0.88477 -0.46529 0.560256 0.498873
17.0450 -45.1760 -9.8650 0.02745 -0.99962 0.00295 0.565008 0.519212
17.1080 -45.1290 -14.1120 0.01864 -0.98893 -0.14721 0.564788 0.502844
16.7470 -44.3750 -15.7390 0.02615 -0.64787 -0.76130 0.563281 0.495833
19.7240 -45.1370 -12.6000 0.02576 -0.99965 -0.00607 0.575020 0.508404
19.8580 -45.0940 -9.1220 0.03013 -0.99953 0.00593 0.575924 0.521770
20.1100 -45.0900 -13.8930 0.02151 -0.99216 -0.12311 0.576368 0.503396
18.1340 -44.9550 -14.7020 0.02966 -0.94752 -0.31831 0.568688 0.500391
14.2200 -43.6240 -16.2940 0.04772 -0.34069 -0.93897 0.553554 0.492225
14.9710 -41.6090 -16.6590 0.04313 -0.18274 -0.98221 0.556589 0.484393
9.1810 -35.0380 -18.0560 0.04797 -0.15597 -0.98660 0.534752 0.458135
17.1490 -43.4800 -16.2030 0.03379 -0.32735 -0.94430 0.564851 0.491951
17.0920 -38.1730 -17.1630 0.04805 -0.16281 -0.98549 0.565007 0.471181
13.8090 -36.0890 -17.6580 0.04792 -0.15454 -0.98682 0.552511 0.462714
18.2130 -34.6640 -17.6610 0.05354 -0.14596 -0.98784 0.569594 0.457624
21.0190 -44.8370 -14.9740 0.03652 -0.90163 -0.43097 0.579773 0.499072
19.5650 -44.5830 -15.3990 0.01011 -0.76360 -0.64561 0.574147 0.497258
19.2000 -43.7390 -16.0510 0.03738 -0.40277 -0.91454 0.572741 0.493149
19.3090 -41.6400 -16.4750 0.04744 -0.18062 -0.98241 0.573297 0.484930
-12.3110 -37.3530 -18.6410 0.05688 -0.18791 -0.98054 0.451732 0.464961
-7.4920 -36.5310 -18.5310 0.05097 -0.18589 -0.98125 0.470379 0.462293
-4.7630 -38.3150 -18.0430 0.04503 -0.19526 -0.97972 0.480772 0.469598
-13.6530 -28.3240 -20.2510 0.05327 -0.14648 -0.98778 0.447252 0.429569
-8.7330 -30.8330 -19.6160 0.05462 -0.15896 -0.98577 0.466020 0.439876
-9.3640 -26.9560 -20.2110 0.05151 -0.16361 -0.98518 0.463902 0.424731
-3.2960 -36.0320 -18.4150 0.04012 -0.18169 -0.98254 0.486592 0.460792
-5.2650 -31.6220 -19.2840 0.04905 -0.16281 -0.98544 0.479332 0.443343
0.7450 -35.7070 -18.3370 0.04038 -0.17420 -0.98388 0.502186 0.459887
-0.9870 -33.0460 -18.8650 0.04248 -0.16390 -0.98556 0.495707 0.449330
-7.0260 -27.3930 -20.0210 0.05806 -0.15101 -0.98683 0.472880 0.426685
-9.4100 -26.1610 -20.3660 0.04554 -0.17132 -0.98416 0.463783 0.421611
-7.5690 -25.9730 -20.3030 0.06841 -0.14928 -0.98643 0.470890 0.421076
-3.7180 -28.3060 -19.7270 0.04892 -0.14218 -0.98863 0.485549 0.430585
-4.9250 -24.6080 -20.2800 0.06008 -0.13022 -0.98966 0.481208 0.416096
-16.1240 -21.9090 -21.2540 0.05387 -0.10772 -0.99272 0.438264 0.404381
-13.9560 -23.7740 -20.8720 0.05256 -0.13216 -0.98983 0.446472 0.411870
-10.9510 -25.8110 -20.4910 0.04666 -0.13371 -0.98992 0.457873 0.420083
-12.2910 -23.7230 -20.8020 0.05670 -0.12338 -0.99074 0.452890 0.411849
-13.5040 -21.9340 -21.1050 0.05022 -0.11491 -0.99211 0.448363 0.404772
-17.2160 -18.9920 -21.5870 0.05231 -0.09422 -0.99418 0.434330 0.392987
-14.6620 -20.8060 -21.2480 0.04892 -0.09281 -0.99448 0.444010 0.400291
-13.2200 -18.8470 -21.4060 0.05190 -0.09171 -0.99443 0.449737 0.392858
-23.0420 -11.8340 -22.4680 0.04958 -0.06908 -0.99638 0.412557 0.364710
-16.7060 -15.2840 -21.9090 0.04723 -0.08111 -0.99559 0.436633 0.378709
-15.0120 -17.6080 -21.5720 0.04739 -0.09170 -0.99466 0.442950 0.387890
-15.1990 -15.9760 -21.7910 0.04668 -0.10320 -0.99356 0.442369 0.381540
-13.7050 -15.7140 -21.7150 0.06541 -0.08267 -0.99443 0.448153 0.380699
-17.5280 -11.6950 -22.2030 0.05033 -0.06769 -0.99644 0.433808 0.364777
-14.4880 -13.6110 -21.9090 0.05523 -0.06661 -0.99625 0.445335 0.372500
-16.2120 -12.6210 -22.0460 0.05485 -0.07255 -0.99586 0.438792 0.368500
-15.1350 -11.3640 -22.1000 0.05488 -0.06695 -0.99625 0.443058 0.363762
-8.6880 -24.6870 -20.5550 0.05564 -0.09570 -0.99385 0.466681 0.415958
-9.8090 -23.0240 -20.6980 0.05125 -0.11405 -0.99215 0.462523 0.409436
-10.9420 -22.0830 -20.9370 0.07460 -0.12848 -0.98890 0.458224 0.405631
-7.6530 -24.1000 -20.5120 0.06023 -0.10976 -0.99213 0.470734 0.413814
-9.4240 -20.3240 -21.0310 0.04861 -0.11313 -0.99239 0.464235 0.399000
-11.5670 -20.0030 -21.2030 0.05662 -0.09920 -0.99346 0.456000 0.397510
-11.7460 -17.3370 -21.4290 0.05647 -0.08363 -0.99490 0.455561 0.387199
-7.1730 -21.9340 -20.7880 0.04568 -0.11997 -0.99173 0.472756 0.405453
-9.4900 -18.1410 -21.2760 0.05131 -0.07337 -0.99598 0.464167 0.390542
-7.1730 -18.5800 -21.1370 0.05018 -0.07728 -0.99575 0.473056 0.392483
-7.6080 -17.5840 -21.1820 0.04602 -0.07216 -0.99633 0.471482 0.388603
-4.5450 -19.3410 -20.8760 0.06329 -0.09434 -0.99353 0.483124 0.395724
-3.2670 -21.8310 -20.5370 0.06072 -0.11516 -0.99149 0.487830 0.405504
-9.8720 -17.1160 -21.3470 0.04659 -0.09465 -0.99442 0.462800 0.386555
-11.4050 -14.2800 -21.6500 0.05493 -0.07921 -0.99534 0.457160 0.375436
-10.3410 -15.7940 -21.5330 0.03781 -0.07538 -0.99644 0.461111 0.381377
-12.6660 -11.5830 -21.9160 0.06194 -0.05654 -0.99648 0.452555 0.364885
-11.6710 -12.5260 -21.8350 0.06045 -0.05398 -0.99671 0.456292 0.368623
-10.6930 -11.4030 -21.7900 0.06258 -0.05305 -0.99663 0.460183 0.364414
-13.4220 -9.9060 -22.0920 0.06040 -0.06485 -0.99607 0.449798 0.358329
-8.5490 -16.4520 -21.4020 0.05391 -0.09923 -0.99360 0.467947 0.384101
-8.8540 -14.5750 -21.4970 0.05589 -0.06939 -0.99602 0.466963 0.376843
-5.8920 -16.3460 -21.2180 0.05974 -0.07275 -0.99556 0.478204 0.384001
-5.0280 -13.6890 -21.3330 0.05928 -0.06394 -0.99619 0.481790 0.373855
-7.6900 -13.6290 -21.5360 0.06408 -0.09186 -0.99371 0.471527 0.373310
-10.0090 -13.0660 -21.6940 0.05280 -0.06813 -0.99628 0.462647 0.370889
-8.5610 -11.4420 -21.6980 0.04328 -0.05334 -0.99764 0.468381 0.364791
-10.2940 -9.1850 -21.9030 0.06697 -0.06608 -0.99556 0.461934 0.355907
-10.9910 -10.1190 -21.9400 0.09917 -0.07352 -0.99235 0.459142 0.359415
-7.1090 -11.5100 -21.6400 0.06221 -0.06184 -0.99615 0.473969 0.365205
5.4500 -35.3770 -18.1680 0.04609 -0.16356 -0.98546 0.520349 0.459083
3.0230 -32.3890 -18.7750 0.05146 -0.15321 -0.98685 0.511216 0.447181
0.5340 -29.5730 -19.3320 0.05222 -0.14192 -0.98850 0.501839 0.435957
6.0400 -31.7650 -18.7060 0.05129 -0.14616 -0.98793 0.522897 0.445072
5.0110 -28.3780 -19.2400 0.05580 -0.13079 -0.98984 0.519193 0.431799
-0.5910 -25.6560 -19.9140 0.05591 -0.12729 -0.99029 0.497825 0.420627
2.0060 -24.6650 -19.8860 0.06126 -0.11848 -0.99106 0.507916 0.417068
6.0540 -24.6100 -19.6350 0.06138 -0.11143 -0.99187 0.523532 0.417303
10.9590 -30.3450 -18.6510 0.05528 -0.13359 -0.98949 0.541969 0.440071
8.8840 -26.9970 -19.1930 0.05951 -0.11714 -0.99133 0.534241 0.426857
14.6740 -30.9140 -18.3690 0.05194 -0.13300 -0.98975 0.556247 0.442678
5.4780 -20.9780 -20.0550 0.06738 -0.09926 -0.99278 0.521626 0.403181
10.6520 -22.3950 -19.5820 0.06333 -0.09921 -0.99305 0.541454 0.409234
12.2840 -26.4590 -19.0430 0.05953 -0.11294 -0.99182 0.547398 0.425146
14.8780 -28.1230 -18.6980 0.05221 -0.11590 -0.99189 0.557259 0.431875
15.2980 -26.2360 -18.8860 0.05398 -0.10626 -0.99287 0.559036 0.424612
-3.0210 -15.5820 -21.1090 0.05897 -0.07104 -0.99573 0.489339 0.381372
1.6070 -19.6800 -20.4700 0.06855 -0.09880 -0.99274 0.506804 0.397716
-1.2990 -19.3780 -20.6920 0.06099 -0.09770 -0.99335 0.495626 0.396220
0.4220 -16.7540 -20.8050 0.06592 -0.07604 -0.99492 0.502502 0.386280
3.7480 -16.6120 -20.5850 0.07043 -0.07810 -0.99445 0.515336 0.386107
-5.7720 -12.1620 -21.4730 0.07283 -0.06590 -0.99516 0.479067 0.367882
-1.7630 -12.4710 -21.2270 0.06330 -0.06207 -0.99606 0.494489 0.369517
-3.6480 -11.6630 -21.3910 0.05488 -0.06286 -0.99651 0.487300 0.366190
-7.0520 -9.1660 -21.7590 0.06433 -0.05690 -0.99630 0.474420 0.356181
-4.5690 -10.0520 -21.5290 0.05883 -0.05318 -0.99685 0.483910 0.359882
-4.7420 -7.9270 -21.6340 0.06369 -0.05521 -0.99644 0.483460 0.351677
1.5600 -9.3110 -21.1870 0.07012 -0.05074 -0.99625 0.507610 0.357708
2.2690 -13.2120 -20.9130 0.06828 -0.06129 -0.99578 0.509964 0.372828
-3.1350 -9.7710 -21.4810 0.05503 -0.05355 -0.99705 0.489463 0.358951
6.6670 -16.8340 -20.3590 0.06948 -0.08172 -0.99423 0.526580 0.387296
10.1730 -16.9130 -20.1130 0.06895 -0.07826 -0.99455 0.540095 0.387997
8.2990 -13.7080 -20.4650 0.06980 -0.06218 -0.99562 0.533169 0.375421
6.3430 -10.4380 -20.7800 0.07060 -0.05124 -0.99619 0.525944 0.362594
5.0580 -6.4970 -21.0610 0.07229 -0.04235 -0.99648 0.521383 0.347265
9.6250 -6.9480 -20.7120 0.07246 -0.04146 -0.99651 0.538953 0.349519
-86.8970 -26.6550 -18.4480 -0.98275 -0.03484 -0.18164 0.027329 0.713503
-86.1250 -27.3520 -20.6970 -0.69431 -0.02454 -0.71926 0.018013 0.711087
-87.1540 -14.9730 16.9560 -0.88746 0.01420 0.46066 0.165965 0.752548
-87.2920 -13.5130 16.4910 -0.96235 0.01316 0.27149 0.164342 0.758224
-86.1080 -14.1330 17.9120 -0.43761 0.03954 0.89829 0.171584 0.755609
-86.7630 -13.1650 17.4270 -0.72796 0.02271 0.68524 0.168540 0.759404
-87.1340 -11.6490 16.8730 -0.88239 0.01854 0.47015 0.166198 0.765306
-86.0480 -11.2010 17.8390 -0.41503 0.03226 0.90924 0.171904 0.766859
-86.5370 -11.2790 17.5580 -0.62713 0.02669 0.77846 0.169735 0.766611
-84.5120 -11.7780 18.3510 -0.26590 0.02917 0.96356 0.178105 0.764543
-87.3310 -11.6000 16.1750 -0.98841 0.00657 0.15168 0.163419 0.765608
-87.3000 -9.2280 16.3650 -0.95796 0.00692 0.28682 0.164529 0.774661
-87.3920 -11.5550 14.6430 -0.96550 0.01651 0.25990 0.157539 0.766030
-87.4250 -9.2640 14.4510 -0.96201 0.01939 0.27231 0.157136 0.774827
-86.7130 -9.6480 17.3340 -0.72667 0.02140 0.68665 0.168840 0.772900
-86.3060 -8.8290 17.6230 -0.48030 0.02120 0.87685 0.170845 0.775987
-86.5530 -6.6610 17.3960 -0.63810 0.02344 0.76960 0.169773 0.784333
-87.1330 -7.2730 16.7200 -0.88449 0.02551 0.46586 0.166280 0.782096
-87.4120 -13.7000 14.7640 -0.96625 0.01493 0.25716 0.157642 0.757793
-87.7860 -13.3750 13.9920 -0.95484 0.01765 0.29661 0.154377 0.759159
-88.0000 -15.7330 9.3610 -0.99999 0.00204 0.00399 0.136137 0.750884
-87.9750 -13.4830 12.5410 -0.99798 0.00556 0.06321 0.148727 0.758980
-87.8150 -11.0030 13.8170 -0.95337 0.01435 0.30145 0.154049 0.768272
-87.9380 -8.9610 12.8120 -0.99635 0.01113 0.08461 0.150479 0.776256
-87.9820 -11.1280 10.0050 -0.99998 0.00274 0.00479 0.139335 0.768437
-88.0080 -16.3510 5.0310 -1.00000 -0.00077 -0.00165 0.119382 0.749249
-87.9790 -12.0130 6.8260 -1.00000 0.00147 0.00203 0.126970 0.765594
-87.8040 -7.7100 13.6030 -0.96141 0.01976 0.27440 0.153760 0.780909
-87.3700 -7.3090 14.5040 -0.97324 0.00720 0.22968 0.157656 0.782303
-87.3360 -6.6610 15.9490 -0.98733 0.01005 0.15838 0.163308 0.784561
-87.0070 -4.9060 16.8200 -0.85087 0.02107 0.52495 0.167147 0.791135
-87.3380 -3.7380 15.9010 -0.98212 0.00270 0.18823 0.163548 0.795744
-87.0950 -3.1260 16.6270 -0.87973 0.00840 0.47540 0.166574 0.797973
-87.4120 -5.1430 14.3070 -0.97303 0.01187 0.23036 0.157200 0.790621
-87.4130 -3.1190 14.2050 -0.97567 0.01888 0.21845 0.157114 0.798389
-87.7620 -3.3070 13.3880 -0.96362 0.02346 0.26624 0.153673 0.797791
-87.3370 -1.9460 15.7550 -0.98616 0.01870 0.16475 0.163272 0.802617
-87.3590 -0.6090 14.1050 -0.97785 0.02544 0.20777 0.157153 0.808007
-87.9680 -7.3530 11.8540 -0.99912 0.00538 0.04150 0.147057 0.782576
-87.9870 -9.1080 6.2200 -1.00000 0.00189 0.00153 0.125107 0.776848
-87.9430 -5.2350 12.3130 -0.99725 0.01100 0.07326 0.149171 0.790600
-87.9690 -5.3290 8.5280 -0.99998 0.00454 0.00335 0.134602 0.790920
-87.9480 -0.7680 8.8660 -0.99983 0.01093 0.01468 0.136680 0.808320
-87.8570 -1.1770 12.4270 -0.99475 0.02315 0.09971 0.150302 0.806103
-87.9680 -4.0940 5.4310 -0.99999 0.00389 -0.00020 0.122907 0.796227
-87.6510 0.5940 13.2890 -0.95799 0.02176 0.28598 0.153984 0.812730
-87.8630 0.9800 11.3420 -0.99893 0.01838 0.04239 0.146497 0.814545
-87.9570 1.0190 6.6570 -0.99995 0.00778 0.00696 0.128500 0.815584
-87.9510 -2.2410 1.9710 -1.00000 0.00268 -0.00116 0.109925 0.804008
-87.8830 4.0130 9.8230 -0.99947 0.01313 0.02988 0.141187 0.826426
-87.9050 5.2300 5.2990 -0.99961 0.02722 0.00539 0.124048 0.831981
-87.9640 5.0260 -2.4040 -0.99974 0.02272 0.00074 0.094466 0.832832
-87.9490 2.8860 1.5930 -0.99999 0.00396 0.00325 0.109395 0.823764
-87.8410 7.3810 0.2160 -0.99964 0.02578 0.00781 0.104977 0.841325
-87.8010 7.6620 4.8880 -0.99963 0.02694 0.00414 0.122932 0.841392
-80.0990 -10.8860 19.1930 -0.15308 0.01815 0.98805 0.195467 0.767750
-81.5140 -9.8980 19.0050 -0.17498 0.02347 0.98429 0.190019 0.771597
-84.5420 -8.6310 18.2490 -0.27635 0.02661 0.96069 0.178069 0.776620
-85.7680 -6.1140 17.8140 -0.38422 0.02076 0.92301 0.173239 0.786350
-83.3900 -6.6040 18.4530 -0.23832 0.02620 0.97083 0.182682 0.784324
-78.8800 -9.6580 19.4190 -0.17345 0.01631 0.98471 0.200302 0.772403
-80.1630 -7.0070 19.1050 -0.16516 0.02013 0.98606 0.195359 0.782621
-81.6310 -5.0870 18.8890 -0.18654 0.02680 0.98208 0.189749 0.790036
-78.8380 -5.6020 19.3730 -0.17744 0.02326 0.98386 0.200640 0.787944
-80.2240 -4.3410 19.0180 -0.16580 0.02716 0.98579 0.195215 0.792842
-84.9260 -4.3930 18.0370 -0.28406 0.02685 0.95843 0.176697 0.792887
-86.3600 -4.3950 17.4860 -0.56413 0.02862 0.82519 0.170780 0.792988
-85.2570 -1.6220 17.8940 -0.32474 0.01656 0.94566 0.175501 0.803521
-83.3440 -2.0950 18.3290 -0.24077 0.02281 0.97031 0.183022 0.801598
-86.2090 0.3030 17.4380 -0.55468 0.01597 0.83191 0.171584 0.810961
-87.0130 -0.1650 16.6630 -0.85796 0.02873 0.51291 0.167236 0.809282
-86.5950 -2.0780 17.2520 -0.63905 0.02122 0.76887 0.169773 0.801886
-85.1260 2.9510 17.8790 -0.31192 0.00921 0.95006 0.176285 0.820994
-87.2920 1.2870 15.6970 -0.98686 0.01766 0.16061 0.163586 0.814979
-81.6260 -1.5040 18.7850 -0.19246 0.02046 0.98109 0.189899 0.803757
-80.1900 -0.9330 18.9510 -0.16915 0.01798 0.98543 0.195489 0.805885
-83.1740 1.7730 18.3060 -0.24016 0.01013 0.97068 0.183891 0.816379
-81.6950 3.2660 18.7040 -0.18775 0.01269 0.98214 0.189873 0.822000
-73.1910 -7.8040 20.0330 -0.07701 0.01660 0.99689 0.222406 0.779324
-76.0550 -6.9940 19.7810 -0.11073 0.01939 0.99366 0.211382 0.782509
-73.2060 -3.2390 19.9450 -0.07847 0.02502 0.99660 0.222514 0.796828
-76.0170 -2.6330 19.6560 -0.11063 0.02503 0.99355 0.211683 0.799223
-69.5090 -6.2210 20.2590 -0.06666 0.02724 0.99740 0.236645 0.785313
-71.0520 -4.2090 20.1000 -0.06349 0.02286 0.99772 0.230770 0.793066
-78.8080 -1.9250 19.2770 -0.17399 0.02125 0.98452 0.200892 0.802025
-76.3270 0.2860 19.5740 -0.10793 0.02110 0.99393 0.210608 0.810409
-80.2550 2.7670 18.8780 -0.16377 0.01799 0.98633 0.195421 0.820037
-78.9380 1.8630 19.1800 -0.17332 0.01953 0.98467 0.200553 0.816524
-73.4940 2.2110 19.7580 -0.07447 0.02972 0.99678 0.221598 0.817725
-70.8970 0.2720 20.0060 -0.06912 0.02919 0.99718 0.231523 0.810248
-76.1420 5.9850 19.4440 -0.09834 0.02832 0.99475 0.211549 0.832216
-84.9310 15.9040 17.7790 -0.34926 0.04029 0.93616 0.177850 0.870277
-86.3020 17.7560 16.9300 -0.64497 0.02191 0.76389 0.171918 0.877448
-85.5120 14.4510 17.5710 -0.51575 0.02973 0.85623 0.175367 0.864808
-84.5350 18.2570 17.7670 -0.28314 0.06247 0.95704 0.179472 0.879179
-82.1640 16.8070 18.4310 -0.16763 0.03106 0.98536 0.188761 0.873595
-81.9630 19.8990 18.3500 -0.17435 0.06759 0.98236 0.189606 0.885321
-80.4750 17.3300 18.5580 -0.11714 0.04082 0.99228 0.195238 0.875575
-86.5740 2.2540 17.0900 -0.75160 0.01130 0.65952 0.169819 0.818461
-87.0600 1.6740 16.4280 -0.90289 0.02910 0.42888 0.166591 0.816343
-86.3380 3.9180 17.3130 -0.62025 0.01441 0.78427 0.171222 0.824786
-86.9750 4.4980 16.4930 -0.88772 0.02149 0.45988 0.167309 0.827115
-87.2330 4.8640 15.5940 -0.98649 0.01723 0.16293 0.163773 0.828652
-87.3160 1.8210 14.0920 -0.98374 0.02501 0.17784 0.157501 0.817289
-87.7260 2.6910 12.8170 -0.97981 0.02665 0.19816 0.152474 0.820819
-87.3080 4.4480 13.8410 -0.98093 0.01935 0.19338 0.156967 0.827362
-86.4830 6.3370 17.0680 -0.71098 0.02014 0.70292 0.170437 0.834038
-86.9110 7.3090 16.4630 -0.88691 0.02138 0.46145 0.167706 0.837827
-87.2110 8.9240 15.4630 -0.98389 0.01977 0.17768 0.163956 0.844143
-87.6070 6.4810 12.8540 -0.97046 0.01844 0.24056 0.153307 0.835289
-87.7710 5.5940 11.8040 -0.99630 0.01693 0.08421 0.149078 0.832092
-87.7260 8.1830 11.9900 -0.99456 0.01185 0.10346 0.150250 0.841937
-87.2740 6.6690 13.8040 -0.98373 0.01674 0.17888 0.157201 0.835842
-85.8950 5.3230 17.5350 -0.47850 0.02165 0.87782 0.173230 0.830108
-83.3630 5.9850 18.2380 -0.23469 0.00361 0.97206 0.183405 0.832469
-85.0760 6.5760 17.8640 -0.30291 0.00715 0.95299 0.176719 0.834824
-85.8990 8.6190 17.4900 -0.50963 0.01778 0.86021 0.173414 0.842670
-86.3330 9.4440 17.1520 -0.68047 0.03096 0.73212 0.171391 0.845863
-85.1420 10.1860 17.8210 -0.34787 0.01085 0.93748 0.176699 0.848579
-83.5400 8.8100 18.2020 -0.23052 0.01096 0.97301 0.182910 0.843247
-87.8320 6.7920 9.7670 -0.99965 0.01735 0.02018 0.141467 0.837056
-87.2410 9.5980 13.6660 -0.98084 0.01502 0.19425 0.157200 0.847033
-87.1770 11.5580 15.2950 -0.98500 0.01638 0.17180 0.163788 0.854199
-87.5620 10.3140 12.8050 -0.96459 0.01671 0.26323 0.153796 0.849913
-87.6780 11.8620 11.9590 -0.99379 0.01617 0.11009 0.150808 0.855968
-87.7990 9.9860 10.0050 -0.99977 0.01165 0.01813 0.142975 0.849209
-87.7590 13.2110 9.9210 -0.99978 0.01351 0.01617 0.143265 0.861526
-86.4390 11.7980 16.9540 -0.73281 0.02710 0.67990 0.170833 0.854839
-86.8130 10.8810 16.4310 -0.89233 0.02101 0.45090 0.168247 0.851439
-87.2160 12.5100 13.5890 -0.98232 0.01815 0.18632 0.157423 0.858129
-85.6620 12.0260 17.5600 -0.52168 0.02245 0.85285 0.174624 0.855612
-83.5150 12.0190 18.1350 -0.22178 -0.00493 0.97508 0.183173 0.855458
-85.0070 12.9560 17.8460 -0.31648 0.01295 0.94851 0.177430 0.859094
-86.4500 14.3200 16.8240 -0.71790 0.01528 0.69598 0.170763 0.864441
-86.7630 14.3270 16.4010 -0.88974 0.01197 0.45632 0.168751 0.864538
-87.1360 15.2460 15.2600 -0.98313 0.01887 0.18195 0.164305 0.868214
-87.1800 16.5080 13.4110 -0.98299 0.01994 0.18258 0.157496 0.873361
-87.5210 14.0160 12.6200 -0.96879 0.02276 0.24686 0.153794 0.864038
-86.6140 16.2670 16.6630 -0.81555 0.00591 0.57866 0.170167 0.871854
-87.0990 17.1200 15.0440 -0.98882 0.02481 0.14702 0.163851 0.875362
-87.6530 15.7740 11.5390 -0.99600 0.01619 0.08782 0.149963 0.870940
-87.7360 11.8620 6.8150 -0.99991 0.01348 -0.00154 0.131125 0.857051
-87.6900 15.4370 7.5940 -0.99986 0.01540 -0.00597 0.134841 0.870540
-87.7910 12.3250 0.8300 -0.99985 0.01046 0.01388 0.108341 0.860176
-87.8640 11.2310 -3.2990 -0.99995 0.00471 0.00892 0.092311 0.856920
-81.7690 7.4930 18.6550 -0.16628 0.01072 0.98602 0.189827 0.838140
-80.4410 6.3270 18.7760 -0.15023 0.00759 0.98862 0.194867 0.833644
-78.8930 6.8290 19.1040 -0.15557 0.01784 0.98766 0.200968 0.835505
-81.9910 9.9430 18.5610 -0.17318 0.01981 0.98469 0.189090 0.847484
-80.7940 8.2040 18.7280 -0.13533 0.01950 0.99061 0.193622 0.840818
-80.3850 11.7970 18.6820 -0.14319 0.01734 0.98954 0.195355 0.854505
-79.1060 10.1230 18.9840 -0.14677 0.02912 0.98874 0.200282 0.848087
-76.2690 8.3580 19.3480 -0.09174 0.03666 0.99511 0.211145 0.841299
-73.3990 6.7030 19.6370 -0.06506 0.03694 0.99720 0.222121 0.834935
-76.3750 12.6100 19.1830 -0.07312 0.04144 0.99646 0.210868 0.857566
-81.9140 13.2440 18.5400 -0.15928 0.00985 0.98718 0.189568 0.860052
-80.3400 14.5160 18.6650 -0.13392 0.02278 0.99073 0.195665 0.864863
-78.9110 13.7740 18.9380 -0.12730 0.02873 0.99145 0.201184 0.862012
-79.2390 17.1930 18.7660 -0.10893 0.05587 0.99248 0.200009 0.875049
-76.6190 15.8740 18.9990 -0.05433 0.06012 0.99671 0.209998 0.870052
-78.0810 18.3610 18.7350 -0.04972 0.08221 0.99537 0.204422 0.879539
-79.6340 20.9630 18.4540 -0.05742 0.08074 0.99508 0.198485 0.889421
-87.9740 -19.8550 3.2960 -0.99993 -0.01057 -0.00616 0.112172 0.736077
-87.9750 -18.8340 -0.8740 -0.99970 -0.01778 -0.01703 0.096289 0.740735
-87.9920 -16.4430 1.5630 -0.99999 -0.00334 -0.00350 0.106028 0.749506
-87.9750 -16.2980 -1.8490 -0.99988 -0.00615 -0.01454 0.092928 0.750672
-87.9880 -12.6500 -2.0060 -0.99988 0.00032 -0.01537 0.092896 0.764742
-87.8620 -21.0100 -5.1240 -0.99929 -0.02501 -0.02807 0.079602 0.733100
-87.6830 -22.8760 -7.8210 -0.99825 -0.04857 -0.03358 0.068930 0.726364
-87.7710 -21.2200 -6.5140 -0.99875 -0.02039 -0.04557 0.074210 0.732526
-87.8400 -22.6710 -3.0220 -0.99973 -0.02212 -0.00777 0.087439 0.726329
-87.8590 -20.8860 -1.9940 -0.99953 -0.01878 -0.02412 0.091663 0.733024
-87.9240 -18.5200 -3.0880 -0.99974 -0.01753 -0.01490 0.087816 0.742334
-87.9210 -16.9900 -3.8800 -0.99987 -0.00773 -0.01417 0.085005 0.748368
-87.9020 -18.5460 -5.9620 -0.99950 -0.02029 -0.02406 0.076753 0.742745
-87.9530 -14.4730 -3.5910 -0.99985 0.00151 -0.01735 0.086510 0.758010
-87.7300 -19.6110 -8.9150 -0.99925 -0.02801 -0.02656 0.065214 0.739153
-87.9010 -16.7470 -6.5550 -0.99969 -0.00848 -0.02326 0.074752 0.749785
-87.8170 -17.7400 -9.2640 -0.99919 -0.02680 -0.02985 0.064172 0.746440
-87.8280 -16.3000 -8.1630 -0.99949 -0.00994 -0.03043 0.068628 0.751795
-87.8960 -12.6840 -4.5710 -0.99996 -0.00063 -0.00943 0.083022 0.765082
-87.9320 -14.3320 -7.1020 -0.99978 -0.01251 -0.01704 0.073027 0.759199
-87.8640 -15.1050 -8.6170 -0.99936 -0.02702 -0.02361 0.067075 0.756492
-87.8040 -15.9560 -10.9360 -0.99942 -0.01775 -0.02898 0.058016 0.753619
-87.9580 -11.1840 -7.6600 -0.99992 -0.00437 -0.01171 0.071385 0.771442
-87.8650 -13.6570 -9.3880 -0.99956 -0.01494 -0.02556 0.064337 0.762219
-87.9640 -10.0630 -3.3980 -0.99995 -0.00056 -0.00955 0.087960 0.774962
-87.8410 -12.4900 -11.0110 -0.99981 -0.00218 -0.01931 0.058282 0.767018
-87.8570 -10.5200 -10.7080 -0.99951 -0.02484 -0.01879 0.059766 0.774568
-87.9150 -9.1930 -9.8200 -0.99971 -0.01491 -0.01912 0.063403 0.779530
-87.8910 -9.8910 -11.8620 -0.99944 -0.02108 -0.02616 0.055434 0.777217
-87.9990 -12.9860 3.4870 -1.00000 0.00178 0.00034 0.113973 0.762452
-87.9850 -8.6040 1.4000 -0.99999 0.00384 -0.00234 0.106652 0.779671
-87.9610 -5.4830 -1.5840 -0.99998 0.00295 -0.00597 0.095702 0.792242
-87.9250 -7.1330 -5.0010 -1.00000 0.00192 -0.00215 0.082286 0.786550
-87.9300 -9.1100 -7.2630 -1.00000 0.00202 -0.00138 0.073251 0.779366
-87.5170 -24.4030 -10.5650 -0.99887 -0.04545 -0.01369 0.058127 0.720943
-87.7590 -21.3990 -8.4820 -0.99934 -0.02348 -0.02778 0.066615 0.732184
-87.6460 -22.0840 -10.3630 -0.99925 -0.03862 -0.00158 0.059265 0.729864
-87.6340 -23.4220 -11.2310 -0.99780 -0.06290 0.02098 0.055714 0.724863
-87.3930 -25.9620 -12.3680 -0.99859 -0.05100 -0.01465 0.050946 0.715220
-87.4730 -25.1400 -13.6110 -0.99776 -0.05719 -0.03462 0.046289 0.718622
-87.6570 -20.6870 -13.7620 -0.99776 -0.03492 -0.05714 0.046394 0.735850
-87.3470 -23.5720 -16.3320 -0.99236 -0.03715 -0.11765 0.036038 0.725117
-87.7210 -20.6260 -11.9520 -0.99954 -0.02788 -0.01152 0.053376 0.735776
-87.7400 -17.9360 -11.1720 -0.99975 -0.01914 -0.01116 0.056795 0.746016
-87.7640 -17.6220 -13.0590 -0.99973 -0.01702 -0.01562 0.049581 0.747565
-87.4900 -20.0680 -15.9460 -0.99206 -0.03016 -0.12208 0.038057 0.738595
-87.2180 -26.5690 -16.2180 -0.99345 -0.04891 -0.10330 0.036012 0.713514
-84.9090 -26.6750 -21.3370 -0.16107 -0.02834 -0.98654 0.172746 0.416049
-84.9090 -26.6750 -21.3370 -0.43189 -0.03607 -0.90121 0.012734 0.713730
-86.6160 -24.9050 -19.9130 -0.94792 -0.03385 -0.31670 0.021798 0.720461
-86.3650 -23.9650 -20.5780 -0.80150 -0.04536 -0.59627 0.019166 0.724181
-85.7400 -24.4390 -21.0580 -0.48836 -0.02565 -0.87226 0.016107 0.722385
-84.9640 -23.7800 -21.3640 -0.16919 -0.02100 -0.98536 0.172731 0.404870
-84.9640 -23.7800 -21.3640 -0.35752 -0.01995 -0.93369 0.012891 0.724942
-83.3780 -25.0150 -21.6240 -0.14690 -0.02591 -0.98881 0.178846 0.409733
-87.1680 -21.5550 -17.7980 -0.98248 -0.02473 -0.18472 0.030624 0.733128
-86.1680 -21.9730 -20.9220 -0.65839 -0.03823 -0.75171 0.017829 0.731929
-86.6250 -21.2970 -20.2390 -0.92354 -0.02520 -0.38268 0.021046 0.734469
-82.0930 -21.1960 -21.9190 -0.14431 -0.03532 -0.98890 0.184148 0.395074
-85.9260 -20.1090 -21.1770 -0.53375 -0.02634 -0.84523 0.016619 0.739178
-84.6630 -20.6290 -21.5340 -0.15371 -0.03779 -0.98739 0.174175 0.392723
-84.6630 -20.6290 -21.5340 -0.28321 -0.03257 -0.95850 0.011580 0.737153
-82.2200 -18.8830 -21.9750 -0.14651 -0.03892 -0.98844 0.183844 0.386139
-87.6880 -17.1670 -14.9870 -0.99578 -0.02592 -0.08800 0.042230 0.749655
-87.3860 -16.9820 -17.3570 -0.98455 -0.02796 -0.17285 0.033065 0.750753
-87.5010 -13.9090 -17.0710 -0.98814 -0.02051 -0.15216 0.034677 0.762605
-87.7670 -15.4030 -12.2950 -0.99975 -0.02175 -0.00478 0.052875 0.755996
-87.8100 -14.1740 -14.2330 -0.99860 -0.01612 -0.05043 0.045620 0.761093
-87.8020 -10.9260 -13.5660 -0.99979 -0.00183 -0.02051 0.048705 0.773530
-87.7850 -12.1890 -15.1340 -0.99713 -0.00912 -0.07517 0.042470 0.768928
-87.7640 -8.9270 -15.4310 -0.99741 -0.00208 -0.07189 0.041854 0.781600
-87.1160 -18.2570 -18.4900 -0.97660 -0.02759 -0.21329 0.028401 0.745991
-86.5850 -18.8830 -20.4450 -0.89549 -0.03567 -0.44365 0.020504 0.743849
-86.7520 -16.3840 -20.2020 -0.94891 -0.03029 -0.31408 0.021946 0.753509
-86.2230 -17.8170 -21.0290 -0.65660 -0.06185 -0.75170 0.017947 0.748059
-85.5710 -17.9280 -21.3880 -0.37332 -0.04460 -0.92663 0.015056 0.747648
-84.7010 -16.1500 -21.7170 -0.25984 -0.04252 -0.96472 0.011423 0.754533
-84.7010 -16.1500 -21.7170 -0.14705 -0.04019 -0.98831 0.174432 0.375418
-85.7960 -16.3570 -21.4200 -0.41459 -0.05235 -0.90850 0.015784 0.753754
-87.2080 -12.7890 -18.7190 -0.97640 -0.02388 -0.21463 0.028408 0.767213
-86.3970 -16.0130 -21.0260 -0.76438 -0.04663 -0.64308 0.018547 0.755063
-86.6930 -13.8810 -20.6450 -0.90877 -0.03555 -0.41578 0.020594 0.763279
-86.2200 -14.3480 -21.2530 -0.66085 -0.03388 -0.74975 0.017578 0.761546
-79.3430 -20.8770 -22.3170 -0.11705 -0.04274 -0.99221 0.194863 0.394020
-78.2120 -19.3580 -22.4960 -0.10057 -0.03859 -0.99418 0.199376 0.388241
-79.8570 -17.6290 -22.3980 -0.12811 -0.04589 -0.99070 0.193166 0.381451
-80.3260 -15.2250 -22.4030 -0.13724 -0.03751 -0.98983 0.191544 0.372146
-86.8090 -11.5460 -20.4480 -0.94065 -0.02648 -0.33834 0.021767 0.772316
-86.4130 -12.3270 -21.2440 -0.72984 -0.03020 -0.68295 0.018275 0.769395
-85.8770 -13.3300 -21.5060 -0.39116 -0.04073 -0.91942 0.015968 0.765511
-84.8070 -11.0110 -21.9080 -0.30074 -0.04441 -0.95267 0.011581 0.774523
-84.8070 -11.0110 -21.9080 -0.14548 -0.04274 -0.98844 0.174494 0.355569
-77.4150 -15.7410 -22.7280 -0.10528 -0.05359 -0.99300 0.202785 0.374347
-77.8040 -14.1740 -22.7830 -0.11057 -0.04458 -0.99287 0.201434 0.368268
-79.0350 -12.4660 -22.6870 -0.13012 -0.03822 -0.99076 0.196811 0.361594
-80.6850 -10.4360 -22.5370 -0.14712 -0.05464 -0.98761 0.190586 0.353644
-87.9740 -7.0200 -9.2320 -0.99986 -0.00903 -0.01427 0.066029 0.787809
-87.8620 -8.4100 -11.9750 -0.99942 0.00357 -0.03396 0.055240 0.782960
-87.9510 0.1100 -1.5230 -1.00000 -0.00082 -0.00180 0.096921 0.813738
-87.9290 -2.5610 -4.8390 -1.00000 0.00005 -0.00071 0.083702 0.804131
-87.9580 -2.3550 -9.8720 -1.00000 -0.00089 -0.00033 0.064392 0.805939
-87.9380 1.6510 -6.0560 -0.99999 -0.00314 0.00303 0.079803 0.820610
-87.9460 -3.9150 -11.1050 -0.99963 -0.01286 -0.02383 0.059369 0.800160
-87.8820 -6.3460 -11.1020 -0.99922 -0.01182 -0.03768 0.058947 0.790768
-87.9490 5.1100 -5.7950 -0.99979 0.02073 0.00040 0.081474 0.833887
-87.8820 6.7540 -4.7660 -0.99972 0.02363 0.00131 0.085752 0.840006
-87.8780 10.7110 -7.0360 -0.99999 0.00356 -0.00028 0.077887 0.855772
-87.9840 4.2530 -9.5600 -0.99987 0.01636 -0.00049 0.066850 0.831392
-87.9520 -0.1440 -12.7160 -0.99973 -0.00514 -0.02253 0.053876 0.815065
-87.9480 4.3260 -13.1980 -0.99947 0.01882 -0.02660 0.052902 0.832456
-87.8650 7.0550 -12.1020 -0.99961 0.02163 -0.01781 0.057666 0.842785
-87.7620 6.8240 -15.3940 -0.99807 0.02223 -0.05806 0.044963 0.842618
-87.8810 6.7950 -8.5220 -0.99977 0.02162 -0.00157 0.071353 0.840989
-87.8620 10.8320 -10.8070 -0.99988 0.00639 -0.01440 0.063462 0.857102
-87.8170 -7.5040 -13.3670 -0.99942 -0.01052 -0.03252 0.050033 0.786725
-87.5170 -10.4070 -17.3240 -0.98802 -0.01494 -0.15362 0.034268 0.776209
-87.1660 -9.3880 -19.3370 -0.97309 -0.02169 -0.22939 0.026569 0.780508
-87.4820 -6.1680 -18.0220 -0.98704 -0.01189 -0.16006 0.032289 0.792767
-87.8670 -4.5450 -12.8030 -0.99939 -0.01551 -0.03130 0.052720 0.798060
-87.8890 -5.8090 -13.2110 -0.99939 -0.00537 -0.03465 0.050932 0.793251
-87.7260 -5.3600 -15.7120 -0.99694 -0.01147 -0.07729 0.041366 0.795467
-87.8600 -3.1460 -14.6110 -0.99818 -0.02021 -0.05686 0.046021 0.803832
-87.6420 -2.6010 -17.1040 -0.99230 -0.01164 -0.12332 0.036497 0.806435
-86.4560 -10.5770 -21.2350 -0.75824 -0.04861 -0.65016 0.018538 0.776187
-86.0660 -10.5850 -21.5230 -0.45450 -0.04591 -0.88956 0.016660 0.776186
-86.6770 -9.2980 -21.0150 -0.89513 -0.03249 -0.44463 0.019865 0.781131
-86.9950 -7.4720 -20.1500 -0.96321 -0.01807 -0.26815 0.023669 0.788088
-86.3670 -8.0820 -21.5170 -0.63285 -0.04015 -0.77323 0.017756 0.785933
-85.2860 -7.7450 -21.9850 -0.35447 -0.06390 -0.93288 0.013236 0.787275
-85.2860 -7.7450 -21.9850 -0.14780 -0.04333 -0.98807 0.172946 0.342925
-81.6680 -8.5160 -22.4890 -0.14610 -0.04364 -0.98831 0.186954 0.346160
-86.6830 -6.7270 -21.1200 -0.86373 -0.02708 -0.50322 0.019862 0.791149
-86.0740 -6.5700 -21.7840 -0.51919 -0.04382 -0.85354 0.016399 0.791852
-87.2810 -2.1710 -19.3030 -0.97923 -0.01561 -0.20215 0.027999 0.808532
-86.8190 -4.2850 -21.0110 -0.92447 -0.02865 -0.38017 0.020828 0.800635
-86.4690 -5.1220 -21.5320 -0.74037 -0.03473 -0.67131 0.018297 0.797466
-86.0470 -3.5530 -21.9170 -0.44298 -0.04500 -0.89540 0.016215 0.803631
-85.2460 -4.4960 -22.1250 -0.14822 -0.04511 -0.98792 0.173415 0.330388
-85.2460 -4.4960 -22.1250 -0.29565 -0.03985 -0.95446 0.013016 0.799969
-87.4380 0.5600 -18.7000 -0.98293 -0.01325 -0.18348 0.030903 0.819024
-86.8380 -2.2380 -21.1340 -0.92400 -0.02076 -0.38182 0.020747 0.808630
-86.5550 -2.5770 -21.6090 -0.76000 -0.04312 -0.64849 0.018570 0.807390
-76.8310 -10.7400 -23.0410 -0.10822 -0.05629 -0.99253 0.205530 0.355097
-79.5080 -9.4180 -22.8030 -0.13993 -0.04772 -0.98901 0.195291 0.349787
-78.7150 -7.7680 -22.9130 -0.11942 -0.02577 -0.99251 0.198498 0.343490
-81.9940 -5.2380 -22.5860 -0.14829 -0.04509 -0.98791 0.186006 0.333486
-81.8840 -2.1850 -22.7400 -0.14578 -0.05022 -0.98804 0.186732 0.321715
-79.5980 -6.4410 -22.8780 -0.12728 -0.05265 -0.99047 0.195209 0.338303
-77.0720 -9.3600 -23.1000 -0.10611 -0.03453 -0.99376 0.204737 0.349752
-75.9670 -6.8060 -23.2400 -0.10871 -0.05423 -0.99259 0.209230 0.339999
-80.0120 -4.2010 -22.9390 -0.13612 -0.04488 -0.98968 0.193829 0.329628
-76.7820 -5.5960 -23.2640 -0.10937 -0.06606 -0.99180 0.206218 0.335252
-79.0120 -1.9390 -23.1580 -0.12498 -0.04744 -0.99102 0.197931 0.320978
-87.8690 1.1440 -14.9760 -0.99793 -0.00640 -0.06400 0.045431 0.820520
-87.6530 1.7420 -17.4390 -0.99188 -0.00678 -0.12700 0.036045 0.823352
-87.8530 4.2970 -15.4740 -0.99741 0.01537 -0.07023 0.044147 0.832838
-87.6000 5.3740 -17.8480 -0.99307 0.00438 -0.11743 0.035200 0.837540
-86.8370 0.4490 -21.4080 -0.90666 -0.03945 -0.42001 0.020224 0.819141
-86.8790 2.9620 -21.4330 -0.91113 -0.02641 -0.41126 0.020627 0.828933
-87.3000 3.2090 -19.6000 -0.98124 -0.01662 -0.19208 0.027919 0.829510
-87.3260 6.5700 -19.7920 -0.98178 -0.01689 -0.18926 0.027917 0.842627
-86.9830 5.4670 -21.2870 -0.96278 -0.01504 -0.26986 0.021805 0.838665
-85.0550 -0.9230 -22.3420 -0.29187 -0.05382 -0.95494 0.012106 0.813921
-85.0550 -0.9230 -22.3420 -0.14543 -0.05738 -0.98770 0.174528 0.316610
-86.3180 -0.7720 -21.9630 -0.57233 -0.05332 -0.81829 0.017177 0.814476
-86.6910 1.4230 -21.7060 -0.74903 -0.03556 -0.66158 0.019101 0.822989
-85.9340 1.1180 -22.2130 -0.41582 -0.04885 -0.90813 0.015559 0.821882
-86.3100 3.3780 -22.1910 -0.56459 -0.05767 -0.82336 0.017033 0.830701
-85.0710 3.9340 -22.6460 -0.13992 -0.06337 -0.98813 0.175001 0.297851
-85.0710 3.9340 -22.6460 -0.32577 -0.05340 -0.94394 0.011979 0.832929
-80.1040 0.1000 -23.1360 -0.13019 -0.05699 -0.98985 0.193908 0.313024
-77.9150 0.7640 -23.4230 -0.11431 -0.05114 -0.99213 0.202459 0.310638
-79.4380 3.9020 -23.4410 -0.12256 -0.06103 -0.99058 0.196900 0.298400
-81.6730 6.3490 -23.2810 -0.13670 -0.06884 -0.98822 0.188480 0.288783
-78.6280 2.6010 -23.4390 -0.10786 -0.06115 -0.99228 0.199893 0.303492
-74.2000 -6.0390 -23.4980 -0.08842 -0.04869 -0.99489 0.216160 0.337172
-75.2930 -1.0210 -23.6390 -0.09369 -0.04800 -0.99444 0.212441 0.317729
-71.3150 -1.2640 -23.9040 -0.05735 -0.04592 -0.99730 0.227769 0.319012
-74.9360 2.1190 -23.8330 -0.08686 -0.05376 -0.99477 0.214146 0.305647
-77.6210 6.7530 -23.8350 -0.10537 -0.06216 -0.99249 0.204259 0.287542
-71.4440 4.2970 -24.1620 -0.04649 -0.04867 -0.99773 0.227844 0.297566
-74.0010 7.2750 -24.1870 -0.06602 -0.05428 -0.99634 0.218302 0.285843
-67.1150 4.9740 -24.3340 -0.02125 -0.04067 -0.99895 0.244590 0.295366
-71.3800 9.3590 -24.4110 -0.03281 -0.04565 -0.99842 0.228628 0.278058
-85.8610 20.8940 17.1440 -0.41629 0.04417 0.90816 0.174163 0.889264
-86.4580 19.6140 16.7500 -0.75925 0.03085 0.65007 0.171276 0.884502
-86.6900 18.0830 16.4500 -0.88560 0.01074 0.46432 0.169607 0.878766
-86.8230 19.5210 16.0540 -0.94243 0.02594 0.33341 0.168269 0.884268
-86.3460 21.3250 16.8260 -0.70220 0.02055 0.71169 0.172015 0.890947
-83.4360 21.6260 17.7430 -0.26334 0.10111 0.95939 0.183714 0.891963
-85.9550 22.7210 17.0020 -0.43247 0.05753 0.89981 0.173777 0.896180
-86.6790 21.9440 16.3020 -0.90413 0.02154 0.42672 0.169765 0.893371
-86.9080 21.9010 15.5090 -0.97741 0.02200 0.21021 0.166618 0.893359
-86.4250 23.3930 16.6010 -0.74763 0.03230 0.66333 0.171496 0.898762
-86.6890 24.1280 16.1450 -0.92005 0.03570 0.39017 0.169611 0.901601
-86.9750 26.1460 14.6630 -0.98857 0.02424 0.14883 0.164322 0.909502
-87.0510 22.1470 14.6070 -0.99299 0.02081 0.11636 0.163193 0.894469
-85.4530 23.6380 17.0830 -0.22670 0.08815 0.96997 0.175751 0.899633
-83.2350 24.4130 17.3750 -0.26955 0.15692 0.95012 0.184279 0.902621
-86.2280 25.4500 16.7230 -0.61234 0.06135 0.78821 0.172603 0.906465
-84.1400 25.3470 17.0260 -0.13359 0.13862 0.98129 0.180682 0.906201
-85.5300 25.8650 16.9400 -0.17782 0.08316 0.98054 0.175377 0.908032
-81.5640 21.7470 18.2540 -0.15674 0.09323 0.98323 0.191109 0.892348
-81.6280 24.2160 18.0150 -0.20335 0.12693 0.97084 0.190819 0.901727
-80.4070 22.5740 18.2230 -0.07361 0.08991 0.99323 0.195499 0.895552
-82.7940 26.9380 17.0870 -0.32554 0.16833 0.93042 0.185795 0.912283
-81.5820 27.2130 17.6180 -0.24594 0.16656 0.95487 0.190835 0.913162
-86.6140 26.8470 15.9840 -0.91733 0.03545 0.39654 0.169678 0.911821
-85.9480 29.0460 16.5900 -0.45723 0.09577 0.88418 0.173407 0.919924
-86.2580 27.0730 16.5480 -0.66370 0.05303 0.74612 0.172250 0.912553
-86.3220 29.1210 16.2580 -0.77329 0.08042 0.62893 0.171541 0.920249
-86.7040 28.5830 15.5850 -0.94181 0.04026 0.33372 0.168530 0.918403
-86.8710 30.4320 14.5260 -0.99028 0.04186 0.13266 0.164995 0.925602
-86.5370 31.5570 15.6600 -0.84709 0.06784 0.52711 0.169757 0.929465
-86.7640 33.0250 14.6110 -0.98514 0.04641 0.16534 0.166184 0.935247
-86.8750 31.3030 12.7360 -0.98686 0.04898 0.15398 0.158567 0.929456
-83.7720 28.1220 16.6330 -0.04906 0.13507 0.98962 0.181836 0.916811
-85.2000 29.5990 16.7240 -0.03515 0.08820 0.99548 0.176223 0.922059
-83.4920 30.1500 16.3420 0.03643 0.13847 0.98970 0.182660 0.924588
-81.6570 29.0150 17.1790 -0.33168 0.18401 0.92527 0.190259 0.920159
-82.3870 30.3600 16.4800 -0.37314 0.18180 0.90979 0.186852 0.925494
-85.6140 31.1200 16.4720 -0.36999 0.13153 0.91968 0.174323 0.927685
-84.6690 31.6990 16.4920 0.08275 0.09826 0.99171 0.177770 0.930020
-84.9560 33.4670 16.2620 -0.18044 0.17388 0.96809 0.176315 0.936569
-86.4330 33.2070 15.6100 -0.77953 0.09159 0.61964 0.170208 0.935605
-85.6860 33.7660 15.9530 -0.36990 0.15525 0.91601 0.173364 0.937665
-86.2950 34.5580 15.5820 -0.65761 0.10216 0.74640 0.170803 0.940613
-82.8810 32.2230 15.9550 0.03864 0.15770 0.98673 0.184550 0.932634
-84.2420 33.7300 16.2550 0.14268 0.14123 0.97964 0.178912 0.937722
-87.5370 17.6940 12.2620 -0.98002 0.02413 0.19743 0.153120 0.878087
-87.1630 20.0140 13.1980 -0.98185 0.01973 0.18861 0.157387 0.886692
-87.4000 21.9640 12.3320 -0.97205 0.02844 0.23306 0.154347 0.894268
-87.6850 18.2270 9.8390 -0.99960 0.01992 0.02029 0.143987 0.880659
-87.1140 23.8110 13.0100 -0.98475 0.02836 0.17167 0.157493 0.901109
-87.5390 21.9490 11.3460 -0.99638 0.02970 0.07963 0.150561 0.894442
-87.4010 25.0170 11.8400 -0.98827 0.02927 0.14991 0.153200 0.905958
-87.6000 21.4970 9.6480 -0.99949 0.03155 0.00520 0.144009 0.893155
-87.6160 19.3210 6.9920 -0.99968 0.02498 -0.00494 0.133392 0.885524
-87.5340 22.0420 7.3700 -0.99945 0.03128 -0.01065 0.135495 0.895834
-87.4790 25.0080 8.7400 -0.99959 0.02821 -0.00568 0.141462 0.906775
-87.7090 16.2420 2.8090 -0.99975 0.01859 0.01237 0.116754 0.874747
-87.6140 20.3810 1.9400 -0.99954 0.02503 0.01696 0.114441 0.890865
-87.7620 19.3390 -3.1560 -0.99969 0.02010 0.01448 0.094758 0.888129
-87.3640 26.8680 6.5600 -0.99949 0.03186 -0.00311 0.133717 0.914525
-87.4850 23.9200 4.4600 -0.99948 0.02906 0.01424 0.124937 0.903801
-87.6340 24.2070 -2.1580 -0.99953 0.02159 0.02163 0.099866 0.906658
-87.4450 28.2620 1.0890 -0.99920 0.03208 0.02372 0.113424 0.921439
-87.5640 27.0530 -1.7600 -0.99924 0.02970 0.02505 0.102217 0.917533
-87.0460 27.7850 12.8550 -0.98698 0.03336 0.15734 0.157914 0.916154
-87.2860 28.7890 11.8010 -0.98450 0.03984 0.17078 0.154092 0.920238
-87.4210 28.1590 10.0360 -0.99937 0.03101 0.01727 0.147224 0.918379
-87.2270 31.2220 11.6000 -0.98490 0.05233 0.16504 0.154111 0.929506
-87.2110 32.9300 9.0440 -0.99890 0.04645 -0.00616 0.145154 0.936901
-87.2210 31.1250 6.9630 -0.99928 0.03753 -0.00517 0.136635 0.930725
-86.4730 35.3350 15.1640 -0.88919 0.11606 0.44258 0.169393 0.943605
-86.0170 35.7820 15.5880 -0.42784 0.18723 0.88425 0.171806 0.945163
-86.7550 35.0330 12.5970 -0.99042 0.05260 0.12769 0.159545 0.943539
-86.0480 37.1330 15.2240 -0.67597 0.20970 0.70647 0.171040 0.950249
-86.5850 37.6270 13.9810 -0.98550 0.07388 0.15273 0.166070 0.952584
-85.1620 35.1230 15.7760 -0.16126 0.22259 0.96148 0.175131 0.942891
-84.2250 35.2020 15.9860 0.01370 0.20860 0.97791 0.178721 0.943306
-84.6300 37.4090 15.2610 -0.03596 0.24206 0.96959 0.176488 0.951806
-85.7450 37.6230 15.2930 -0.30828 0.23384 0.92211 0.172157 0.952086
-86.5280 39.0540 12.2930 -0.99364 0.05252 0.09962 0.160504 0.958751
-86.8940 36.2340 11.6040 -0.98379 0.07036 0.16497 0.156309 0.948458
-86.7720 39.4570 10.9000 -0.99158 0.06759 0.11047 0.155385 0.960994
-86.3870 38.4490 14.3510 -0.86953 0.13041 0.47635 0.168060 0.955442
-86.3350 40.5050 13.9540 -0.86443 0.17717 0.47051 0.167774 0.963153
-85.0940 39.8040 14.8130 -0.06766 0.30287 0.95063 0.173623 0.960571
-85.9940 40.2810 14.3390 -0.51462 0.24496 0.82168 0.169677 0.962212
-86.5010 39.8270 13.5900 -0.98679 0.07295 0.14463 0.165895 0.960861
-86.4310 41.9810 12.1710 -0.98551 0.13295 0.10537 0.162116 0.969762
-86.0110 41.6920 13.8970 -0.52308 0.35119 0.77657 0.168782 0.967596
-86.2600 42.3640 13.0530 -0.91191 0.30084 0.27914 0.165895 0.970601
-85.5550 42.3910 13.6730 -0.00225 0.47773 0.87851 0.169747 0.970593
-84.9490 41.5010 14.0340 0.06177 0.46809 0.88152 0.172962 0.967537
-85.9130 42.8560 13.3100 -0.56680 0.56758 0.59715 0.167713 0.972261
-86.3800 43.0610 10.5490 -0.93518 0.34325 0.08729 0.156816 0.974937
-86.6680 41.5830 9.8700 -0.99157 0.11373 0.06205 0.152897 0.969634
-85.6260 43.4900 12.7960 -0.62761 0.49270 0.60279 0.167217 0.975478
-85.9300 43.5690 11.7670 -0.93355 0.30632 0.18615 0.162538 0.976355
-86.0470 43.7900 9.6440 -0.93685 0.34827 0.03204 0.153769 0.978524
-85.7890 44.7950 11.5420 -0.93675 0.32113 0.13919 0.162416 0.981176
-85.8410 44.6180 8.7950 -0.91330 0.40689 -0.01776 0.150814 0.982252
-87.2490 32.0520 3.9430 -0.99909 0.03731 0.02057 0.125536 0.935231
-87.3580 31.5820 -0.4120 -0.99896 0.03918 0.02318 0.108813 0.934667
-87.4910 29.0010 -2.0570 -0.99906 0.03802 0.02103 0.101688 0.925135
-87.5660 28.4090 -4.7520 -0.99919 0.03864 0.01143 0.091220 0.923543
-87.4240 32.3790 -4.2680 -0.99893 0.04380 0.01496 0.094331 0.938759
-87.4940 30.2860 -5.3200 -0.99940 0.03281 0.01149 0.089633 0.930945
-87.2410 33.9370 0.2520 -0.99883 0.04366 0.02099 0.112176 0.943583
-87.1500 33.3420 11.3190 -0.99011 0.04982 0.13117 0.153890 0.937623
-87.0230 36.2330 10.3290 -0.99714 0.06009 0.04586 0.151472 0.948991
-87.1340 34.6950 4.5140 -0.99866 0.04608 0.02345 0.128743 0.945246
-87.0080 35.9270 6.7750 -0.99884 0.04789 0.00576 0.137857 0.949239
-86.8540 39.9610 8.2420 -0.99818 0.05469 0.02545 0.145513 0.964147
-86.9120 38.4280 5.2830 -0.99929 0.03227 0.01962 0.133335 0.959397
-87.0150 38.1580 1.9150 -0.99926 0.02693 0.02734 0.120194 0.959400
-87.1230 37.9860 -1.7980 -0.99953 0.01919 0.02383 0.105780 0.959757
-87.3020 34.4820 -4.1830 -0.99877 0.04725 0.01495 0.095366 0.946863
-86.9860 41.4860 2.0380 -0.99655 0.07622 0.03298 0.122025 0.972184
-86.8490 41.2650 6.1060 -0.99738 0.06463 0.03260 0.137899 0.970017
-86.6380 42.4390 8.2220 -0.98104 0.18935 0.04135 0.146953 0.973681
-86.5330 43.0370 6.5050 -0.89142 0.45256 0.02369 0.140446 0.976756
-86.4410 43.1100 8.4820 -0.92070 0.38968 0.02161 0.148478 0.976203
-86.7610 42.7140 4.4750 -0.92870 0.37064 0.01191 0.132148 0.976176
-86.1750 43.5640 7.0850 -0.89677 0.44249 -0.00168 0.143141 0.978940
-85.8920 44.3360 6.5370 -0.88039 0.47239 -0.04187 0.141367 0.982372
-85.5440 45.0020 7.9290 -0.83208 0.55178 -0.05639 0.147470 0.984579
-85.5440 45.0020 7.9290 -0.57286 0.81498 -0.08737 0.183250 0.028963
-85.2360 45.0890 5.8250 -0.76287 0.64519 -0.04188 0.138859 0.986495
-85.2360 45.0890 5.8250 -0.45067 0.88986 -0.07097 0.184532 0.037056
-84.7010 45.5150 7.2630 -0.33715 0.93820 -0.07810 0.187084 0.031519
-86.1350 43.5800 5.1310 -0.87731 0.47936 -0.02334 0.135303 0.979966
-86.2100 43.3760 3.7690 -0.84272 0.53801 -0.01935 0.129740 0.979726
-86.7830 42.7300 2.3800 -0.88999 0.45597 0.00283 0.123865 0.976914
-86.1100 43.3430 1.1010 -0.80034 0.59903 -0.02480 0.119165 0.980841
-85.7270 44.4510 3.6070 -0.82144 0.56897 -0.03892 0.129621 0.984297
-85.5790 44.4760 1.0450 -0.76753 0.63815 -0.06044 0.119475 0.985652
-85.0340 45.0410 2.5120 -0.35992 0.93100 -0.06084 0.184882 0.049775
-85.0340 45.0410 2.5120 -0.66387 0.74631 -0.04788 0.125554 0.988178
-84.4950 45.4060 5.3980 -0.28394 0.95785 -0.04367 0.187615 0.038735
-83.9620 45.4780 2.9430 -0.11529 0.99230 -0.04528 0.189364 0.048217
-84.7470 44.9860 0.3250 -0.56123 0.82518 -0.06402 0.116887 0.989589
-84.7470 44.9860 0.3250 -0.32331 0.94288 -0.08033 0.185706 0.058202
-87.0870 40.3320 -0.5810 -0.99947 0.01555 0.02848 0.111341 0.968470
-87.2350 37.2490 -7.2020 -0.99975 0.02129 0.00746 0.084643 0.958299
-87.0460 42.0100 -1.0980 -0.98483 0.17165 0.02528 0.109897 0.975057
-86.7640 42.7980 -0.0180 -0.79532 0.60581 -0.02147 0.114451 0.977928
-86.8490 42.6450 -1.3700 -0.80840 0.58863 -0.00165 0.109073 0.977700
-86.1220 43.1290 -1.6360 -0.74680 0.66457 -0.02517 0.108316 0.981138
-87.1060 41.9650 -3.1000 -0.98114 0.19178 0.02429 0.102061 0.975389
-86.7940 42.7280 -3.0250 -0.72996 0.68349 0.00096 0.102622 0.978544
-87.1960 39.9500 -4.5120 -0.99974 0.01444 0.01766 0.095919 0.968010
-87.2220 40.0910 -7.6700 -0.99977 0.02128 0.00277 0.083721 0.969356
-87.1470 41.8990 -6.1170 -0.98379 0.17923 -0.00621 0.090297 0.975913
-86.9270 42.6190 -4.1280 -0.77926 0.62670 -0.00021 0.098273 0.978247
-86.1710 43.0310 -3.6150 -0.68855 0.72481 -0.02347 0.100542 0.981391
-86.9440 42.5420 -5.9420 -0.78041 0.62440 -0.03290 0.091199 0.978444
-86.1960 42.9830 -5.6590 -0.66717 0.74466 -0.01910 0.092507 0.981719
-85.6790 44.1190 -0.8060 -0.83563 0.54637 -0.05662 0.112018 0.984981
-85.6930 43.8820 -3.1980 -0.79959 0.59875 -0.04642 0.102499 0.985006
-85.1160 44.5910 -2.1420 -0.38750 0.91850 -0.07870 0.183637 0.067653
-85.1160 44.5910 -2.1420 -0.70933 0.70158 -0.06801 0.106970 0.988203
-84.0070 45.0890 -1.5350 -0.20392 0.97554 -0.08210 0.188368 0.065412
-83.9080 45.2370 0.0640 -0.15253 0.98544 -0.07516 0.189056 0.059278
-87.8470 14.6430 -3.4130 -0.99989 0.01118 0.01018 0.092636 0.870091
-87.8560 14.5480 -9.1640 -0.99991 0.00965 -0.00912 0.070620 0.871082
-87.8050 18.7560 -8.6390 -0.99985 0.01610 -0.00630 0.073660 0.887215
-87.7660 17.0320 -12.3050 -0.99946 0.01241 -0.03058 0.059192 0.881434
-87.7630 10.8730 -14.7190 -0.99877 0.01322 -0.04774 0.048462 0.858159
-87.7940 13.0870 -12.7430 -0.99943 0.01259 -0.03137 0.056556 0.866273
-87.6780 13.5190 -15.2170 -0.99831 0.01723 -0.05553 0.047159 0.868532
-87.4210 11.9610 -19.4690 -0.99217 0.00434 -0.12478 0.030431 0.863499
-87.6980 19.7480 -13.2060 -0.99936 0.01467 -0.03250 0.056437 0.892166
-87.6420 18.3350 -15.0770 -0.99871 0.00674 -0.05039 0.048893 0.887154
-87.5660 16.1510 -16.4340 -0.99816 0.00924 -0.05993 0.043119 0.879028
-87.5650 20.5490 -15.9180 -0.99851 0.01325 -0.05296 0.046248 0.895944
-87.3310 19.8500 -19.9830 -0.99481 -0.00101 -0.10177 0.030441 0.894255
-87.4140 22.8580 -17.8760 -0.99844 -0.00051 -0.05584 0.039347 0.905383
-87.4440 8.2060 -19.2510 -0.99098 -0.00375 -0.13397 0.030411 0.848861
-86.7650 4.8170 -21.8610 -0.82966 -0.03663 -0.55707 0.019327 0.836257
-86.8110 7.3180 -21.9040 -0.87235 -0.04493 -0.48681 0.019692 0.846012
-86.3060 6.8700 -22.3840 -0.54109 -0.05759 -0.83899 0.016926 0.844366
-87.0410 9.6990 -21.4980 -0.95761 -0.02496 -0.28699 0.021981 0.855192
-86.6850 8.8760 -22.2260 -0.78020 -0.04333 -0.62403 0.018701 0.852154
-86.1470 10.6310 -22.7660 -0.43610 -0.06415 -0.89761 0.016012 0.859106
-86.9570 11.6130 -21.9260 -0.92362 -0.00764 -0.38323 0.020755 0.862745
-86.5820 10.8230 -22.5020 -0.71208 -0.04176 -0.70085 0.017983 0.859797
-85.1770 9.2260 -23.0080 -0.34398 -0.07298 -0.93614 0.012104 0.853664
-85.1770 9.2260 -23.0080 -0.13504 -0.07005 -0.98836 0.175199 0.277395
-81.7640 10.1340 -23.5390 -0.13302 -0.07174 -0.98851 0.188564 0.274153
-79.7220 7.7400 -23.6740 -0.12308 -0.07200 -0.98978 0.196234 0.283554
-84.8920 13.3960 -23.3400 -0.13392 -0.07251 -0.98834 0.176790 0.261303
-84.8920 13.3960 -23.3400 -0.33003 -0.06701 -0.94159 0.010963 0.870029
-87.3490 16.5790 -19.7180 -0.99407 0.00112 -0.10873 0.030595 0.881494
-87.0300 14.9440 -21.6980 -0.97355 -0.00316 -0.22844 0.022468 0.875647
-86.8080 14.1770 -22.4330 -0.84586 -0.03538 -0.53223 0.019340 0.872845
-86.3070 13.3000 -22.8230 -0.54466 -0.06764 -0.83592 0.016763 0.869520
-86.7310 16.2510 -22.6630 -0.80191 -0.04399 -0.59583 0.018893 0.880974
-85.8920 16.6600 -23.2920 -0.42933 -0.07765 -0.89980 0.014909 0.882728
-87.0090 18.0060 -22.0510 -0.97066 -0.02176 -0.23947 0.021919 0.887633
-86.9490 21.5690 -22.6710 -0.90041 -0.02205 -0.43448 0.020486 0.901626
-86.7930 19.3250 -22.8090 -0.82670 -0.04072 -0.56117 0.019242 0.892953
-86.0890 19.0110 -23.4270 -0.49148 -0.06236 -0.86865 0.015600 0.891901
-84.7830 17.4800 -23.6900 -0.11861 -0.07331 -0.99023 0.177722 0.245521
-84.7830 17.4800 -23.6900 -0.28589 -0.07761 -0.95511 0.010411 0.886000
-84.9560 20.8850 -23.9230 -0.11276 -0.06357 -0.99159 0.177475 0.232346
-84.9560 20.8850 -23.9230 -0.33114 -0.06008 -0.94167 0.011058 0.899341
-81.4240 14.8160 -23.9050 -0.11654 -0.06711 -0.99092 0.190429 0.256098
-87.3140 23.0000 -20.2760 -0.99553 -0.00548 -0.09432 0.030169 0.906549
-87.0170 24.7070 -22.4180 -0.97234 -0.01240 -0.23324 0.022334 0.913725
-86.7820 23.6170 -23.0550 -0.82244 -0.02560 -0.56828 0.019431 0.909674
-86.0870 21.8630 -23.5680 -0.53952 -0.05459 -0.84020 0.015753 0.903015
-87.7080 23.0180 -5.3200 -0.99977 0.01928 0.00966 0.087479 0.902862
-87.6430 26.2800 -4.7360 -0.99957 0.02761 0.01000 0.090637 0.915313
-87.7210 23.3420 -8.5710 -0.99979 0.02039 -0.00350 0.075147 0.904921
-87.7290 21.2250 -10.6950 -0.99973 0.01559 -0.01710 0.066449 0.897262
-87.6540 23.7470 -12.9500 -0.99946 0.01624 -0.02850 0.058502 0.907577
-87.5130 23.2700 -16.3820 -0.99863 0.00896 -0.05156 0.045204 0.906597
-78.9330 8.8400 -23.8130 -0.11040 -0.05174 -0.99254 0.199405 0.279379
-79.2710 10.5660 -23.8660 -0.11039 -0.07375 -0.99115 0.198281 0.272692
-80.3320 11.7850 -23.8730 -0.11473 -0.07183 -0.99080 0.194332 0.267884
-76.3290 10.8790 -24.2100 -0.08728 -0.05595 -0.99461 0.209711 0.271734
-78.7450 11.8330 -24.0340 -0.10092 -0.06856 -0.99253 0.200475 0.267839
-79.6500 14.4900 -24.0540 -0.11363 -0.05877 -0.99178 0.197249 0.257520
-77.9770 14.7340 -24.3170 -0.09688 -0.04546 -0.99426 0.203786 0.256707
-73.6200 11.8320 -24.4510 -0.04723 -0.04320 -0.99795 0.220267 0.268307
-75.6540 14.1940 -24.4330 -0.05952 -0.04221 -0.99733 0.212681 0.259013
-82.4250 19.1310 -24.0800 -0.11076 -0.06387 -0.99179 0.187063 0.239354
-80.1130 16.9990 -24.2190 -0.09854 -0.06605 -0.99294 0.195772 0.247780
-78.5790 16.2440 -24.2950 -0.09042 -0.05364 -0.99446 0.201608 0.250840
-79.9860 20.2170 -24.4080 -0.08327 -0.04818 -0.99536 0.196632 0.235382
-78.7420 18.8350 -24.4260 -0.07108 -0.04775 -0.99633 0.201274 0.240831
-77.1090 15.3760 -24.3780 -0.06146 -0.02954 -0.99767 0.207195 0.254322
-76.6810 17.8460 -24.5310 -0.05454 -0.04307 -0.99758 0.209119 0.244839
-75.0350 21.8030 -24.6860 -0.01319 -0.00773 -0.99988 0.215879 0.229765
-77.2020 21.5350 -24.6280 -0.04087 -0.02527 -0.99884 0.207512 0.230579
-69.4680 12.1000 -24.5670 -0.01674 -0.03160 -0.99936 0.236276 0.267686
-67.0340 8.3480 -24.4740 -0.01320 -0.03664 -0.99924 0.245253 0.282378
-72.0760 15.0110 -24.6020 -0.02476 -0.02943 -0.99926 0.226547 0.256216
-65.0380 12.1490 -24.6070 0.00479 -0.02129 -0.99976 0.253326 0.267938
-67.2660 14.9540 -24.6510 0.00229 -0.01313 -0.99991 0.245051 0.256918
-63.0600 9.4730 -24.5160 0.00508 -0.02536 -0.99967 0.260663 0.278442
-70.2000 18.0010 -24.7000 -0.00127 -0.00721 -0.99997 0.234078 0.244890
-73.9890 17.9560 -24.6430 -0.02849 -0.02476 -0.99929 0.219493 0.244684
-71.7110 21.7490 -24.6950 0.00612 0.00883 -0.99994 0.228664 0.230311
-67.4930 21.4830 -24.6250 0.02081 0.02064 -0.99957 0.244870 0.231762
-87.6140 27.1050 -6.7810 -0.99954 0.03019 0.00063 0.083072 0.919021
-87.6450 26.3240 -10.1910 -0.99954 0.02930 -0.00774 0.069801 0.916849
-87.5740 28.1360 -10.4700 -0.99941 0.03317 -0.00890 0.069260 0.923926
-87.5720 26.8720 -13.7100 -0.99930 0.02456 -0.02829 0.056475 0.919853
-87.5070 28.9620 -13.5300 -0.99936 0.02969 -0.01982 0.057774 0.927889
-87.5730 28.6750 -7.8730 -0.99957 0.02925 -0.00021 0.079368 0.925361
-87.4720 31.8600 -7.2190 -0.99913 0.04160 0.00336 0.082856 0.937499
-87.3630 33.8640 -7.4580 -0.99894 0.04590 0.00427 0.082579 0.945309
-87.4530 31.9260 -10.9290 -0.99928 0.03689 -0.00844 0.068645 0.938688
-87.4070 26.4220 -17.6900 -0.99916 0.01105 -0.03942 0.041065 0.919128
-87.3960 24.4330 -18.5410 -0.99898 0.00226 -0.04501 0.037235 0.911649
-87.4020 28.5580 -17.3210 -0.99938 0.01321 -0.03269 0.043098 0.927291
-87.2990 26.9020 -20.7000 -0.99579 -0.00300 -0.09161 0.029637 0.921772
-87.2880 30.2260 -20.8650 -0.99685 0.00240 -0.07924 0.029962 0.934671
-87.3980 31.2510 -16.0540 -0.99941 0.02587 -0.02266 0.048760 0.937371
-87.2340 37.3410 -10.8070 -0.99978 0.02114 -0.00160 0.070767 0.959560
-87.3440 33.6930 -13.6840 -0.99931 0.03499 -0.01231 0.058594 0.946201
-87.2300 37.3350 -13.6350 -0.99979 0.01961 -0.00519 0.059867 0.960237
-87.2210 39.4220 -11.7430 -0.99985 0.01681 -0.00307 0.067774 0.967809
-87.1550 41.9240 -8.9510 -0.96634 0.25716 -0.00739 0.079308 0.976742
-87.2010 39.4590 -15.1770 -0.99978 0.01851 -0.01025 0.054536 0.968804
-87.3000 32.9860 -18.2830 -0.99965 0.02136 -0.01546 0.040703 0.944639
-87.2630 33.6770 -21.0540 -0.99781 0.01018 -0.06536 0.030249 0.948037
-87.1500 38.3320 -21.1140 -0.99852 0.01979 -0.05074 0.031400 0.965941
-87.1930 37.3190 -18.0230 -0.99974 0.02099 -0.00899 0.042982 0.961264
-87.0540 35.6460 -22.7490 -0.98382 0.00244 -0.17913 0.024280 0.956116
-86.9420 38.9120 -23.2490 -0.97821 0.00613 -0.20753 0.023320 0.968832
-85.3090 24.0270 -24.0380 -0.12037 -0.05156 -0.99139 0.176472 0.220201
-85.3090 24.0270 -24.0380 -0.43604 -0.04705 -0.89870 0.012637 0.911580
-83.6400 22.3040 -24.1580 -0.10810 -0.05228 -0.99276 0.182742 0.226996
-82.2670 25.8380 -24.4500 -0.06621 -0.03624 -0.99715 0.188457 0.213504
-81.2700 23.0090 -24.4280 -0.07960 -0.03818 -0.99610 0.191992 0.224498
-86.8010 26.5180 -23.1650 -0.85156 -0.02585 -0.52362 0.019838 0.920952
-87.0570 28.4240 -22.4500 -0.97519 -0.01099 -0.22112 0.023285 0.928140
-86.2540 28.3500 -23.8020 -0.62447 -0.04602 -0.77969 0.017039 0.928245
-86.3000 25.7670 -23.6200 -0.59942 -0.04841 -0.79897 0.017065 0.918183
-86.7930 29.1100 -23.3200 -0.84334 -0.02243 -0.53691 0.019986 0.931038
-85.6620 27.1850 -24.0960 -0.51985 -0.05663 -0.85238 0.014283 0.923840
-85.6620 27.1850 -24.0960 -0.27129 -0.04948 -0.96122 0.175401 0.208014
-84.8430 27.9980 -24.3690 -0.17218 -0.05522 -0.98352 0.178766 0.204931
-85.8460 30.1670 -24.2090 -0.27754 -0.05217 -0.95930 0.175012 0.196519
-85.8460 30.1670 -24.2090 -0.65339 -0.04103 -0.75590 0.015233 0.935416
-84.7450 29.9540 -24.4820 -0.12932 -0.03877 -0.99085 0.179368 0.197406
-79.7410 24.5830 -24.5370 -0.04934 -0.01427 -0.99868 0.198053 0.218591
-79.2640 22.7590 -24.5500 -0.05720 -0.02166 -0.99813 0.199698 0.225662
-80.5450 26.8650 -24.5440 -0.03833 -0.01148 -0.99920 0.195204 0.209721
-81.4180 29.2350 -24.5380 -0.01939 -0.00271 -0.99981 0.192098 0.200508
-78.6370 25.8750 -24.6060 -0.03264 -0.00414 -0.99946 0.202444 0.213725
-78.5160 28.2180 -24.6070 -0.01163 0.01594 -0.99981 0.203163 0.204715
-77.6280 23.7370 -24.6380 -0.03317 -0.00419 -0.99944 0.206106 0.222059
-86.7710 32.1110 -23.5050 -0.83934 -0.04138 -0.54203 0.020128 0.942707
-87.0580 31.8040 -22.6310 -0.97497 -0.00949 -0.22213 0.023576 0.941263
-86.1980 32.4720 -24.0700 -0.67554 -0.06145 -0.73475 0.017108 0.944276
-86.1980 32.4720 -24.0700 -0.48366 -0.05315 -0.87364 0.173602 0.187650
-85.5180 32.1850 -24.4290 -0.34903 -0.04937 -0.93581 0.176555 0.188769
-84.8820 32.5470 -24.5990 -0.09029 -0.03509 -0.99530 0.179112 0.187417
-86.7660 34.4050 -23.7160 -0.83798 -0.02848 -0.54496 0.020041 0.951632
-86.0190 35.1570 -24.3960 -0.33634 -0.00334 -0.94173 0.174875 0.177305
-86.0190 35.1570 -24.3960 -0.66083 -0.02655 -0.75007 0.016328 0.954776
-85.4670 34.5210 -24.5730 -0.21525 -0.02173 -0.97632 0.177056 0.179791
-86.8060 36.3120 -23.7180 -0.85653 -0.01532 -0.51588 0.020632 0.958985
-82.3270 32.1290 -24.5130 0.01145 0.00873 -0.99990 0.188911 0.189276
-82.9620 34.0240 -24.4890 0.05566 0.02657 -0.99810 0.186670 0.181921
-85.4720 36.8670 -24.5520 -0.19057 0.04516 -0.98063 0.177259 0.170813
-84.6210 35.2270 -24.6350 0.01832 0.01571 -0.99971 0.180384 0.177163
-86.4450 37.8570 -24.0980 -0.70369 -0.01522 -0.71035 0.019070 0.965115
-86.4450 37.8570 -24.0980 -0.38986 -0.00003 -0.92088 0.173288 0.166898
-82.3550 36.4320 -24.3310 0.08186 0.05423 -0.99517 0.189250 0.172677
-83.9790 38.1680 -24.4600 0.06732 0.07242 -0.99510 0.183092 0.165900
-75.5110 25.9680 -24.6690 0.00024 0.01769 -0.99984 0.214489 0.213687
-78.2170 29.8550 -24.5620 0.00794 0.03468 -0.99937 0.204486 0.198438
-74.5080 29.0490 -24.5430 0.02051 0.04787 -0.99864 0.218676 0.201914
-72.4950 25.5530 -24.6380 0.01769 0.02473 -0.99954 0.226051 0.215587
-69.8030 26.5160 -24.5410 0.02821 0.04252 -0.99870 0.236517 0.212147
-75.3480 32.7270 -24.3510 0.03158 0.07061 -0.99700 0.215839 0.187647
-69.5550 31.4440 -24.2470 0.03817 0.07541 -0.99642 0.238010 0.193174
-79.4390 32.6810 -24.4610 0.02213 0.05113 -0.99845 0.200083 0.187425
-79.0180 35.9220 -24.2320 0.03948 0.07872 -0.99611 0.202047 0.174949
-77.0020 37.4110 -24.0050 0.04676 0.08987 -0.99485 0.209977 0.169373
-78.7580 39.3380 -23.9170 0.04949 0.11702 -0.99190 0.203401 0.161755
-75.5180 39.2600 -23.7710 0.05731 0.12298 -0.99075 0.215901 0.162368
-72.5130 35.5200 -23.9910 0.04201 0.09677 -0.99442 0.227076 0.177124
-72.6010 39.3870 -23.5870 0.04504 0.13268 -0.99013 0.227188 0.162147
-86.8790 42.5170 -7.2560 -0.74182 0.67015 -0.02461 0.086084 0.978826
-85.7480 43.5870 -6.4730 -0.72624 0.68597 -0.04494 0.089526 0.984805
-85.1270 44.2730 -4.8220 -0.43321 0.89384 -0.11562 0.182914 0.078003
-85.1270 44.2730 -4.8220 -0.67073 0.73899 -0.06341 0.096244 0.987995
-84.4520 44.7420 -3.8860 -0.37181 0.92300 -0.09915 0.186082 0.074418
-83.7710 44.8950 -4.3040 -0.15881 0.98352 -0.08640 0.188714 0.076107
-83.9110 44.6360 -6.4100 -0.28257 0.95400 -0.10016 0.187669 0.084215
-82.8600 45.1620 -1.1300 0.02870 0.99802 -0.05592 0.192865 0.064063
-82.2930 44.9470 -4.3740 0.00409 0.99803 -0.06261 0.194384 0.076663
-82.8100 44.6780 -7.8090 -0.07187 0.99321 -0.09148 0.191663 0.089784
-87.1600 41.5440 -12.7740 -0.98559 0.16896 -0.00823 0.064394 0.976240
-86.9440 42.2010 -12.6090 -0.77604 0.62994 -0.03052 0.065210 0.978872
-87.0180 41.9580 -15.0610 -0.89204 0.45133 -0.02373 0.055668 0.978451
-87.1350 41.3470 -16.5490 -0.98487 0.17207 -0.02049 0.049766 0.976418
-87.1300 41.1740 -19.0320 -0.98698 0.16022 -0.01393 0.040190 0.976361
-86.8360 42.1080 -17.1470 -0.70026 0.71340 -0.02658 0.047649 0.979711
-86.8040 42.2310 -14.3690 -0.58002 0.81307 -0.05004 0.058415 0.979657
-86.1650 42.3740 -17.4190 -0.52601 0.84970 -0.03636 0.046680 0.982532
-86.1920 42.4270 -15.4700 -0.52443 0.84998 -0.05015 0.054228 0.982254
-87.0440 41.6650 -17.7720 -0.93981 0.34109 -0.02053 0.045131 0.977983
-86.8560 41.9610 -18.7840 -0.74275 0.66851 -0.03772 0.041294 0.979575
-86.1910 42.2690 -19.1060 -0.51052 0.85881 -0.04256 0.040136 0.982484
-85.3840 43.0170 -18.2800 -0.39053 0.91792 -0.06999 0.179287 0.129864
-85.3840 43.0170 -18.2800 -0.63779 0.76755 -0.06390 0.043500 0.986578
-87.0680 41.1660 -21.5270 -0.98559 0.15344 -0.07125 0.030680 0.976831
-86.8580 40.7880 -23.5870 -0.93590 0.12353 -0.32990 0.022782 0.976136
-86.8990 41.9620 -20.4300 -0.75629 0.65370 -0.02662 0.034982 0.979723
-86.7660 41.8380 -22.6800 -0.75361 0.63536 -0.16848 0.026466 0.979821
-86.0780 42.2860 -21.4060 -0.43314 0.89708 -0.08736 0.031194 0.983102
-85.0090 43.0650 -19.7020 -0.19016 0.97326 -0.12886 0.180624 0.135352
-85.0090 43.0650 -19.7020 -0.55366 0.82869 -0.08205 0.037925 0.988054
-85.2170 42.5990 -21.9380 -0.06840 0.95501 -0.28858 0.179323 0.143952
-85.2170 42.5990 -21.9380 -0.39791 0.90649 -0.14119 0.028945 0.986577
-86.8730 42.4400 -9.1660 -0.70996 0.70384 -0.02354 0.078632 0.979055
-86.2970 42.8050 -8.2820 -0.63919 0.76807 -0.03877 0.082221 0.981519
-86.9400 42.3310 -10.7280 -0.75865 0.65018 -0.04142 0.072538 0.978898
-86.2970 42.6990 -10.6720 -0.61972 0.78339 -0.04744 0.072885 0.981730
-85.7270 43.3550 -10.0660 -0.65822 0.75092 -0.05344 0.075443 0.984942
-85.0300 44.0340 -7.7450 -0.59967 0.79780 -0.06256 0.084689 0.988270
-85.0300 44.0340 -7.7450 -0.40050 0.91287 -0.07921 0.182707 0.089281
-85.0610 43.7790 -10.4450 -0.42753 0.90099 -0.07368 0.182025 0.099695
-85.0610 43.7790 -10.4450 -0.56212 0.82446 -0.06543 0.074095 0.988040
-86.2270 42.5980 -12.9500 -0.59641 0.80094 -0.05287 0.064022 0.982086
-85.4860 43.2730 -13.3570 -0.67715 0.73296 -0.06508 0.062646 0.986025
-85.4860 43.2730 -13.3570 -0.47821 0.87566 -0.06731 0.179558 0.110920
-84.4170 43.8980 -12.8210 -0.33101 0.93924 -0.09093 0.184341 0.108891
-85.1950 43.2450 -16.1470 -0.41603 0.90653 -0.07162 0.180407 0.121668
-85.1950 43.2450 -16.1470 -0.65316 0.75591 -0.04454 0.051834 0.987336
-84.0770 44.3510 -9.0030 -0.29734 0.95120 -0.08254 0.186463 0.094196
-83.1730 44.4140 -10.3190 -0.10230 0.98939 -0.10318 0.189742 0.099395
-79.7160 44.7120 -6.9250 0.02668 0.99738 -0.06730 0.203746 0.087039
-78.3620 44.4890 -9.4670 0.01847 0.99521 -0.09603 0.208406 0.097128
-83.5060 43.8220 -15.0600 -0.06799 0.99024 -0.12164 0.187441 0.117662
-80.3950 44.1000 -13.0240 0.00846 0.99164 -0.12877 0.199834 0.110446
-84.4630 43.5480 -16.4550 -0.25874 0.96132 -0.09440 0.183440 0.122894
-84.1820 43.2760 -19.0130 -0.04792 0.98819 -0.14552 0.183988 0.132814
-82.0700 43.1320 -19.3730 0.01783 0.98456 -0.17414 0.192013 0.134772
-79.4090 42.9220 -20.4370 -0.00525 0.98261 -0.18561 0.201992 0.139536
-82.6880 42.7520 -21.3400 0.02419 0.96515 -0.26057 0.189183 0.142352
-79.2760 42.6120 -21.9070 -0.01897 0.96262 -0.27018 0.202167 0.145359
-84.5510 42.9790 -20.8210 -0.08090 0.97468 -0.20844 0.182186 0.139705
-84.3190 42.3530 -22.8300 0.05383 0.88530 -0.46189 0.182478 0.147798
-85.9230 41.9620 -23.7900 -0.39964 0.81642 -0.41682 0.021603 0.982210
-85.9230 41.9620 -23.7900 0.14243 0.74266 -0.65435 0.175923 0.150880
-82.9360 42.2750 -22.6840 0.04371 0.88935 -0.45513 0.187846 0.147808
-79.5530 43.5170 -16.9130 0.00936 0.98829 -0.15229 0.202216 0.125742
-77.6330 43.9710 -13.5620 0.02588 0.99037 -0.13602 0.210327 0.113147
-76.7890 43.6840 -15.3530 0.01581 0.99069 -0.13524 0.213185 0.120298
-78.0550 43.3850 -17.7150 0.00627 0.98880 -0.14909 0.207792 0.129188
-76.1260 42.9580 -20.6150 -0.00582 0.98915 -0.14678 0.214578 0.140847
-86.7450 38.4640 -23.8080 -0.84869 -0.00932 -0.52881 0.020870 0.967339
-85.8040 38.5280 -24.3780 -0.22080 0.01891 -0.97514 0.176064 0.164412
-86.3590 39.8870 -24.2640 -0.65055 -0.01123 -0.75938 0.019087 0.973162
-86.3590 39.8870 -24.2640 -0.15001 0.00474 -0.98867 0.173965 0.159230
-85.1300 38.6780 -24.4250 -0.01663 0.09125 -0.99569 0.178695 0.163862
-86.5840 40.5050 -24.0830 -0.69295 0.08804 -0.71559 0.020526 0.975413
-85.9580 41.3350 -24.2970 0.17604 0.32793 -0.92815 0.175543 0.153772
-85.9580 41.3350 -24.2970 -0.48486 0.34733 -0.80267 0.019029 0.979521
-83.1790 39.6590 -24.2610 0.07882 0.15532 -0.98471 0.186307 0.160171
-84.6460 41.0890 -24.0090 0.14627 0.31953 -0.93622 0.180750 0.154470
-86.5510 41.6270 -23.7770 -0.67409 0.53437 -0.50995 0.022225 0.979545
-85.0790 41.7920 -23.7160 0.21346 0.64004 -0.73809 0.179200 0.151452
-84.1040 41.4720 -23.7490 0.09556 0.59007 -0.80168 0.182955 0.152755
-81.5400 39.2910 -24.0830 0.08899 0.10339 -0.99065 0.192645 0.161694
-83.2330 41.1580 -23.8500 0.06264 0.39807 -0.91521 0.186295 0.154148
-82.8440 41.7380 -23.4520 0.00913 0.70597 -0.70818 0.187957 0.151477
-81.9980 40.6890 -23.9190 0.06889 0.22559 -0.97178 0.191026 0.156200
-81.4770 41.6200 -23.6110 0.01487 0.57514 -0.81792 0.193201 0.152520
-79.8500 41.4380 -23.6560 0.04533 0.45732 -0.88815 0.199437 0.153491
-80.4640 42.2820 -22.7840 0.00269 0.85968 -0.51083 0.197369 0.148687
-77.8580 42.3850 -22.6670 -0.01983 0.81671 -0.57671 0.207455 0.148735
-77.1010 41.5760 -23.3510 0.03211 0.47584 -0.87895 0.210104 0.153042
-76.9560 40.6320 -23.6380 0.05517 0.21235 -0.97564 0.210513 0.156876
-75.0510 41.2970 -23.3830 0.05053 0.33502 -0.94086 0.217984 0.154466
-75.6350 42.6300 -22.4420 -0.00156 0.88745 -0.46089 0.216072 0.148056
-75.9420 42.1140 -22.9800 0.02000 0.61485 -0.78839 0.214719 0.150825
-69.1080 -4.0210 20.2070 -0.06360 0.02237 0.99773 0.238256 0.793754
-67.2290 -5.3130 20.3790 -0.05830 0.02495 0.99799 0.245442 0.788755
-67.5570 -1.5070 20.2710 -0.05991 0.02430 0.99791 0.244311 0.803378
-67.4000 -8.1280 20.4430 -0.05291 0.01228 0.99852 0.244698 0.777949
-63.4430 -3.6720 20.5390 -0.04584 0.02164 0.99871 0.260055 0.795008
-64.6130 0.5500 20.3810 -0.05290 0.03143 0.99811 0.255681 0.811251
-68.1180 2.0140 20.1470 -0.05390 0.03227 0.99802 0.242256 0.816905
-71.9490 4.3450 19.7800 -0.06444 0.03311 0.99737 0.227599 0.825890
-70.1330 4.6130 19.9120 -0.07153 0.03917 0.99667 0.234590 0.826903
-66.3810 3.7630 20.1560 -0.05520 0.03864 0.99773 0.248968 0.823617
-64.9100 4.9330 20.2140 -0.05832 0.04677 0.99720 0.254646 0.828110
-67.7750 6.7130 19.9750 -0.04955 0.04586 0.99772 0.243691 0.834961
-65.5600 8.7020 19.9630 -0.04133 0.05943 0.99738 0.252211 0.842626
-60.2540 -4.4040 20.6780 -0.04322 0.02167 0.99883 0.272277 0.792159
-60.0480 -0.6090 20.5950 -0.03949 0.02966 0.99878 0.273169 0.806760
-61.9490 -0.5710 20.5410 -0.03599 0.02667 0.99900 0.265876 0.806919
-55.1800 0.0110 20.7960 -0.03493 0.02866 0.99898 0.291869 0.809102
-57.9390 3.4420 20.5590 -0.04630 0.04190 0.99805 0.281351 0.822344
-62.4970 3.4720 20.3670 -0.03320 0.03965 0.99866 0.263864 0.822481
-62.5240 5.9120 20.2620 -0.03484 0.05063 0.99811 0.263810 0.831878
-60.8120 5.0360 20.3420 -0.03708 0.04272 0.99840 0.270355 0.828504
-61.3620 7.8800 20.1990 -0.04227 0.05914 0.99735 0.268287 0.839465
-58.2150 7.6740 20.3490 -0.03154 0.06045 0.99767 0.280347 0.838665
-55.0880 2.9420 20.7080 -0.03502 0.04312 0.99846 0.292277 0.820396
-70.0540 7.9020 19.7810 -0.06154 0.04902 0.99690 0.234975 0.839533
-71.3620 12.6050 19.4300 -0.04462 0.06662 0.99678 0.230053 0.857605
-73.7270 12.4830 19.3550 -0.04895 0.05508 0.99728 0.221002 0.857099
-74.3020 14.9850 19.1580 -0.03943 0.06972 0.99679 0.218836 0.866697
-67.7420 9.7580 19.8140 -0.04818 0.06144 0.99695 0.243874 0.846678
-76.3400 18.2180 18.8440 -0.04440 0.08392 0.99548 0.211064 0.879047
-73.9360 19.4670 18.8150 -0.02605 0.09918 0.99473 0.220211 0.883950
-77.0020 23.2260 18.3230 -0.02090 0.12185 0.99233 0.208440 0.898252
-71.0200 18.6590 18.9630 -0.03118 0.09652 0.99484 0.231336 0.880949
-69.5130 16.1020 19.2450 -0.04892 0.08464 0.99521 0.237113 0.871119
-67.4410 13.6210 19.5520 -0.04610 0.07596 0.99604 0.245049 0.861574
-72.0600 21.6450 18.5870 -0.02352 0.11963 0.99254 0.227283 0.892470
-65.4170 11.7580 19.7680 -0.04019 0.06884 0.99682 0.252783 0.854412
-63.7770 9.7250 19.9650 -0.04197 0.06500 0.99700 0.259048 0.846580
-65.3990 15.0330 19.5310 -0.03791 0.08861 0.99534 0.252847 0.867058
-60.1380 11.5180 19.9850 -0.04082 0.07753 0.99615 0.272987 0.853523
-62.3990 12.3160 19.8550 -0.03364 0.07694 0.99647 0.264334 0.856590
-62.3150 16.7240 19.4750 -0.02528 0.10230 0.99443 0.264614 0.873659
-60.7280 16.4110 19.5300 -0.03198 0.10041 0.99443 0.270689 0.872470
-67.9960 16.7340 19.2680 -0.04358 0.09621 0.99441 0.242903 0.873590
-66.3870 19.3750 19.0330 -0.03229 0.11183 0.99320 0.248991 0.883874
-68.6150 19.3540 18.9710 -0.03233 0.11026 0.99338 0.240493 0.883724
-67.8580 22.3450 18.6280 -0.02858 0.13127 0.99094 0.243269 0.895375
-63.7450 20.3980 19.0110 -0.02781 0.12348 0.99196 0.259062 0.887907
-53.5990 -2.2920 20.8890 -0.02659 0.02670 0.99929 0.297884 0.800220
-50.9950 -1.7810 20.9660 -0.03623 0.02939 0.99891 0.307892 0.802161
-52.5790 1.3410 20.8280 -0.02221 0.03549 0.99912 0.301875 0.814210
-48.7740 -0.0150 20.9980 -0.03801 0.03531 0.99865 0.316452 0.808944
-50.9230 1.4660 20.8510 -0.02974 0.04014 0.99875 0.308228 0.814681
-48.8500 4.2040 20.8240 -0.03846 0.04902 0.99806 0.316222 0.825224
-50.9210 4.8870 20.6990 -0.02949 0.05297 0.99816 0.308280 0.827884
-45.3290 1.1140 21.0770 -0.02263 0.03904 0.99898 0.329696 0.813262
-56.3250 6.7440 20.4420 -0.03094 0.05851 0.99781 0.287579 0.835078
-52.9600 4.7850 20.6710 -0.02325 0.05314 0.99832 0.300461 0.827497
-56.8110 9.5350 20.2310 -0.02909 0.07364 0.99686 0.285730 0.845867
-52.6640 8.4360 20.4600 -0.02351 0.06727 0.99746 0.301627 0.841598
-55.2890 9.6540 20.3070 -0.03921 0.07564 0.99636 0.291569 0.846314
-48.4240 6.6870 20.6960 -0.03849 0.06354 0.99724 0.317877 0.834811
-50.3420 9.1380 20.4550 -0.03015 0.07029 0.99707 0.310529 0.844309
-53.7590 12.1060 20.1330 -0.03059 0.08092 0.99625 0.297423 0.855807
-51.1330 13.3460 20.1090 -0.02436 0.08615 0.99598 0.307490 0.860598
-43.5640 1.6220 21.0790 -0.01940 0.04234 0.99891 0.336477 0.815203
-45.8870 6.0030 20.8290 -0.02520 0.05932 0.99792 0.327611 0.832138
-40.7930 5.1990 20.9700 -0.02243 0.05631 0.99816 0.347155 0.828984
-46.0370 10.7950 20.4970 -0.02202 0.07884 0.99664 0.327055 0.850670
-44.1840 10.3260 20.5480 -0.01741 0.07458 0.99706 0.334167 0.848845
-41.5270 10.4240 20.6060 -0.02602 0.07238 0.99704 0.344367 0.849191
-42.6710 12.7310 20.4040 -0.02192 0.08504 0.99614 0.339973 0.858132
-58.2550 11.9950 20.0440 -0.02878 0.07877 0.99648 0.280202 0.855367
-55.5810 14.6050 19.8540 -0.02795 0.09186 0.99538 0.290425 0.865495
-58.6000 16.0950 19.6680 -0.03324 0.10025 0.99441 0.278848 0.871244
-56.2930 18.1200 19.4820 -0.02492 0.11313 0.99327 0.287643 0.879135
-52.6760 17.1910 19.7110 -0.02290 0.10620 0.99408 0.301532 0.875513
-52.4990 13.7210 20.0660 -0.02281 0.08189 0.99638 0.302253 0.862049
-60.4850 20.4600 19.0700 -0.03352 0.12605 0.99146 0.271526 0.888216
-58.4220 19.5550 19.2760 -0.02965 0.12190 0.99210 0.279456 0.884694
-58.6330 22.7640 18.8500 -0.02911 0.13867 0.98991 0.278541 0.897198
-60.9370 24.1930 18.5420 -0.03187 0.14712 0.98860 0.269640 0.902775
-63.9230 24.3090 18.4640 -0.02464 0.14708 0.98882 0.258196 0.903164
-59.0150 26.3310 18.3030 -0.03487 0.16084 0.98636 0.276902 0.911139
-56.7000 21.8630 18.9990 -0.02587 0.13219 0.99089 0.285984 0.893708
-53.1390 19.8700 19.3810 -0.02688 0.12304 0.99204 0.299703 0.885934
-54.4920 23.4170 18.8820 -0.03512 0.13892 0.98968 0.294411 0.899754
-56.8530 24.9050 18.5570 -0.02861 0.15128 0.98808 0.285274 0.905587
-46.6230 16.3960 19.9650 -0.02682 0.10226 0.99440 0.324780 0.872381
-50.6510 18.6830 19.5720 -0.02613 0.11433 0.99310 0.309281 0.881311
-44.2270 14.4430 20.1960 -0.02583 0.09302 0.99533 0.333991 0.864789
-46.4100 19.7790 19.5870 -0.02618 0.11707 0.99278 0.325554 0.885522
-55.2470 28.1000 18.1270 -0.04323 0.16596 0.98518 0.291311 0.918068
-51.0440 23.3780 18.9740 -0.03006 0.13718 0.99009 0.307660 0.899588
-52.7820 26.8600 18.4250 -0.02416 0.15802 0.98714 0.300856 0.913186
-51.1450 28.1210 18.2370 -0.03277 0.16240 0.98618 0.307110 0.918126
-48.9790 22.4540 19.1760 -0.03683 0.12889 0.99097 0.315626 0.895960
-45.8920 23.0680 19.2070 -0.02243 0.13137 0.99108 0.327491 0.898301
-48.2820 26.1270 18.6790 -0.03824 0.14945 0.98803 0.318210 0.910274
-79.4250 23.1950 18.2700 -0.04949 0.10352 0.99339 0.199236 0.897960
-77.7700 26.3430 17.8630 -0.00678 0.15797 0.98742 0.205347 0.910220
-79.3790 26.4510 17.8400 -0.02520 0.15154 0.98813 0.199240 0.910456
-80.7400 29.1090 17.3260 -0.07889 0.17411 0.98156 0.193805 0.920558
-81.5140 30.7590 17.0060 -0.29942 0.16315 0.94007 0.190758 0.926809
-81.5930 32.3650 16.6790 -0.34452 0.20497 0.91613 0.190242 0.932975
-79.5830 31.1470 16.9740 -0.00003 0.20607 0.97854 0.197962 0.928630
-78.6960 29.4160 17.3110 -0.00571 0.18721 0.98230 0.201512 0.922048
-74.8270 30.5460 17.0970 -0.01470 0.20859 0.97789 0.216037 0.927021
-82.3050 32.9980 15.9030 -0.43838 0.18469 0.87961 0.186564 0.935670
-82.6300 33.6170 15.7130 0.03354 0.14850 0.98834 0.185209 0.938025
-81.6590 34.8070 16.1040 -0.33218 0.21123 0.91926 0.189276 0.942449
-82.2950 35.7990 15.4250 -0.14222 0.20045 0.96933 0.186042 0.946462
-80.1080 33.6480 16.3880 0.01171 0.23600 0.97168 0.195452 0.938361
-78.1100 31.5460 16.8540 0.00549 0.22350 0.97469 0.203430 0.930501
-81.3630 36.1420 15.7910 -0.17379 0.25607 0.95091 0.189855 0.947775
-78.4970 35.4580 15.8830 0.00664 0.27259 0.96211 0.201010 0.945974
-74.9280 35.6890 15.8940 -0.02707 0.26553 0.96372 0.214611 0.947461
-73.9230 22.6500 18.4330 -0.01711 0.12701 0.99175 0.220159 0.896252
-72.0300 24.3880 18.2520 -0.02354 0.14538 0.98910 0.227274 0.903120
-75.0160 25.4660 18.0120 -0.01335 0.15236 0.98823 0.215841 0.907105
-74.7510 28.1500 17.5740 -0.01609 0.18061 0.98342 0.216590 0.917611
-69.2510 26.3370 18.0100 -0.02728 0.16580 0.98578 0.237699 0.910905
-71.1460 30.0870 17.2710 -0.02330 0.19614 0.98030 0.230101 0.925533
-72.0340 32.6220 16.6910 -0.02667 0.21909 0.97534 0.226318 0.935525
-64.9390 27.4900 17.9160 -0.03073 0.17425 0.98422 0.254092 0.915601
-66.7250 30.8750 17.2330 -0.02779 0.19637 0.98014 0.246939 0.928876
-71.9750 37.0850 15.5790 -0.04204 0.24689 0.96813 0.225712 0.953340
-75.2310 36.8490 15.5160 -0.03435 0.26586 0.96340 0.213123 0.952136
-69.8790 35.9340 16.0200 -0.03999 0.24908 0.96766 0.234088 0.948797
-65.9470 35.9860 16.1810 -0.04260 0.23387 0.97134 0.249330 0.949096
-68.6260 37.3080 15.6790 -0.04666 0.23012 0.97204 0.238726 0.954362
-83.8400 36.7020 15.6020 0.04854 0.26046 0.96426 0.179742 0.949176
-83.4080 38.6570 14.9930 0.04498 0.27135 0.96143 0.180688 0.957072
-82.2690 37.8740 15.0410 -0.09154 0.23266 0.96824 0.185390 0.954539
-78.7200 36.9620 15.3960 0.01200 0.28283 0.95909 0.199616 0.952021
-81.2840 38.7680 15.0580 -0.09130 0.29352 0.95158 0.188930 0.958226
-84.0670 39.3850 14.7620 0.08024 0.27796 0.95724 0.177773 0.959643
-83.5060 40.9080 14.2010 0.06123 0.40254 0.91335 0.179003 0.966095
-83.2640 41.6590 13.7670 -0.00917 0.57596 0.81743 0.179386 0.969520
-82.0620 40.0160 14.4580 -0.07076 0.33332 0.94015 0.185166 0.963193
-81.0490 40.6480 14.4210 -0.05096 0.37945 0.92381 0.188897 0.965934
-81.9940 41.8380 13.7380 -0.04125 0.49865 0.86582 0.184344 0.970746
-82.3070 42.3540 13.3640 -0.08328 0.65517 0.75088 0.182666 0.973024
-79.4750 38.8140 14.8870 0.02697 0.29128 0.95626 0.195919 0.959208
-76.9610 38.9140 14.9490 -0.03859 0.26087 0.96460 0.205775 0.960103
-79.4780 41.0980 14.1470 0.01299 0.35470 0.93489 0.194918 0.968483
-80.8120 42.2370 13.5260 -0.02749 0.61204 0.79035 0.188847 0.972996
-78.7630 42.0380 13.7270 -0.05022 0.55495 0.83037 0.197291 0.972701
-75.8370 41.3710 14.2780 -0.05817 0.39047 0.91877 0.209409 0.970201
-77.1500 42.6380 13.3900 -0.06068 0.72085 0.69043 0.203570 0.975815
-79.2370 43.0130 12.8210 -0.01234 0.69012 0.72359 0.194666 0.977700
-84.1140 42.9300 12.8250 0.22683 0.45951 0.85872 0.174618 0.975041
-85.0960 43.6040 12.8700 0.07665 0.35377 0.93219 0.169536 0.976390
-82.9780 43.0840 12.5100 0.05680 0.55412 0.83050 0.179067 0.976874
-85.1770 45.0450 12.5480 -0.04385 0.81232 0.58156 0.186581 0.010411
-85.1770 45.0450 12.5480 -0.38051 0.41617 0.82584 0.167615 0.981950
-85.6110 44.6890 12.3100 -0.81763 0.34945 0.45756 0.165687 0.980366
-84.3820 44.8830 12.4590 0.22188 0.56468 0.79493 0.189784 0.010666
-84.3820 44.8830 12.4590 0.23432 0.18178 0.95501 0.171239 0.982153
-82.6290 43.8690 12.1020 0.06912 0.29180 0.95398 0.179844 0.980422
-83.5350 45.2780 11.9420 0.25599 0.71991 0.64513 0.192623 0.013723
-82.0610 43.3090 12.3680 -0.02918 0.54759 0.83624 0.182658 0.978400
-82.4670 44.7170 11.8890 0.13938 0.28005 0.94981 0.179897 0.983814
-82.4670 44.7170 11.8890 0.30230 0.62017 0.72388 0.197363 0.013409
-82.4390 45.0060 11.6300 0.33475 0.77719 0.53284 0.197056 0.014905
-81.1070 44.6910 11.4000 0.27607 0.88782 0.36820 0.202280 0.016127
-82.2710 45.1820 10.9000 0.31697 0.94059 0.12176 0.197390 0.017909
-85.4640 45.4470 11.4020 -0.85967 0.49512 0.12582 0.162380 0.984048
-85.4640 45.4470 11.4020 -0.33730 0.92415 0.17937 0.184764 0.015311
-84.7030 45.5260 11.8440 -0.06077 0.90401 0.42316 0.188002 0.013931
-84.4930 45.8140 10.8370 -0.05987 0.99454 0.08546 0.188577 0.017891
-85.0740 45.5860 9.8110 -0.46721 0.88180 -0.06439 0.186116 0.021646
-84.6260 45.6980 9.2460 -0.16614 0.98362 -0.06996 0.187811 0.023894
-83.4050 45.5630 11.3030 0.26526 0.93764 0.22465 0.192841 0.016334
-84.1810 45.7370 9.7740 0.13490 0.99007 -0.03951 0.189605 0.021978
-80.5870 43.8370 12.1410 0.04937 0.58455 0.80986 0.188427 0.981242
-80.1600 44.1560 11.7910 0.10243 0.66656 0.73838 0.189987 0.983212
-80.1600 44.1560 11.7910 0.22797 0.82189 0.52204 0.206447 0.014580
-78.8000 43.6450 12.1840 0.03304 0.69807 0.71526 0.196041 0.981299
-78.8000 43.6450 12.1840 0.10345 0.88623 0.45155 0.211893 0.013191
-74.2390 38.9640 15.0860 -0.05244 0.24453 0.96822 0.216437 0.960620
-75.3770 42.5800 13.6250 -0.05109 0.67355 0.73737 0.210843 0.975586
-80.2010 44.5090 10.5820 0.26915 0.96133 0.05834 0.205708 0.019481
-81.1060 44.7740 7.1840 0.28694 0.95788 0.01109 0.201470 0.032441
-83.5110 45.5840 7.8730 0.22724 0.97214 -0.05749 0.191832 0.029351
-83.8820 45.6210 7.3990 0.05854 0.99666 -0.05691 0.190305 0.031115
-83.7560 45.5240 5.9930 0.03129 0.99851 -0.04470 0.190586 0.036540
-82.3540 45.2290 7.9720 0.30914 0.95101 -0.00382 0.196508 0.029186
-82.8140 45.3520 5.7800 0.24098 0.97052 -0.00418 0.194255 0.037524
-82.6110 45.2900 3.0630 0.19789 0.98021 -0.00527 0.194619 0.047998
-80.8560 44.7970 4.0780 0.18423 0.98197 0.04245 0.201805 0.044433
-80.1630 44.5530 6.6500 0.17159 0.98419 0.04398 0.205091 0.034666
-79.3010 44.5580 5.1210 0.06422 0.99507 0.07553 0.208064 0.040742
-79.0180 44.0670 11.4250 0.16247 0.93054 0.32818 0.210685 0.016419
-79.6320 44.3540 9.7240 0.20349 0.97908 0.00066 0.207824 0.022913
-78.1660 44.1360 9.5280 0.09159 0.99514 0.03626 0.213485 0.023972
-76.5540 43.5590 12.2100 -0.02417 0.79483 0.60634 0.205425 0.981788
-76.5540 43.5590 12.2100 0.01994 0.92716 0.37414 0.220463 0.013745
-78.4320 44.1640 10.5430 0.11637 0.98929 0.08812 0.212680 0.020003
-75.9870 43.8200 11.5330 0.02268 0.96073 0.27656 0.222397 0.016709
-76.2220 44.0280 10.4480 0.04537 0.99514 0.08742 0.221192 0.020887
-76.1570 44.2440 7.1070 0.03489 0.99549 0.08818 0.220643 0.033793
-75.3520 43.9950 9.6120 0.02579 0.99846 0.04903 0.224346 0.024312
-78.3590 44.3650 6.9230 0.06196 0.99423 0.08758 0.212123 0.033996
-77.8790 44.5600 5.0080 0.04568 0.99595 0.07743 0.213501 0.041517
-76.6730 44.4470 4.9680 0.07110 0.99488 0.07184 0.218147 0.041934
-83.0680 45.3250 1.4660 0.09849 0.99382 -0.05120 0.192548 0.054048
-81.5540 45.0680 0.9530 0.13774 0.99044 0.00717 0.198351 0.056331
-79.8590 44.9330 -0.3290 0.07254 0.99729 0.01223 0.204612 0.061631
-78.5770 44.7160 2.6220 0.05947 0.99648 0.05915 0.210246 0.050550
-77.7280 44.8080 0.4630 0.05802 0.99775 0.03352 0.213007 0.059060
-79.4610 44.8850 -2.1020 0.05875 0.99809 -0.01913 0.205768 0.068538
-78.6850 44.8160 -4.3650 0.05184 0.99799 -0.03640 0.208261 0.077410
-76.8690 44.7010 1.3100 0.05880 0.99659 0.05785 0.216517 0.055991
-75.5470 44.4560 3.5430 0.03661 0.99743 0.06155 0.222147 0.047677
-75.4070 44.5470 2.5750 0.03432 0.99593 0.08339 0.222451 0.051450
-74.1890 44.5320 2.2250 0.03270 0.99828 0.04873 0.227056 0.053079
-74.7270 44.6440 0.3170 0.06028 0.99777 0.02858 0.224536 0.060302
-76.4120 44.7390 -0.6360 0.05450 0.99851 0.00041 0.217833 0.063585
-75.9340 44.6670 -2.7170 0.05040 0.99861 -0.01509 0.219217 0.071697
-77.1190 44.6890 -4.9270 0.05375 0.99791 -0.03600 0.214169 0.079929
-73.5390 44.5800 -0.8050 0.04260 0.99906 0.00763 0.228860 0.064884
-73.6610 44.5680 -3.8960 0.03447 0.99920 -0.02016 0.227703 0.076747
-71.4350 41.4430 14.5670 -0.06887 0.36369 0.92897 0.227010 0.970679
-72.2500 42.3420 14.0260 -0.05642 0.53516 0.84287 0.223524 0.974585
-73.3910 42.7040 13.7060 -0.06242 0.71423 0.69712 0.218838 0.976199
-73.1540 43.5590 12.2710 -0.01330 0.96693 0.25470 0.233455 0.014458
-73.1540 43.5590 12.2710 -0.03652 0.85037 0.52491 0.219294 0.982689
-70.4570 39.3270 15.2060 -0.05295 0.22616 0.97265 0.231252 0.962245
-66.4040 39.3280 15.4210 -0.04984 0.20867 0.97671 0.247164 0.962322
-67.8370 41.5320 14.7840 -0.05486 0.34191 0.93813 0.241260 0.971067
-69.1440 42.0590 14.4570 -0.05801 0.52920 0.84651 0.235990 0.973293
-71.1000 42.7010 13.8110 -0.04233 0.74910 0.66110 0.228006 0.976410
-70.5980 43.7080 12.2190 -0.03462 0.85350 0.51995 0.229534 0.983770
-70.5980 43.7080 12.2190 -0.01809 0.98701 0.15964 0.243241 0.015382
-72.9900 43.9250 10.8360 -0.00230 0.98914 0.14698 0.233718 0.020189
-71.3740 43.9750 10.2450 0.00467 0.99599 0.08933 0.239783 0.022850
-68.9470 43.9320 10.9370 -0.00444 0.99621 0.08684 0.249273 0.020765
-68.1430 43.7390 12.2490 -0.00861 0.98774 0.15589 0.252667 0.015856
-68.1430 43.7390 12.2490 -0.02549 0.86804 0.49584 0.239288 0.984313
-68.2070 42.7900 13.8880 -0.04848 0.77583 0.62908 0.239500 0.977018
-73.7790 44.3460 5.3480 0.02046 0.99774 0.06394 0.229365 0.041146
-72.8850 44.0720 8.7040 0.00386 0.99730 0.07328 0.233609 0.028420
-70.5130 44.1940 6.6560 0.01151 0.99795 0.06303 0.242237 0.036874
-68.9840 43.9440 9.9830 0.00649 0.99913 0.04111 0.248907 0.024421
-67.5570 44.1800 6.7020 0.01609 0.99810 0.05954 0.253612 0.037394
-72.0660 44.4370 2.7430 0.02730 0.99884 0.03955 0.235344 0.051575
-69.6940 44.4260 0.6010 0.02759 0.99946 0.01779 0.243978 0.060359
-71.6560 44.5340 -2.1370 0.03095 0.99952 -0.00276 0.235805 0.070439
-69.0740 44.3570 3.3910 0.01734 0.99919 0.03626 0.247004 0.049780
-66.2090 44.2880 3.7110 0.02546 0.99908 0.03443 0.258097 0.049210
-66.8300 44.3410 1.8290 0.02550 0.99957 0.01431 0.255275 0.056300
-67.4910 44.3920 -1.8360 0.03263 0.99947 -0.00220 0.251900 0.070235
-62.7410 28.0790 17.9030 -0.02138 0.17457 0.98441 0.262484 0.917948
-61.0020 29.4270 17.6610 -0.02892 0.17613 0.98394 0.269071 0.923300
-63.7770 32.4050 17.0020 -0.03503 0.19783 0.97961 0.258126 0.934999
-61.4860 32.1420 17.1450 -0.04111 0.19208 0.98052 0.266990 0.933969
-58.6110 30.4850 17.5980 -0.03119 0.18051 0.98308 0.278214 0.927429
-56.9850 29.4740 17.8050 -0.03052 0.17437 0.98421 0.284543 0.923482
-58.5280 35.7120 16.5850 -0.03607 0.21452 0.97605 0.278176 0.947997
-57.0240 34.5840 16.8360 -0.03289 0.19441 0.98037 0.284078 0.943570
-65.9120 37.5730 15.7540 -0.04567 0.21581 0.97537 0.249271 0.955440
-63.5860 37.5120 15.8710 -0.04636 0.21496 0.97552 0.258345 0.955212
-61.0520 36.1830 16.3450 -0.04676 0.22868 0.97238 0.268334 0.949896
-61.0900 37.4600 16.0100 -0.04943 0.21105 0.97622 0.268069 0.954991
-62.2240 39.1780 15.6560 -0.05149 0.19637 0.97918 0.263529 0.961730
-59.0890 39.5440 15.7480 -0.05324 0.19842 0.97867 0.275745 0.963112
-53.2010 29.6740 17.9190 -0.03117 0.17307 0.98442 0.299123 0.924223
-54.8270 32.0710 17.4210 -0.04657 0.18290 0.98203 0.292725 0.933653
-51.3800 31.2300 17.6940 -0.03412 0.17084 0.98471 0.306086 0.930307
-49.5120 29.3810 18.1130 -0.04577 0.16457 0.98530 0.313372 0.923014
-52.6560 32.3520 17.4780 -0.03438 0.17869 0.98330 0.301112 0.934706
-51.0750 33.7480 17.2610 -0.04214 0.18379 0.98206 0.307166 0.940171
-54.0350 36.1480 16.6760 -0.04574 0.21581 0.97536 0.295587 0.949654
-57.0240 37.3520 16.2510 -0.04643 0.19684 0.97933 0.283909 0.954485
-53.5810 37.1450 16.4400 -0.05082 0.20941 0.97651 0.297294 0.953614
-54.7130 39.1040 16.0640 -0.05033 0.18630 0.98120 0.292825 0.961293
-52.5070 39.5920 16.0890 -0.05457 0.19166 0.97994 0.301391 0.963150
-50.5240 37.1920 16.6140 -0.05149 0.18540 0.98131 0.309168 0.953691
-57.2130 41.8460 15.3360 -0.05541 0.34977 0.93519 0.282952 0.972146
-53.8950 41.9340 15.5000 -0.05692 0.39266 0.91792 0.295900 0.972426
-50.0120 41.9380 15.7090 -0.05216 0.35026 0.93520 0.311031 0.972331
-52.1140 42.3780 15.3850 -0.05405 0.55116 0.83265 0.302809 0.974270
-64.0800 41.6070 14.9860 -0.05418 0.35420 0.93360 0.256058 0.971369
-65.9450 42.3900 14.4750 -0.05315 0.59946 0.79864 0.248588 0.974750
-64.7850 42.8490 14.0590 -0.04550 0.81557 0.57687 0.253029 0.977331
-67.1170 43.9580 9.7640 0.00173 0.99864 0.05214 0.256024 0.025699
-66.1420 43.8710 11.4930 -0.00652 0.99229 0.12373 0.260171 0.019273
-65.3050 43.6890 12.4660 -0.02909 0.88061 0.47294 0.250554 0.984135
-65.3050 43.6890 12.4660 -0.00982 0.98265 0.18519 0.263608 0.015658
-63.2640 43.9500 11.2490 -0.01312 0.99514 0.09758 0.271171 0.020895
-65.0290 44.0800 7.1350 0.01405 0.99886 0.04559 0.263435 0.036303
-61.2250 41.6650 15.1420 -0.05579 0.33241 0.94148 0.267263 0.971551
-63.4290 42.5480 14.5100 -0.05541 0.64639 0.76100 0.258472 0.975497
-61.8740 42.4150 14.7400 -0.05851 0.59728 0.79989 0.264621 0.974769
-62.6660 42.9460 14.0760 -0.04105 0.82658 0.56132 0.261352 0.977903
-59.1440 42.5460 14.8300 -0.05154 0.62375 0.77992 0.275314 0.975290
-60.1180 42.9380 14.3220 -0.04716 0.81511 0.57739 0.271389 0.977594
-60.3750 43.7680 12.7380 -0.01956 0.98533 0.16951 0.282602 0.015772
-60.3750 43.7680 12.7380 -0.03796 0.88356 0.46678 0.270003 0.984422
-60.3990 43.9760 11.5320 -0.01342 0.99668 0.08035 0.282240 0.020469
-58.9580 43.9720 10.4460 -0.00095 0.99998 0.00631 0.287524 0.024974
-63.2730 44.1750 4.4470 0.02459 0.99923 0.03069 0.269560 0.047051
-59.6140 44.0370 7.2620 0.00990 0.99978 0.01856 0.284276 0.037068
-61.6890 44.1670 1.9830 0.03488 0.99936 0.00830 0.275090 0.056886
-64.0190 44.2670 1.7460 0.03427 0.99933 0.01252 0.266071 0.057264
-63.7490 44.2690 -1.9940 0.03743 0.99927 -0.00733 0.266260 0.071701
-59.3380 44.0960 3.0730 0.03041 0.99952 0.00620 0.284382 0.053235
-57.6650 43.0490 14.3110 -0.04355 0.84627 0.53097 0.280959 0.978314
-55.6590 42.6900 14.9750 -0.04626 0.64669 0.76135 0.288924 0.975780
-56.5900 43.8020 12.8890 -0.02101 0.98472 0.17288 0.297164 0.016054
-56.5900 43.8020 12.8890 -0.03482 0.89457 0.44557 0.284835 0.984714
-57.4130 43.9850 11.7180 -0.00970 0.99708 0.07573 0.293747 0.020434
-54.6170 43.0090 14.6700 -0.02653 0.78528 0.61857 0.292924 0.977599
-54.4140 44.0400 11.8470 0.00181 0.99895 0.04585 0.305290 0.020621
-52.1070 43.8070 13.2490 -0.03213 0.89582 0.44326 0.302386 0.984322
-52.1070 43.8070 13.2490 -0.02894 0.97953 0.19921 0.314456 0.015668
-51.5260 43.0430 14.8300 -0.04814 0.79961 0.59859 0.304985 0.977672
-55.1530 43.9680 10.8230 -0.00831 0.99981 -0.01772 0.302224 0.024398
-55.1300 43.9930 8.9980 0.00269 0.99998 0.00488 0.301901 0.031420
-57.5790 44.0270 4.6560 0.01956 0.99980 0.00461 0.291506 0.047550
-55.7450 43.9990 2.3960 0.02058 0.99977 -0.00633 0.298047 0.056657
-57.7080 44.0320 1.2190 0.03097 0.99951 -0.00533 0.290231 0.060736
-53.8730 43.9730 5.0050 0.01670 0.99984 -0.00589 0.305831 0.047049
-52.3070 44.0060 12.2480 -0.01499 0.99536 0.09502 0.313477 0.019553
-51.9120 43.9740 8.9740 0.00671 0.99992 -0.01026 0.314261 0.032230
-50.0120 43.9990 11.0380 -0.00185 0.99905 -0.04361 0.322022 0.024718
-49.8160 43.9200 6.5920 0.01899 0.99967 -0.01722 0.321783 0.041860
-62.2570 14.1550 -24.5910 0.01684 -0.00442 -0.99985 0.264242 0.260498
-65.2480 18.7240 -24.6360 0.01957 0.01256 -0.99973 0.253217 0.242612
-61.8640 18.1750 -24.5590 0.02585 0.01669 -0.99953 0.266183 0.245064
-64.1210 23.4850 -24.4740 0.03266 0.03377 -0.99890 0.258061 0.224390
-67.0110 25.2900 -24.5120 0.03076 0.04063 -0.99870 0.247133 0.217150
-59.3290 18.4540 -24.4910 0.02718 0.02181 -0.99939 0.275970 0.244251
-60.1050 22.5510 -24.3750 0.03062 0.03735 -0.99883 0.273429 0.228393
-62.4160 26.1100 -24.3020 0.03623 0.05180 -0.99800 0.264919 0.214450
-56.5030 20.9450 -24.3320 0.03575 0.03529 -0.99874 0.287118 0.234946
-58.2100 25.1320 -24.2040 0.03534 0.05118 -0.99806 0.281010 0.218641
-61.5020 29.9020 -24.0390 0.03786 0.07344 -0.99658 0.268868 0.199917
-54.1980 22.3990 -24.1760 0.04114 0.03939 -0.99838 0.296156 0.229573
-52.1330 25.4650 -23.9640 0.04021 0.05595 -0.99762 0.304449 0.217962
-57.7830 29.3590 -23.9320 0.03818 0.07163 -0.99670 0.283135 0.202384
-52.5610 28.8950 -23.7710 0.04020 0.07132 -0.99664 0.303201 0.204698
-76.5760 44.5790 -7.3730 0.04306 0.99802 -0.04590 0.215723 0.089460
-74.9240 44.5140 -6.4510 0.04256 0.99831 -0.03958 0.222285 0.086292
-74.1550 44.3860 -8.6550 0.04371 0.99703 -0.06342 0.224759 0.094955
-75.8880 44.4580 -9.2100 0.04161 0.99575 -0.08213 0.217968 0.096687
-72.6840 44.1650 -10.9080 0.02632 0.99529 -0.09331 0.229926 0.103977
-74.5240 44.2850 -10.1090 0.03996 0.99470 -0.09479 0.223022 0.100481
-69.1920 44.1380 -10.0100 0.03072 0.99685 -0.07317 0.243547 0.101300
-68.8560 43.7990 -13.6750 0.01921 0.99463 -0.10173 0.244043 0.115525
-71.5970 44.4320 -6.6840 0.03167 0.99841 -0.04664 0.235023 0.087939
-69.4110 44.4060 -5.3580 0.03435 0.99886 -0.03309 0.243725 0.083338
-66.7830 44.1820 -7.9360 0.03300 0.99797 -0.05441 0.253269 0.093865
-64.2780 44.2340 -4.8450 0.03910 0.99877 -0.03040 0.263587 0.082542
-63.4550 44.0670 -8.1840 0.04012 0.99772 -0.05427 0.266011 0.095576
-65.8610 43.9520 -11.1300 0.03171 0.99651 -0.07716 0.256116 0.106379
-64.9250 43.6510 -14.2350 0.02723 0.99492 -0.09690 0.259039 0.118574
-67.6500 43.5430 -15.8480 0.01588 0.99337 -0.11388 0.248210 0.124192
-62.1820 43.7120 -12.4140 0.03580 0.99652 -0.07530 0.269995 0.112179
-62.0280 43.4340 -15.6860 0.02096 0.99539 -0.09364 0.269868 0.124841
-66.5080 29.7350 -24.2390 0.03893 0.06765 -0.99695 0.249560 0.200064
-63.9760 33.1100 -23.8530 0.03936 0.08969 -0.99519 0.259708 0.187280
-68.6620 36.7300 -23.7080 0.04013 0.09820 -0.99436 0.242064 0.172828
-71.1380 38.2370 -23.6370 0.03901 0.09994 -0.99423 0.232699 0.166740
-69.6620 39.3710 -23.4820 0.03453 0.13444 -0.99032 0.238524 0.162515
-72.0370 40.8120 -23.3280 0.03986 0.20602 -0.97774 0.229549 0.156644
-69.4020 41.7410 -23.0320 0.02558 0.41897 -0.90764 0.239842 0.153277
-67.8020 41.4600 -23.0750 0.01891 0.33363 -0.94252 0.245969 0.154547
-65.9920 39.6790 -23.3030 0.03811 0.12866 -0.99096 0.252710 0.161705
-65.0850 37.1450 -23.5180 0.04070 0.09710 -0.99444 0.255909 0.171574
-58.1270 33.7520 -23.5800 0.03865 0.09020 -0.99517 0.282324 0.185389
-54.2700 33.1890 -23.4750 0.03935 0.08912 -0.99524 0.297125 0.187948
-63.0430 43.0810 -19.1820 0.00941 0.99363 -0.11229 0.265201 0.138149
-63.7370 42.8750 -20.9180 0.01198 0.98646 -0.16358 0.262147 0.144724
-66.6190 43.0680 -19.7680 0.00876 0.99184 -0.12718 0.251313 0.139582
-66.0240 41.8010 -22.9630 0.02225 0.42173 -0.90645 0.252855 0.153490
-63.5070 41.5290 -22.9320 0.03169 0.37829 -0.92514 0.262529 0.154689
-63.3260 39.3790 -23.2190 0.03604 0.11582 -0.99262 0.262958 0.163085
-65.9360 42.7590 -21.9120 -0.00302 0.93754 -0.34787 0.253456 0.148022
-64.0260 42.6100 -22.0930 0.04539 0.85144 -0.52249 0.260760 0.149307
-65.3970 42.4810 -22.3900 0.03310 0.75407 -0.65596 0.255422 0.150217
-62.0760 41.8330 -22.7280 0.02508 0.55565 -0.83104 0.268106 0.153518
-64.7290 43.1800 -18.3770 0.01702 0.99426 -0.10563 0.258894 0.134646
-62.2150 42.7980 -21.3920 0.00591 0.97777 -0.20958 0.267898 0.146912
-60.5610 42.6100 -21.9350 -0.00833 0.87080 -0.49157 0.274144 0.149488
-58.9520 43.0610 -19.1750 0.01008 0.99496 -0.09978 0.280938 0.138994
-59.4480 42.8280 -21.2500 0.00186 0.97582 -0.21857 0.278581 0.146916
-59.0350 42.4940 -22.1720 0.00301 0.80340 -0.59544 0.279971 0.150750
-60.7340 37.2000 -23.3440 0.03695 0.09505 -0.99479 0.272682 0.171787
-60.8230 39.6500 -23.1220 0.03271 0.11230 -0.99314 0.272633 0.162303
-57.1070 39.5460 -22.9780 0.03564 0.10594 -0.99373 0.286939 0.163109
-60.2230 41.3140 -22.8830 0.02729 0.23779 -0.97093 0.275155 0.155903
-58.6790 41.8980 -22.6340 0.01798 0.51096 -0.85941 0.281199 0.153712
-48.8250 27.0860 -23.7200 0.04178 0.05700 -0.99750 0.317393 0.212050
-49.1480 32.1200 -23.3730 0.04245 0.08460 -0.99551 0.316744 0.192595
-59.6920 44.0920 -2.3120 0.04236 0.99895 -0.01726 0.281804 0.073857
-59.3180 43.9370 -6.5200 0.05049 0.99792 -0.04018 0.282310 0.090131
-56.0240 43.9400 -2.5000 0.03327 0.99915 -0.02437 0.295877 0.075420
-57.2940 43.8540 -5.9520 0.03698 0.99860 -0.03794 0.290228 0.088411
-58.1670 43.7350 -9.5190 0.03855 0.99779 -0.05409 0.286082 0.101942
-56.6270 43.3950 -14.4670 0.02957 0.99714 -0.06953 0.290919 0.121349
-54.2640 43.7490 -6.7520 0.03610 0.99850 -0.04120 0.301704 0.092177
-53.3570 43.5530 -10.0280 0.03841 0.99794 -0.05134 0.304479 0.104999
-53.2120 43.9230 1.0390 0.03083 0.99939 -0.01627 0.307484 0.062446
-52.2840 43.8190 -2.3790 0.04416 0.99860 -0.02907 0.310290 0.075804
-51.1420 43.8970 3.2270 0.02868 0.99939 -0.01990 0.315932 0.054504
-48.6120 43.7150 0.2350 0.04270 0.99850 -0.03426 0.325002 0.066584
-49.5490 43.5860 -4.2690 0.05526 0.99786 -0.03494 0.320407 0.083707
-51.5020 43.6670 -5.6340 0.05418 0.99781 -0.03786 0.312582 0.088507
-46.5170 43.4630 -3.5060 0.04373 0.99835 -0.03723 0.332244 0.081461
-46.5210 43.3660 -6.7300 0.04677 0.99824 -0.03635 0.331520 0.093865
-49.5190 43.4640 -7.8290 0.04972 0.99794 -0.04050 0.319738 0.097415
-47.3040 43.2840 -9.5660 0.04434 0.99832 -0.03720 0.327889 0.104608
-49.5420 43.3020 -11.7170 0.04221 0.99830 -0.04020 0.318800 0.112376
-50.4590 43.2150 -14.5610 0.02523 0.99848 -0.04893 0.314645 0.123111
-53.4180 37.0390 -23.0750 0.03981 0.09263 -0.99490 0.300868 0.173157
-49.5210 36.9990 -22.9200 0.04067 0.09274 -0.99486 0.315887 0.173695
-51.2890 40.1290 -22.7060 0.03932 0.12128 -0.99184 0.309433 0.161427
-56.0640 42.7790 -21.4550 0.01641 0.96303 -0.26888 0.291556 0.148421
-57.5360 42.5870 -22.0270 0.01244 0.82380 -0.56675 0.285769 0.150417
-56.1440 43.0010 -19.4870 0.00870 0.99588 -0.09026 0.291681 0.140804
-53.3470 43.2230 -15.4210 0.02342 0.99779 -0.06215 0.303342 0.125771
-53.1420 42.8310 -21.1940 0.00148 0.96437 -0.26454 0.302856 0.148066
-51.7370 43.0880 -17.2460 0.01516 0.99854 -0.05189 0.309137 0.133164
-52.6620 42.9980 -19.2390 0.00342 0.99781 -0.06612 0.305134 0.140626
-54.5020 39.9090 -22.8630 0.03729 0.11270 -0.99293 0.297023 0.161970
-56.8840 41.6780 -22.7160 0.02714 0.37382 -0.92710 0.288067 0.154896
-55.2840 42.4280 -22.1450 0.02775 0.75469 -0.65550 0.294391 0.151562
-53.6600 41.6870 -22.5710 0.03202 0.33820 -0.94053 0.300484 0.155134
-50.9300 41.7570 -22.4320 0.03517 0.35413 -0.93453 0.311021 0.155112
-49.0820 41.6840 -22.4070 0.03685 0.33551 -0.94131 0.318126 0.155622
-52.9810 42.3480 -22.1620 0.01511 0.72281 -0.69088 0.303235 0.152262
-50.6800 42.7140 -21.5730 0.00762 0.91904 -0.39409 0.312239 0.150119
-49.9200 42.4130 -21.9760 0.01629 0.67832 -0.73459 0.315055 0.152217
-46.0790 36.4710 -22.8260 0.04471 0.09338 -0.99463 0.329102 0.176073
-47.7450 39.9500 -22.5800 0.04574 0.11477 -0.99234 0.323081 0.162466
-43.0110 32.4520 -23.0670 0.04977 0.08523 -0.99512 0.340440 0.191931
-45.2700 39.7990 -22.4780 0.04534 0.11229 -0.99264 0.332616 0.163268
-42.6740 36.7690 -22.6360 0.05154 0.09549 -0.99409 0.342269 0.175247
-42.6430 40.1310 -22.3170 0.05023 0.11257 -0.99237 0.342797 0.162220
-50.2010 42.9300 -20.4070 -0.00213 0.99414 -0.10806 0.314349 0.145665
-47.7740 43.0500 -17.1020 0.01559 0.99935 -0.03254 0.324427 0.133500
-47.6520 43.1590 -13.8040 0.03358 0.99888 -0.03341 0.325620 0.120841
-44.1000 43.0660 -12.5100 0.01990 0.99951 -0.02429 0.339577 0.116671
-45.5170 43.0130 -16.3400 0.02085 0.99957 -0.02074 0.333286 0.131093
-45.8310 42.9810 -19.2800 0.00376 0.99948 -0.03194 0.331424 0.142327
-47.9530 42.9760 -19.8030 0.00118 0.99849 -0.05487 0.323133 0.143842
-47.7370 42.5040 -21.8670 0.03081 0.72855 -0.68430 0.323485 0.152130
-46.6290 41.5900 -22.2880 0.04126 0.29658 -0.95412 0.327583 0.156182
-47.2270 42.8650 -21.0580 0.00234 0.97027 -0.24202 0.325643 0.148843
-45.0060 42.7550 -21.3670 0.02920 0.90190 -0.43096 0.334114 0.150618
-44.6300 42.3120 -21.8730 0.03115 0.61640 -0.78681 0.335421 0.153284
-42.8850 42.9510 -18.1820 0.00437 0.99998 -0.00552 0.343016 0.138791
-43.3260 42.9780 -20.0660 0.00375 0.99739 -0.07205 0.340890 0.145941
-43.0720 42.8120 -21.1630 0.00975 0.92688 -0.37522 0.341608 0.150269
-44.3310 41.6060 -22.2020 0.02786 0.27412 -0.96129 0.336455 0.156334
-42.6700 41.8950 -22.0770 0.04510 0.38270 -0.92277 0.342904 0.155368
-37.4560 5.8430 21.0150 -0.02309 0.05698 0.99811 0.359979 0.831423
-36.3760 0.2620 21.3150 -0.02067 0.04019 0.99898 0.364061 0.809861
-35.1780 6.7130 21.0140 -0.01794 0.06190 0.99792 0.368738 0.834750
-38.1200 9.7470 20.7410 -0.02026 0.07068 0.99729 0.357451 0.846523
-39.9650 11.8140 20.5570 -0.03211 0.08429 0.99592 0.350373 0.854544
-40.8230 14.6560 20.2460 -0.02145 0.09372 0.99537 0.347070 0.865578
-37.1470 13.2010 20.4920 -0.02371 0.08553 0.99605 0.361202 0.859874
-33.0640 11.1600 20.7390 -0.02395 0.07305 0.99704 0.376890 0.851910
-31.5140 9.1020 20.9050 -0.01450 0.06522 0.99777 0.382836 0.843932
-31.3010 11.5270 20.7690 -0.01215 0.07279 0.99727 0.383673 0.853293
-34.3570 15.1750 20.4010 -0.02269 0.09609 0.99511 0.371934 0.867464
-31.8640 15.2020 20.4320 -0.01946 0.09116 0.99565 0.381523 0.867534
-26.8980 15.2240 20.5430 -0.02270 0.08538 0.99609 0.400631 0.867518
-29.5500 11.8450 20.7370 -0.01667 0.07462 0.99707 0.390406 0.854506
-30.2090 17.8760 20.2090 -0.02521 0.09844 0.99482 0.387895 0.877863
-42.4270 16.0550 20.1030 -0.01889 0.10017 0.99479 0.340900 0.871012
-43.9840 17.9530 19.8500 -0.02602 0.11066 0.99352 0.334902 0.878402
-41.8230 18.9570 19.8020 -0.02946 0.11101 0.99338 0.343202 0.882268
-38.4280 16.8450 20.1210 -0.02768 0.09702 0.99490 0.356274 0.874014
-39.4230 20.7210 19.6750 -0.03060 0.11713 0.99265 0.352420 0.889072
-36.7860 19.7310 19.8730 -0.02384 0.11005 0.99364 0.362576 0.885176
-37.3360 23.0220 19.4510 -0.02997 0.12727 0.99142 0.360437 0.897976
-39.2360 23.7010 19.3000 -0.03127 0.13288 0.99064 0.353108 0.900660
-44.1880 22.0190 19.3540 -0.02432 0.12297 0.99211 0.334065 0.894211
-42.0010 22.9040 19.3270 -0.03337 0.12874 0.99112 0.342472 0.897607
-44.3480 25.8640 18.8390 -0.02939 0.14309 0.98927 0.333379 0.909182
-44.6760 29.6320 18.2650 -0.03552 0.16072 0.98636 0.332027 0.923888
-41.3540 26.9160 18.7800 -0.03350 0.14431 0.98896 0.344899 0.913226
-35.3880 17.6000 20.1100 -0.02197 0.10137 0.99461 0.367963 0.876893
-32.7230 18.5640 20.0740 -0.02763 0.10092 0.99451 0.378216 0.880581
-33.7060 20.8430 19.8010 -0.02815 0.11217 0.99329 0.374426 0.889442
-34.6440 23.3180 19.5000 -0.02760 0.12209 0.99214 0.370806 0.899063
-31.5170 20.6430 19.9100 -0.02657 0.10932 0.99365 0.382861 0.888608
-31.9840 24.6410 19.3980 -0.02656 0.12740 0.99150 0.381048 0.904152
-29.2290 22.2690 19.7630 -0.02746 0.11733 0.99271 0.391670 0.894876
-36.0320 26.1840 19.0630 -0.03106 0.13760 0.99000 0.365432 0.910252
-37.2670 28.7110 18.6770 -0.03063 0.14841 0.98845 0.360645 0.920112
-40.7100 31.1580 18.1520 -0.03783 0.16196 0.98607 0.347315 0.929760
-33.2640 27.8630 18.9200 -0.03768 0.14347 0.98894 0.376096 0.916719
-31.5890 27.8220 19.0000 -0.02789 0.14164 0.98953 0.382560 0.916507
-35.1860 29.8300 18.5550 -0.03074 0.15374 0.98763 0.368661 0.924437
-32.7000 30.6660 18.5070 -0.03395 0.15596 0.98718 0.378248 0.927635
-27.1740 19.5420 20.1360 -0.02747 0.10299 0.99430 0.399586 0.884244
-23.9870 22.3520 19.9070 -0.02899 0.11130 0.99336 0.411871 0.895067
-25.7220 26.0710 19.4260 -0.03197 0.12376 0.99180 0.405191 0.909540
-30.0090 26.4870 19.2020 -0.02837 0.13206 0.99084 0.388657 0.911286
-27.0030 28.4840 19.0560 -0.04186 0.13993 0.98928 0.400251 0.918960
-29.7080 30.7080 18.5950 -0.03721 0.15295 0.98753 0.389797 0.927720
-22.0230 26.8780 19.4210 -0.03062 0.12922 0.99114 0.419456 0.912583
-24.3850 28.4340 19.1590 -0.02509 0.13838 0.99006 0.410349 0.918688
-24.8990 31.7070 18.6720 -0.02951 0.15190 0.98795 0.408371 0.931442
-22.8020 32.5270 18.5720 -0.02977 0.15140 0.98802 0.416459 0.934601
-24.6240 36.6450 17.8810 -0.03781 0.19374 0.98032 0.409429 0.950700
-33.8030 2.1810 21.2850 -0.02007 0.04749 0.99867 0.373973 0.817230
-29.7570 2.8990 21.3200 -0.02085 0.05030 0.99852 0.389529 0.819937
-32.5880 4.7860 21.1540 -0.01640 0.05860 0.99815 0.378671 0.827271
-29.6000 5.9570 21.1510 -0.02273 0.06202 0.99782 0.390165 0.831744
-26.9110 3.7930 21.3390 -0.01729 0.05243 0.99848 0.400478 0.823336
-23.4450 7.9480 21.1460 -0.01530 0.06315 0.99789 0.413855 0.839320
-26.1570 8.3590 21.0810 -0.01987 0.06655 0.99759 0.403431 0.840959
-27.4110 11.9620 20.7960 -0.02537 0.07564 0.99681 0.398637 0.854909
-19.2870 9.8260 21.0900 -0.01746 0.06716 0.99759 0.429869 0.846494
-15.9830 8.8610 21.2130 -0.01813 0.06365 0.99781 0.442575 0.842698
-23.9820 12.4040 20.8200 -0.01832 0.07436 0.99706 0.411832 0.856553
-20.4520 14.1550 20.7620 -0.01933 0.07644 0.99689 0.425435 0.863247
-22.6980 15.3620 20.6190 -0.02152 0.08294 0.99632 0.416796 0.867964
-24.0430 18.4750 20.3080 -0.02357 0.09541 0.99516 0.411639 0.880046
-10.8220 9.6770 21.2570 -0.01577 0.06207 0.99795 0.462445 0.845732
-7.0740 8.9200 21.3520 -0.01800 0.06143 0.99795 0.476864 0.842728
-11.9800 13.8610 20.9540 -0.01847 0.07059 0.99733 0.458044 0.861917
-16.3780 14.7750 20.7920 -0.02109 0.07609 0.99688 0.441124 0.865552
-19.0230 18.8180 20.4030 -0.02357 0.09058 0.99561 0.430971 0.881250
-13.7650 20.8650 20.3460 -0.02630 0.09492 0.99514 0.451247 0.889036
-11.2710 18.3700 20.6350 -0.02127 0.08214 0.99639 0.460833 0.879322
-20.8030 23.0360 19.9380 -0.03035 0.11104 0.99335 0.424147 0.897632
-16.6730 23.2830 20.0220 -0.02733 0.10768 0.99381 0.440066 0.898479
-16.9930 27.4700 19.5180 -0.03368 0.12472 0.99162 0.438860 0.914730
-12.0000 27.0860 19.7310 -0.03045 0.11921 0.99240 0.458114 0.913093
-18.9480 31.5220 18.9060 -0.04145 0.14422 0.98868 0.431339 0.930541
-14.7760 31.0690 19.1310 -0.03463 0.13881 0.98971 0.447437 0.928641
-16.7850 36.8470 18.1680 -0.04001 0.17642 0.98350 0.439711 0.951219
-47.8380 32.4890 17.6450 -0.03867 0.17637 0.98356 0.319735 0.935143
-48.3020 36.3630 16.9250 -0.04603 0.21039 0.97653 0.317821 0.950333
-46.5060 34.3770 17.3360 -0.03782 0.17445 0.98394 0.324833 0.942521
-43.3250 36.2330 17.1670 -0.04487 0.19583 0.97961 0.337105 0.949682
-45.8870 36.4710 17.0100 -0.04544 0.20624 0.97745 0.327176 0.950687
-47.0040 37.4690 16.6980 -0.04514 0.19726 0.97931 0.322808 0.954697
-49.3530 39.3410 16.3160 -0.04990 0.18383 0.98169 0.313660 0.962054
-47.1770 41.7200 15.9200 -0.05201 0.27214 0.96085 0.322064 0.971346
-46.6400 42.6500 15.6120 -0.05748 0.55486 0.82996 0.324111 0.975131
-49.5360 42.7770 15.2620 -0.05971 0.62511 0.77825 0.312802 0.976031
-45.9330 39.6000 16.4440 -0.04655 0.17712 0.98309 0.326938 0.962948
-47.1350 43.1780 15.0160 -0.04211 0.83173 0.55358 0.322074 0.978116
-44.4610 37.6760 16.7820 -0.04353 0.18555 0.98167 0.332664 0.955420
-41.8440 37.8540 16.8690 -0.04638 0.18206 0.98219 0.342800 0.956037
-42.9310 39.7070 16.5580 -0.04672 0.17354 0.98372 0.338579 0.963277
-44.4920 42.1870 15.9470 -0.04814 0.32380 0.94490 0.332481 0.973089
-44.5170 43.2020 15.1710 -0.04379 0.84146 0.53854 0.332250 0.978103
-43.5380 42.7950 15.7080 -0.04869 0.58911 0.80659 0.336142 0.975646
-46.0970 43.9770 13.2830 0.00019 0.99007 0.14058 0.337556 0.016898
-46.0970 43.9770 13.2830 -0.02780 0.91500 0.40251 0.325727 0.985656
-37.0990 32.9510 17.9910 -0.03495 0.16532 0.98562 0.361238 0.936668
-39.9050 36.4980 17.2770 -0.04210 0.19611 0.97968 0.350339 0.950611
-37.7070 36.6620 17.3230 -0.03730 0.19463 0.98017 0.358842 0.951196
-39.0430 37.7880 17.0200 -0.04377 0.18342 0.98206 0.353650 0.955679
-34.4870 33.3690 18.0110 -0.03678 0.16194 0.98611 0.371328 0.938233
-36.0120 37.5360 17.1960 -0.04190 0.18437 0.98196 0.365384 0.954596
-33.7820 36.5550 17.5100 -0.04014 0.19296 0.98039 0.374026 0.950653
-36.4190 39.8890 16.8250 -0.04192 0.17224 0.98416 0.363803 0.963774
-40.1940 40.3240 16.5870 -0.04847 0.18061 0.98236 0.349179 0.965595
-42.1380 42.0210 16.1090 -0.05501 0.29217 0.95478 0.341616 0.972361
-39.6210 42.1200 16.2270 -0.04969 0.30117 0.95228 0.351378 0.972652
-42.0840 43.2280 15.3540 -0.03623 0.82858 0.55870 0.341713 0.977949
-43.2820 43.9220 13.5880 -0.03116 0.92046 0.38959 0.336710 0.985027
-43.2820 43.9220 13.5880 -0.01610 0.98563 0.16815 0.348425 0.016323
-41.4190 42.7380 15.8660 -0.04870 0.54352 0.83799 0.344371 0.975298
-39.0260 42.7050 16.0110 -0.04580 0.55078 0.83339 0.353654 0.975078
-40.3930 43.2530 15.4260 -0.03201 0.82427 0.56530 0.348269 0.978009
-40.5950 43.8970 13.8450 -0.02245 0.97695 0.21228 0.358803 0.015861
-40.5950 43.8970 13.8450 -0.03018 0.92370 0.38193 0.347200 0.984545
-40.8960 44.1450 12.6940 -0.00842 0.99956 0.02853 0.357409 0.020324
-38.7990 43.3070 15.4170 -0.04583 0.83768 0.54423 0.354439 0.978369
-38.4400 44.1440 13.0100 -0.03105 0.99768 0.06060 0.366916 0.019640
-36.8990 42.1600 16.3450 -0.04483 0.32518 0.94459 0.361923 0.972709
-37.0280 44.0530 13.7870 -0.04100 0.92427 0.37953 0.361006 0.985555
-37.0280 44.0530 13.7870 -0.02741 0.98729 0.15655 0.372503 0.016912
-37.2050 43.0630 15.8640 -0.04636 0.63932 0.76754 0.360680 0.976626
-35.3850 43.3760 15.6330 -0.04010 0.80006 0.59857 0.367687 0.978269
-35.2230 42.5650 16.2610 -0.04134 0.46916 0.88214 0.368398 0.974330
-39.6550 44.0120 11.8640 -0.00918 0.99645 -0.08374 0.361996 0.023817
-37.5790 44.0290 10.8080 -0.03307 0.99824 -0.04926 0.369749 0.028315
-34.9870 44.2730 12.6800 -0.03957 0.99922 0.00168 0.380135 0.021637
-35.1040 44.1680 11.8940 -0.04203 0.99563 -0.08343 0.379503 0.024658
-35.0550 44.0600 9.1750 -0.04269 0.99834 -0.03863 0.379103 0.035129
-48.6720 43.9410 13.2050 -0.03688 0.90652 0.42055 0.315713 0.985365
-48.6720 43.9410 13.2050 -0.03928 0.98859 0.14544 0.327637 0.016631
-49.6190 44.0700 11.8150 -0.01123 0.99992 -0.00621 0.323707 0.021803
-47.7460 44.1060 12.4470 -0.00933 0.99917 0.03970 0.331040 0.019796
-46.9300 43.9620 11.3950 0.00621 0.99682 -0.07939 0.333944 0.024045
-45.7850 43.8700 7.9510 0.01376 0.99941 -0.03138 0.337582 0.037536
-47.1260 43.8070 4.6070 0.03045 0.99907 -0.03049 0.331685 0.050100
-46.0440 44.1010 12.3300 0.00468 0.99986 -0.01575 0.337548 0.020604
-44.7150 43.9900 11.6820 0.00567 0.99657 -0.08256 0.342513 0.023415
-43.7210 44.0830 12.5500 -0.00463 0.99976 0.02163 0.346523 0.020274
-41.5040 43.9080 9.4400 -0.00319 0.99918 -0.04032 0.354360 0.032743
-42.1630 43.9900 11.6610 -0.00568 0.99654 -0.08289 0.352311 0.024057
-39.1410 43.8610 7.7150 -0.02143 0.99882 -0.04356 0.363066 0.039888
-31.8400 33.6710 18.0640 -0.03465 0.15842 0.98676 0.381553 0.939333
-28.7940 36.6480 17.6850 -0.04115 0.18802 0.98130 0.393310 0.950870
-31.0070 36.6100 17.6130 -0.03765 0.19350 0.98038 0.384759 0.950781
-32.8340 37.5330 17.3240 -0.03934 0.18222 0.98247 0.377680 0.954488
-33.0750 38.8920 17.1240 -0.03910 0.15881 0.98653 0.376748 0.959782
-30.5840 37.6070 17.3990 -0.03773 0.18399 0.98220 0.386381 0.954711
-29.6190 40.2190 17.0490 -0.04326 0.17217 0.98412 0.390116 0.964850
-27.8250 37.6590 17.5050 -0.04275 0.18193 0.98238 0.397047 0.954823
-26.8560 39.9450 17.2100 -0.04219 0.16551 0.98531 0.400803 0.963688
-33.6150 41.9840 16.5310 -0.03580 0.27311 0.96132 0.374645 0.971911
-32.8090 42.9960 16.1580 -0.04062 0.57555 0.81675 0.377729 0.976086
-31.1430 42.1780 16.5880 -0.04729 0.28968 0.95596 0.384210 0.972597
-32.8090 44.1860 13.9580 -0.04404 0.91871 0.39246 0.377351 0.985821
-32.8090 44.1860 13.9580 -0.04949 0.98528 0.16363 0.388754 0.017145
-31.7080 43.5170 15.6290 -0.04353 0.84218 0.53744 0.381899 0.979068
-32.0630 44.3330 13.3340 -0.04163 0.99605 0.07849 0.391517 0.019739
-32.7330 44.2350 11.4670 -0.03664 0.99846 -0.04170 0.388533 0.026788
-29.7710 43.0300 16.3060 -0.04469 0.57739 0.81525 0.389486 0.976089
-28.2430 42.1680 16.7280 -0.04226 0.28677 0.95707 0.395433 0.972449
-25.5640 42.3540 16.8040 -0.04746 0.30208 0.95210 0.405795 0.973094
-28.0780 43.6260 15.7420 -0.04462 0.83413 0.54975 0.395941 0.979418
-26.6970 43.1570 16.3830 -0.04439 0.60153 0.79762 0.401373 0.976524
-29.1440 44.2720 14.2920 -0.04562 0.90299 0.42722 0.391577 0.985360
-29.1440 44.2720 14.2920 -0.05479 0.97538 0.21363 0.402925 0.016565
-29.8220 44.4850 12.9940 -0.04959 0.99838 0.02786 0.400080 0.021507
-29.8300 44.3890 12.0270 -0.04165 0.99757 -0.05589 0.399833 0.025239
-28.9360 44.4130 13.7950 -0.04747 0.97550 0.21482 0.403642 0.018586
-27.4710 44.5460 13.2770 -0.02930 0.99869 0.04190 0.409185 0.020903
-21.6040 36.8660 17.9430 -0.04311 0.17318 0.98395 0.421097 0.951478
-23.9210 37.6600 17.6650 -0.04122 0.18665 0.98156 0.412136 0.954699
-23.4980 40.0260 17.3510 -0.04457 0.16233 0.98573 0.413789 0.963887
-20.7120 38.7640 17.6340 -0.04487 0.14742 0.98806 0.424541 0.958881
-18.9370 37.8860 17.8540 -0.04490 0.17109 0.98423 0.431393 0.955391
-18.6610 40.1140 17.5640 -0.04661 0.15958 0.98608 0.432484 0.964039
-21.3500 42.3890 17.0030 -0.04837 0.29205 0.95518 0.422096 0.973070
-17.3010 42.5180 17.1620 -0.05069 0.32082 0.94578 0.437748 0.973413
-23.7800 43.0820 16.5720 -0.05225 0.57739 0.81480 0.412664 0.976095
-25.3540 44.4650 14.2960 -0.03856 0.98467 0.17011 0.417535 0.017389
-25.3540 44.4650 14.2960 -0.04193 0.89595 0.44217 0.406210 0.986236
-23.7590 43.8090 15.7670 -0.04878 0.83206 0.55254 0.412622 0.980286
-19.7560 43.2360 16.7270 -0.04864 0.55893 0.82779 0.428229 0.976541
-21.6790 43.6700 16.2130 -0.04870 0.78689 0.61517 0.420728 0.978900
-22.8810 44.4920 14.4770 -0.03863 0.97450 0.22103 0.427096 0.017189
-22.8810 44.4920 14.4770 -0.04103 0.89291 0.44836 0.415761 0.986059
-19.4730 43.7230 16.2390 -0.05888 0.81165 0.58117 0.429248 0.979235
-44.3160 43.5320 0.0350 0.02809 0.99875 -0.04141 0.341490 0.068322
-43.6700 43.6580 3.4240 0.01491 0.99905 -0.04096 0.344715 0.055422
-41.8560 43.7690 6.5370 -0.00103 0.99906 -0.04335 0.352373 0.043840
-38.8260 43.6900 4.0340 -0.02285 0.99878 -0.04373 0.363472 0.054127
-42.2900 43.5250 0.7220 0.00522 0.99901 -0.04417 0.349430 0.066128
-44.2200 43.3360 -4.4810 0.02929 0.99882 -0.03862 0.340870 0.085730
-43.9730 43.1750 -8.4800 0.02789 0.99905 -0.03341 0.340946 0.101182
-40.9860 43.2170 -6.2110 -0.00327 0.99930 -0.03736 0.352923 0.093105
-41.8440 43.4070 -1.8660 0.00373 0.99902 -0.04401 0.350578 0.076188
-39.2630 43.3370 -4.0120 -0.02329 0.99879 -0.04329 0.360030 0.085004
-39.0800 43.4860 -0.6960 -0.02137 0.99884 -0.04321 0.361458 0.072277
-36.1060 43.8950 6.3110 -0.04151 0.99823 -0.04259 0.374436 0.045932
-36.8820 43.6890 2.2450 -0.04365 0.99814 -0.04248 0.370559 0.061419
-34.9430 43.8280 3.4490 -0.05366 0.99780 -0.03884 0.378286 0.057187
-32.2210 44.1430 7.6250 -0.04943 0.99828 -0.03168 0.389679 0.041676
-36.9800 43.5690 -0.3510 -0.04562 0.99811 -0.04123 0.369613 0.071393
-36.9150 43.4380 -3.6830 -0.05043 0.99783 -0.04233 0.369135 0.084232
-33.7220 43.6710 -3.0300 -0.06744 0.99696 -0.03903 0.381579 0.082371
-33.7050 43.4650 -7.6450 -0.06924 0.99692 -0.03685 0.380632 0.100147
-37.8360 43.2940 -6.0460 -0.03936 0.99847 -0.03881 0.365074 0.093138
-34.1920 43.7650 0.5610 -0.06315 0.99733 -0.03653 0.380551 0.068455
-40.6330 43.0820 -10.6140 -0.00708 0.99972 -0.02260 0.353322 0.110132
-37.7780 43.1810 -9.1830 -0.03891 0.99883 -0.02876 0.364611 0.105227
-37.7710 43.1010 -13.2900 -0.03554 0.99915 -0.02110 0.363752 0.121043
-39.9900 43.0470 -13.7700 -0.01081 0.99978 -0.01780 0.355115 0.122422
-39.9330 39.3880 -22.2210 0.05054 0.06839 -0.99638 0.353169 0.165375
-39.2220 35.2480 -22.6000 0.05276 0.09364 -0.99421 0.355394 0.181495
-38.1390 40.2880 -22.1090 0.04755 0.08588 -0.99517 0.360192 0.162093
-36.7810 39.4350 -22.0590 0.05215 0.06733 -0.99637 0.365336 0.165543
-39.1670 42.9690 -18.0460 -0.02038 0.99979 -0.00329 0.357357 0.139083
-35.7890 43.1070 -16.6210 -0.04543 0.99879 -0.01898 0.370675 0.134274
-34.5180 40.5830 -21.8850 0.04776 0.10072 -0.99377 0.374211 0.161384
-36.6320 41.7710 -21.8230 0.04144 0.25374 -0.96639 0.366227 0.156510
-32.9320 41.9370 -21.6140 0.03926 0.28491 -0.95775 0.380523 0.156310
-40.6490 42.9570 -19.9650 -0.01164 0.99793 -0.06327 0.351234 0.146191
-41.2710 42.7990 -21.0610 0.02117 0.92817 -0.37155 0.348591 0.150340
-40.5510 41.6560 -22.0040 0.05080 0.27852 -0.95909 0.351067 0.156456
-41.1100 42.1980 -21.8050 0.05129 0.58917 -0.80638 0.349007 0.154116
-41.6030 42.5240 -21.5360 0.07136 0.76067 -0.64520 0.347176 0.152382
-39.2310 42.5750 -21.4880 -0.00249 0.74886 -0.66272 0.356365 0.152631
-38.0880 42.9560 -20.5800 -0.02112 0.97774 -0.20874 0.360992 0.149081
-37.1590 43.0570 -19.1480 -0.02522 0.99967 -0.00494 0.364873 0.143734
-36.5720 43.0330 -18.4000 -0.04661 0.99879 0.01588 0.367286 0.140966
-36.2480 42.7890 -21.1830 0.00742 0.82279 -0.56830 0.367944 0.151879
-36.1820 42.9910 -20.7190 -0.02130 0.97028 -0.24105 0.368319 0.149961
-37.8790 42.3980 -21.6240 0.02471 0.54558 -0.83769 0.361531 0.153769
-35.4240 42.3610 -21.5470 0.03612 0.54010 -0.84083 0.370998 0.154221
-35.6620 43.1100 -18.9660 -0.04230 0.99886 -0.02220 0.370688 0.143330
-34.6140 42.8460 -21.0180 -0.00111 0.85397 -0.52033 0.374281 0.151627
-33.6570 43.3650 -11.1760 -0.06335 0.99757 -0.02896 0.380056 0.113743
-30.2770 43.8580 -4.9440 -0.06396 0.99734 -0.03489 0.394449 0.090438
-30.5970 43.6370 -9.8860 -0.06666 0.99707 -0.03755 0.392139 0.109394
-32.2290 43.3240 -15.3330 -0.05245 0.99813 -0.03127 0.384669 0.130027
-27.9620 43.7430 -11.0050 -0.05576 0.99750 -0.04341 0.402048 0.114233
-33.4140 43.1950 -18.6120 -0.04004 0.99869 -0.03200 0.379414 0.142403
-32.6810 42.6590 -21.2620 0.01159 0.64870 -0.76095 0.381647 0.153272
-29.6420 43.3490 -18.2990 -0.03697 0.99831 -0.04478 0.394020 0.141953
-31.6190 43.1760 -20.5240 -0.02405 0.95067 -0.30926 0.385939 0.150072
-34.3230 43.0750 -20.3900 -0.03158 0.98248 -0.18369 0.375555 0.149108
-30.3130 42.9330 -20.9410 0.02366 0.78328 -0.62122 0.390846 0.152207
-27.8450 43.5770 -14.8070 -0.04831 0.99778 -0.04591 0.401679 0.128889
-28.3350 43.2910 -20.0900 -0.01054 0.96599 -0.25838 0.398668 0.149137
-26.8150 43.4990 -17.2090 -0.04451 0.99766 -0.05195 0.405133 0.138349
-27.0130 44.4270 9.4660 -0.03510 0.99920 -0.01916 0.410126 0.035673
-26.4870 44.4840 12.5070 -0.02656 0.99821 -0.05360 0.412801 0.024089
-28.7560 44.2640 6.2630 -0.05297 0.99837 -0.02138 0.402726 0.047633
-28.5580 44.2140 3.4320 -0.05919 0.99792 -0.02559 0.402880 0.058566
-30.7920 44.1250 4.0110 -0.05579 0.99802 -0.02919 0.394405 0.055873
-26.3610 44.3720 3.6070 -0.05166 0.99844 -0.02120 0.411384 0.058341
-24.2890 44.6220 13.6080 -0.03333 0.99641 0.07776 0.421504 0.020300
-24.6800 44.4680 9.6350 -0.04518 0.99880 -0.01903 0.419137 0.035509
-24.5970 44.5440 11.4230 -0.04287 0.99878 -0.02461 0.419846 0.028645
-23.1540 44.6210 10.4230 -0.03801 0.99908 -0.01963 0.425193 0.032789
-21.7500 44.6950 12.6900 -0.02836 0.99953 -0.01142 0.431092 0.024365
-23.9680 44.5000 8.2490 -0.03481 0.99931 -0.01313 0.421583 0.040987
-24.9690 44.4330 5.3830 -0.03396 0.99938 -0.00982 0.417117 0.051802
-21.9240 44.5740 9.6840 -0.03191 0.99817 -0.05137 0.429752 0.035903
-23.0260 44.5210 6.6480 -0.04153 0.99912 -0.00605 0.424862 0.047345
-21.2180 44.6570 14.0720 -0.03069 0.98476 0.17121 0.433432 0.019157
-20.2510 44.4610 14.8000 -0.02848 0.95663 0.28992 0.437297 0.016431
-20.2510 44.4610 14.8000 -0.03964 0.88577 0.46243 0.425977 0.985340
-18.2370 44.7620 14.0110 -0.02895 0.99127 0.12863 0.444915 0.020033
-19.6500 44.7630 13.3370 -0.01650 0.99983 0.00870 0.439328 0.022323
-20.6160 44.6690 11.5140 -0.02894 0.99957 -0.00517 0.435202 0.029128
-18.2040 44.6890 11.9330 -0.00732 0.99997 -0.00191 0.444593 0.028037
-19.3570 44.7890 10.5560 -0.03851 0.99916 0.01431 0.439848 0.033091
-20.2970 44.6950 10.4380 -0.06885 0.99745 -0.01871 0.436192 0.033339
-20.6650 44.6270 7.6210 -0.06977 0.99755 -0.00411 0.434153 0.044099
-19.5080 44.7150 9.0810 -0.07776 0.99695 0.00646 0.438925 0.038722
-17.9410 44.7880 10.1720 0.02512 0.99903 0.03613 0.445215 0.034870
-18.6480 44.8550 8.0660 -0.05837 0.99829 -0.00378 0.442027 0.042812
-23.3850 44.4770 2.9420 -0.04151 0.99902 -0.01537 0.422693 0.061517
-19.7430 44.6710 5.4950 -0.05861 0.99818 -0.01429 0.437260 0.052467
-23.7320 44.4370 1.1040 -0.05787 0.99806 -0.02314 0.420967 0.068513
-25.0380 44.3180 -0.0570 -0.05086 0.99820 -0.03185 0.415685 0.072713
-21.0300 44.5390 1.2700 -0.05246 0.99842 -0.01999 0.431399 0.068440
-20.0720 44.5840 2.7830 -0.08630 0.99625 -0.00569 0.435401 0.062824
-23.3910 44.3710 -0.6580 -0.04573 0.99836 -0.03437 0.421893 0.075366
-19.2320 44.5940 -0.2350 -0.07422 0.99622 -0.04524 0.437993 0.074605
-20.6610 44.4870 -1.4330 -0.05399 0.99812 -0.02917 0.432241 0.078912
-17.8640 44.7740 6.4980 0.05205 0.99844 -0.02000 0.444714 0.049008
-17.8850 44.7860 4.3470 0.03049 0.99953 0.00236 0.444175 0.057269
-19.0700 44.7160 1.9550 -0.07713 0.99701 -0.00544 0.439115 0.066213
-17.8200 44.8300 1.0270 0.01147 0.99993 -0.00103 0.443731 0.070039
-17.4190 44.7400 2.1630 0.07265 0.99734 0.00618 0.445518 0.065755
-16.0740 44.5270 1.8270 0.01256 0.99966 -0.02303 0.450670 0.067343
-16.0760 44.5990 -0.2550 0.03485 0.99932 -0.01244 0.450209 0.075342
-18.3990 44.5540 -1.8710 -0.06808 0.99727 -0.02875 0.440859 0.081061
-19.0950 44.5350 -3.3260 -0.04291 0.99831 -0.03924 0.437874 0.086506
-17.4850 44.6780 -1.5810 -0.00613 0.99927 -0.03767 0.444468 0.080124
-17.5900 44.6680 -2.8550 -0.02205 0.99940 -0.02670 0.443798 0.084997
-15.7020 44.5150 -1.8490 -0.03763 0.99895 -0.02599 0.451295 0.081548
-16.7040 44.5660 -2.8700 0.06279 0.99794 -0.01325 0.447222 0.085255
-15.4000 44.5460 -3.0050 -0.01414 0.99952 0.02762 0.452220 0.086047
-15.2770 44.5990 -3.7590 0.00239 0.99990 -0.01405 0.452521 0.088973
-14.4010 44.5750 -3.3470 -0.02798 0.99928 -0.02571 0.455994 0.087587
-15.3900 44.5130 -5.2340 0.03234 0.99726 -0.06650 0.451767 0.094618
-14.4880 44.4340 -5.8290 -0.03064 0.99916 -0.02739 0.455124 0.097116
-30.6800 44.0280 0.8570 -0.06345 0.99741 -0.03394 0.394151 0.068034
-28.0600 44.1560 0.0790 -0.05987 0.99771 -0.03154 0.404074 0.071565
-29.3810 43.9820 -2.3780 -0.06481 0.99730 -0.03466 0.398452 0.080749
-26.3380 44.1670 -3.1220 -0.05787 0.99780 -0.03240 0.410021 0.084231
-28.1460 43.9040 -6.7130 -0.06067 0.99736 -0.03979 0.402268 0.097683
-24.1990 44.2650 -2.9530 -0.04359 0.99857 -0.03088 0.418290 0.084023
-24.8060 44.1680 -5.7130 -0.04423 0.99814 -0.04203 0.415360 0.094510
-26.0100 43.9120 -9.7590 -0.04613 0.99789 -0.04576 0.409839 0.109835
-22.2980 44.2310 -6.0590 -0.04249 0.99804 -0.04598 0.424931 0.096365
-24.0750 44.0700 -7.6150 -0.03365 0.99796 -0.05433 0.417752 0.101988
-23.0360 43.9170 -11.5570 -0.03512 0.99789 -0.05467 0.420890 0.117371
-21.8640 44.0850 -9.6780 -0.03852 0.99784 -0.05322 0.425815 0.110378
-25.3100 43.7140 -14.5330 -0.02688 0.99829 -0.05191 0.411496 0.128349
-25.4340 43.4470 -19.3080 -0.03419 0.99285 -0.11438 0.410001 0.146709
-24.8280 43.5850 -17.7210 -0.03262 0.99840 -0.04626 0.412677 0.140718
-25.7610 43.2720 -20.2870 -0.00536 0.92453 -0.38107 0.408527 0.150457
-24.0560 43.6410 -15.6490 -0.00196 0.99877 -0.04947 0.416086 0.132913
-22.6370 43.6030 -18.9380 -0.02643 0.99476 -0.09881 0.420855 0.145849
-23.0690 43.5890 -17.3850 -0.01509 0.99981 -0.01244 0.419511 0.139798
-20.2510 44.0240 -11.5230 -0.05396 0.99706 -0.05447 0.431615 0.117811
-20.2400 43.8170 -15.2040 -0.03884 0.99227 -0.11789 0.430856 0.131978
-21.2820 43.6660 -15.8450 -0.02749 0.99453 -0.10077 0.426703 0.134264
-20.7270 43.6790 -17.0930 -0.03020 0.99948 -0.01145 0.428586 0.139174
-19.6390 44.4070 -4.9190 -0.05916 0.99763 -0.03510 0.435427 0.092529
-18.2790 44.4580 -4.8380 -0.07083 0.99749 -0.00158 0.440686 0.092480
-20.4940 44.1930 -8.1100 -0.04666 0.99747 -0.05365 0.431430 0.104634
-19.2620 44.3400 -6.8800 -0.09878 0.99272 -0.06894 0.436441 0.100151
-18.8990 44.4850 -5.9010 -0.12688 0.99158 -0.02579 0.438093 0.096443
-17.3310 44.5520 -7.4470 -0.00268 0.99841 -0.05637 0.443791 0.102704
-18.4760 44.2630 -9.2280 -0.06659 0.99529 -0.07040 0.438968 0.109351
-18.3480 44.5340 -3.6040 -0.06652 0.99655 -0.04954 0.440695 0.087726
-17.2600 44.5570 -4.9070 -0.02114 0.99972 0.01099 0.444622 0.092954
-17.5110 44.6140 -5.9060 -0.01068 0.99994 -0.00345 0.443440 0.096741
-16.0650 44.3860 -6.4930 0.02843 0.99931 -0.02400 0.448900 0.099333
-15.0150 44.5880 -7.3920 0.04224 0.99674 -0.06878 0.452723 0.102988
-16.1750 44.4210 -7.6420 0.02248 0.99938 -0.02704 0.448211 0.103740
-14.4200 44.3960 -8.1560 0.00663 0.99835 -0.05704 0.454890 0.106101
-18.1840 44.0960 -13.1980 -0.10943 0.99247 -0.05498 0.439207 0.124675
-16.0540 44.3460 -9.6440 -0.04005 0.99705 -0.06548 0.448221 0.111451
-17.2130 44.1490 -11.9270 -0.00301 0.99999 0.00276 0.443233 0.119993
-18.1150 43.9060 -14.8060 -0.11645 0.98819 -0.09965 0.439101 0.130905
-18.6270 43.7500 -15.9550 -0.08561 0.99372 -0.07213 0.436883 0.135235
-17.1430 44.0550 -15.4510 -0.01934 0.99474 -0.10058 0.442768 0.133536
-18.3150 43.7210 -17.2620 -0.04509 0.99856 -0.02915 0.437840 0.140315
-17.1500 44.1320 -14.4580 -0.04188 0.99282 -0.11205 0.442963 0.129730
-17.1300 44.3180 -13.2490 -0.03646 0.99901 -0.02551 0.443306 0.125084
-16.8230 43.7970 -16.9640 0.01050 0.99773 -0.06648 0.443666 0.139492
-15.0190 44.4330 -10.5050 -0.02962 0.99496 -0.09583 0.452069 0.114949
-15.8500 44.1030 -11.2480 -0.05969 0.99220 -0.10943 0.448624 0.117733
-14.7160 44.1880 -12.2660 -0.00847 0.99699 -0.07706 0.452832 0.121834
-15.5850 44.1050 -12.3990 -0.00470 0.99982 -0.01828 0.449441 0.122184
-14.0600 44.3130 -10.0050 0.05720 0.99644 -0.06193 0.455890 0.113282
-14.0840 44.2020 -11.1750 0.06086 0.99430 -0.08758 0.455535 0.117794
-14.5920 44.0770 -13.8470 -0.01647 0.99927 -0.03447 0.452974 0.127956
-15.4010 43.7830 -15.7060 -0.00759 0.99533 -0.09619 0.449430 0.135014
-13.8170 44.0720 -14.9850 -0.01305 0.99475 -0.10150 0.455708 0.132492
-14.0680 43.8710 -16.1370 -0.04879 0.99541 -0.08231 0.454471 0.136931
-12.5060 44.0640 -14.0490 0.00513 0.99760 -0.06912 0.460958 0.129205
-13.7230 44.1240 -12.0690 -0.02045 0.99640 -0.08227 0.456705 0.121323
-12.2540 44.2460 -12.3330 -0.01268 0.99653 -0.08232 0.462313 0.122628
-12.1740 43.9150 -15.5850 0.01578 0.99803 -0.06072 0.461886 0.135219
-76.0970 44.1340 -12.0050 0.02494 0.99221 -0.12202 0.216568 0.107457
-73.1920 43.7090 -14.8720 0.01267 0.99217 -0.12428 0.227113 0.119208
-75.8980 43.4700 -17.0110 0.00768 0.99016 -0.13972 0.216245 0.126907
-75.9160 43.0270 -19.6520 0.01629 0.99387 -0.10931 0.215599 0.137186
-73.7360 43.1180 -19.3480 -0.00393 0.99077 -0.13548 0.224047 0.136451
-71.6660 43.0430 -19.9930 0.00111 0.99018 -0.13981 0.231863 0.139379
-73.3300 42.1940 -22.7910 0.02207 0.63586 -0.77149 0.224816 0.150634
-74.0570 42.8120 -21.5360 -0.00066 0.98345 -0.18118 0.222337 0.144887
-73.4590 42.6230 -22.3160 -0.00815 0.88052 -0.47394 0.224458 0.148124
-71.9880 42.6970 -22.2950 0.01359 0.86975 -0.49331 0.230117 0.148237
-72.2490 41.6610 -23.1090 0.03514 0.44131 -0.89666 0.228863 0.153241
-70.5470 42.6830 -22.0850 0.01793 0.97227 -0.23316 0.235698 0.147784
-68.6170 42.7400 -22.0270 0.02533 0.91940 -0.39251 0.243136 0.147938
-69.7770 42.5470 -22.4170 0.00991 0.78302 -0.62192 0.238573 0.149327
-67.8550 42.2100 -22.6080 0.01974 0.66031 -0.75073 0.245911 0.151114
-16.0490 44.6140 3.2170 -0.01112 0.99987 0.01190 0.451050 0.062005
-15.9690 44.0140 -14.2670 0.06273 0.99301 -0.09996 0.447592 0.129297
-79.8020 -25.2640 -22.0690 -0.10252 -0.04177 -0.99385 0.192706 0.410917
-76.8710 -25.7900 -22.2770 -0.06915 -0.06233 -0.99566 0.203981 0.413155
-79.3690 -23.2470 -22.1800 -0.10634 -0.04502 -0.99331 0.194546 0.403168
-71.4710 -21.9380 -22.8100 -0.02905 -0.07614 -0.99667 0.225155 0.398721
-75.2140 -22.2630 -22.6170 -0.06840 -0.06134 -0.99577 0.210698 0.399666
-77.4150 -17.6220 -22.6110 -0.09481 -0.04735 -0.99437 0.202597 0.381608
-74.1530 -19.8200 -22.8370 -0.06724 -0.05855 -0.99602 0.215021 0.390320
-72.3030 -16.7580 -23.1220 -0.05035 -0.05732 -0.99709 0.222446 0.378662
-74.9300 -16.9860 -22.9270 -0.09132 -0.05419 -0.99435 0.212288 0.379330
-75.6390 -13.2710 -23.0300 -0.09684 -0.04702 -0.99419 0.209893 0.364949
-73.1390 -12.9630 -23.2690 -0.06889 -0.04960 -0.99639 0.219585 0.363959
-74.1680 -9.7120 -23.3420 -0.08189 -0.04280 -0.99572 0.215922 0.351340
-67.8330 -20.8140 -22.9600 -0.00537 -0.08229 -0.99659 0.239266 0.394711
-65.3950 -22.5990 -22.7870 0.00862 -0.09386 -0.99555 0.248478 0.401849
-64.8910 -19.6310 -23.0500 0.00323 -0.08255 -0.99658 0.250702 0.390426
-68.6680 -17.8250 -23.1790 -0.01886 -0.06857 -0.99747 0.236340 0.383093
-65.2700 -14.0840 -23.4700 -0.00929 -0.06432 -0.99789 0.249781 0.368979
-69.4330 -14.0390 -23.3850 -0.03207 -0.05757 -0.99783 0.233759 0.368424
-70.4050 -11.2350 -23.5150 -0.04429 -0.04962 -0.99779 0.230291 0.357527
-71.7700 -8.4290 -23.5620 -0.05720 -0.04490 -0.99735 0.225301 0.346592
-67.3290 -9.4080 -23.6980 -0.02463 -0.05129 -0.99838 0.242315 0.350761
-61.9190 -16.4590 -23.2990 0.00376 -0.07802 -0.99694 0.262443 0.378470
-57.9440 -16.7640 -23.2440 0.01475 -0.08308 -0.99643 0.277709 0.380040
-59.3740 -12.3250 -23.5880 0.00573 -0.06617 -0.99779 0.272643 0.362772
-54.7170 -18.5200 -23.0180 0.01666 -0.09158 -0.99566 0.289950 0.387160
-53.8210 -15.5840 -23.2480 0.02113 -0.08136 -0.99646 0.293694 0.375917
-62.0700 -8.6380 -23.8060 -0.00480 -0.05435 -0.99851 0.262631 0.348296
-65.7410 -7.2980 -23.8340 -0.01683 -0.04941 -0.99864 0.248635 0.342779
-56.6700 -7.3130 -23.8710 0.01107 -0.05357 -0.99850 0.283547 0.343723
-68.5900 -6.0910 -23.8220 -0.03658 -0.04685 -0.99823 0.237785 0.337864
-68.5070 0.3970 -24.1120 -0.03516 -0.04316 -0.99845 0.238756 0.312867
-61.8680 -4.4670 -24.0160 -0.00653 -0.04801 -0.99883 0.263825 0.332243
-65.3060 -0.7130 -24.1470 -0.01765 -0.04204 -0.99896 0.250972 0.317451
-60.6910 0.0900 -24.2310 -0.00175 -0.03754 -0.99929 0.268817 0.314805
-61.5750 2.4540 -24.3050 -0.00348 -0.03388 -0.99942 0.265655 0.305616
-57.6220 -3.7820 -24.0560 0.00743 -0.04732 -0.99885 0.280234 0.330025
-63.0930 5.4580 -24.3970 -0.00610 -0.03347 -0.99942 0.260120 0.293897
-52.1270 -20.2320 -22.7410 -0.05563 -0.08758 -0.99460 0.299753 0.394067
-53.0310 -18.1610 -23.0360 0.04919 -0.09321 -0.99443 0.296469 0.385942
-51.4280 -18.7890 -22.9710 -0.05480 -0.07827 -0.99543 0.302609 0.388537
-50.3540 -18.4690 -22.9860 0.09728 -0.08294 -0.99180 0.306765 0.387407
-52.0780 -18.3190 -22.9280 0.00679 -0.08159 -0.99664 0.300136 0.386682
-50.5180 -16.8340 -23.0970 0.03641 -0.08256 -0.99592 0.306294 0.381089
-55.1090 -11.6460 -23.5830 0.01511 -0.06815 -0.99756 0.289124 0.360588
-51.9470 -15.2050 -23.2250 0.01639 -0.08312 -0.99640 0.300949 0.374658
-52.7970 -13.8240 -23.3860 0.04023 -0.07904 -0.99606 0.297807 0.369227
-49.9650 -19.9480 -22.6760 0.09226 -0.11027 -0.98961 0.308177 0.393228
-49.6710 -18.8200 -22.8400 0.06495 -0.10897 -0.99192 0.309392 0.388866
-49.3250 -15.7230 -23.0930 0.03475 -0.09578 -0.99480 0.311006 0.376947
-47.9580 -17.4960 -22.9550 0.00723 -0.08642 -0.99623 0.316107 0.383919
-46.5060 -18.5580 -22.8230 0.04061 -0.09357 -0.99478 0.321597 0.388170
-47.1570 -16.1540 -23.0700 0.01771 -0.09874 -0.99496 0.319310 0.378811
-50.3120 -13.8650 -23.3440 0.01618 -0.07343 -0.99717 0.307376 0.369645
-51.9080 -12.6630 -23.4020 0.03876 -0.07538 -0.99640 0.301353 0.364856
-48.6810 -13.9850 -23.2880 0.01297 -0.09078 -0.99579 0.313645 0.370277
-50.8720 -11.8350 -23.4590 0.00475 -0.07698 -0.99702 0.305416 0.361766
-53.2470 -8.0050 -23.7700 0.01432 -0.05599 -0.99833 0.296652 0.346743
-54.0730 -5.3910 -23.9080 0.01005 -0.05162 -0.99862 0.293732 0.336588
-52.5270 -5.9280 -23.8780 0.00906 -0.05326 -0.99854 0.299629 0.338812
-50.6060 -9.0350 -23.6750 0.01550 -0.06411 -0.99782 0.306714 0.350984
-52.2900 -10.6280 -23.6000 0.02352 -0.07079 -0.99721 0.300073 0.356953
-49.3230 -11.9020 -23.4770 0.00612 -0.07733 -0.99699 0.311373 0.362168
-48.8060 -7.1400 -23.7680 0.01592 -0.06268 -0.99791 0.313827 0.343864
-45.4070 -17.8360 -22.8210 0.02603 -0.09418 -0.99521 0.325897 0.385507
-44.8660 -15.5890 -23.0430 0.02901 -0.09078 -0.99545 0.328184 0.376869
-44.0180 -16.8350 -22.9370 0.01321 -0.08704 -0.99612 0.331331 0.381763
-42.4840 -16.5170 -22.9110 0.03077 -0.08717 -0.99572 0.337266 0.380697
-46.5920 -14.4580 -23.2380 0.02851 -0.07810 -0.99654 0.321639 0.372308
-45.8590 -13.3970 -23.2720 0.03281 -0.07242 -0.99683 0.324563 0.368296
-43.7340 -14.2970 -23.1210 0.02698 -0.08083 -0.99636 0.332661 0.372000
-43.9930 -12.4140 -23.2920 0.03731 -0.07817 -0.99624 0.331840 0.364697
-44.8080 -8.8880 -23.5530 0.03036 -0.06727 -0.99727 0.329045 0.351017
-41.3510 -12.9390 -23.2000 0.01704 -0.06964 -0.99743 0.341959 0.366994
-39.1520 -13.6860 -23.0460 0.03996 -0.07878 -0.99609 0.350357 0.370116
-42.6470 -12.9650 -23.1680 0.01225 -0.05911 -0.99818 0.336970 0.366976
-41.3820 -10.4430 -23.3550 0.02868 -0.06203 -0.99766 0.342081 0.357369
-47.7810 -10.5640 -23.5180 0.02567 -0.06368 -0.99764 0.317439 0.357171
-46.9580 -7.9810 -23.6600 0.02078 -0.07372 -0.99706 0.320855 0.347301
-49.4880 -4.8860 -23.8850 0.01429 -0.04555 -0.99886 0.311428 0.335111
-47.5130 -5.3990 -23.8520 0.01907 -0.03439 -0.99923 0.318974 0.337289
-45.5650 -6.6330 -23.7470 0.03217 -0.05540 -0.99795 0.326345 0.342240
-47.2740 -3.9880 -23.8650 0.02484 -0.03504 -0.99908 0.320040 0.331889
-41.8730 -8.6240 -23.4720 0.03322 -0.05659 -0.99784 0.340369 0.350307
-42.5650 -5.8900 -23.6520 0.04001 -0.05161 -0.99787 0.337974 0.339700
-45.0630 -4.0610 -23.7930 0.03485 -0.05494 -0.99788 0.328543 0.332396
-56.0780 -0.1180 -24.1900 0.01560 -0.03451 -0.99928 0.286548 0.316071
-58.7310 2.7890 -24.2980 0.00815 -0.03135 -0.99948 0.276634 0.304613
-54.4020 -2.2590 -24.0790 0.00597 -0.04258 -0.99908 0.292781 0.324488
-52.9600 -1.9950 -24.1020 0.00978 -0.04058 -0.99913 0.298356 0.323613
-51.5330 -3.0470 -23.9990 0.02362 -0.04801 -0.99857 0.303744 0.327818
-54.0030 0.3270 -24.1470 0.01202 -0.02879 -0.99951 0.294578 0.314571
-53.6460 2.7940 -24.2240 0.01478 -0.03234 -0.99937 0.296205 0.305111
-55.5490 4.8170 -24.3300 0.01689 -0.02572 -0.99953 0.289087 0.297124
-60.3840 5.7950 -24.4140 0.00584 -0.02811 -0.99959 0.270580 0.292872
-57.7870 10.7850 -24.4930 0.01908 -0.01053 -0.99976 0.281092 0.273926
-54.1950 9.0820 -24.3950 0.03016 -0.01459 -0.99944 0.294739 0.280847
-50.0500 -0.1670 -24.0900 0.01902 -0.03410 -0.99924 0.309741 0.316875
-48.9960 -3.0420 -23.9700 0.01791 -0.04807 -0.99868 0.313504 0.328055
-47.9610 -0.4950 -24.0380 0.01644 -0.03093 -0.99939 0.317743 0.318348
-51.9560 2.3960 -24.2010 0.01220 -0.02850 -0.99952 0.302667 0.306812
-48.2480 0.9600 -24.0990 0.01630 -0.02664 -0.99951 0.316787 0.312718
-49.9840 2.1960 -24.1630 0.02167 -0.02576 -0.99943 0.310232 0.307783
-49.6610 5.4610 -24.2410 0.02560 -0.01958 -0.99948 0.311813 0.295248
-45.3780 0.3820 -24.0390 0.04016 -0.06005 -0.99739 0.327771 0.315235
-48.0200 3.1520 -24.1160 0.01563 -0.02248 -0.99963 0.317893 0.304309
-47.6080 4.4450 -24.1530 0.02114 -0.02319 -0.99951 0.319609 0.299374
-46.3930 2.0960 -24.0990 0.01740 -0.01701 -0.99970 0.324042 0.308535
-44.5840 3.2550 -24.0670 0.03645 -0.01808 -0.99917 0.331127 0.304267
-47.2340 -2.8480 -23.9110 0.02700 -0.10542 -0.99406 0.320304 0.327507
-46.9770 -2.1570 -24.0180 0.02079 -0.06559 -0.99763 0.321357 0.324843
-44.8730 -2.8560 -23.9020 0.06161 -0.07099 -0.99557 0.329384 0.327761
-45.0490 -0.5580 -23.9320 0.03932 -0.04289 -0.99831 0.328951 0.318903
-43.5730 -1.6350 -23.8880 0.02931 -0.03005 -0.99912 0.334515 0.323201
-52.6070 5.3180 -24.2950 0.01246 -0.01487 -0.99981 0.300462 0.295499
-52.8290 7.0610 -24.2850 0.01169 -0.01211 -0.99986 0.299789 0.288768
-51.4230 7.6830 -24.3030 0.01327 -0.01207 -0.99984 0.305264 0.286517
-52.7570 9.5880 -24.3480 0.02605 -0.00663 -0.99964 0.300328 0.279050
-53.5330 11.9710 -24.3750 0.04227 0.00186 -0.99910 0.297593 0.269798
-51.2280 9.9600 -24.3240 0.01932 -0.00654 -0.99979 0.306255 0.277774
-49.8710 8.9840 -24.2750 0.02662 -0.00786 -0.99961 0.311373 0.281673
-46.7710 8.5640 -24.1990 0.02854 -0.00563 -0.99958 0.323262 0.283612
-52.6230 12.0040 -24.3160 0.02683 0.00288 -0.99964 0.301101 0.269766
-49.6730 11.5390 -24.2890 0.03897 0.01164 -0.99917 0.312410 0.271863
-50.9760 11.8480 -24.3490 0.01927 0.00487 -0.99980 0.307424 0.270535
-47.5570 11.1910 -24.2220 0.02827 0.00361 -0.99959 0.320517 0.273421
-49.8170 12.6420 -24.2560 0.04128 0.01680 -0.99901 0.311976 0.267601
-34.0240 -11.4500 -22.9970 0.04260 -0.06578 -0.99692 0.370309 0.362039
-38.6230 -9.0190 -23.3340 0.04138 -0.05727 -0.99750 0.352839 0.352175
-39.3840 -6.4950 -23.5010 0.03564 -0.04930 -0.99815 0.350159 0.342368
-40.3460 -5.0930 -23.5860 0.03583 -0.04717 -0.99824 0.346597 0.336869
-42.0930 -2.7910 -23.8000 0.04225 -0.04227 -0.99821 0.340093 0.327807
-38.4590 -3.0430 -23.6380 0.03694 -0.04067 -0.99849 0.354061 0.329165
-40.0190 -0.9220 -23.7450 0.03799 -0.03112 -0.99879 0.348273 0.320838
-36.8680 -5.1290 -23.4540 0.04544 -0.04804 -0.99781 0.359985 0.337377
-30.3700 -5.5900 -23.1820 0.04496 -0.04740 -0.99786 0.384952 0.339845
-35.2030 -0.7860 -23.5480 0.04680 -0.03069 -0.99843 0.366830 0.320830
-28.2450 -11.0660 -22.7520 0.04561 -0.06529 -0.99682 0.392600 0.361187
-27.2600 -6.4440 -22.9740 0.04527 -0.05492 -0.99746 0.396844 0.343479
-23.7340 -7.9130 -22.7460 0.04633 -0.05704 -0.99730 0.410272 0.349517
-29.7450 -0.5720 -23.3290 0.04362 -0.02778 -0.99866 0.387867 0.320592
-28.3920 -4.3410 -23.1340 0.04713 -0.04041 -0.99807 0.392695 0.335253
-45.4780 6.8640 -24.1550 0.03085 -0.00987 -0.99948 0.328060 0.290287
-42.3670 1.3890 -23.9180 0.04403 -0.02765 -0.99865 0.339469 0.311690
-41.4680 5.6130 -23.9780 0.04845 -0.01020 -0.99877 0.343368 0.295527
-42.9660 7.4460 -24.0510 0.04200 -0.00438 -0.99911 0.337795 0.288313
-38.1090 0.8630 -23.7460 0.04029 -0.02660 -0.99883 0.355808 0.314165
-39.8840 3.6390 -23.8710 0.04000 -0.01862 -0.99903 0.349264 0.303291
-38.0330 4.3210 -23.8110 0.04293 -0.01361 -0.99899 0.356459 0.300865
-40.1880 6.4670 -23.9040 0.04731 -0.00654 -0.99886 0.348392 0.292377
-44.1040 9.6600 -24.0980 0.04563 0.00100 -0.99896 0.333650 0.279675
-45.0950 11.2040 -24.1550 0.04219 0.01661 -0.99897 0.329997 0.273631
-47.6140 14.1940 -24.2020 0.03450 0.01788 -0.99924 0.320623 0.261862
-46.5270 13.3690 -24.2030 0.05153 0.02857 -0.99826 0.324714 0.265153
-43.6060 11.4410 -24.0600 0.03515 0.00369 -0.99938 0.335761 0.272876
-44.6760 12.8170 -24.0780 0.03870 0.01899 -0.99907 0.331793 0.267466
-41.7490 8.2290 -23.9990 0.04475 -0.00371 -0.99899 0.342567 0.285431
-42.5910 12.4990 -24.0520 0.03021 0.00870 -0.99951 0.339783 0.268911
-39.0790 9.5770 -23.8880 0.04468 -0.00059 -0.99900 0.352993 0.280529
-43.5220 14.7600 -24.0050 0.02883 0.01620 -0.99945 0.336455 0.260109
-33.1910 3.8480 -23.5590 0.04542 -0.01826 -0.99880 0.375061 0.303209
-34.9400 7.7150 -23.7020 0.04607 -0.00547 -0.99892 0.368732 0.288136
-28.5440 2.3370 -23.3400 0.04383 -0.01955 -0.99885 0.392792 0.309524
-29.5710 6.7790 -23.4510 0.04301 -0.00814 -0.99904 0.389305 0.292319
-30.6520 11.2380 -23.4910 0.04445 0.00928 -0.99897 0.385626 0.275040
-38.8900 14.5120 -23.8340 0.04814 0.01954 -0.99865 0.354259 0.261555
-36.1230 11.0310 -23.7500 0.04577 0.00786 -0.99892 0.364532 0.275246
-33.7890 15.0420 -23.5830 0.04710 0.02214 -0.99864 0.373964 0.260059
-37.7500 17.3800 -23.7020 0.04710 0.03307 -0.99834 0.358971 0.250629
-57.1740 15.3330 -24.4800 0.02703 0.00908 -0.99959 0.283930 0.256483
-55.1250 12.3390 -24.4110 0.02706 -0.00020 -0.99963 0.291501 0.268215
-53.5750 14.9760 -24.3780 0.04571 0.00610 -0.99894 0.297747 0.258227
-54.4340 18.0760 -24.3390 0.02517 0.02960 -0.99924 0.294777 0.246201
-52.7270 13.7060 -24.3260 0.03723 0.00478 -0.99930 0.300884 0.263204
-51.2920 13.7640 -24.3210 0.02072 0.01890 -0.99961 0.306411 0.263130
-52.2040 15.2680 -24.2800 0.03968 0.01782 -0.99905 0.303064 0.257243
-49.6080 13.8630 -24.2520 0.02702 0.01343 -0.99954 0.312911 0.262923
-51.0980 15.3160 -24.2640 0.05708 0.04070 -0.99754 0.307323 0.257178
-50.5070 15.7940 -24.1590 0.06247 0.02121 -0.99782 0.309674 0.255390
-53.2950 17.6380 -24.3450 0.04441 0.02766 -0.99863 0.299108 0.248011
-52.0280 17.3000 -24.2360 0.05398 0.01919 -0.99836 0.303969 0.249437
-52.7350 19.0550 -24.2510 0.04152 0.03528 -0.99851 0.301425 0.242606
-50.7620 17.6100 -24.2000 0.02827 0.02736 -0.99923 0.308877 0.248375
-51.5110 20.6610 -24.1590 0.02906 0.03756 -0.99887 0.306322 0.236545
-50.8190 19.2020 -24.1670 0.11042 0.04798 -0.99273 0.308818 0.242241
-52.1690 20.9130 -24.1150 0.01243 0.05406 -0.99846 0.303816 0.235496
-51.8750 23.2930 -24.0600 0.02856 0.03462 -0.99899 0.305192 0.226360
-49.0820 16.3180 -24.2120 0.00623 0.01492 -0.99987 0.315211 0.253531
-46.2860 14.5670 -24.0970 0.05557 0.03327 -0.99790 0.325791 0.260556
-46.9410 15.6400 -24.1530 0.08334 0.02261 -0.99626 0.323369 0.256365
-44.7150 15.7050 -24.0670 0.02500 0.02954 -0.99925 0.331962 0.256351
-47.3720 17.5780 -24.1250 0.05694 0.02981 -0.99793 0.321932 0.248863
-46.0950 16.2960 -24.0210 0.05474 0.03122 -0.99801 0.326723 0.253921
-48.7330 18.2630 -24.1500 0.01756 0.05176 -0.99851 0.316767 0.246085
-50.1060 18.9690 -24.0650 0.04714 0.05261 -0.99750 0.311570 0.243200
-50.7430 20.1710 -24.0610 0.10549 0.03922 -0.99365 0.309259 0.238508
-48.9090 19.7770 -24.0640 0.01195 0.04141 -0.99907 0.316274 0.240232
-46.1080 18.6150 -24.0140 0.04622 0.03210 -0.99842 0.326924 0.244999
-43.9260 17.2720 -23.9820 0.05218 0.05248 -0.99726 0.335173 0.250399
-42.4390 15.6440 -23.9810 0.03180 0.02487 -0.99918 0.340720 0.256822
-43.7750 18.4680 -23.8760 0.03072 0.03775 -0.99882 0.335900 0.245801
-42.7230 18.9400 -23.8840 0.01751 0.03540 -0.99922 0.339999 0.244100
-45.9920 20.3530 -23.9400 0.03613 0.04065 -0.99852 0.327573 0.238321
-47.7440 21.5470 -23.9700 0.02275 0.05256 -0.99836 0.320967 0.233549
-45.6840 23.2600 -23.7660 0.04629 0.05080 -0.99764 0.329088 0.227136
-43.6650 19.9750 -23.8560 0.04449 0.02837 -0.99861 0.336492 0.240010
-43.9760 21.0630 -23.8730 0.07113 0.03907 -0.99670 0.335403 0.235793
-43.0730 21.4100 -23.7460 0.06192 0.05572 -0.99652 0.338936 0.234536
-44.3630 23.1990 -23.7400 0.03961 0.05595 -0.99765 0.334165 0.227511
-50.5010 23.3910 -24.0260 -0.00074 0.07147 -0.99744 0.310483 0.226117
-49.6840 21.5650 -23.9900 0.09635 -0.02153 -0.99511 0.313499 0.233267
-50.1020 22.2210 -24.1430 0.06946 -0.01549 -0.99746 0.311898 0.230678
-48.8430 23.7970 -24.0210 0.10425 0.01287 -0.99447 0.316902 0.224747
-48.8050 22.4960 -23.8690 0.10664 -0.00229 -0.99430 0.317007 0.229775
-49.1800 25.8930 -23.7710 0.03736 0.06174 -0.99739 0.315887 0.216602
-47.1130 23.1400 -23.8930 0.03087 0.04688 -0.99842 0.323566 0.227472
-47.0830 25.1560 -23.7660 0.05090 0.05679 -0.99709 0.323885 0.219691
-44.5690 25.9810 -23.5990 0.04615 0.05662 -0.99733 0.333674 0.216761
-44.9610 28.0470 -23.4900 0.04627 0.06842 -0.99658 0.332402 0.208747
-39.8540 18.1210 -23.7780 0.04882 0.03470 -0.99820 0.350954 0.247553
-40.7840 21.1680 -23.7070 0.04098 0.05593 -0.99759 0.347713 0.235717
-41.1640 22.7600 -23.6130 0.04032 0.05380 -0.99774 0.346435 0.229533
-37.1590 21.2710 -23.5150 0.04696 0.04981 -0.99765 0.361691 0.235699
-33.8440 20.3180 -23.4140 0.04497 0.04442 -0.99800 0.374349 0.239729
-38.7820 25.1850 -23.3760 0.04909 0.05999 -0.99699 0.355888 0.220434
-41.0710 24.5830 -23.5310 0.04426 0.05411 -0.99755 0.346995 0.222515
-35.0880 24.6530 -23.2250 0.04683 0.06150 -0.99701 0.370060 0.222879
-42.3410 24.5120 -23.5790 0.04226 0.05338 -0.99768 0.342095 0.222654
-40.9760 27.7090 -23.3160 0.04764 0.06833 -0.99652 0.347725 0.210460
-37.8940 28.4830 -23.1150 0.05057 0.07460 -0.99593 0.359692 0.207798
-25.0410 -5.0220 -22.9590 0.04504 -0.04505 -0.99797 0.405527 0.338235
-26.0420 -1.1000 -23.1400 0.04613 -0.02957 -0.99850 0.402069 0.323026
-21.2260 -5.3390 -22.7560 0.05076 -0.04623 -0.99764 0.420186 0.339872
-21.7510 -2.2760 -22.9060 0.04988 -0.03284 -0.99822 0.418471 0.328021
-22.5420 2.4400 -23.0660 0.04891 -0.01934 -0.99862 0.415916 0.309781
-18.6670 1.1960 -22.8410 0.05378 -0.02160 -0.99832 0.430711 0.314993
-18.3320 4.3520 -22.8830 0.06472 -0.01715 -0.99776 0.432329 0.302884
-17.2270 3.5780 -22.7740 0.05987 -0.01646 -0.99807 0.436514 0.305986
-19.5050 -8.4010 -22.5070 0.05185 -0.05861 -0.99693 0.426511 0.351860
-15.9040 -9.2910 -22.2570 0.05023 -0.05943 -0.99697 0.440297 0.355686
-16.6070 -7.6230 -22.3840 0.04741 -0.05661 -0.99727 0.437752 0.349183
-18.2080 -5.9110 -22.5710 0.05250 -0.04938 -0.99740 0.431753 0.342409
-18.0030 -3.3190 -22.6690 0.04979 -0.03672 -0.99808 0.432804 0.332446
-15.1060 -7.5740 -22.3340 0.05045 -0.05753 -0.99707 0.443537 0.349153
-12.5480 -7.2260 -22.1810 0.06095 -0.05173 -0.99680 0.453433 0.348099
-16.0080 -5.6910 -22.4710 0.04745 -0.05035 -0.99760 0.440249 0.341799
-16.0170 -3.8930 -22.5570 0.05021 -0.03876 -0.99799 0.440393 0.334873
-14.1380 -4.9010 -22.4160 0.06461 -0.04258 -0.99700 0.447528 0.338961
-10.6690 -7.4040 -22.0980 0.04648 -0.06714 -0.99666 0.460650 0.348983
-9.0050 -7.2420 -22.0120 0.05840 -0.05984 -0.99650 0.467078 0.348541
-11.7010 -4.4970 -22.2410 0.06048 -0.04081 -0.99733 0.456973 0.337683
-13.3790 -1.9960 -22.4590 0.06264 -0.03148 -0.99754 0.450753 0.327863
-10.2120 -4.9920 -22.1510 0.04514 -0.03800 -0.99826 0.462657 0.339750
-10.6230 -2.2610 -22.2820 0.05949 -0.03180 -0.99772 0.461349 0.329188
-16.2350 -0.9720 -22.6610 0.05397 -0.02734 -0.99817 0.439847 0.323603
-15.1420 2.5430 -22.6710 0.05657 -0.01814 -0.99823 0.444431 0.310197
-13.2790 0.5340 -22.5190 0.06429 -0.01783 -0.99777 0.451402 0.318136
-11.2250 -0.3470 -22.3700 0.05826 -0.02700 -0.99794 0.459223 0.321755
-11.8190 2.9420 -22.4400 0.06124 -0.01893 -0.99794 0.457289 0.309033
-15.3410 5.1770 -22.7340 0.05110 -0.01447 -0.99859 0.443939 0.300041
-12.7030 4.0660 -22.5580 0.08867 -0.01945 -0.99587 0.453986 0.304606
-13.6890 7.1530 -22.6510 0.07007 -0.00290 -0.99754 0.450520 0.292620
-25.3750 6.3550 -23.2650 0.04824 -0.01003 -0.99879 0.405415 0.294407
-26.3570 9.1670 -23.3240 0.04625 0.00207 -0.99893 0.401935 0.283475
-22.0020 7.4380 -23.0930 0.05047 -0.00460 -0.99872 0.418527 0.290609
-21.0170 12.5360 -23.0320 0.05172 0.01252 -0.99858 0.422877 0.271097
-30.5270 17.2780 -23.3790 0.04445 0.03059 -0.99854 0.386776 0.251801
-26.5060 13.3780 -23.2900 0.04520 0.01683 -0.99884 0.401827 0.267255
-23.7260 17.1300 -23.0760 0.04766 0.02768 -0.99848 0.412955 0.253119
-25.7360 19.0300 -23.1070 0.04447 0.03764 -0.99830 0.405432 0.245583
-18.7770 8.1030 -22.9440 0.05387 -0.00096 -0.99855 0.431017 0.288401
-17.1170 6.7560 -22.8380 0.05620 -0.00766 -0.99839 0.437270 0.293769
-16.8660 9.4770 -22.8220 0.05567 0.00176 -0.99845 0.438535 0.283328
-16.6510 12.1040 -22.8090 0.05072 0.01077 -0.99865 0.439646 0.273244
-13.5370 9.3120 -22.6300 0.06611 0.00017 -0.99781 0.451344 0.284330
-14.5470 10.9650 -22.7040 0.06058 0.00086 -0.99816 0.447629 0.277858
-18.9290 17.0310 -22.8330 0.05199 0.02436 -0.99835 0.431429 0.254028
-17.5290 14.4460 -22.7970 0.05182 0.02042 -0.99845 0.436534 0.264131
-14.9300 13.5790 -22.7010 0.05459 0.01777 -0.99835 0.446440 0.267758
-20.7680 20.6790 -22.8030 0.04886 0.04166 -0.99794 0.424764 0.239784
-16.9040 19.9210 -22.6440 0.05413 0.03893 -0.99777 0.439566 0.243131
-8.5640 -4.6190 -22.0970 0.06013 -0.03633 -0.99753 0.469039 0.338491
-6.0630 -6.0660 -21.8550 0.07119 -0.04737 -0.99634 0.478535 0.344349
-6.7840 -0.7530 -22.0960 0.07435 -0.02885 -0.99681 0.476297 0.323810
-9.1350 -0.2480 -22.2320 0.06418 -0.02985 -0.99749 0.467297 0.321606
-5.6900 -3.3980 -21.9130 0.06625 -0.03302 -0.99726 0.480254 0.334121
-2.5850 -6.5000 -21.6060 0.06546 -0.04699 -0.99675 0.491907 0.346411
-3.0030 -4.2210 -21.7340 0.07054 -0.03835 -0.99677 0.490523 0.337586
-3.9730 -2.0350 -21.8780 0.05743 -0.03052 -0.99788 0.487008 0.329060
-5.3360 0.2010 -21.9870 0.06706 -0.02691 -0.99739 0.481995 0.320305
-1.0010 -2.4650 -21.6400 0.07295 -0.03090 -0.99686 0.498426 0.331054
-3.6570 0.4080 -21.9250 0.06002 -0.02079 -0.99798 0.488480 0.319691
-10.2350 0.8220 -22.3760 0.06038 -0.02533 -0.99785 0.463154 0.317361
-7.0050 2.0380 -22.1910 0.06509 -0.02353 -0.99760 0.475739 0.313044
-8.7710 2.7550 -22.2740 0.04772 -0.01729 -0.99871 0.469012 0.310090
-10.6300 5.6980 -22.4790 0.04904 -0.00650 -0.99878 0.462153 0.298556
-12.0130 5.9810 -22.4900 0.05737 -0.00378 -0.99835 0.456865 0.297316
-9.0470 6.2560 -22.3250 0.07026 -0.00951 -0.99748 0.468326 0.296589
-7.6420 3.6500 -22.2840 0.04140 -0.00025 -0.99914 0.473450 0.306770
-3.8890 3.2110 -21.9820 0.06777 -0.01232 -0.99762 0.487885 0.308880
-6.2550 4.8210 -22.1270 0.08275 -0.00594 -0.99655 0.478943 0.302421
-7.3020 5.5060 -22.2390 0.06831 -0.00735 -0.99764 0.474969 0.299664
-8.5210 8.5670 -22.3310 0.06248 -0.00277 -0.99804 0.470601 0.287751
-5.8510 7.5180 -22.1450 0.06931 -0.00587 -0.99758 0.480786 0.292086
2.4870 -4.0770 -21.3440 0.07128 -0.03549 -0.99682 0.511711 0.337652
-1.5090 0.8950 -21.7640 0.07494 -0.01969 -0.99699 0.496818 0.318061
8.5520 -3.1520 -20.9300 0.07239 -0.03168 -0.99687 0.535203 0.334777
4.3980 0.2500 -21.3340 0.07257 -0.02271 -0.99711 0.519531 0.321210
1.1420 4.7940 -21.6300 0.07120 -0.01073 -0.99740 0.507461 0.303354
-3.2320 7.5740 -21.9730 0.06775 -0.00647 -0.99768 0.490890 0.292163
6.1040 4.4760 -21.2870 0.07249 -0.01149 -0.99730 0.526560 0.305138
2.0560 9.3060 -21.5940 0.07196 -0.00256 -0.99740 0.511476 0.286091
-11.8500 8.8210 -22.5080 0.06258 -0.00015 -0.99804 0.457795 0.286407
-10.6940 10.5210 -22.4300 0.05506 0.00234 -0.99848 0.462443 0.279994
-11.7390 13.6460 -22.4960 0.05785 0.01193 -0.99825 0.458752 0.267854
-9.8980 12.6560 -22.3890 0.04876 0.00472 -0.99880 0.465745 0.271868
-8.8010 12.0370 -22.3620 0.05385 0.00868 -0.99851 0.469899 0.274370
-10.4150 14.6750 -22.4340 0.05270 0.03394 -0.99803 0.463970 0.264044
-8.5150 13.9400 -22.3000 0.05749 0.02037 -0.99814 0.471219 0.267079
-9.7670 15.7140 -22.3320 0.05953 0.02541 -0.99790 0.466596 0.260113
-7.0090 14.9010 -22.1980 0.06347 0.01527 -0.99787 0.477132 0.263548
-14.1740 15.9650 -22.6050 0.05789 0.02303 -0.99806 0.449632 0.258660
-16.4810 17.6490 -22.6910 0.05437 0.02560 -0.99819 0.440934 0.251921
-13.6770 19.0990 -22.4770 0.06528 0.03289 -0.99732 0.451910 0.246648
-11.9740 16.8400 -22.4590 0.06818 0.03243 -0.99715 0.458211 0.255536
-13.3010 22.6060 -22.3120 0.05388 0.04885 -0.99735 0.453776 0.233185
-11.7330 15.2160 -22.4410 0.05547 0.02366 -0.99818 0.458964 0.261811
-11.2660 17.3640 -22.3760 0.04695 0.03569 -0.99826 0.461009 0.253595
-12.3790 18.5670 -22.3670 0.07331 0.03681 -0.99663 0.456868 0.248833
-10.1560 17.6970 -22.3500 0.04634 0.02257 -0.99867 0.465314 0.252442
-11.1670 20.5010 -22.2980 0.05197 0.03465 -0.99805 0.461752 0.241529
-9.5380 19.0090 -22.2230 0.05967 0.03992 -0.99742 0.467865 0.247452
-7.3140 18.4840 -22.1500 0.06128 0.02657 -0.99777 0.476368 0.249727
-10.9710 24.1890 -22.1090 0.05517 0.05379 -0.99703 0.462951 0.227348
-9.0700 20.7330 -22.1880 0.05289 0.04061 -0.99777 0.469860 0.240873
-9.6010 22.1490 -22.1240 0.05540 0.05252 -0.99708 0.467983 0.235356
-6.8100 21.2060 -22.0200 0.06327 0.04279 -0.99708 0.478630 0.239302
-7.6030 24.8370 -21.8900 0.05553 0.05681 -0.99684 0.476009 0.225225
-2.0070 16.3730 -21.8270 0.06916 0.01883 -0.99743 0.496595 0.258442
-2.3510 19.9000 -21.7660 0.06627 0.03126 -0.99731 0.495675 0.244826
-4.3560 24.6670 -21.7090 0.06090 0.05191 -0.99679 0.488506 0.226246
-10.1640 7.9040 -22.4360 0.05649 0.00035 -0.99840 0.464191 0.290122
-6.3230 10.5360 -22.1730 0.06861 0.00184 -0.99764 0.479294 0.280423
-5.0300 9.1800 -22.0870 0.06308 -0.00195 -0.99801 0.484132 0.285784
-3.4330 10.6300 -22.0010 0.06564 0.00217 -0.99784 0.490447 0.280381
-3.7310 13.8030 -21.9880 0.06766 0.01175 -0.99764 0.489650 0.268140
0.7150 12.8670 -21.6870 0.07170 0.00842 -0.99739 0.506696 0.272237
-29.3080 23.2420 -23.0660 0.04308 0.05669 -0.99746 0.392158 0.228961
-32.7400 27.6200 -22.9130 0.04565 0.07330 -0.99626 0.379461 0.211686
-28.8060 28.4700 -22.6850 0.04268 0.07590 -0.99620 0.394720 0.208850
-34.0160 32.1630 -22.6060 0.04732 0.08516 -0.99524 0.375093 0.193997
-25.8770 25.0840 -22.7990 0.04083 0.06752 -0.99688 0.405599 0.222238
-25.4480 29.7230 -22.4390 0.04250 0.07976 -0.99591 0.407820 0.204392
-22.1760 26.1070 -22.5930 0.04366 0.06745 -0.99677 0.419983 0.218717
-19.7110 31.3160 -22.0590 0.04574 0.08378 -0.99543 0.430134 0.198892
-23.3480 23.4860 -22.7930 0.04476 0.05254 -0.99762 0.415150 0.228685
-18.2580 23.5050 -22.5420 0.05262 0.05296 -0.99721 0.434774 0.229176
-19.5140 27.0110 -22.4040 0.05005 0.07127 -0.99620 0.430353 0.215527
-30.8190 35.1130 -22.2100 0.04363 0.09194 -0.99481 0.387782 0.182965
-26.5170 33.3630 -22.1840 0.04310 0.08849 -0.99514 0.404151 0.190217
-22.8810 33.0910 -22.0430 0.04343 0.08759 -0.99521 0.418138 0.191680
-25.0630 36.5470 -21.8180 0.04091 0.09368 -0.99476 0.410162 0.178083
-34.4640 36.1830 -22.2660 0.04701 0.09416 -0.99445 0.373861 0.178403
-32.0010 39.3340 -21.8470 0.04393 0.07850 -0.99595 0.383766 0.166508
-32.5300 40.5710 -21.7980 0.04456 0.10185 -0.99380 0.381879 0.161678
-27.9360 37.4780 -21.8460 0.04382 0.09297 -0.99470 0.399205 0.174151
-29.5970 40.3890 -21.6750 0.04147 0.10318 -0.99380 0.393176 0.162725
-30.6580 41.8430 -21.5310 0.04121 0.20639 -0.97760 0.389280 0.156980
-30.7650 42.4370 -21.3590 0.03353 0.46652 -0.88388 0.388971 0.154594
-25.8480 39.6310 -21.5540 0.04417 0.07044 -0.99654 0.407532 0.166075
-22.6930 40.6480 -21.3430 0.04574 0.11830 -0.99192 0.419823 0.162531
-26.3980 40.7070 -21.5380 0.04475 0.10196 -0.99378 0.405542 0.161866
-28.3790 42.1110 -21.3930 0.04436 0.32350 -0.94519 0.398102 0.156171
-27.8020 42.8290 -20.9480 0.02173 0.70895 -0.70493 0.400489 0.153028
-24.8600 42.0750 -21.2280 0.03613 0.30809 -0.95067 0.411669 0.156700
-15.9000 26.9960 -22.2090 0.05215 0.06689 -0.99640 0.444289 0.215983
-12.9010 27.0360 -22.0540 0.05429 0.06472 -0.99643 0.455854 0.216163
-14.0220 31.7400 -21.7550 0.04969 0.08097 -0.99548 0.452123 0.197890
-21.2770 35.8270 -21.7290 0.04406 0.09201 -0.99478 0.424671 0.181304
-17.5100 35.6760 -21.5750 0.04534 0.09269 -0.99466 0.439176 0.182308
-18.5440 39.8480 -21.2030 0.04807 0.06950 -0.99642 0.435726 0.166075
-9.4760 29.2020 -21.7030 0.05561 0.07187 -0.99586 0.469335 0.208183
-10.5350 33.5100 -21.4290 0.05279 0.08184 -0.99525 0.465798 0.191442
-12.8150 34.4790 -21.4570 0.04769 0.08819 -0.99496 0.457131 0.187446
-4.1840 28.6580 -21.4460 0.05521 0.06674 -0.99624 0.489672 0.210876
-7.6890 31.9890 -21.3880 0.05336 0.07641 -0.99565 0.476581 0.197626
-14.1250 38.6130 -21.1390 0.04122 0.08714 -0.99534 0.452609 0.171334
-10.5260 37.1180 -21.1160 0.04567 0.08423 -0.99540 0.466297 0.177504
-12.0640 40.4050 -20.9080 0.04229 0.09265 -0.99480 0.460787 0.164640
-7.4250 39.7030 -20.7670 0.04670 0.05361 -0.99747 0.478582 0.167857
-7.6790 40.7530 -20.7580 0.04468 0.10677 -0.99328 0.477726 0.163779
-7.9080 35.1320 -21.1500 0.05019 0.08044 -0.99549 0.476133 0.185464
-24.4480 42.9230 -20.7830 0.01260 0.67681 -0.73605 0.413436 0.153093
-22.5760 43.4040 -19.9840 -0.01187 0.93433 -0.35622 0.420849 0.149946
-22.7280 42.3750 -21.0890 0.03842 0.36530 -0.93010 0.419931 0.155832
-20.9410 43.0710 -20.5360 0.03115 0.70361 -0.70990 0.426981 0.152806
-18.7600 40.6420 -21.1900 0.04674 0.09517 -0.99436 0.434981 0.163000
-20.2950 42.3770 -20.9650 0.04761 0.38649 -0.92106 0.429313 0.156063
-17.1660 42.3470 -20.8290 0.03351 0.30760 -0.95092 0.441368 0.156545
-20.0860 43.6460 -19.0160 -0.02268 0.99014 -0.13826 0.430653 0.146694
-17.4950 43.7630 -18.7650 -0.02084 0.99291 -0.11705 0.440682 0.146247
-19.7690 43.3610 -20.1440 0.00309 0.85046 -0.52604 0.431608 0.151234
-17.2910 43.5210 -19.8060 -0.01019 0.91218 -0.40967 0.441221 0.150387
-17.8200 42.9810 -20.5180 0.01980 0.64095 -0.76733 0.438992 0.153703
-15.8730 43.7790 -16.8220 -0.00075 0.99999 0.00475 0.447355 0.139174
-14.8400 43.8120 -18.3720 -0.01461 0.99654 -0.08179 0.450992 0.145353
-13.8930 43.8160 -17.2290 -0.02620 0.99924 -0.02900 0.454894 0.141170
-15.0160 43.5660 -19.6540 0.00893 0.93125 -0.36428 0.450008 0.150326
-16.0670 40.9200 -21.0110 0.03795 0.11824 -0.99226 0.445412 0.162216
-15.0890 41.9740 -20.8240 0.04254 0.23189 -0.97181 0.449328 0.158232
-15.8170 42.8500 -20.5690 0.04528 0.51061 -0.85862 0.446662 0.154635
-13.2420 40.6160 -20.9520 0.04086 0.10311 -0.99383 0.456267 0.163705
-13.6070 42.7600 -20.4710 0.03484 0.48458 -0.87406 0.455175 0.155135
-11.9540 41.9230 -20.7300 0.03437 0.23743 -0.97080 0.461403 0.158770
-13.9800 43.2830 -20.0790 0.03961 0.76914 -0.63786 0.453870 0.152536
-16.4230 43.2550 -20.2300 0.01546 0.77221 -0.63518 0.444444 0.152492
-11.6070 43.8630 -18.7760 -0.01723 0.98449 -0.17459 0.463335 0.147619
-12.8200 43.9260 -16.5480 -0.01429 0.99793 -0.06276 0.459183 0.138772
-10.4480 43.8750 -16.8310 -0.00324 0.99997 -0.00662 0.468238 0.140421
-11.0000 42.8300 -20.3600 0.03521 0.54757 -0.83602 0.465237 0.155168
-10.9460 43.6060 -19.5440 0.01261 0.85940 -0.51115 0.465691 0.150872
-8.5980 42.4150 -20.4380 0.03591 0.39325 -0.91873 0.474441 0.157108
10.1080 -43.4380 21.1480 -0.03355 -0.61166 0.79041 0.541827 0.640268
12.4350 -44.0410 20.2390 0.00395 -0.96596 0.25866 0.550660 0.635693
11.9910 -43.0550 21.4800 -0.03072 -0.36200 0.93167 0.549130 0.642014
12.6350 -43.7220 20.9630 -0.02268 -0.79439 0.60698 0.551530 0.638712
11.8720 -41.3720 21.5870 -0.03281 -0.04258 0.99855 0.548712 0.648507
14.2630 -42.7660 21.6110 -0.03132 -0.22577 0.97368 0.557886 0.643100
11.5710 -44.2270 17.9460 0.02703 -0.99951 0.01582 0.547080 0.626922
13.9150 -44.1700 17.7820 0.01412 -0.99930 0.03475 0.556083 0.626039
14.0380 -44.1710 18.8840 0.01328 -0.99849 0.05335 0.556672 0.630261
16.1350 -43.9970 20.4310 0.01004 -0.97111 0.23843 0.564923 0.635997
16.6860 -43.2810 21.5190 -0.01505 -0.54159 0.84051 0.567183 0.640983
14.4780 -43.4170 21.3210 -0.02388 -0.59614 0.80252 0.558669 0.640342
15.0210 -43.8280 20.8770 -0.00897 -0.85760 0.51423 0.560689 0.637958
17.5690 -43.7400 21.0130 -0.00129 -0.84393 0.53645 0.570508 0.638282
18.7390 -43.9780 20.4090 0.00083 -0.97759 0.21051 0.574932 0.635640
16.9640 -44.1570 18.5340 0.00763 -0.99788 0.06457 0.567906 0.628588
16.2120 -41.2090 21.7580 -0.03702 -0.03478 0.99871 0.565431 0.649057
13.3610 -39.9010 21.6660 -0.03444 -0.04679 0.99831 0.554474 0.654141
17.6810 -42.6930 21.7280 -0.02215 -0.21821 0.97565 0.571051 0.643308
18.5070 -39.2100 21.8860 -0.02530 -0.04520 0.99866 0.574310 0.656698
18.6380 -43.3330 21.4580 -0.02513 -0.57546 0.81744 0.574666 0.640540
20.1660 -43.7960 21.0700 0.00288 -0.86968 0.49361 0.580495 0.638093
19.8890 -42.6520 21.8360 -0.03680 -0.21007 0.97699 0.579551 0.643433
20.2250 -44.1270 19.0090 0.01236 -0.99856 0.05229 0.580511 0.630078
20.7340 -43.0680 21.7120 0.00536 -0.50827 0.86118 0.582777 0.641727
21.6040 -42.7120 21.8590 -0.04482 -0.29092 0.95570 0.586164 0.643124
21.3790 -43.6320 21.2140 0.01401 -0.71888 0.69500 0.585183 0.638776
22.5170 -43.8600 20.8340 0.00747 -0.93608 0.35170 0.589508 0.636928
22.1070 -44.1050 18.9150 0.01285 -0.99887 0.04578 0.587748 0.629542
21.4470 -40.7120 21.8880 -0.07562 -0.04277 0.99622 0.585605 0.650831
23.0580 -44.0540 19.9800 0.01829 -0.99044 0.13672 0.591522 0.633543
24.1940 -43.7230 20.8840 0.07405 -0.92300 0.37762 0.596022 0.637129
23.8370 -43.4090 21.5370 0.04988 -0.77232 0.63327 0.594699 0.639924
25.7900 -43.7370 20.3420 0.02508 -0.97815 0.20638 0.602157 0.634963
22.9950 -43.0390 21.8260 -0.04452 -0.51327 0.85707 0.591504 0.641801
23.4570 -42.6120 22.0110 -0.00362 -0.20413 0.97894 0.593324 0.643512
23.0620 -40.6000 22.0840 -0.01787 -0.07584 0.99696 0.591884 0.651241
26.2490 -42.4820 21.8780 -0.03833 -0.11091 0.99309 0.604133 0.643608
24.8050 -43.0730 21.7990 0.03948 -0.55814 0.82881 0.598496 0.641446
26.0090 -43.0240 21.7170 0.01913 -0.40176 0.91554 0.603172 0.641363
26.4200 -43.3610 21.5050 -0.04116 -0.79372 0.60689 0.604728 0.639722
24.5920 -40.5940 21.9780 0.07115 -0.03187 0.99696 0.597819 0.651145
21.3520 -35.9430 22.0970 -0.11086 -0.02992 0.99339 0.585342 0.669210
18.5240 -37.8590 21.9650 -0.02027 -0.04434 0.99881 0.574411 0.661904
21.3620 -38.6800 21.9850 -0.11193 -0.05265 0.99232 0.585310 0.658662
22.6340 -37.2420 22.3460 -0.04879 -0.03407 0.99823 0.590356 0.664204
22.8180 -39.3630 22.2290 -0.03526 -0.07053 0.99689 0.590998 0.656036
24.0930 -37.2710 22.1520 0.10295 -0.03278 0.99415 0.596006 0.664014
8.9790 -37.8070 21.6750 -0.03118 -0.04169 0.99864 0.537658 0.662300
9.2080 -32.0770 21.9020 -0.02550 -0.04312 0.99874 0.538674 0.684378
10.5900 -35.5750 21.7650 -0.03088 -0.03667 0.99885 0.543911 0.670866
12.8740 -35.3900 21.8580 -0.02898 -0.03722 0.99889 0.552708 0.671537
12.3950 -29.6160 22.0710 -0.00375 -0.03326 0.99944 0.550998 0.693793
9.9650 -28.6850 22.0560 -0.02309 -0.03719 0.99904 0.541670 0.697432
14.3890 -30.8440 22.0180 -0.03051 -0.02607 0.99919 0.558643 0.689012
11.8280 -38.1350 21.7500 -0.03021 -0.04592 0.99849 0.548620 0.660985
15.6870 -38.0690 21.8980 -0.03609 -0.04530 0.99832 0.563487 0.661164
15.2150 -36.2120 21.8700 -0.04249 -0.03336 0.99854 0.561699 0.668319
4.7710 -24.5210 22.0820 -0.01575 -0.02775 0.99949 0.521778 0.713584
7.4020 -25.7180 22.1100 -0.01945 -0.02937 0.99938 0.531876 0.708919
11.6770 -26.2830 22.1850 -0.00560 -0.02781 0.99960 0.548314 0.706649
9.7860 -25.5400 22.1390 -0.02338 -0.02389 0.99944 0.541054 0.709551
9.1320 -21.7290 22.1980 -0.02068 -0.01529 0.99967 0.538622 0.724244
11.2900 -22.1850 22.2720 -0.00663 -0.01496 0.99987 0.546921 0.722444
17.4440 -35.9510 22.0150 -0.02422 -0.03375 0.99914 0.570294 0.669282
16.2510 -34.3040 22.0450 -0.03883 -0.04166 0.99838 0.565741 0.675653
18.6600 -35.7200 22.0220 -0.01616 -0.03351 0.99931 0.574982 0.670135
18.3570 -33.6860 22.0990 -0.01385 -0.03212 0.99939 0.573868 0.677980
16.7330 -31.7910 22.1680 -0.03281 -0.02674 0.99910 0.567663 0.685323
16.0900 -30.3520 22.1270 -0.07180 -0.01530 0.99730 0.565208 0.690877
17.3270 -29.1000 22.2540 -0.00985 -0.02811 0.99956 0.570009 0.695676
22.7500 -35.6630 22.3600 -0.03057 -0.02748 0.99916 0.590828 0.670276
21.0530 -31.5610 22.2100 -0.10362 -0.02875 0.99420 0.584292 0.686094
18.6390 -29.9230 22.1760 0.00106 -0.02458 0.99970 0.575040 0.692464
21.2520 -29.8140 22.2780 -0.12384 -0.01774 0.99214 0.585097 0.692818
13.5080 -27.3600 22.1070 0.00513 -0.02567 0.99966 0.555335 0.702452
15.0930 -28.2840 22.1210 -0.05146 -0.02954 0.99824 0.561412 0.698857
14.3640 -25.2500 22.1550 -0.02569 -0.01859 0.99950 0.558675 0.710560
14.2870 -21.6860 22.1950 -0.01797 -0.00782 0.99981 0.558469 0.724288
16.9980 -26.2800 22.3320 -0.01090 -0.01745 0.99979 0.568811 0.706540
18.2410 -26.7520 22.2580 0.02127 -0.01662 0.99964 0.573589 0.704691
16.8750 -23.1450 22.3520 -0.01261 -0.00858 0.99988 0.568415 0.718615
18.0560 -22.7040 22.3050 0.01996 -0.00675 0.99978 0.572974 0.720282
21.0660 -24.6600 22.3060 -0.08277 -0.00858 0.99653 0.584506 0.712673
17.0420 -20.0890 22.3720 0.00191 -0.00282 0.99999 0.569122 0.730379
18.1530 -19.9240 22.3000 0.02789 -0.00089 0.99961 0.573413 0.730986
27.5880 -42.8540 21.9940 -0.07865 -0.35515 0.93150 0.609358 0.642304
27.6710 -40.5330 22.0050 -0.11604 -0.01041 0.99319 0.609689 0.651273
26.5160 -41.0950 21.8310 -0.05547 0.00232 0.99846 0.605195 0.649059
28.2990 -43.5480 21.4240 -0.03810 -0.83012 0.55629 0.612008 0.638797
29.7140 -43.1800 21.8690 -0.01413 -0.61499 0.78841 0.617534 0.640828
29.7390 -42.5950 22.1780 -0.02463 -0.26403 0.96420 0.617674 0.643358
29.1120 -41.2440 22.2200 -0.08127 -0.00491 0.99668 0.615286 0.648551
29.2630 -40.1950 22.1930 -0.06834 0.00537 0.99765 0.615876 0.652587
26.1070 -39.5890 21.9210 0.00957 -0.03496 0.99934 0.603693 0.654942
26.6200 -37.3120 21.9580 -0.02713 -0.02573 0.99930 0.605734 0.663737
31.9730 -41.2980 22.3010 -0.01116 0.00244 0.99993 0.626305 0.648307
31.5860 -42.4390 22.2280 -0.03339 -0.20064 0.97910 0.624787 0.643901
32.8270 -40.5730 22.2720 -0.01568 0.00118 0.99988 0.629604 0.651096
32.3810 -35.4840 22.3450 -0.01528 -0.01223 0.99981 0.628017 0.670704
28.7820 -35.9960 22.2700 -0.07094 -0.02334 0.99721 0.614155 0.668794
38.2920 -32.3590 22.4340 -0.01147 0.00437 0.99992 0.650845 0.682617
36.3490 -36.7680 22.3960 -0.01754 -0.00578 0.99983 0.643262 0.665681
22.7630 -33.2420 22.4600 -0.02401 -0.03029 0.99925 0.590935 0.679606
24.7530 -33.7440 22.2060 0.10729 -0.02340 0.99395 0.598629 0.677587
23.5880 -30.5140 22.3690 0.13211 -0.01384 0.99114 0.594228 0.690071
26.2780 -31.0060 22.1090 0.00028 -0.01351 0.99991 0.604603 0.688087
26.3570 -34.5700 22.0190 -0.00515 -0.02470 0.99968 0.604807 0.674335
22.5890 -30.9950 22.5240 -0.01993 -0.02382 0.99952 0.590321 0.688262
22.6030 -28.9540 22.5710 -0.01358 -0.01225 0.99983 0.590417 0.696109
23.8350 -27.1570 22.3770 0.12625 -0.00437 0.99199 0.595246 0.702993
26.1470 -27.9460 22.1280 0.00629 -0.00771 0.99995 0.604172 0.699886
28.8290 -31.8090 22.3420 -0.05684 -0.01300 0.99830 0.614438 0.684940
28.6850 -28.7140 22.3470 -0.05310 -0.00726 0.99856 0.613958 0.696870
28.4640 -26.5850 22.3620 -0.05477 -0.00568 0.99848 0.613154 0.705083
21.0870 -21.1360 22.3300 -0.08680 -0.00393 0.99622 0.584671 0.726242
22.5590 -20.2130 22.5700 0.00115 0.00766 0.99997 0.590430 0.729758
22.6120 -22.9270 22.5830 -0.00736 -0.00432 0.99996 0.590579 0.719314
21.0830 -27.4080 22.2780 -0.10071 -0.00939 0.99487 0.584505 0.702089
22.5720 -26.3450 22.5530 -0.02561 -0.00476 0.99966 0.590356 0.706150
22.7820 -24.5600 22.5600 0.01627 -0.00585 0.99985 0.591192 0.713023
23.8280 -24.1220 22.3880 0.12970 -0.00421 0.99154 0.595284 0.714682
26.1870 -24.4540 22.1450 0.00411 -0.00772 0.99996 0.604396 0.713341
26.1670 -22.0730 22.1820 0.00946 -0.00230 0.99995 0.604370 0.722520
28.2960 -22.8320 22.3440 -0.05808 -0.00044 0.99831 0.612570 0.719549
23.6710 -21.8430 22.4160 0.12376 0.00559 0.99230 0.594724 0.723462
23.7300 -19.2760 22.3740 0.11564 0.01510 0.99318 0.595002 0.733352
31.5890 -29.1600 22.4020 -0.00348 -0.00119 0.99999 0.625122 0.695089
33.7160 -28.1680 22.3580 0.00280 0.00504 0.99998 0.633328 0.698866
35.1040 -30.4630 22.3840 -0.00657 0.00149 0.99998 0.638618 0.689992
31.7800 -26.0600 22.4030 0.00564 0.00246 0.99998 0.625920 0.707031
37.7350 -27.8440 22.3940 -0.00260 0.00649 0.99998 0.648800 0.700025
33.7910 -24.7790 22.3530 -0.00011 0.00696 0.99998 0.633688 0.711922
35.9640 -25.1210 22.3980 -0.00036 0.00715 0.99997 0.642043 0.710554
29.6320 -24.2760 22.3790 -0.01154 0.00339 0.99993 0.617692 0.713953
31.9430 -21.8400 22.3560 0.01381 0.00989 0.99986 0.626633 0.723289
29.1360 -21.3490 22.3780 -0.02538 0.00342 0.99967 0.615839 0.725242
26.3590 -19.5540 22.1760 -0.00527 0.00770 0.99996 0.605151 0.732226
28.9910 -19.0360 22.3910 -0.02093 0.00060 0.99978 0.615330 0.734157
30.4370 -18.2200 22.3370 0.02116 0.01344 0.99969 0.620912 0.737267
33.6070 -19.7760 22.2970 0.00166 0.01412 0.99990 0.633081 0.731205
35.7910 -20.9710 22.3550 0.00452 0.01525 0.99987 0.641463 0.726549
-0.2540 -13.2310 22.1900 -0.00310 0.00808 0.99996 0.502700 0.757178
-0.7170 -7.7870 22.1210 -0.00684 0.01843 0.99981 0.501034 0.778159
1.3050 -11.5790 22.1440 0.00078 0.01350 0.99991 0.508731 0.763510
4.2020 -12.9550 22.1810 -0.00915 0.00988 0.99991 0.519849 0.758148
1.6390 -7.9170 22.0950 0.00616 0.01764 0.99983 0.510089 0.777612
4.4370 -10.2780 22.1320 -0.01021 0.01846 0.99978 0.520812 0.768456
6.7240 -11.7190 22.2060 -0.00388 0.01434 0.99989 0.529581 0.762851
6.7500 -8.4580 22.1370 -0.00419 0.01969 0.99980 0.529749 0.775417
4.4140 -6.9240 22.0700 -0.00836 0.02078 0.99975 0.520786 0.781381
6.7680 -20.5720 22.2050 -0.01494 -0.01197 0.99982 0.529556 0.728751
4.6390 -19.6910 22.1610 -0.01347 -0.01229 0.99983 0.521383 0.732192
2.2910 -18.3730 22.1690 -0.00470 -0.01149 0.99992 0.512374 0.737319
5.6740 -16.3190 22.2020 -0.00819 -0.00162 0.99997 0.525443 0.745158
9.3820 -18.6730 22.2310 -0.01863 -0.00086 0.99983 0.539655 0.736008
8.8610 -14.6150 22.2260 -0.01074 0.00417 0.99993 0.537744 0.751648
11.2460 -19.7730 22.2960 -0.00373 -0.00245 0.99999 0.546807 0.731731
13.8750 -17.3680 22.2100 -0.00460 0.00167 0.99999 0.556982 0.740929
11.8140 -15.5010 22.2700 0.00586 0.00384 0.99998 0.549087 0.748170
15.5520 -16.9200 22.2740 -0.04760 0.00458 0.99886 0.563447 0.742618
17.3700 -17.0670 22.3680 0.01932 0.00246 0.99981 0.570451 0.742008
14.4560 -14.2080 22.2100 -0.02012 0.01036 0.99974 0.559286 0.753090
16.8200 -14.9250 22.3550 -0.00995 0.01000 0.99990 0.568382 0.750267
8.6070 -9.8460 22.1480 -0.00474 0.01890 0.99981 0.536868 0.770029
10.7510 -12.7620 22.2480 -0.00503 0.01317 0.99990 0.545056 0.758743
8.7920 -5.9310 22.0740 -0.00844 0.02435 0.99967 0.537659 0.785110
14.4020 -11.0630 22.1520 -0.01574 0.01715 0.99973 0.559142 0.765206
11.5360 -9.5970 22.1980 0.00481 0.01791 0.99983 0.548142 0.770917
11.0920 -6.9100 22.1430 -0.00047 0.02301 0.99974 0.546490 0.781282
14.0660 -7.3600 22.0900 -0.01017 0.01713 0.99980 0.557928 0.779482
13.3000 -5.3990 22.0590 0.00088 0.02464 0.99970 0.555021 0.787057
1.6040 -4.4990 22.0210 0.00144 0.03026 0.99954 0.510025 0.790782
0.7590 0.3880 21.8390 -0.00461 0.03980 0.99920 0.506867 0.809643
4.1500 -2.0670 21.9390 -0.00573 0.03229 0.99946 0.519866 0.800103
-4.7100 2.9820 21.6930 -0.00745 0.04562 0.99893 0.485865 0.819764
-5.1890 7.0090 21.5120 -0.00751 0.05359 0.99853 0.484086 0.835305
-2.4820 6.4200 21.5200 -0.00466 0.05136 0.99867 0.494499 0.832982
-0.1700 3.8910 21.6860 -0.00747 0.04770 0.99883 0.503354 0.823171
5.9590 -5.3110 22.0690 -0.00951 0.02766 0.99957 0.526770 0.787558
8.2730 -3.6670 22.0060 -0.00703 0.03434 0.99939 0.535707 0.793849
5.7650 1.0960 21.8680 -0.00404 0.03283 0.99945 0.526145 0.812257
8.1440 0.1320 21.8260 0.00872 0.04486 0.99896 0.535285 0.808500
11.1070 -4.5740 22.0820 0.00109 0.02889 0.99958 0.546596 0.790283
11.1960 -0.0600 21.9330 -0.01107 0.03960 0.99915 0.547036 0.807678
8.9930 1.7100 21.7410 -0.00870 0.03501 0.99935 0.538580 0.814569
10.8870 3.2440 21.8120 -0.01372 0.03414 0.99932 0.545912 0.820422
4.4160 1.8470 21.7990 -0.02037 0.03826 0.99906 0.520965 0.815186
3.5290 4.6000 21.6690 -0.01132 0.04869 0.99875 0.517602 0.825825
5.5850 3.5750 21.7770 -0.01185 0.04864 0.99875 0.525498 0.821815
2.0230 8.4350 21.4740 -0.00751 0.05284 0.99857 0.511873 0.840650
7.3560 2.7440 21.7980 0.03523 0.04112 0.99853 0.532295 0.818576
6.8370 5.8130 21.6430 0.00491 0.05186 0.99864 0.530359 0.830427
8.3570 3.3650 21.7040 0.01133 0.03847 0.99920 0.536168 0.820961
5.0070 8.0400 21.5120 -0.00617 0.05237 0.99861 0.523355 0.839060
8.3550 6.7380 21.5870 -0.01282 0.04646 0.99884 0.536221 0.833961
20.9070 -18.8770 22.3330 -0.06895 0.00618 0.99760 0.584041 0.734951
18.2670 -15.7390 22.2920 0.02902 0.01064 0.99952 0.573944 0.747099
20.9060 -16.3170 22.2960 -0.06440 0.01059 0.99787 0.584089 0.744812
20.6820 -13.8340 22.2620 -0.05873 0.01446 0.99817 0.583275 0.754385
18.8690 -12.9280 22.2540 0.01308 0.01722 0.99977 0.576311 0.757916
16.3760 -12.5850 22.2900 -0.02188 0.02071 0.99955 0.566717 0.759292
22.5530 -17.8840 22.5210 0.01128 0.01628 0.99980 0.590451 0.738728
22.4260 -15.0150 22.4860 0.00437 0.00976 0.99994 0.590011 0.749788
23.4220 -15.2500 22.3510 0.11806 0.01539 0.99289 0.593881 0.748868
26.3600 -15.9020 22.0910 -0.01357 0.01774 0.99975 0.605223 0.746306
20.9270 -11.4330 22.2140 -0.07247 0.02070 0.99716 0.584250 0.763630
22.4120 -12.0170 22.4550 -0.00709 0.01681 0.99983 0.590016 0.761333
23.4990 -13.0240 22.3170 0.12238 0.01474 0.99237 0.594223 0.757440
16.7190 -10.0340 22.2490 -0.00914 0.02141 0.99973 0.568089 0.769113
18.2120 -10.4800 22.2220 0.01419 0.01871 0.99972 0.573826 0.767360
17.5430 -7.1150 22.1480 0.00830 0.02530 0.99965 0.571321 0.780343
15.5440 -7.8770 22.1620 -0.02812 0.01932 0.99942 0.563611 0.777452
16.1490 -4.9110 22.1310 -0.00404 0.02600 0.99965 0.565999 0.788864
17.8740 -5.2800 22.0880 0.01856 0.02940 0.99940 0.572635 0.787410
20.8460 -9.2380 22.1840 -0.06410 0.01614 0.99781 0.583984 0.772090
22.5670 -9.3620 22.4140 0.02797 0.02208 0.99936 0.590659 0.771553
20.4760 -6.6540 22.1100 -0.05246 0.02798 0.99823 0.582617 0.782053
20.7790 -4.3570 22.0470 -0.06679 0.03324 0.99721 0.583831 0.790902
22.4210 -7.6100 22.3660 0.01841 0.02522 0.99951 0.590137 0.778301
22.3570 -5.4720 22.3000 0.01018 0.03717 0.99926 0.589932 0.786539
26.0610 -13.8960 22.0600 0.00845 0.01625 0.99983 0.604119 0.754040
25.8340 -10.4870 22.0140 0.02974 0.03060 0.99909 0.603318 0.767182
27.6220 -13.8670 22.2080 -0.08294 0.01334 0.99646 0.610154 0.754106
27.7470 -11.6190 22.1620 -0.09279 0.02464 0.99538 0.610674 0.762767
28.6070 -12.6360 22.2840 -0.03714 0.01567 0.99919 0.613984 0.758822
28.6730 -8.9100 22.1910 -0.03906 0.02729 0.99886 0.614315 0.773174
28.5970 -16.9770 22.3590 -0.04060 0.01894 0.99900 0.613858 0.742095
29.2010 -14.5030 22.2890 -0.00848 0.01903 0.99978 0.616228 0.751618
31.6820 -14.1810 22.2610 0.01870 0.02107 0.99960 0.625783 0.752803
33.8710 -16.3930 22.2450 0.00460 0.01727 0.99984 0.634167 0.744232
30.4210 -10.6170 22.1880 0.02320 0.02442 0.99943 0.621007 0.766565
23.7770 -8.8480 22.1750 0.13656 0.02839 0.99023 0.595403 0.773527
25.8650 -6.6160 21.9090 0.02415 0.02496 0.99940 0.603519 0.782104
26.4920 -9.1410 21.9700 -0.04576 0.02909 0.99853 0.605876 0.772357
22.2850 -3.5970 22.2250 0.00049 0.03599 0.99935 0.589699 0.793766
23.5470 -4.5980 22.0910 0.12328 0.03598 0.99172 0.594583 0.789903
27.6750 -5.8230 22.0030 -0.07222 0.02834 0.99699 0.610515 0.785107
31.3910 -7.1190 22.0770 0.02483 0.03152 0.99919 0.624806 0.780027
29.0460 -6.0160 22.0940 -0.01515 0.03228 0.99936 0.615801 0.784324
26.0910 -3.2030 21.7810 0.00365 0.03584 0.99935 0.604448 0.795256
28.4280 -3.4360 22.0120 -0.03892 0.03326 0.99869 0.613477 0.794281
26.8870 -1.2350 21.7730 -0.08938 0.02353 0.99572 0.607556 0.802817
14.6450 0.3190 21.8990 -0.01837 0.03354 0.99927 0.560318 0.809065
13.6540 3.5550 21.7420 -0.00975 0.04151 0.99909 0.556570 0.821569
11.1000 6.3890 21.6790 -0.00448 0.04507 0.99897 0.546788 0.832545
11.0880 9.4300 21.5240 -0.00838 0.04632 0.99889 0.546791 0.844271
8.0990 11.9030 21.3290 -0.01911 0.05489 0.99831 0.535328 0.853891
14.1470 9.4520 21.4950 -0.01986 0.04639 0.99873 0.558578 0.844293
15.7510 6.1190 21.7190 -0.02296 0.04286 0.99882 0.564697 0.831395
16.1470 3.5190 21.8500 -0.00637 0.03923 0.99921 0.566173 0.821358
16.8070 9.3920 21.6250 0.01023 0.04187 0.99907 0.568828 0.843980
17.5150 6.2540 21.7020 0.01485 0.03753 0.99919 0.571496 0.831875
17.9030 11.1060 21.4840 0.02348 0.05237 0.99835 0.573088 0.850576
13.9750 -2.6130 21.9650 -0.01019 0.03207 0.99943 0.557677 0.797782
16.4360 -0.6930 21.9910 -0.00546 0.03235 0.99946 0.567193 0.805115
18.5150 -2.7720 21.9980 0.01280 0.02990 0.99947 0.575156 0.797060
20.5110 0.4590 21.8870 -0.04610 0.03666 0.99826 0.582904 0.809471
17.9650 2.0540 21.8470 0.01785 0.03896 0.99908 0.573142 0.815678
20.9220 -1.9250 21.9850 -0.07283 0.03174 0.99684 0.584434 0.800264
23.7440 -1.4910 21.9430 0.12391 0.03132 0.99180 0.595412 0.801880
22.3800 -0.3260 22.1280 0.01886 0.03594 0.99918 0.590124 0.806369
20.8270 3.6900 21.7780 -0.06277 0.04184 0.99715 0.584195 0.821917
22.2810 1.5860 22.0170 0.00936 0.05029 0.99869 0.589787 0.813748
20.6840 5.7790 21.6690 -0.05061 0.03201 0.99821 0.583688 0.829976
22.2660 4.2140 21.9350 0.00987 0.04394 0.99899 0.589784 0.823874
23.5700 1.0380 21.8960 0.11464 0.04723 0.99228 0.594776 0.811628
25.9370 0.3310 21.6730 0.00808 0.02978 0.99952 0.603924 0.808882
25.2460 3.0470 21.6290 0.05095 0.03942 0.99792 0.601312 0.819364
28.1940 -0.2510 21.9030 -0.04059 0.02831 0.99877 0.612637 0.806565
23.3440 3.0110 21.8000 0.11889 0.03583 0.99226 0.593960 0.819241
23.5750 4.5330 21.7510 0.10733 0.03486 0.99361 0.594865 0.825103
25.9900 5.2490 21.4880 -0.00237 0.03864 0.99925 0.604221 0.827846
23.3660 7.7830 21.6330 0.11017 0.03831 0.99317 0.594136 0.837637
27.1000 2.7740 21.6690 -0.07756 0.03565 0.99635 0.608451 0.818266
20.4800 7.3150 21.6290 -0.04972 0.03179 0.99826 0.582931 0.835901
20.4830 11.0790 21.4630 -0.04853 0.05061 0.99754 0.583022 0.850419
22.2890 5.5620 21.8360 0.01135 0.04590 0.99888 0.589902 0.829081
22.0560 7.1060 21.8120 -0.00164 0.02256 0.99974 0.589039 0.835039
22.1500 9.1460 21.7580 0.01465 0.04494 0.99888 0.589438 0.842890
22.1350 12.0240 21.5730 0.01113 0.04896 0.99874 0.589440 0.853993
23.7040 11.0590 21.4280 0.10548 0.04944 0.99319 0.595518 0.850274
20.3500 14.8300 21.2720 -0.05783 0.05006 0.99707 0.582584 0.864887
42.0370 -29.7290 22.4340 -0.00393 0.01234 0.99992 0.665321 0.692664
40.1580 -24.0830 22.3630 0.00086 0.01573 0.99988 0.658206 0.714461
44.8540 -25.9850 22.3700 -0.00130 0.01936 0.99981 0.676238 0.707029
43.4520 -21.4970 22.2800 0.00584 0.02436 0.99969 0.670940 0.724354
47.3880 -23.1790 22.3200 -0.00026 0.02657 0.99965 0.686053 0.717784
37.7340 -22.9640 22.3340 0.00905 0.01419 0.99986 0.648903 0.718830
39.4680 -19.5440 22.2860 0.00649 0.02142 0.99975 0.655641 0.731968
37.4730 -17.8940 22.2450 0.01207 0.02013 0.99972 0.647997 0.738370
35.6420 -18.3340 22.3040 0.00582 0.01918 0.99980 0.640944 0.736711
35.7780 -14.9180 22.2340 0.01213 0.02211 0.99968 0.641535 0.749873
41.3900 -17.8040 22.1910 0.01812 0.02588 0.99950 0.663082 0.738633
39.3900 -15.3570 22.2020 0.01088 0.02453 0.99964 0.655423 0.748106
44.7020 -15.9080 22.1250 0.00818 0.03116 0.99948 0.675865 0.745869
42.7270 -12.6120 22.0440 0.01735 0.03456 0.99925 0.668329 0.758616
51.0030 -16.5240 22.0880 0.00404 0.03744 0.99929 0.700103 0.743355
47.5240 -12.0760 21.9440 0.01459 0.04003 0.99909 0.686803 0.760584
33.4760 -12.6970 22.1740 0.01217 0.02517 0.99961 0.632724 0.758483
35.5120 -10.4740 22.1160 0.01429 0.02993 0.99945 0.640601 0.767006
33.6740 -8.3430 22.0610 0.01575 0.03220 0.99936 0.633571 0.775261
37.6920 -12.5170 22.1180 0.01624 0.02926 0.99944 0.648950 0.759089
39.7790 -12.3860 22.0960 0.01648 0.03460 0.99927 0.656986 0.759547
37.6620 -9.8760 22.0370 0.01725 0.03060 0.99938 0.648887 0.769269
39.1370 -8.0780 21.9710 0.02472 0.03431 0.99911 0.654599 0.776168
31.5630 -3.0870 21.9350 0.02612 0.03841 0.99892 0.625550 0.795564
29.4800 -0.8820 21.8860 0.02664 0.03684 0.99897 0.617576 0.804109
33.2530 -1.5450 21.8250 0.01704 0.03812 0.99913 0.632086 0.801478
33.4910 -5.8420 21.9680 0.01895 0.03476 0.99922 0.632918 0.784909
35.9940 -6.5150 21.9680 0.01616 0.03522 0.99925 0.642536 0.782258
35.4140 -4.1030 21.9040 0.02224 0.03476 0.99915 0.640352 0.791568
39.2780 -3.6770 21.7970 0.02797 0.04231 0.99871 0.655232 0.793134
35.4400 0.2180 21.7380 0.02578 0.03905 0.99890 0.640541 0.808230
37.1950 -2.2970 21.7630 0.02572 0.04070 0.99884 0.647245 0.798502
41.4000 -9.2520 21.9300 0.02434 0.03829 0.99897 0.663295 0.771602
43.9990 -7.7780 21.8380 0.01684 0.04074 0.99903 0.673324 0.777229
46.8720 -5.2280 21.6730 0.02005 0.04639 0.99872 0.684436 0.787003
41.5350 -4.5790 21.7440 0.02846 0.04229 0.99870 0.663910 0.789619
37.4660 2.8640 21.5470 0.02805 0.03799 0.99888 0.648398 0.818399
39.0100 1.1870 21.5960 0.02707 0.04126 0.99878 0.654305 0.811898
41.3470 -1.4490 21.6090 0.03203 0.04354 0.99854 0.663252 0.801693
43.8860 -0.4640 21.5130 0.02313 0.04414 0.99876 0.673047 0.805440
41.3190 2.3910 21.4490 0.03289 0.04108 0.99861 0.663226 0.816502
28.2260 1.8450 21.8420 -0.04625 0.03303 0.99838 0.612797 0.814641
28.1450 5.2020 21.7090 -0.04030 0.03740 0.99849 0.612556 0.827583
31.1300 5.0930 21.6370 0.02893 0.03704 0.99889 0.624046 0.827111
28.4680 7.4590 21.6180 -0.02287 0.04246 0.99884 0.613838 0.836280
33.2750 2.5710 21.6690 0.01962 0.03843 0.99907 0.632255 0.817347
35.9430 5.6680 21.5040 0.02286 0.03821 0.99901 0.642590 0.829233
31.1200 8.8170 21.5030 0.02503 0.03989 0.99889 0.624080 0.841464
33.3420 6.9560 21.4930 0.02453 0.03654 0.99903 0.632602 0.834254
25.4790 9.5000 21.3640 0.03866 0.04990 0.99801 0.602338 0.844244
26.7690 7.9940 21.4620 -0.06676 0.03767 0.99706 0.607283 0.838401
26.6930 10.3620 21.3210 -0.06876 0.04241 0.99673 0.607032 0.847542
28.0700 10.1940 21.4920 -0.04637 0.04235 0.99803 0.612367 0.846836
25.7710 12.7790 21.1780 0.00309 0.04730 0.99888 0.603537 0.856890
23.4360 13.0020 21.3830 0.10601 0.04300 0.99343 0.594508 0.857760
24.3560 15.6690 21.1490 0.08888 0.05434 0.99456 0.598132 0.868047
28.1040 13.7560 21.3320 -0.03996 0.04666 0.99811 0.612573 0.860571
26.3160 15.9230 21.0310 -0.04004 0.05179 0.99786 0.605693 0.869005
31.2930 13.9800 21.2760 0.02123 0.04267 0.99886 0.624861 0.861371
34.3190 9.6550 21.3790 0.02442 0.03857 0.99896 0.636423 0.844638
39.3360 4.8800 21.4390 0.03571 0.03783 0.99865 0.655640 0.826135
39.1310 7.9790 21.3280 0.03628 0.04048 0.99852 0.654916 0.838084
41.2980 6.3710 21.2860 0.03545 0.03909 0.99861 0.663228 0.831853
41.2900 9.7530 21.1600 0.03178 0.03856 0.99875 0.663272 0.844893
44.2100 6.1800 21.2250 0.02604 0.04009 0.99886 0.674435 0.831057
37.9080 11.3300 21.2210 0.03100 0.03944 0.99874 0.650279 0.851030
35.0840 13.2250 21.2340 0.01926 0.03904 0.99905 0.639445 0.858386
33.4100 14.9180 21.1790 0.01791 0.04259 0.99893 0.633036 0.864949
38.3140 16.4220 21.0060 0.03033 0.04155 0.99868 0.651955 0.870656
51.5460 -9.3690 21.7730 0.00621 0.04383 0.99902 0.702335 0.770938
50.8300 -5.1180 21.5900 0.01118 0.04836 0.99877 0.699673 0.787347
54.1630 -7.4320 21.6890 -0.00409 0.04533 0.99896 0.712452 0.778346
56.2100 -5.1650 21.6080 -0.01984 0.04733 0.99868 0.720376 0.787036
53.6400 -2.1710 21.4320 0.00263 0.05180 0.99865 0.710548 0.798648
49.0450 -0.5690 21.3800 0.01749 0.04709 0.99874 0.692896 0.804938
48.7950 2.4440 21.2590 0.02097 0.04296 0.99886 0.692000 0.816560
52.2420 1.4670 21.2560 0.00930 0.04823 0.99879 0.705248 0.812717
51.6100 4.9460 21.0990 0.01322 0.04409 0.99894 0.702891 0.826151
57.9090 -3.8660 21.5980 -0.06344 0.03311 0.99744 0.726944 0.791993
55.9360 -1.3760 21.3840 -0.03860 0.03973 0.99846 0.719399 0.801660
58.6710 -2.3570 21.6570 -0.04278 0.05589 0.99752 0.729933 0.797773
58.6260 -1.0600 21.5180 -0.01561 0.04918 0.99867 0.729778 0.802789
55.3350 0.1380 21.3020 -0.03466 0.04616 0.99833 0.717117 0.807520
58.0000 0.1390 21.5430 -0.01918 0.03717 0.99912 0.727399 0.807417
57.1390 2.2420 21.3250 -0.04380 0.04132 0.99819 0.724121 0.815569
54.8580 4.0530 21.1090 -0.02661 0.04141 0.99879 0.715369 0.822634
60.3400 0.5840 21.4310 -0.00793 0.05616 0.99839 0.736407 0.809099
60.6060 -1.7100 21.5860 -0.01590 0.07314 0.99720 0.737392 0.800239
57.8620 3.6960 21.3510 -0.01390 0.06512 0.99778 0.726943 0.821145
57.1920 4.7620 21.1980 -0.02739 0.06831 0.99729 0.724379 0.825299
59.9790 2.2590 21.3260 -0.02261 0.02618 0.99940 0.735049 0.815569
59.7310 3.3360 21.3270 0.00455 0.05725 0.99835 0.734120 0.819722
59.6340 4.4280 21.2030 0.00207 0.07234 0.99738 0.733772 0.823959
60.2940 5.5270 21.1810 -0.01428 0.04921 0.99869 0.736331 0.828174
58.2310 6.3490 21.1380 -0.00544 0.05433 0.99851 0.728408 0.831392
47.6320 7.5490 21.0680 0.02658 0.04086 0.99881 0.687635 0.836273
51.1860 9.1350 20.9190 0.01549 0.04168 0.99901 0.701357 0.842320
44.3400 11.3620 21.0290 0.02812 0.03843 0.99887 0.675050 0.851036
47.7590 13.1890 20.8470 0.02756 0.03859 0.99888 0.688257 0.858018
41.4870 13.8800 21.0040 0.02992 0.03899 0.99879 0.664122 0.860798
45.9640 16.7060 20.7630 0.02840 0.03976 0.99881 0.681425 0.871615
41.3710 17.2310 20.8750 0.03009 0.03912 0.99878 0.663749 0.873722
54.2480 7.1830 20.9890 -0.02130 0.03960 0.99899 0.713093 0.834717
56.4280 6.4080 21.1300 -0.02420 0.04253 0.99880 0.721470 0.831661
53.7680 10.6830 20.8350 -0.01281 0.03692 0.99924 0.711326 0.848228
52.0520 14.0510 20.7150 0.01084 0.04131 0.99909 0.704806 0.861257
57.9880 8.2860 20.9830 -0.00673 0.03931 0.99920 0.727519 0.838875
55.8710 9.6590 20.9640 -0.01835 0.05535 0.99830 0.719401 0.844214
56.1360 10.7850 20.8800 -0.00367 0.05893 0.99826 0.720445 0.848559
55.1260 12.8110 20.8280 0.01086 0.05170 0.99860 0.716606 0.856391
58.5160 9.3060 20.9960 -0.00185 0.04837 0.99883 0.729573 0.842791
58.2090 12.6120 20.7830 -0.00401 0.05016 0.99873 0.728465 0.855559
56.2550 14.6020 20.6610 -0.00499 0.04529 0.99896 0.720997 0.863289
50.1370 17.3090 20.6310 0.02182 0.03879 0.99901 0.697514 0.873862
46.7210 20.1300 20.5990 0.02789 0.03856 0.99887 0.684425 0.884803
51.3960 23.4700 20.3670 0.02076 0.03747 0.99908 0.702513 0.897590
54.0840 16.8150 20.5790 0.00777 0.04119 0.99912 0.712699 0.871872
54.3170 20.3720 20.4320 0.01354 0.04029 0.99910 0.713681 0.885584
62.0610 2.3560 21.4170 -0.03945 0.06539 0.99708 0.743070 0.815880
62.5360 3.7720 21.2520 -0.06132 0.05350 0.99668 0.744911 0.821354
62.9070 4.8870 21.3070 -0.11885 0.01955 0.99272 0.746387 0.825631
61.7800 6.6630 21.0960 -0.02391 0.05899 0.99797 0.742061 0.832529
62.8740 6.7240 21.1580 -0.16246 0.01895 0.98653 0.746273 0.832722
64.6840 5.0300 21.6960 -0.12879 0.01057 0.99162 0.753386 0.826082
63.7190 6.7910 21.3780 -0.18617 0.03000 0.98206 0.749634 0.832928
65.0850 6.7640 21.5480 -0.05828 0.07250 0.99566 0.754927 0.832759
60.6870 8.2440 21.0500 -0.00140 0.06030 0.99818 0.737906 0.838641
58.9650 10.2210 20.9050 0.00854 0.06576 0.99780 0.731321 0.846320
61.7570 8.4810 21.0440 -0.06674 0.05426 0.99629 0.742030 0.839529
63.0170 7.8490 21.2610 -0.17526 0.00448 0.98451 0.746936 0.837037
62.7540 10.0770 21.0180 -0.13988 0.04680 0.98906 0.745902 0.845651
60.8120 10.3360 20.8610 -0.01628 0.05551 0.99833 0.738427 0.846724
59.7100 11.5450 20.8700 0.00549 0.04760 0.99885 0.734216 0.851402
61.3460 12.3250 20.7950 -0.07728 0.03786 0.99629 0.740533 0.854371
60.5720 14.6940 20.6570 -0.07773 -0.00180 0.99697 0.737604 0.863521
61.6900 13.6150 20.8080 -0.11812 0.01457 0.99289 0.741911 0.859322
64.1860 9.0920 21.4050 -0.11750 0.06863 0.99070 0.751530 0.841750
64.7990 10.3860 21.3480 -0.08298 0.02631 0.99620 0.753902 0.846726
66.5810 8.6890 21.4730 -0.06399 0.04849 0.99677 0.760729 0.840136
65.1080 11.5800 21.3910 -0.07212 0.05290 0.99599 0.755138 0.851305
63.5250 11.4330 21.1860 -0.14485 0.02616 0.98911 0.749007 0.850829
64.2630 12.8300 21.1270 -0.09481 0.09726 0.99073 0.751862 0.856201
63.6110 14.2770 20.9770 -0.06363 0.04318 0.99704 0.749360 0.861806
66.4970 13.0700 21.2830 -0.07224 0.06779 0.99508 0.760494 0.857024
65.1580 14.2710 21.0750 -0.09212 0.06445 0.99366 0.755335 0.861720
56.9740 15.8590 20.6440 -0.00757 0.04114 0.99912 0.723798 0.868111
56.9230 19.0760 20.4710 0.00068 0.04983 0.99876 0.723680 0.880527
58.8000 14.3930 20.7330 0.01349 0.04282 0.99899 0.730780 0.862404
59.2340 16.1810 20.5880 -0.01966 0.03438 0.99922 0.732506 0.869301
59.7850 17.6020 20.5650 -0.05673 0.04632 0.99731 0.734659 0.874766
58.4000 21.1910 20.3600 -0.01141 0.04769 0.99880 0.729426 0.888652
61.1080 15.6790 20.7990 -0.12148 -0.00528 0.99258 0.739746 0.867297
62.4860 16.0600 20.9520 -0.03234 0.04656 0.99839 0.745083 0.868700
61.8360 17.5080 20.7890 -0.04196 0.08429 0.99556 0.742594 0.874310
63.8570 16.8730 20.8130 -0.03680 0.08064 0.99606 0.750376 0.871823
62.8580 18.5000 20.6400 -0.01186 0.05997 0.99813 0.746548 0.878141
61.0930 19.8600 20.5700 -0.04764 0.06494 0.99675 0.739778 0.883421
61.7590 22.1660 20.3760 -0.04490 0.06448 0.99691 0.742381 0.892329
63.8690 20.1180 20.7010 -0.05885 0.03908 0.99750 0.750491 0.884337
63.3950 21.4680 20.5330 -0.07801 0.07394 0.99421 0.748676 0.889577
66.9660 10.8220 21.3950 -0.06422 0.03259 0.99740 0.762260 0.848336
67.5140 12.2480 21.3830 -0.07133 0.04662 0.99636 0.764404 0.853810
66.3950 14.7160 21.2150 -0.10526 0.06399 0.99238 0.760149 0.863364
65.0840 16.1420 20.9560 -0.09913 0.03437 0.99448 0.755089 0.868946
67.9310 13.7200 21.3840 -0.09525 0.02910 0.99503 0.766059 0.859463
67.2370 15.9330 21.1550 -0.11268 0.03729 0.99293 0.763399 0.868037
69.3650 12.4930 21.5400 -0.11402 0.02524 0.99316 0.771563 0.854672
70.6120 13.0800 21.7300 -0.13381 0.02614 0.99066 0.776440 0.856876
69.3820 15.5970 21.4510 -0.12696 0.02354 0.99163 0.771710 0.866631
68.7940 16.6120 21.3880 -0.11847 0.02399 0.99267 0.769484 0.870575
70.5560 15.9100 21.6100 -0.11316 0.03598 0.99292 0.776280 0.867775
73.0260 15.0440 21.8490 -0.10998 0.01756 0.99378 0.785799 0.864331
72.2200 16.7200 21.7180 -0.14070 0.02615 0.98971 0.782713 0.870824
73.3600 16.1390 21.9290 -0.12169 0.01175 0.99250 0.787153 0.868524
71.8330 17.6750 21.6830 -0.10626 0.05140 0.99301 0.781266 0.874517
66.0020 17.1450 21.0690 -0.11751 0.04659 0.99198 0.758692 0.872759
65.0770 18.7400 20.7430 -0.10055 0.05176 0.99358 0.755091 0.878991
67.1100 18.8110 21.0420 -0.11747 0.06804 0.99074 0.762986 0.879147
65.6420 20.8280 20.7930 -0.09958 0.03605 0.99438 0.757353 0.886999
68.1380 20.6790 21.0290 -0.11474 0.01585 0.99327 0.766994 0.886301
66.2330 23.8470 20.7170 -0.11091 0.04557 0.99279 0.759723 0.898611
69.3260 18.5850 21.3170 -0.11634 0.06095 0.99134 0.771570 0.878163
69.4740 21.5810 21.2000 -0.12285 0.03577 0.99178 0.772219 0.889709
71.9210 20.2010 21.4970 -0.11222 0.02236 0.99343 0.781637 0.884263
70.9320 25.3980 21.1970 -0.11850 0.04409 0.99197 0.777974 0.904348
73.3870 19.1180 21.7140 -0.13966 0.06880 0.98781 0.787273 0.880021
72.4780 21.9590 21.6260 -0.10849 0.03661 0.99342 0.783913 0.890992
73.9380 20.3220 21.7250 -0.08375 0.04121 0.99563 0.789456 0.884623
74.7250 18.0610 22.0600 -0.05855 0.05623 0.99670 0.792485 0.875845
75.6680 19.6810 21.8860 -0.08512 0.05342 0.99494 0.796137 0.882073
74.9440 20.8580 21.7330 -0.08722 0.00876 0.99615 0.793353 0.886640
74.7170 22.2140 21.7640 -0.09597 0.01650 0.99525 0.792549 0.891871
72.2860 23.5420 21.4530 -0.11762 0.06037 0.99122 0.783177 0.897120
75.0360 24.8460 21.7220 -0.11210 0.03956 0.99291 0.793872 0.901985
76.2500 20.9920 21.9570 -0.13605 0.00891 0.99066 0.798455 0.887089
77.4260 22.8270 22.0580 -0.10382 0.03343 0.99403 0.803076 0.894086
77.7790 27.3170 21.9020 -0.09735 0.04543 0.99421 0.804556 0.911345
80.5650 25.8300 22.2170 -0.09534 0.04101 0.99460 0.815300 0.905480
81.6260 29.8250 22.1360 -0.13773 0.04531 0.98943 0.819481 0.920778
82.9070 27.3220 22.4330 -0.15828 0.03077 0.98691 0.824452 0.911084
82.3090 26.0730 22.3720 -0.14430 0.03460 0.98893 0.822057 0.906323
84.4860 29.8930 22.5140 0.29548 0.02978 0.95489 0.830644 0.920893
83.7440 29.6790 22.5620 -0.07951 0.04144 0.99597 0.827789 0.920084
84.0060 27.6230 22.6470 0.00140 0.00433 0.99999 0.828781 0.912185
62.7110 -43.4610 22.0480 0.00419 -0.90548 0.42438 0.744586 0.637195
65.6440 -43.4200 22.1770 0.02021 -0.94058 0.33896 0.755906 0.637187
64.2080 -43.2980 22.4830 -0.02309 -0.84976 0.52667 0.750430 0.638687
62.2650 -43.8980 20.3900 0.06837 -0.98484 0.15945 0.742634 0.630638
64.4070 -42.8460 22.9950 -0.05046 -0.62811 0.77648 0.751294 0.641257
66.5400 -42.9030 23.0080 -0.01195 -0.70290 0.71119 0.759493 0.640817
65.7490 -42.2930 23.4240 -0.03501 -0.32588 0.94476 0.756531 0.643724
67.3440 -42.1460 23.4880 -0.04603 -0.27922 0.95912 0.762664 0.644205
67.9470 -43.3070 22.5040 0.00787 -0.90064 0.43450 0.764823 0.638163
67.5450 -43.6710 20.5110 0.01408 -0.99331 0.11459 0.763026 0.630447
64.9630 -43.7070 20.5100 0.04208 -0.99157 0.12252 0.753069 0.630787
66.5320 -43.7110 19.9760 0.01564 -0.99570 0.09136 0.759057 0.628524
63.1450 -44.1990 16.5920 0.02149 -0.99841 0.05206 0.745600 0.615827
67.5600 -44.0650 17.2600 0.02093 -0.99619 0.08463 0.762703 0.617859
68.9690 -43.6860 19.9790 0.00488 -0.99489 0.10087 0.768452 0.628213
69.2040 -42.4060 23.4840 -0.03798 -0.49286 0.86928 0.769815 0.643114
70.1810 -42.8170 23.1720 -0.03051 -0.74191 0.66980 0.773525 0.641013
69.1230 -41.8530 23.6360 -0.04452 -0.13746 0.98951 0.769533 0.645323
71.0330 -42.4770 23.5090 -0.03387 -0.51295 0.85775 0.776844 0.642754
69.9180 -43.6350 20.5300 0.00759 -0.98976 0.14251 0.772177 0.630215
70.3080 -43.2730 22.5030 -0.00471 -0.92834 0.37170 0.773912 0.637877
72.0280 -42.9930 23.0700 -0.01341 -0.80742 0.58982 0.780605 0.640047
72.2610 -43.2870 22.4400 0.00644 -0.95551 0.29488 0.781423 0.637352
73.3180 -43.5740 20.6400 0.02408 -0.99152 0.12770 0.785303 0.630219
72.6330 -41.9140 23.7850 -0.03812 -0.21967 0.97483 0.783030 0.645021
70.7920 -40.6760 23.7170 -0.05106 0.01828 0.99853 0.775954 0.649819
73.5870 -40.6680 23.8690 -0.04551 0.01594 0.99884 0.786706 0.649789
73.9200 -43.0140 23.0290 -0.01205 -0.83140 0.55554 0.787880 0.639633
73.1930 -42.5890 23.4940 -0.01721 -0.58856 0.80827 0.785145 0.642148
75.7120 -43.1730 22.7600 0.00789 -0.93451 0.35584 0.794743 0.638206
76.4680 -42.7490 23.4210 -0.03181 -0.73409 0.67830 0.797728 0.641123
75.6620 -42.2040 23.7720 -0.03838 -0.40688 0.91267 0.794675 0.643716
76.3530 -43.4030 21.2630 0.02222 -0.99180 0.12583 0.797082 0.632309
75.6230 -41.3810 23.9690 -0.05116 -0.09256 0.99439 0.794548 0.646988
69.6750 -43.9680 17.7410 0.02267 -0.99603 0.08611 0.770916 0.619455
68.6450 -44.1330 14.7030 0.02031 -0.99918 0.03509 0.766606 0.607890
74.3310 -43.9190 16.2050 0.03148 -0.99731 0.06616 0.788738 0.613023
72.3640 -44.0980 13.7240 0.02367 -0.99887 0.04127 0.780855 0.603698
75.4630 -44.0470 12.9810 0.02161 -0.99853 0.04980 0.792745 0.600493
73.4840 -44.1530 11.2790 0.01465 -0.99905 0.04092 0.784900 0.594163
77.4140 -43.6150 18.7130 0.03050 -0.99582 0.08611 0.800949 0.622376
79.0060 -43.8900 14.2380 0.02439 -0.99764 0.06417 0.806599 0.604965
78.0370 -44.1150 10.9970 0.01946 -0.99841 0.05298 0.802444 0.592557
74.7840 -44.2380 9.4530 0.00872 -0.99893 0.04544 0.789698 0.586978
81.3710 -44.1960 7.7820 0.02563 -0.99846 0.04926 0.814895 0.579752
77.4250 -44.3030 6.9750 0.01351 -0.99909 0.04043 0.799573 0.577119
14.3440 -44.4690 13.5890 0.01970 -0.99757 0.06685 0.557267 0.609825
17.1680 -44.4010 13.9710 0.01677 -0.99826 0.05646 0.568186 0.610996
16.4890 -44.5380 11.8530 0.02607 -0.99802 0.05720 0.565330 0.602906
18.3660 -44.4880 11.4240 0.02533 -0.99811 0.05598 0.572517 0.601064
17.5480 -44.6810 9.0080 0.02001 -0.99815 0.05744 0.569084 0.591828
21.1370 -44.4380 11.7470 -0.01886 -0.99839 0.05356 0.583227 0.602019
21.4680 -44.2860 14.6510 -0.00070 -0.99842 0.05627 0.584832 0.613177
21.5830 -44.6200 8.4800 0.00500 -0.99899 0.04458 0.584573 0.589372
16.3810 -44.8670 5.5810 0.02021 -0.99886 0.04330 0.564196 0.578749
20.3820 -44.7650 6.2740 0.03172 -0.99867 0.04068 0.579688 0.580991
19.3640 -44.8710 3.7250 0.02810 -0.99914 0.03065 0.575474 0.571285
21.9010 -44.7720 4.1490 0.00749 -0.99946 0.03213 0.585297 0.572646
21.6350 -44.8600 1.3710 -0.00369 -0.99936 0.03570 0.583950 0.561975
20.6470 -44.0890 18.2380 0.00926 -0.99992 0.00905 0.582064 0.627075
22.0870 -44.1110 17.8540 0.00605 -0.99916 0.04056 0.587579 0.625465
23.3830 -44.3160 14.7230 0.05033 -0.99693 0.05991 0.592217 0.613260
23.5750 -44.1230 17.4310 0.03241 -0.99784 0.05707 0.593274 0.623706
23.3670 -44.4500 12.1790 0.04465 -0.99699 0.06344 0.591870 0.603443
24.2340 -44.3260 13.0100 0.06272 -0.99652 0.05485 0.595318 0.606574
24.3010 -44.4610 10.5310 0.07305 -0.99551 0.06027 0.595296 0.596997
22.0290 -44.5400 10.8460 -0.03776 -0.99774 0.05564 0.586561 0.598441
23.8060 -44.0200 18.9940 0.05187 -0.99713 0.05520 0.594339 0.629730
24.0780 -44.1900 15.3570 0.07768 -0.99506 0.06174 0.594990 0.615656
25.6890 -43.9780 18.8690 0.02805 -0.99490 0.09690 0.601587 0.629127
26.1490 -43.9950 17.0020 0.00794 -0.99924 0.03827 0.603154 0.621836
26.7240 -43.8680 19.3700 -0.00329 -0.99193 0.12674 0.605632 0.630979
27.5240 -44.0400 16.8380 0.00562 -0.99867 0.05119 0.608430 0.621029
26.6100 -44.1650 14.7020 0.01470 -0.99810 0.05985 0.604664 0.612870
26.7360 -44.2670 12.5070 0.00658 -0.99837 0.05668 0.604899 0.604377
27.5710 -44.3200 11.7500 0.01779 -0.99824 0.05650 0.608024 0.601353
28.8210 -44.1880 13.8990 -0.01341 -0.99838 0.05525 0.613084 0.609509
23.3990 -44.6060 10.2470 0.05767 -0.99704 0.05089 0.591762 0.595976
23.9220 -44.6260 7.8600 0.03734 -0.99843 0.04180 0.593515 0.586727
25.6790 -44.5370 8.1760 0.03870 -0.99870 0.03307 0.600326 0.587762
23.1520 -44.7570 5.8970 0.01714 -0.99926 0.03451 0.590318 0.579236
23.7910 -44.8080 3.4530 0.07574 -0.99671 0.02874 0.592493 0.569753
23.2050 -44.9370 1.3740 0.03691 -0.99868 0.03562 0.589996 0.561800
24.8290 -44.6700 4.1800 0.04405 -0.99849 0.03273 0.596599 0.572452
24.3480 -44.7270 2.8020 0.08314 -0.99624 0.02454 0.594597 0.567196
25.6740 -44.5930 6.2850 0.03703 -0.99873 0.03408 0.600093 0.580473
26.2450 -44.6710 4.3920 0.03377 -0.99860 0.04070 0.602076 0.573111
26.1370 -44.5060 9.6040 0.03904 -0.99862 0.03521 0.602250 0.593214
26.9080 -44.4540 8.7250 0.02381 -0.99917 0.03311 0.605127 0.589750
27.8700 -44.5060 8.1930 -0.00587 -0.99897 0.04491 0.608772 0.587584
29.1790 -44.3580 10.0320 -0.01878 -0.99854 0.05061 0.614020 0.594543
29.9290 -44.4990 7.9990 0.00462 -0.99903 0.04372 0.616678 0.586603
27.0060 -44.5460 6.5010 0.01503 -0.99934 0.03316 0.605251 0.581162
28.1440 -44.5570 6.3260 0.00231 -0.99967 0.02576 0.609616 0.580359
27.2040 -44.5980 4.2750 0.03174 -0.99883 0.03658 0.605764 0.572562
21.8790 -44.9190 -0.1670 -0.00834 -0.99959 0.02751 0.584714 0.556020
22.8680 -44.9840 -0.6720 -0.00803 -0.99955 0.02895 0.588472 0.553962
23.9620 -45.0130 -1.3970 0.06131 -0.99695 0.04834 0.592597 0.551040
24.6770 -44.8300 -0.2630 0.06096 -0.99708 0.04609 0.595514 0.555352
26.6310 -44.7260 2.7780 0.05441 -0.99794 0.03398 0.603378 0.566847
27.3730 -44.6970 1.6090 0.02766 -0.99917 0.02975 0.606110 0.562268
25.0390 -44.8780 -1.7060 0.07473 -0.99677 0.02938 0.596739 0.549747
26.6350 -44.8610 -2.4810 0.04349 -0.99889 0.01793 0.602793 0.546586
27.8540 -44.7710 -0.0320 0.02571 -0.99910 0.03383 0.607775 0.555885
27.6810 -44.7730 -2.8950 0.01723 -0.99969 0.01807 0.606789 0.544880
28.2560 -44.6450 3.5830 0.00535 -0.99950 0.03116 0.609736 0.569773
29.3110 -44.6990 0.6460 -0.00682 -0.99942 0.03345 0.613463 0.558340
29.3970 -44.5870 4.3460 -0.00373 -0.99955 0.02989 0.614217 0.572585
30.7420 -44.6510 3.8010 -0.00833 -0.99949 0.03096 0.619333 0.570326
30.1330 -44.7670 -0.4760 -0.00917 -0.99955 0.02842 0.616502 0.553918
28.3790 -44.8210 -3.0960 -0.01863 -0.99972 0.01490 0.609450 0.544025
32.8280 -44.6780 1.7320 0.01202 -0.99953 0.02807 0.627129 0.562119
29.5350 -44.8180 -5.5890 0.00545 -0.99990 0.01288 0.613618 0.534295
28.0270 -44.8540 -5.2860 0.04177 -0.99898 0.01723 0.607847 0.535632
32.2320 -44.8560 -4.7950 0.00039 -0.99988 0.01537 0.624090 0.537042
17.2520 -45.1020 -1.1620 0.02296 -0.99940 0.02585 0.566778 0.552686
19.5410 -45.0360 -0.8040 0.03557 -0.99904 0.02557 0.575633 0.553815
21.7300 -44.9550 -3.0620 0.00513 -0.99993 0.01047 0.583816 0.544890
21.7550 -45.0010 -5.7930 0.00325 -0.99989 0.01431 0.583608 0.534373
23.4030 -45.0420 -5.6570 0.02591 -0.99957 0.01364 0.589970 0.534713
23.9830 -45.0250 -3.3830 0.05563 -0.99845 0.00300 0.592454 0.543402
21.9430 -45.0070 -11.5490 0.00339 -0.99992 0.01224 0.583690 0.512199
23.2310 -45.0580 -13.4170 0.02003 -0.99817 -0.05704 0.588448 0.504855
23.0520 -45.0780 -7.9290 -0.02281 -0.99974 0.00143 0.588366 0.526002
22.4870 -45.0360 -9.2450 -0.01155 -0.99993 -0.00244 0.586036 0.521002
24.8610 -44.9060 -4.9490 0.05396 -0.99854 0.00375 0.595687 0.537278
23.9630 -45.0740 -8.9480 0.04448 -0.99899 0.00615 0.591757 0.521978
25.3990 -44.9350 -8.4130 0.04477 -0.99892 0.01254 0.597369 0.523884
24.1640 -45.0990 -10.7670 0.06809 -0.99766 -0.00648 0.592321 0.514956
23.2280 -45.0770 -11.9560 -0.00675 -0.99985 -0.01594 0.588598 0.510482
24.7430 -44.9820 -12.0190 0.05962 -0.99817 -0.01009 0.594437 0.510057
25.2560 -44.9270 -10.3540 0.06352 -0.99798 0.00098 0.596606 0.516423
26.8390 -44.9150 -12.4040 0.02487 -0.99959 0.01451 0.602463 0.508351
25.1810 -44.9640 -13.6310 0.03288 -0.99570 -0.08662 0.595938 0.503785
26.9990 -44.9290 -5.2350 0.03230 -0.99942 0.01065 0.603884 0.535941
27.4750 -44.8880 -7.7310 0.01879 -0.99974 0.01330 0.605441 0.526277
28.5040 -44.8720 -7.0750 0.01942 -0.99973 0.01242 0.609480 0.528689
27.0330 -44.9640 -9.4570 0.02353 -0.99971 0.00592 0.603539 0.519683
28.1490 -44.8380 -11.8230 0.01594 -0.99970 0.01874 0.607578 0.510449
28.3590 -44.8920 -9.7140 0.03305 -0.99940 -0.01012 0.608625 0.518545
29.6900 -44.8690 -9.4250 -0.00062 -0.99998 0.00679 0.613782 0.519507
33.2990 -44.9010 -10.1900 0.00637 -0.99993 0.00983 0.627588 0.516150
30.3010 -43.5280 21.4860 -0.00938 -0.84759 0.53056 0.619734 0.638778
31.4610 -43.7350 21.0090 0.00261 -0.96642 0.25694 0.624135 0.636625
32.6840 -43.4530 21.6840 -0.02441 -0.81761 0.57525 0.628929 0.639291
32.0570 -43.0500 22.0280 -0.04504 -0.52753 0.84834 0.626569 0.641394
34.1270 -43.1110 22.0860 -0.02698 -0.60737 0.79396 0.634540 0.641163
33.4720 -42.6350 22.2720 -0.03013 -0.21744 0.97561 0.632049 0.643158
35.5460 -43.6760 21.4020 -0.01614 -0.93637 0.35065 0.639899 0.637611
33.5530 -43.7360 21.0460 -0.01804 -0.97241 0.23259 0.632188 0.636494
33.2080 -43.8810 19.4670 0.00218 -0.99775 0.06696 0.630655 0.630436
35.5570 -43.9130 19.6500 -0.00264 -0.99831 0.05809 0.639729 0.630835
35.1620 -43.8970 18.5180 0.00235 -0.99971 0.02413 0.638069 0.626533
27.9660 -43.7800 20.8000 -0.04049 -0.96925 0.24272 0.610628 0.636299
27.4670 -43.9520 18.7130 0.00324 -0.99787 0.06523 0.608420 0.628302
28.8420 -43.9510 19.2670 -0.00827 -0.99872 0.04997 0.613804 0.630237
28.9690 -43.9360 18.0450 0.00314 -0.99951 0.03117 0.614139 0.625512
30.5670 -43.9470 19.3980 0.01134 -0.99833 0.05667 0.620471 0.630501
30.6110 -43.9380 18.5630 0.00457 -0.99971 0.02374 0.620537 0.627282
30.2240 -44.0830 16.1760 -0.00184 -0.99808 0.06187 0.618758 0.618122
30.0020 -44.2320 14.0670 -0.00488 -0.99837 0.05681 0.617657 0.610003
31.6400 -44.1570 14.3470 0.01997 -0.99839 0.05303 0.623996 0.610896
29.7820 -44.3520 11.2330 -0.02420 -0.99876 0.04357 0.616484 0.599096
34.4010 -44.3350 10.1720 0.01171 -0.99880 0.04747 0.634150 0.594467
33.1700 -44.5420 6.0290 0.01268 -0.99917 0.03883 0.628934 0.578636
38.0380 -44.4060 7.6230 0.01108 -0.99901 0.04297 0.647860 0.584221
36.0560 -44.1240 14.0780 0.00564 -0.99869 0.05079 0.640984 0.609328
38.1090 -44.2810 10.7280 0.00664 -0.99906 0.04283 0.648493 0.596175
35.5220 -42.8480 22.2790 -0.01509 -0.32777 0.94464 0.639924 0.642316
36.1090 -43.3930 21.9020 -0.01406 -0.74622 0.66555 0.642129 0.639738
36.9810 -43.6560 21.4200 -0.00120 -0.94275 0.33351 0.645425 0.637552
38.1270 -42.5100 22.3930 -0.02361 -0.23435 0.97187 0.649964 0.643506
35.7730 -41.2130 22.3650 -0.02774 -0.01985 0.99942 0.640940 0.648592
38.4220 -43.7670 21.0370 -0.01043 -0.97155 0.23661 0.650928 0.635883
38.2640 -43.3400 21.9770 -0.01934 -0.71935 0.69438 0.650432 0.639905
38.0030 -43.9010 19.4390 0.00387 -0.99907 0.04306 0.649122 0.629754
38.1350 -43.9200 17.9460 -0.00151 -0.99938 0.03520 0.649450 0.623989
40.4800 -43.6430 21.6600 0.01183 -0.89915 0.43749 0.658921 0.638032
40.0820 -43.2290 22.1620 -0.00777 -0.60359 0.79726 0.657443 0.640546
40.1440 -42.5660 22.4390 -0.03198 -0.21521 0.97604 0.657732 0.643286
39.2800 -41.0750 22.4730 -0.02762 -0.00791 0.99959 0.654445 0.649028
41.3350 -42.9380 22.3330 -0.02372 -0.49956 0.86595 0.662294 0.641705
42.5820 -43.2320 22.1770 -0.00499 -0.66640 0.74558 0.667058 0.640331
42.1320 -41.2500 22.5590 -0.02856 -0.00010 0.99959 0.665430 0.648280
43.0550 -40.1340 22.5400 -0.02274 0.02208 0.99950 0.669011 0.652557
40.8870 -43.8170 20.6030 -0.00718 -0.99329 0.11544 0.660364 0.633890
41.9080 -43.6610 21.4700 0.00594 -0.93752 0.34788 0.664385 0.637203
40.6510 -43.8850 19.2350 -0.00742 -0.99918 0.03968 0.659299 0.628654
40.5600 -44.0920 14.7030 0.00011 -0.99883 0.04826 0.658403 0.611203
43.2380 -43.8210 20.9240 -0.01623 -0.98253 0.18538 0.669458 0.634889
42.5260 -43.9310 19.6720 -0.02112 -0.99889 0.04200 0.666575 0.630121
44.0950 -43.9470 18.0670 -0.01647 -0.99970 0.01830 0.672419 0.623757
43.3970 -44.0770 14.6980 0.00893 -0.99845 0.05489 0.669324 0.610857
44.2970 -44.2110 12.6660 0.00544 -0.99879 0.04888 0.672547 0.602910
41.4440 -44.2350 11.4610 -0.00417 -0.99917 0.04062 0.661418 0.598607
43.7900 -44.2700 11.1200 0.02300 -0.99951 0.02130 0.670415 0.597016
44.4270 -44.2240 10.4000 0.03252 -0.99901 0.03049 0.672794 0.594174
43.0060 -44.3400 9.3810 -0.00010 -0.99910 0.04243 0.667195 0.590406
45.3610 -44.0410 14.7400 -0.01900 -0.99898 0.04097 0.676889 0.610791
44.9760 -44.2240 11.5520 0.01437 -0.99985 0.00973 0.675037 0.598544
39.0310 -38.7320 22.4260 -0.02166 0.00327 0.99976 0.653544 0.658059
41.7530 -35.9700 22.4930 -0.01533 0.00549 0.99987 0.664091 0.668628
40.6470 -44.3290 8.6970 -0.00038 -0.99922 0.03954 0.658032 0.588054
37.1360 -44.5420 4.6990 0.01256 -0.99931 0.03489 0.644046 0.573053
34.2880 -44.7620 -1.8920 0.01315 -0.99962 0.02409 0.632336 0.547989
38.5830 -44.6250 1.3140 0.01297 -0.99954 0.02733 0.649232 0.559850
37.7960 -44.7200 -2.6270 0.01425 -0.99969 0.02026 0.645756 0.544762
37.2100 -44.8200 -7.4320 0.01496 -0.99981 0.01219 0.642953 0.526321
35.6130 -44.8890 -12.7130 0.01711 -0.99736 -0.07056 0.636206 0.506166
41.2710 -44.6750 -2.4300 0.01469 -0.99969 0.01990 0.659152 0.545119
40.5940 -44.7580 -6.2960 0.01757 -0.99974 0.01443 0.656109 0.530310
43.3290 -44.6760 -5.1340 0.01310 -0.99984 0.01248 0.666769 0.534471
44.6940 -44.4090 8.3670 0.00915 -0.99877 0.04882 0.673577 0.586294
45.9130 -44.3540 8.4330 0.02198 -0.99831 0.05386 0.678285 0.586416
41.4860 -44.4300 6.3840 0.00585 -0.99943 0.03311 0.660994 0.579044
42.0940 -44.5070 3.2720 0.00479 -0.99945 0.03270 0.662980 0.566987
42.6370 -44.5800 1.3380 0.00877 -0.99967 0.02416 0.664842 0.559475
44.2230 -44.4230 6.0850 -0.00528 -0.99956 0.02903 0.671498 0.577570
46.2860 -44.4120 6.6070 0.02072 -0.99922 0.03349 0.679505 0.579342
46.0510 -44.5260 4.3300 0.01214 -0.99951 0.02892 0.678336 0.570596
45.6140 -44.5410 2.6990 0.01974 -0.99979 0.00619 0.676467 0.564372
48.1210 -44.3550 6.1480 0.00196 -0.99963 0.02717 0.686523 0.577369
47.7650 -44.4760 4.2710 0.01545 -0.99950 0.02761 0.684930 0.570176
43.9370 -44.5720 -0.6640 0.00431 -0.99981 0.01879 0.669619 0.551616
45.4420 -44.6330 -2.6700 0.00352 -0.99986 0.01652 0.675187 0.543713
45.7210 -44.6180 -0.6910 -0.02144 -0.99967 0.01389 0.676486 0.551299
46.5440 -44.6790 -5.4160 0.00138 -1.00000 0.00176 0.679113 0.533011
46.5990 -44.4580 1.8840 0.03219 -0.99948 0.00298 0.680172 0.561122
45.6870 -44.5680 1.1040 0.01408 -0.99920 0.03755 0.676557 0.558220
47.3080 -44.6520 -0.0550 0.02155 -0.99883 0.04333 0.682667 0.553560
48.6260 -44.4490 1.8000 -0.00015 -0.99950 0.03155 0.687961 0.560576
48.6320 -44.5830 0.0260 0.02621 -0.99935 0.02465 0.687783 0.553731
47.2400 -44.6300 -1.9210 0.03686 -0.99846 -0.04142 0.682189 0.546398
47.7210 -44.6800 -4.0840 0.01423 -0.99935 0.03305 0.683798 0.537996
48.0030 -44.5450 -2.5070 0.04268 -0.99886 0.02130 0.685073 0.544048
50.0750 -44.4530 -2.3120 -0.00354 -0.99975 0.02210 0.693073 0.544570
49.2070 -44.6510 -5.8340 0.00957 -0.99993 -0.00628 0.689316 0.531091
49.4290 -44.6120 -3.6270 0.01437 -0.99704 0.07554 0.690422 0.539560
20.8990 -44.2270 -15.7100 0.04768 -0.60895 -0.79177 0.579268 0.495433
23.7440 -44.9520 -14.3090 0.02957 -0.96748 -0.25122 0.590326 0.501330
23.4420 -44.5790 -15.1240 0.04467 -0.79990 -0.59847 0.589102 0.497891
25.0300 -44.7510 -14.7470 0.03413 -0.92190 -0.38592 0.595252 0.499408
23.3060 -43.3720 -15.9590 0.05312 -0.29565 -0.95382 0.588579 0.492146
22.1210 -41.7940 -16.3050 0.04747 -0.17291 -0.98379 0.584129 0.485837
23.6620 -43.9290 -15.6880 0.04784 -0.52721 -0.84839 0.589931 0.494556
27.1050 -44.9450 -13.7560 0.03237 -0.99307 -0.11295 0.603334 0.503125
27.7540 -44.6850 -14.7610 0.03242 -0.89845 -0.43787 0.605744 0.499078
25.4020 -44.3770 -15.2990 0.03288 -0.70157 -0.71185 0.596655 0.496817
24.6510 -41.5000 -16.2240 0.05718 -0.16220 -0.98510 0.593904 0.484971
25.4230 -43.2210 -15.8710 0.04685 -0.24672 -0.96795 0.596757 0.491802
26.6580 -43.6580 -15.6910 0.03031 -0.36627 -0.93002 0.601498 0.493665
27.5100 -44.1850 -15.3590 0.02440 -0.64924 -0.76019 0.604777 0.496075
27.0100 -41.5320 -16.1020 0.02658 -0.15624 -0.98736 0.602992 0.485331
25.8340 -40.6040 -16.2500 0.06228 -0.13950 -0.98826 0.598543 0.481624
20.7880 -36.8590 -17.1800 0.05344 -0.15411 -0.98661 0.579353 0.466447
22.5100 -39.3720 -16.6740 0.05176 -0.15988 -0.98578 0.585809 0.476436
25.1550 -38.7510 -16.6390 0.07297 -0.16198 -0.98409 0.596048 0.474292
21.7620 -33.2210 -17.6470 0.05610 -0.13352 -0.98946 0.583393 0.452404
24.5920 -35.4090 -17.2090 0.06660 -0.14694 -0.98690 0.594127 0.461198
28.2950 -44.9300 -13.1830 0.00922 -0.99938 -0.03396 0.607981 0.505190
29.2410 -44.8150 -14.2730 0.00403 -0.97817 -0.20775 0.611523 0.500886
29.9490 -44.6590 -14.6730 0.02503 -0.85935 -0.51078 0.614205 0.499169
29.1260 -44.0630 -15.4300 0.04345 -0.59351 -0.80366 0.610986 0.495535
30.5390 -44.9410 -12.5910 -0.00781 -0.99980 -0.01859 0.616696 0.507228
31.5700 -44.8390 -14.2090 0.02758 -0.95048 -0.30955 0.620483 0.500882
32.1110 -44.3590 -14.8960 0.04110 -0.71818 -0.69464 0.622510 0.497619
31.7830 -43.4740 -15.5150 0.05601 -0.36338 -0.92996 0.621260 0.493446
28.8840 -43.3420 -15.7520 0.04212 -0.27964 -0.95918 0.610083 0.492505
28.4600 -39.3330 -16.3710 0.00958 -0.13878 -0.99028 0.608750 0.476905
29.0620 -40.8150 -16.1860 0.04612 -0.15313 -0.98713 0.610953 0.482688
30.0910 -41.5680 -15.9580 0.07723 -0.16644 -0.98302 0.614880 0.485768
33.3100 -44.9170 -13.1340 0.02934 -0.99565 -0.08842 0.627298 0.504806
33.5590 -44.6670 -14.3650 0.04641 -0.91475 -0.40136 0.628126 0.499929
33.0670 -43.8000 -15.2910 0.02818 -0.55446 -0.83173 0.626199 0.494993
36.0110 -44.6440 -14.2350 0.01442 -0.92936 -0.36889 0.637584 0.500186
34.8450 -44.2320 -14.8680 0.03662 -0.70882 -0.70443 0.633054 0.497322
35.4980 -43.5100 -15.3720 0.03894 -0.38485 -0.92216 0.635571 0.493921
32.5500 -41.4330 -15.8340 0.04432 -0.16429 -0.98542 0.624367 0.485533
31.1440 -38.6340 -16.3480 0.07032 -0.15120 -0.98600 0.619164 0.474466
34.8180 -41.6990 -15.7110 0.04486 -0.15630 -0.98669 0.633085 0.486781
33.1670 -40.1470 -16.0210 0.04494 -0.15141 -0.98745 0.626842 0.480573
26.4660 -38.1920 -16.6140 0.05891 -0.15379 -0.98635 0.601157 0.472274
30.0270 -37.3510 -16.6500 0.05504 -0.15046 -0.98708 0.614942 0.469322
28.4810 -36.9070 -16.7400 0.02123 -0.14008 -0.98991 0.609022 0.467461
27.0710 -34.9750 -17.0430 0.06512 -0.13888 -0.98817 0.603743 0.459824
26.4220 -32.6900 -17.4560 0.09643 -0.13788 -0.98574 0.601403 0.450840
24.9810 -32.5060 -17.5800 0.05554 -0.12943 -0.99003 0.595856 0.449966
29.5720 -34.4430 -17.0260 0.00776 -0.12139 -0.99257 0.613416 0.457998
27.7290 -32.4900 -17.3210 0.07299 -0.12778 -0.98911 0.606485 0.450250
30.4030 -35.5540 -16.9140 0.05805 -0.13788 -0.98875 0.616528 0.462362
31.4980 -35.5170 -16.7830 0.08697 -0.14324 -0.98586 0.620775 0.462378
33.3020 -36.4090 -16.5530 0.05703 -0.13950 -0.98858 0.627660 0.466040
33.9030 -34.3260 -16.8060 0.06014 -0.12650 -0.99014 0.630141 0.458006
30.9270 -33.0930 -17.1950 0.06841 -0.12670 -0.98958 0.618747 0.452872
31.8340 -31.9640 -17.2340 0.09453 -0.12222 -0.98799 0.622349 0.448614
39.8190 -44.8070 -12.6450 0.02165 -0.99759 -0.06592 0.652408 0.505954
42.1480 -44.7580 -9.2700 0.01772 -0.99981 0.00817 0.661754 0.518686
43.2130 -44.7600 -11.7010 0.02250 -0.99960 -0.01716 0.665571 0.509210
41.5360 -44.5690 -13.9580 0.02365 -0.93236 -0.36077 0.658883 0.500631
44.0800 -44.6520 -13.3290 0.01887 -0.98807 -0.15285 0.668736 0.502840
44.9380 -44.4090 -14.1910 0.02525 -0.82470 -0.56501 0.671957 0.499327
42.0910 -44.0460 -14.7200 0.01209 -0.67256 -0.73994 0.660969 0.497038
45.0480 -44.6970 -10.6040 0.02033 -0.99979 0.00268 0.672764 0.513219
46.1440 -44.6730 -7.5450 0.01129 -0.99993 0.00235 0.677335 0.524862
46.8730 -44.6510 -12.8280 0.02044 -0.99552 -0.09231 0.679547 0.504451
45.7980 -44.5010 -13.9390 0.04826 -0.92326 -0.38113 0.675283 0.500273
48.5020 -44.6680 -11.5580 0.01428 -0.99982 -0.01244 0.685959 0.509142
49.9900 -44.6830 -4.4290 -0.00809 -0.99940 0.03379 0.692495 0.536405
51.5440 -44.6170 -5.6000 0.00478 -0.99998 0.00416 0.698343 0.531731
49.7900 -44.6220 -8.6050 0.00861 -0.99996 0.00017 0.691249 0.520362
50.0980 -44.6040 -12.7170 0.01880 -0.99433 -0.10464 0.691968 0.504481
51.6150 -44.6100 -11.2030 0.00585 -0.99989 -0.01333 0.697982 0.510148
46.4410 -44.0230 -14.5120 0.03905 -0.65921 -0.75094 0.677733 0.497396
48.4330 -44.4490 -13.7280 0.02917 -0.93019 -0.36593 0.685449 0.500716
49.6860 -44.0970 -14.2150 0.03618 -0.73682 -0.67512 0.690242 0.498325
49.3120 -43.4130 -14.7260 0.04460 -0.37536 -0.92581 0.688809 0.495014
45.6000 -43.3120 -14.9550 0.03840 -0.35472 -0.93419 0.674494 0.494165
51.1530 -43.3930 -14.6970 0.03893 -0.38186 -0.92340 0.695889 0.495048
51.6630 -44.4140 -13.5670 0.01858 -0.93374 -0.35748 0.697913 0.500972
52.2140 -44.0800 -14.1050 0.02272 -0.75226 -0.65847 0.699997 0.498497
38.2900 -44.6600 -14.0960 0.03147 -0.93635 -0.34965 0.646369 0.500511
37.1010 -44.2590 -14.7830 0.03598 -0.71590 -0.69728 0.641747 0.497551
38.3620 -43.5420 -15.2040 0.05263 -0.39635 -0.91659 0.646605 0.494367
39.4670 -44.2740 -14.5800 0.03655 -0.74390 -0.66729 0.650869 0.498077
38.9420 -41.7160 -15.5120 0.04613 -0.13784 -0.98938 0.648977 0.487281
37.9540 -40.6860 -15.6590 0.05084 -0.12417 -0.99096 0.645261 0.483191
35.2820 -38.1070 -16.2030 0.05729 -0.13940 -0.98858 0.635157 0.472855
38.5290 -38.2110 -15.9980 0.06030 -0.12849 -0.98988 0.647666 0.473613
40.8220 -43.1630 -15.1750 0.04770 -0.27038 -0.96157 0.656116 0.493155
43.1370 -43.5540 -15.0260 0.04770 -0.40248 -0.91418 0.665002 0.494824
41.6190 -41.3160 -15.4380 0.04737 -0.12155 -0.99145 0.659318 0.486004
44.4360 -41.7170 -15.2510 0.04864 -0.11981 -0.99160 0.670146 0.487832
41.3120 -40.1960 -15.5580 0.04589 -0.14101 -0.98894 0.658240 0.481637
40.3950 -38.9690 -15.8130 0.03838 -0.13590 -0.98998 0.654798 0.476746
42.2090 -39.3910 -15.6820 0.04530 -0.18655 -0.98140 0.661750 0.478563
43.7300 -40.1610 -15.4230 0.05079 -0.16223 -0.98545 0.667565 0.481761
39.8960 -37.2760 -15.9920 0.05368 -0.10867 -0.99263 0.653027 0.470144
42.4310 -38.1230 -15.8850 0.04526 -0.10194 -0.99376 0.662704 0.473639
41.7810 -37.2970 -15.9530 0.02968 -0.09571 -0.99497 0.660277 0.470393
36.1080 -36.1530 -16.4150 0.06317 -0.13536 -0.98878 0.638496 0.465354
39.0040 -35.1590 -16.3380 0.09578 -0.12099 -0.98802 0.649751 0.461818
36.9740 -34.1840 -16.6460 0.07351 -0.12758 -0.98910 0.641988 0.457787
33.7080 -32.5890 -17.0100 0.07019 -0.11039 -0.99141 0.629537 0.451259
37.0400 -31.7820 -16.9170 0.07387 -0.10896 -0.99130 0.642450 0.448483
34.7940 -28.6850 -17.3730 0.07837 -0.10272 -0.99162 0.634058 0.436255
38.9280 -32.6910 -16.6350 0.09208 -0.11542 -0.98904 0.649669 0.452240
39.8700 -34.5640 -16.3070 0.06531 -0.11596 -0.99110 0.653156 0.459629
40.7720 -31.7020 -16.5980 0.05174 -0.10256 -0.99338 0.656872 0.448621
40.2710 -30.0800 -16.7950 0.07842 -0.10111 -0.99178 0.655083 0.442287
38.7180 -28.1800 -17.1590 0.08009 -0.09130 -0.99260 0.649239 0.434735
44.8370 -39.2670 -15.5920 0.06746 -0.18269 -0.98085 0.671884 0.478331
43.9950 -38.0490 -15.7950 0.05546 -0.08019 -0.99524 0.668734 0.473523
43.1990 -37.4640 -15.8570 0.05197 -0.07311 -0.99597 0.665733 0.471189
45.3770 -38.1120 -15.7090 0.07306 -0.11255 -0.99096 0.674061 0.473916
43.8140 -35.4070 -16.0660 0.07477 -0.09703 -0.99247 0.668275 0.463284
46.2140 -35.2260 -15.8740 0.06834 -0.08843 -0.99374 0.677566 0.462877
46.2820 -37.3910 -15.6760 0.08008 -0.07892 -0.99366 0.677631 0.471247
47.6510 -41.6520 -15.0950 0.05213 -0.12020 -0.99138 0.682547 0.487947
46.1480 -40.1440 -15.3000 0.05670 -0.13624 -0.98905 0.676889 0.481951
48.3570 -39.9130 -15.2140 0.05237 -0.15068 -0.98719 0.685419 0.481293
47.2170 -38.5450 -15.5330 0.05915 -0.12562 -0.99031 0.681125 0.475809
48.3600 -39.1470 -15.3760 0.05675 -0.15871 -0.98569 0.685484 0.478277
50.5270 -41.6100 -14.9490 0.04557 -0.11105 -0.99277 0.693626 0.488085
51.4630 -40.0040 -15.0350 0.05802 -0.13661 -0.98892 0.697383 0.481982
53.5200 -41.3810 -14.8330 0.05446 -0.09824 -0.99367 0.705180 0.487516
50.8240 -39.3170 -15.2230 0.05640 -0.16624 -0.98447 0.694965 0.479201
48.5710 -37.6160 -15.5270 0.05920 -0.09102 -0.99409 0.686430 0.472372
48.5410 -34.8790 -15.7530 0.06170 -0.09514 -0.99355 0.686572 0.461793
50.6660 -34.9440 -15.6120 0.06903 -0.08458 -0.99402 0.694762 0.462281
41.1890 -33.9570 -16.3620 0.02504 -0.10962 -0.99366 0.658284 0.457389
43.5220 -32.9180 -16.3870 0.05899 -0.11130 -0.99204 0.667358 0.453594
44.7680 -34.4290 -16.0050 0.09116 -0.10775 -0.98999 0.672074 0.459645
45.1770 -32.7560 -16.3300 0.07254 -0.13439 -0.98827 0.673750 0.453127
45.1420 -31.8120 -16.3670 0.05148 -0.06102 -0.99681 0.673710 0.449495
42.0320 -30.0770 -16.7080 0.05099 -0.07711 -0.99572 0.661876 0.442462
44.2220 -30.3950 -16.5480 0.06432 -0.07569 -0.99505 0.670294 0.443923
42.5210 -27.7840 -16.8210 0.07759 -0.07899 -0.99385 0.663983 0.433667
44.1020 -28.0730 -16.7150 0.06185 -0.05408 -0.99662 0.670050 0.434953
45.5260 -33.4490 -16.1200 0.09428 -0.18895 -0.97745 0.675075 0.455919
47.5290 -33.3950 -15.9680 0.06936 -0.14053 -0.98764 0.682805 0.455940
47.7440 -32.7270 -16.0750 0.08128 -0.13277 -0.98781 0.683671 0.453347
46.3410 -31.0500 -16.3540 0.08119 -0.07995 -0.99349 0.678407 0.446689
48.0850 -30.1370 -16.2580 0.08923 -0.09890 -0.99109 0.685240 0.443384
45.8780 -29.4490 -16.5060 0.06319 -0.07332 -0.99530 0.676767 0.440460
47.5950 -28.9870 -16.4350 0.07140 -0.07939 -0.99428 0.683440 0.438866
49.8020 -32.8820 -15.9060 0.06903 -0.10188 -0.99240 0.691604 0.454186
18.8920 -31.4340 -18.0720 0.06056 -0.12725 -0.99002 0.572465 0.445145
16.9450 -28.5420 -18.5530 0.05473 -0.12074 -0.99117 0.565185 0.433714
19.9510 -28.8540 -18.2860 0.06382 -0.12054 -0.99065 0.576769 0.435274
18.5340 -26.5690 -18.7230 0.06730 -0.11238 -0.99138 0.571473 0.426226
20.6130 -26.0870 -18.5590 0.06705 -0.10154 -0.99257 0.579553 0.424624
21.1610 -27.4710 -18.4270 0.04102 -0.10348 -0.99379 0.581541 0.430025
13.6650 -24.2150 -19.2050 0.06532 -0.10205 -0.99263 0.552912 0.416610
17.3890 -26.0050 -18.8080 0.03606 -0.10893 -0.99340 0.567115 0.423939
15.8840 -23.1550 -19.1480 0.05534 -0.09158 -0.99426 0.561566 0.412762
17.8250 -24.4560 -18.9650 0.05524 -0.09069 -0.99435 0.568926 0.417984
14.3920 -19.4800 -19.6150 0.06999 -0.08590 -0.99384 0.556132 0.398379
17.5800 -22.2750 -19.1570 0.05775 -0.07709 -0.99535 0.568179 0.409537
16.9440 -20.3440 -19.3360 0.07148 -0.08688 -0.99365 0.565902 0.402016
19.5140 -23.4950 -18.9140 0.07397 -0.08801 -0.99337 0.575534 0.414466
21.3810 -23.5350 -18.7710 0.06542 -0.09769 -0.99306 0.582734 0.414836
20.0170 -20.0350 -19.1300 0.04479 -0.08292 -0.99555 0.577791 0.401172
21.6150 -21.4320 -18.9880 0.06084 -0.08783 -0.99428 0.583816 0.406720
17.2130 -18.1090 -19.5250 0.07152 -0.07851 -0.99435 0.567144 0.393406
21.8950 -24.7890 -18.6530 0.04906 -0.08744 -0.99496 0.584602 0.419728
23.9940 -26.1770 -18.4010 0.05309 -0.10152 -0.99342 0.592574 0.425322
23.8660 -24.9040 -18.4680 0.05736 -0.07391 -0.99561 0.592203 0.420405
23.2740 -23.3280 -18.6580 0.05893 -0.09184 -0.99403 0.590058 0.414245
24.3590 -20.7820 -18.8110 0.06878 -0.07423 -0.99487 0.594472 0.404527
25.5380 -22.9890 -18.6330 0.06609 -0.07968 -0.99463 0.598798 0.413158
21.1770 -18.9950 -19.2210 0.03675 -0.04862 -0.99814 0.582345 0.397263
20.8830 -18.2070 -19.2490 0.06120 -0.06477 -0.99602 0.581296 0.394198
23.3490 -18.9930 -19.0290 0.07708 -0.06812 -0.99470 0.590739 0.397509
22.0060 -16.5790 -19.2840 0.07303 -0.06520 -0.99520 0.585786 0.388044
25.3070 -17.7090 -18.9660 0.06809 -0.06948 -0.99526 0.598418 0.392779
26.7280 -19.6430 -18.7340 0.06945 -0.07016 -0.99512 0.603719 0.400397
27.2690 -16.4760 -18.9410 0.07547 -0.06267 -0.99518 0.606096 0.388233
29.1650 -17.5550 -18.6900 0.10156 -0.06768 -0.99253 0.613325 0.392619
13.4890 -13.8900 -20.0790 0.07341 -0.06281 -0.99532 0.553174 0.376708
16.3400 -14.7710 -19.8150 0.08067 -0.06180 -0.99482 0.564088 0.380429
17.9830 -15.9010 -19.6000 0.06992 -0.05828 -0.99585 0.570330 0.384979
19.4430 -17.0030 -19.4520 0.06801 -0.06814 -0.99535 0.575848 0.389388
18.2070 -13.7670 -19.6900 0.06852 -0.05509 -0.99613 0.571401 0.376780
16.4500 -10.7790 -20.0290 0.08097 -0.05171 -0.99537 0.564903 0.365054
18.4360 -11.4970 -19.8170 0.07446 -0.04860 -0.99604 0.572506 0.368053
11.4920 -10.9250 -20.3990 0.07272 -0.05107 -0.99604 0.545759 0.365053
13.9080 -6.8260 -20.3970 0.07511 -0.03934 -0.99640 0.555491 0.349536
17.0280 -8.1910 -20.1170 0.07777 -0.04570 -0.99592 0.567385 0.355146
16.0850 -4.8010 -20.2970 0.07722 -0.03244 -0.99649 0.564101 0.341986
11.9450 -1.8550 -20.7310 0.07533 -0.02794 -0.99677 0.548420 0.330168
20.3960 -15.6590 -19.4730 0.07481 -0.06986 -0.99475 0.579657 0.384311
20.3320 -14.0720 -19.6050 0.06801 -0.05957 -0.99590 0.579555 0.378178
22.4430 -14.0240 -19.3960 0.07765 -0.06241 -0.99503 0.587720 0.378249
20.7940 -12.1520 -19.6660 0.06724 -0.04111 -0.99689 0.581524 0.370834
23.7700 -15.8710 -19.2130 0.06874 -0.06328 -0.99563 0.592657 0.385512
25.7320 -16.0210 -19.0570 0.06657 -0.06138 -0.99589 0.600214 0.386314
24.5140 -13.7750 -19.2780 0.07124 -0.05925 -0.99570 0.595732 0.377516
26.6370 -13.7630 -19.1160 0.07730 -0.05481 -0.99550 0.603928 0.377712
20.8580 -9.5270 -19.7130 0.07506 -0.04493 -0.99617 0.582054 0.360740
23.4420 -11.8350 -19.4750 0.06946 -0.04615 -0.99652 0.591779 0.369915
22.9290 -9.3650 -19.5640 0.07005 -0.03593 -0.99690 0.590062 0.360350
24.7950 -11.1780 -19.4160 0.07430 -0.03749 -0.99653 0.597062 0.367537
25.2400 -8.7790 -19.4310 0.07677 -0.03901 -0.99629 0.599037 0.358353
19.1790 -9.4550 -19.8460 0.08201 -0.05793 -0.99495 0.575581 0.360271
19.3310 -5.0300 -20.0430 0.08038 -0.02804 -0.99637 0.576603 0.343237
20.4310 -7.8770 -19.8630 0.08272 -0.04931 -0.99535 0.580556 0.354324
18.1460 -2.3090 -20.2200 0.07840 -0.03082 -0.99645 0.572307 0.332622
23.2280 -7.8260 -19.6240 0.07507 -0.05432 -0.99570 0.591364 0.354457
20.8760 -6.2960 -19.8650 0.07517 -0.04335 -0.99623 0.582441 0.348292
22.8420 -5.8830 -19.7810 0.07539 -0.02436 -0.99686 0.590060 0.346919
21.3100 -5.1530 -19.9060 0.06953 -0.02751 -0.99720 0.584227 0.343936
19.7980 -1.9260 -20.0950 0.09649 -0.02994 -0.99488 0.578724 0.331336
20.6220 -3.3680 -19.9350 0.08049 -0.02460 -0.99645 0.581774 0.336989
22.4850 -3.3690 -19.8740 0.08171 -0.02431 -0.99636 0.588941 0.337199
22.5850 -1.9900 -19.8620 0.06461 -0.03235 -0.99739 0.589485 0.331906
20.9200 -1.2870 -19.9510 0.09782 -0.01548 -0.99508 0.583148 0.329008
23.2010 -4.5810 -19.6990 0.08186 -0.01444 -0.99654 0.591610 0.341955
27.9520 -12.2440 -19.1280 0.08021 -0.05481 -0.99527 0.609141 0.371998
27.1660 -10.9570 -19.2110 0.07513 -0.03164 -0.99667 0.606246 0.366959
29.9080 -15.2570 -18.7650 0.11336 -0.05782 -0.99187 0.616413 0.383845
29.3700 -12.9580 -18.9220 0.09271 -0.05437 -0.99421 0.614566 0.374927
30.7610 -12.8380 -18.8080 0.12630 -0.05438 -0.99050 0.619948 0.374622
29.1580 -10.1410 -19.0900 0.08930 -0.03649 -0.99534 0.614018 0.364042
27.5880 -8.0680 -19.2560 0.07983 -0.04365 -0.99585 0.608175 0.355885
28.8180 -7.3810 -19.1990 0.08116 -0.04321 -0.99576 0.612996 0.353377
31.6500 -9.7420 -18.8310 0.13512 -0.05161 -0.98948 0.623712 0.362805
32.1990 -11.8310 -18.6270 0.09979 -0.04381 -0.99404 0.625651 0.370930
33.0640 -8.1950 -18.6970 0.10043 -0.04001 -0.99414 0.629365 0.357020
31.5120 -7.1710 -18.9870 0.11421 -0.03841 -0.99271 0.623421 0.352877
25.9650 -7.2340 -19.4620 0.08159 -0.05133 -0.99534 0.601986 0.352481
24.8420 -6.1250 -19.5860 0.08139 -0.03351 -0.99612 0.597763 0.348083
24.7870 -4.6780 -19.6270 0.07882 -0.02246 -0.99664 0.597704 0.342504
27.3940 -5.6950 -19.4150 0.07637 -0.02652 -0.99673 0.607656 0.346715
26.1280 -4.8230 -19.4930 0.07953 -0.01964 -0.99664 0.602870 0.343218
23.7120 -3.2200 -19.7410 0.08237 -0.03414 -0.99602 0.593709 0.336770
24.7850 -1.3650 -19.7140 0.08010 -0.03740 -0.99608 0.598034 0.329749
23.3220 -0.8560 -19.9010 0.07575 -0.04440 -0.99614 0.592425 0.327611
25.9670 -2.5330 -19.5870 0.07899 -0.03347 -0.99631 0.602481 0.334382
26.9820 -3.2640 -19.4820 0.07941 -0.03076 -0.99637 0.606327 0.337311
28.2140 -4.2130 -19.3620 0.06789 -0.01923 -0.99751 0.610983 0.341106
26.5310 0.1670 -19.6710 0.08766 -0.02012 -0.99595 0.604922 0.324047
25.2740 0.9090 -19.7220 0.06113 -0.02186 -0.99789 0.600164 0.321052
29.2760 -5.4950 -19.2650 0.09040 -0.04612 -0.99484 0.614944 0.346162
31.9230 -4.9060 -19.0050 0.12235 -0.03947 -0.99170 0.625253 0.344206
30.3230 -3.7610 -19.2580 0.09206 -0.03441 -0.99516 0.619158 0.339601
29.4200 -1.9970 -19.3280 0.04984 -0.02052 -0.99855 0.615863 0.332712
31.7320 -2.1640 -19.1220 0.12192 -0.02991 -0.99209 0.624790 0.333624
30.3600 -1.3280 -19.3200 0.07799 -0.02167 -0.99672 0.619554 0.330240
27.3380 -1.6150 -19.5040 0.09278 -0.03138 -0.99519 0.607869 0.331003
28.5360 0.0090 -19.4040 0.07959 -0.01680 -0.99669 0.612682 0.324891
33.9070 -11.7270 -18.5690 0.04703 -0.03370 -0.99832 0.632240 0.370715
33.7670 -5.8650 -18.7190 0.09388 -0.02671 -0.99523 0.632321 0.348125
36.6770 -7.2470 -18.5460 0.09121 -0.03119 -0.99534 0.643386 0.353775
35.3200 -9.0150 -18.5570 0.03994 -0.02092 -0.99898 0.637973 0.360428
35.7890 -4.7740 -18.6430 0.04901 -0.01787 -0.99864 0.640235 0.344153
32.9600 -3.1410 -18.9360 0.15015 -0.03790 -0.98794 0.629451 0.337534
34.2440 -3.0860 -18.6940 0.10173 -0.03009 -0.99436 0.634482 0.337488
35.4350 -1.7380 -18.7220 0.02371 -0.01619 -0.99959 0.639208 0.332425
34.6800 -1.3190 -18.7190 0.07649 -0.03692 -0.99639 0.636345 0.330731
33.1220 -0.7600 -19.0160 0.12962 -0.03352 -0.99100 0.630315 0.328378
31.9830 0.1280 -19.1380 0.11258 -0.01978 -0.99345 0.626007 0.324829
30.7770 0.8370 -19.3180 0.09666 -0.01618 -0.99519 0.621400 0.321957
33.8250 1.4390 -18.9880 0.14676 -0.02447 -0.98887 0.633263 0.319996
37.5010 -3.3370 -18.5870 0.09372 -0.02661 -0.99524 0.646988 0.338817
37.8460 -4.8940 -18.4920 0.12152 -0.03509 -0.99197 0.648164 0.344852
37.8750 -0.8220 -18.5980 0.09786 -0.02119 -0.99497 0.648714 0.329179
38.9240 -2.7430 -18.4040 0.15493 -0.03011 -0.98747 0.652584 0.336701
34.9420 0.2040 -18.7650 0.10361 -0.01463 -0.99451 0.637509 0.324893
36.2770 1.1200 -18.7040 0.03569 -0.00177 -0.99936 0.642771 0.321523
35.1750 1.9050 -18.6980 0.11456 -0.02377 -0.99313 0.638625 0.318383
24.0790 -29.3040 -18.0020 0.05581 -0.11685 -0.99158 0.592647 0.437461
23.5360 -27.1350 -18.2840 0.05250 -0.12294 -0.99102 0.590729 0.428997
25.8170 -30.3050 -17.8250 0.07198 -0.10580 -0.99178 0.599258 0.441510
26.3910 -29.0330 -17.8770 0.08479 -0.10675 -0.99066 0.601594 0.436667
28.4180 -30.1660 -17.5560 0.06023 -0.11198 -0.99188 0.609335 0.441311
25.1730 -27.7230 -18.1400 0.06651 -0.12303 -0.99017 0.596992 0.431442
27.2510 -26.7530 -18.0790 0.09021 -0.11469 -0.98930 0.605099 0.427931
25.9050 -25.1010 -18.3900 0.07135 -0.09993 -0.99243 0.600034 0.421368
28.4680 -27.8460 -17.8390 0.07408 -0.11011 -0.99115 0.609722 0.432315
31.3010 -30.4700 -17.4800 0.06221 -0.10106 -0.99293 0.620409 0.442752
30.2570 -28.4530 -17.6770 0.03393 -0.10130 -0.99428 0.616566 0.434857
28.0790 -24.8320 -18.2120 0.11848 -0.10429 -0.98746 0.608456 0.420590
27.0800 -22.0040 -18.5470 0.07160 -0.07138 -0.99488 0.604856 0.409545
29.4290 -25.0280 -17.9710 0.05271 -0.09237 -0.99433 0.613695 0.421549
30.1580 -25.7900 -17.9510 0.01605 -0.07413 -0.99712 0.616429 0.424545
28.0520 -22.5430 -18.4540 0.08449 -0.09150 -0.99221 0.608552 0.411728
29.8450 -23.0770 -18.1610 0.08240 -0.08574 -0.99290 0.615467 0.414037
28.8500 -20.4310 -18.5390 0.10429 -0.07589 -0.99165 0.611826 0.403672
32.3700 -29.6830 -17.4590 0.07610 -0.11489 -0.99046 0.624611 0.439834
32.0750 -28.4180 -17.6630 0.05231 -0.11877 -0.99154 0.623569 0.434882
33.0070 -27.5710 -17.6710 0.08269 -0.10220 -0.99132 0.627245 0.431718
31.4950 -26.7730 -17.8110 0.03084 -0.08965 -0.99550 0.621487 0.428480
34.2600 -25.9190 -17.6920 0.10266 -0.09041 -0.99060 0.632242 0.425488
31.9680 -24.6570 -17.9600 0.03034 -0.06928 -0.99714 0.623501 0.420354
32.8990 -25.4540 -17.9030 0.06495 -0.07805 -0.99483 0.627009 0.423513
33.3750 -23.6420 -17.9760 0.07429 -0.07771 -0.99420 0.629021 0.416582
31.9320 -21.5660 -18.2050 0.02834 -0.06753 -0.99731 0.623645 0.408416
37.7810 -25.2780 -17.4450 0.07903 -0.07916 -0.99372 0.645900 0.423426
37.5210 -27.0670 -17.3140 0.06716 -0.07676 -0.99479 0.644732 0.430308
35.6590 -23.7690 -17.7430 0.08906 -0.07644 -0.99309 0.637842 0.417349
30.2270 -21.5320 -18.2300 0.08243 -0.07226 -0.99397 0.617088 0.408120
30.9080 -18.9660 -18.3900 0.07853 -0.06551 -0.99476 0.619948 0.398286
30.9880 -16.7610 -18.5240 0.09105 -0.05726 -0.99420 0.620466 0.389785
33.7540 -21.4010 -18.1570 0.08350 -0.08435 -0.99293 0.630679 0.407965
35.5910 -20.9420 -17.9520 0.11009 -0.07083 -0.99139 0.637849 0.406432
34.1720 -18.8280 -18.3120 0.07262 -0.05125 -0.99604 0.632527 0.398086
33.3290 -17.8460 -18.3450 0.02850 -0.04189 -0.99872 0.629383 0.394223
38.4290 -22.0550 -17.6380 0.08783 -0.06506 -0.99401 0.648704 0.411056
36.7960 -17.5630 -18.0120 0.11424 -0.05309 -0.99203 0.642844 0.393551
31.8290 -14.0290 -18.5600 0.09113 -0.04677 -0.99474 0.624002 0.379358
33.0100 -14.7090 -18.4980 0.04229 -0.03456 -0.99851 0.628477 0.382103
34.5050 -17.1850 -18.3440 0.07931 -0.04571 -0.99580 0.633981 0.391799
35.0750 -15.3420 -18.3860 0.09383 -0.04115 -0.99474 0.636367 0.384766
34.8870 -13.8540 -18.4340 0.07252 -0.03402 -0.99679 0.635801 0.379016
40.8960 -25.0920 -17.2380 0.08091 -0.07005 -0.99426 0.657939 0.423059
44.1430 -25.0450 -16.9420 0.09711 -0.08718 -0.99145 0.670492 0.423263
41.2540 -23.2040 -17.2990 0.08054 -0.05683 -0.99513 0.659512 0.415825
41.8370 -20.1120 -17.4380 0.09327 -0.05076 -0.99435 0.662069 0.403967
45.6080 -25.6570 -16.7220 0.08817 -0.07224 -0.99348 0.676113 0.425811
46.8390 -23.7120 -16.7850 0.09241 -0.08841 -0.99179 0.681048 0.418439
43.6740 -22.8950 -17.1310 0.08492 -0.05652 -0.99478 0.668887 0.414911
44.1430 -20.2640 -17.1880 0.08576 -0.04385 -0.99535 0.670979 0.404830
45.9030 -22.4360 -16.9850 0.08655 -0.05689 -0.99462 0.677541 0.413396
38.2980 -19.8050 -17.7670 0.08949 -0.04884 -0.99479 0.648426 0.402366
39.4080 -17.4330 -17.7730 0.09006 -0.04884 -0.99474 0.652957 0.393359
36.2510 -14.1640 -18.2810 0.13198 -0.05101 -0.98994 0.641050 0.380376
39.5770 -14.6050 -17.9080 0.09012 -0.04412 -0.99495 0.653888 0.382476
41.4830 -16.1900 -17.6540 0.10372 -0.04166 -0.99373 0.661100 0.388809
37.8670 -12.5290 -18.1230 0.11818 -0.04822 -0.99182 0.647504 0.374282
42.2760 -18.1760 -17.4920 0.10940 -0.04139 -0.99314 0.663959 0.396555
43.6990 -18.7600 -17.2740 0.09493 -0.03238 -0.99496 0.669427 0.398985
43.6350 -15.9220 -17.3960 0.08832 -0.03843 -0.99535 0.669468 0.388043
42.9910 -14.0660 -17.5650 0.11351 -0.04721 -0.99241 0.667158 0.380808
42.0850 -11.9780 -17.7700 0.10785 -0.04302 -0.99324 0.663863 0.372651
36.4410 -12.4110 -18.3670 0.12154 -0.05788 -0.99090 0.641944 0.373637
36.2470 -10.4600 -18.5140 0.09874 -0.03834 -0.99437 0.641381 0.366090
38.4340 -9.3610 -18.1890 0.12242 -0.03483 -0.99187 0.650024 0.362142
40.1580 -10.9210 -18.0210 0.09096 -0.03128 -0.99536 0.656511 0.368347
41.1640 -9.0090 -17.9590 0.09592 -0.02559 -0.99506 0.660608 0.361105
38.2090 -7.4420 -18.3330 0.15588 -0.05067 -0.98648 0.649322 0.354713
39.5610 -5.1530 -18.1990 0.12678 -0.03229 -0.99140 0.654831 0.346067
43.2150 -42.4690 22.5470 -0.01784 -0.23761 0.97120 0.669562 0.643546
44.9810 -42.4270 22.5970 -0.01954 -0.23194 0.97253 0.676372 0.643658
46.5460 -40.8770 22.6460 -0.02417 0.00347 0.99970 0.682437 0.649591
44.0180 -43.6290 21.6170 -0.00122 -0.88621 0.46328 0.672531 0.637589
44.4100 -43.1840 22.2110 0.00033 -0.65101 0.75907 0.674108 0.640421
45.1220 -43.7920 21.2740 -0.00937 -0.94383 0.33029 0.676753 0.636045
45.4710 -43.9810 19.7860 -0.00731 -0.99883 0.04782 0.677924 0.630224
47.5050 -43.6950 21.5610 -0.01500 -0.91411 0.40520 0.685968 0.636951
47.0630 -43.1080 22.3140 -0.02182 -0.62427 0.78090 0.684360 0.640691
47.5900 -42.4550 22.6340 -0.03570 -0.22558 0.97357 0.686433 0.643481
48.2780 -43.9960 19.9580 -0.01246 -0.99707 0.07548 0.688749 0.630552
49.6830 -43.5180 21.9640 -0.02373 -0.82239 0.56843 0.694404 0.638373
50.4090 -43.8060 21.3660 -0.02628 -0.95658 0.29028 0.697109 0.635712
49.8860 -42.9820 22.5200 -0.03388 -0.52712 0.84912 0.695257 0.641332
50.8420 -42.3130 22.7730 -0.02968 -0.16516 0.98582 0.698960 0.644056
51.8270 -41.1580 22.8250 -0.01980 0.01690 0.99966 0.702788 0.648462
50.2860 -38.9290 22.6850 -0.02067 0.02936 0.99936 0.696890 0.657054
47.5460 -36.1440 22.5750 -0.01830 0.01697 0.99969 0.686387 0.667825
46.1690 -43.9610 19.1860 -0.00077 -1.00000 -0.00239 0.680536 0.627827
46.7130 -44.0970 16.9070 -0.01154 -0.99837 0.05597 0.682356 0.618960
47.6020 -43.9480 17.8560 0.01843 -0.99837 0.05394 0.685899 0.622541
48.8830 -44.0640 16.6530 0.01063 -0.99729 0.07282 0.690692 0.617731
48.3260 -44.2350 15.4140 0.01541 -0.99839 0.05458 0.688390 0.613000
47.3440 -44.1900 12.8900 -0.01705 -0.99962 0.02167 0.684310 0.603413
49.1440 -44.2390 13.9190 0.02572 -0.99962 0.01021 0.691364 0.607161
49.5840 -44.1660 12.3220 -0.02635 -0.99908 0.03392 0.692876 0.600972
49.0430 -44.3380 10.5190 -0.00160 -0.99936 0.03572 0.690579 0.594074
50.2500 -44.0150 20.0950 -0.02759 -0.99661 0.07756 0.696354 0.630787
50.3060 -44.0030 18.4690 -0.02576 -0.99936 0.02474 0.696372 0.624543
51.7140 -44.0960 20.0450 -0.02910 -0.99763 0.06233 0.701992 0.630387
52.4430 -44.0530 18.9090 -0.02218 -0.99964 0.01518 0.704658 0.625948
51.9970 -44.1580 16.9000 -0.01267 -0.99991 0.00523 0.702715 0.618290
49.8030 -44.1260 14.8750 0.06538 -0.99586 0.06314 0.694029 0.610774
51.2140 -44.0660 14.8350 0.00786 -0.99966 0.02500 0.699458 0.610454
50.5520 -44.2190 12.8230 -0.01702 -0.99822 0.05718 0.696665 0.602788
53.8030 -44.0720 15.2820 -0.01425 -0.99977 0.01612 0.709482 0.611862
46.5660 -31.4990 22.4830 -0.01086 0.01703 0.99980 0.682720 0.685744
52.4200 -43.4980 22.2010 0.22243 -0.61370 0.75756 0.704882 0.638828
51.9980 -43.0880 22.5580 -0.01549 -0.51161 0.85908 0.703371 0.640955
52.9570 -43.7380 21.8200 0.00258 -0.89280 0.45044 0.706971 0.637139
54.0990 -42.3100 22.8270 -0.02392 -0.17454 0.98436 0.711505 0.643936
55.4300 -43.4960 22.0610 0.00359 -0.76098 0.64876 0.716505 0.638239
55.9260 -42.6390 22.7710 -0.01948 -0.40416 0.91448 0.718511 0.642501
55.7040 -41.6680 22.9310 -0.01736 -0.04364 0.99890 0.717716 0.646318
52.0720 -40.0080 22.7460 -0.01014 0.05129 0.99863 0.703754 0.652873
53.8460 -36.4140 22.6910 -0.01409 0.02283 0.99964 0.710659 0.666635
57.8190 -41.0940 22.9420 -0.02303 0.01924 0.99955 0.725902 0.648431
56.1660 -39.5510 22.7910 -0.02037 0.04625 0.99872 0.719545 0.654470
59.5400 -39.4810 22.8800 -0.03998 0.04922 0.99799 0.732549 0.654620
58.4150 -36.1230 22.7510 -0.03023 0.02401 0.99925 0.728260 0.667620
54.2250 -44.0750 20.4140 -0.00188 -0.99137 0.13105 0.711706 0.631531
54.3710 -44.1360 18.3100 -0.00078 -0.99986 0.01650 0.712012 0.623428
54.7920 -43.7760 21.6040 0.02066 -0.93284 0.35970 0.714000 0.636221
56.8300 -44.1630 19.8050 -0.01056 -0.99728 0.07290 0.721652 0.628932
57.0250 -44.0810 18.1930 -0.01048 -0.99994 0.00314 0.722215 0.622693
56.9320 -44.1300 16.5540 -0.02542 -0.99843 0.05001 0.721673 0.616398
56.6300 -44.2330 15.2690 -0.02589 -0.99880 0.04157 0.720375 0.611472
54.8920 -44.2130 13.1980 -0.01482 -0.99987 0.00566 0.713439 0.603711
57.7930 -43.7270 21.7250 -0.01876 -0.91358 0.40622 0.725565 0.636419
59.1110 -44.1500 19.9510 0.00515 -0.99411 0.10829 0.730428 0.629224
56.9870 -43.2000 22.4070 -0.01099 -0.67887 0.73418 0.722553 0.639828
58.8300 -42.5350 22.8870 -0.02778 -0.36346 0.93119 0.729754 0.642810
59.1410 -43.5950 22.0350 0.00114 -0.81811 0.57506 0.730798 0.637540
60.4590 -42.9750 22.6350 -0.02300 -0.60845 0.79326 0.736008 0.640633
59.9860 -43.8950 21.2150 0.03600 -0.96080 0.27489 0.733941 0.634072
59.5940 -44.2040 16.8750 -0.00723 -0.99972 0.02237 0.731957 0.617324
58.7560 -44.2030 14.4350 -0.00455 -0.99997 0.00545 0.728463 0.608025
60.9260 -44.0880 19.7000 0.05151 -0.99379 0.09863 0.737387 0.628072
50.1960 -33.1740 22.5720 -0.01452 0.02052 0.99968 0.696663 0.679205
49.4670 -28.8080 22.4640 -0.00985 0.02331 0.99968 0.693944 0.696042
56.7350 -32.0670 22.6160 -0.02062 0.02490 0.99948 0.721855 0.683311
53.6570 -29.1530 22.5240 -0.00913 0.02663 0.99960 0.710066 0.694615
47.0020 -44.2260 10.3920 -0.01975 -0.99924 0.03357 0.682701 0.593839
48.1750 -44.3270 8.7770 -0.01469 -0.99948 0.02867 0.687036 0.587477
47.7690 -44.3580 7.1880 0.00178 -0.99991 0.01350 0.685283 0.581408
49.9770 -44.2580 11.6120 -0.02218 -0.99857 0.04873 0.694314 0.598174
50.3540 -44.3410 8.7050 0.01131 -0.99816 0.05949 0.695418 0.586941
51.6400 -44.2230 9.6690 0.00731 -0.99906 0.04272 0.700491 0.590504
49.5720 -44.4070 7.4690 -0.01753 -0.99958 0.02315 0.692264 0.582270
50.2970 -44.4300 5.3760 -0.00153 -0.99963 0.02726 0.694813 0.574134
51.2470 -44.4450 7.6200 0.00672 -0.99995 0.00735 0.698731 0.582653
51.7580 -44.3900 6.9640 0.01903 -0.99978 -0.00883 0.700626 0.580068
51.8930 -44.3510 12.1650 0.02490 -0.99877 0.04280 0.701748 0.600067
51.9580 -44.2290 11.3610 0.01048 -0.99811 -0.06054 0.701916 0.596951
52.6890 -44.2140 12.6280 0.03706 -0.99670 0.07225 0.704886 0.601789
53.8480 -44.1650 11.5300 0.02207 -0.99948 0.02346 0.709217 0.597421
53.8230 -44.2920 10.1890 0.02155 -0.99861 0.04815 0.708964 0.592244
53.2060 -44.3570 8.0700 0.03889 -0.99868 0.03349 0.706328 0.584162
54.0680 -44.3500 7.0090 0.05226 -0.99695 0.05792 0.709526 0.579979
54.0380 -44.3990 5.7100 0.01569 -0.99894 0.04325 0.709263 0.574988
54.8430 -44.1990 7.8010 0.03867 -0.99854 0.03772 0.712627 0.582958
56.0900 -44.2830 6.4570 0.00255 -0.99882 0.04845 0.717267 0.577643
51.4860 -44.4900 3.3740 -0.00247 -0.99984 0.01793 0.699156 0.566294
54.1560 -44.4680 4.0500 0.00601 -0.99998 -0.00019 0.709526 0.568589
54.0210 -44.4340 3.2280 0.01245 -0.99992 -0.00131 0.708913 0.565441
55.5220 -44.4550 4.5270 0.02582 -0.99919 0.03091 0.714842 0.570264
56.3020 -44.4220 3.5130 0.02778 -0.99946 0.01738 0.717731 0.566281
55.8210 -44.4830 2.1640 0.02053 -0.99974 -0.00941 0.715717 0.561150
54.0210 -44.4950 1.4590 0.02200 -0.99966 0.01389 0.708706 0.558635
56.0920 -44.3830 0.9940 0.01993 -0.99976 0.00889 0.716631 0.556611
57.7740 -44.4100 1.5980 -0.00917 -0.99985 0.01475 0.723178 0.558743
50.8040 -44.4610 2.4120 -0.02143 -0.99970 0.01170 0.696420 0.562671
50.8030 -44.5450 0.9850 -0.01066 -0.99947 0.03084 0.696256 0.557172
50.3390 -44.5200 -1.1500 -0.01718 -0.99932 -0.03256 0.694221 0.549011
52.4220 -44.5620 1.5340 0.01542 -0.99988 0.00333 0.702551 0.559103
52.7920 -44.5000 0.6240 0.02560 -0.99949 0.01897 0.703873 0.555563
51.5620 -44.5510 -1.8610 -0.03143 -0.99948 -0.00735 0.698853 0.546127
51.4420 -44.5820 -3.7670 -0.00285 -0.99932 0.03674 0.698166 0.538800
53.0700 -44.6190 -0.9180 0.02348 -0.99960 -0.01564 0.704756 0.549589
53.0300 -44.6280 -4.6520 0.01207 -0.99989 0.00914 0.704175 0.535211
53.6330 -44.5340 -1.5810 0.03154 -0.99925 -0.02259 0.706857 0.546965
54.9870 -44.5160 -0.2710 0.02426 -0.99925 0.03014 0.712219 0.551856
56.4230 -44.5190 -2.3990 0.03604 -0.99935 -0.00285 0.717494 0.543506
54.8880 -44.5240 -3.2430 0.02272 -0.99951 0.02142 0.711498 0.540429
56.4530 -44.5030 -0.1830 0.02291 -0.99924 0.03148 0.717874 0.552031
56.5680 -44.4560 -1.1910 0.03663 -0.99933 0.00234 0.718204 0.548139
57.9710 -44.3920 -1.0820 0.00182 -0.99965 -0.02636 0.723623 0.548398
57.1240 -44.2170 12.7280 -0.00947 -0.99993 0.00762 0.721982 0.601642
55.3470 -44.1840 12.1170 -0.01407 -0.99989 -0.00370 0.715060 0.599501
55.9060 -44.2650 9.1640 -0.00746 -0.99992 -0.00976 0.716880 0.588079
57.5710 -44.2630 10.9730 -0.01686 -0.99971 0.01701 0.723505 0.594840
57.5950 -44.2690 8.7390 -0.02237 -0.99967 0.01239 0.723331 0.586243
57.4550 -44.3210 7.1370 -0.02933 -0.99929 0.02344 0.722607 0.580093
59.5180 -44.3200 9.3150 -0.01155 -0.99978 0.01755 0.730815 0.588234
59.5510 -44.3780 6.6560 -0.01255 -0.99983 0.01368 0.730629 0.577999
60.4940 -44.2520 12.9780 -0.00470 -0.99986 0.01622 0.734995 0.602218
65.1330 -44.2750 10.8850 0.00615 -0.99975 0.02147 0.752632 0.593619
57.5560 -44.3430 4.8860 0.01045 -0.99975 0.02002 0.722730 0.571425
59.3600 -44.3400 3.1250 -0.01024 -0.99964 0.02498 0.729471 0.564442
58.2490 -44.4190 2.5710 0.05153 -0.99867 0.00018 0.725117 0.562435
57.9990 -44.4620 -0.0670 -0.02033 -0.99970 -0.01399 0.723849 0.552304
59.7860 -44.5480 0.5920 0.02225 -0.99966 0.01335 0.730806 0.554628
59.6470 -44.4760 -1.1200 -0.01674 -0.99974 -0.01530 0.730077 0.548060
61.0950 -44.4460 0.9640 0.01253 -0.99977 0.01753 0.735904 0.555914
62.7470 -44.3880 5.4640 0.00304 -0.99978 0.02084 0.742803 0.573040
60.7040 -44.4090 4.8080 -0.01850 -0.99980 0.00789 0.734850 0.570755
65.3790 -44.4100 3.7100 0.00272 -0.99987 0.01577 0.752732 0.565982
63.5930 -44.4380 3.2180 0.00482 -0.99987 0.01552 0.745796 0.564295
63.2300 -44.4700 0.3560 -0.00361 -0.99999 0.00371 0.744047 0.553324
62.5870 -44.4560 -0.7050 -0.00243 -0.99997 0.00718 0.741447 0.549318
51.9550 -25.1860 22.3810 -0.00626 0.03059 0.99951 0.703590 0.709943
53.3240 -19.4810 22.1940 -0.00532 0.03679 0.99931 0.708974 0.731904
61.8330 -36.7770 22.9200 -0.06862 0.03097 0.99716 0.741410 0.665017
61.2560 -33.6700 22.8120 -0.05592 0.02306 0.99817 0.739230 0.677014
61.2240 -43.3800 22.2470 0.00278 -0.81931 0.57334 0.738873 0.638312
60.8190 -42.2850 23.0440 -0.05994 -0.27774 0.95878 0.737486 0.643690
60.4730 -41.4730 23.0710 -0.06569 0.00272 0.99784 0.736165 0.646857
61.4190 -40.2430 23.0160 -0.08921 0.08677 0.99223 0.739783 0.651639
62.6380 -42.8550 22.8560 -0.04677 -0.64198 0.76529 0.744460 0.641142
63.1100 -42.2360 23.2290 -0.07642 -0.27519 0.95835 0.746364 0.643885
62.6850 -40.8830 23.2710 -0.09461 0.04708 0.99440 0.744728 0.649113
63.6630 -43.8730 19.3780 0.06107 -0.99365 0.09451 0.747926 0.626565
64.4870 -41.4380 23.4010 -0.06618 -0.00927 0.99776 0.751677 0.647005
63.9220 -39.5040 23.2310 -0.07620 0.06093 0.99523 0.749468 0.654457
68.1550 -40.9270 23.5920 -0.06019 0.01514 0.99807 0.765810 0.648895
66.3790 -39.3340 23.3720 -0.06496 0.04895 0.99669 0.758945 0.655076
65.2790 -36.2460 23.1970 -0.07688 0.03222 0.99652 0.754714 0.666992
64.1450 -32.8180 23.0120 -0.07703 0.02665 0.99667 0.750387 0.680229
56.8320 -26.6150 22.4690 -0.01897 0.02967 0.99938 0.722335 0.704323
59.3000 -29.6050 22.6310 -0.04080 0.02717 0.99880 0.731782 0.692736
62.7250 -29.2730 22.8040 -0.06652 0.02759 0.99740 0.744978 0.693927
59.5530 -24.7570 22.4940 -0.03923 0.02947 0.99880 0.732851 0.711415
68.7590 -38.9240 23.5180 -0.06082 0.03832 0.99741 0.768119 0.656606
68.6280 -35.9520 23.4380 -0.06706 0.02498 0.99744 0.767633 0.668052
72.9710 -38.1520 23.7330 -0.05525 0.02569 0.99814 0.784313 0.659490
74.2050 -39.7440 23.8360 -0.04005 0.03838 0.99846 0.789066 0.653333
73.3880 -33.2630 23.6830 -0.06407 0.01780 0.99779 0.785991 0.678305
69.7800 -30.2350 23.3680 -0.07305 0.02465 0.99702 0.772165 0.690041
67.6230 -26.2700 23.0970 -0.07834 0.02882 0.99651 0.763942 0.705363
64.8210 -24.6560 22.8290 -0.07726 0.03265 0.99648 0.753167 0.711661
73.7290 -29.9940 23.6460 -0.06865 0.02058 0.99743 0.787394 0.690871
70.9450 -25.6450 23.3480 -0.07526 0.02683 0.99680 0.776786 0.707670
70.2240 -44.2390 10.7460 0.01364 -0.99943 0.03083 0.772248 0.592484
68.1990 -44.3540 7.1780 0.00454 -0.99974 0.02245 0.764017 0.578996
68.6410 -44.4350 2.6650 -0.00014 -0.99990 0.01443 0.765169 0.561577
72.0390 -44.2790 8.5840 0.00596 -0.99941 0.03391 0.778996 0.583955
71.5230 -44.3900 4.5250 -0.00254 -0.99975 0.02226 0.776503 0.568393
73.6420 -44.3490 6.8910 -0.00079 -0.99941 0.03421 0.784973 0.577245
74.8720 -44.4550 3.5110 -0.00111 -0.99970 0.02436 0.789289 0.564084
78.1560 -44.3980 4.0400 0.00890 -0.99947 0.03139 0.802014 0.565717
80.9180 -44.3520 4.8910 0.01543 -0.99892 0.04382 0.812776 0.568642
56.8430 -21.9020 22.3270 -0.02155 0.03585 0.99912 0.722467 0.722488
61.6040 -22.9320 22.5300 -0.05618 0.03520 0.99780 0.740790 0.718397
55.4790 -13.4730 21.9710 -0.01028 0.04250 0.99904 0.717388 0.755014
57.6560 -15.6610 22.0830 -0.02556 0.03839 0.99894 0.725726 0.746528
59.4460 -17.3880 22.2160 -0.03825 0.04043 0.99845 0.732584 0.739821
62.7010 -18.2230 22.4110 -0.06666 0.03974 0.99698 0.745112 0.736508
65.8980 -19.8290 22.7260 -0.08391 0.03691 0.99579 0.757432 0.730217
69.1200 -21.0280 23.0510 -0.08975 0.02722 0.99559 0.769860 0.725496
66.4740 -15.6690 22.6260 -0.08741 0.05262 0.99478 0.759743 0.746217
60.0260 -14.9680 22.1630 -0.05009 0.03030 0.99829 0.734873 0.749129
61.1950 -16.0950 22.2260 -0.05328 0.02751 0.99820 0.739349 0.744754
62.7360 -14.6700 22.3100 -0.05128 0.02311 0.99842 0.745331 0.750190
59.2940 -13.0270 22.0350 -0.05610 0.03714 0.99773 0.732085 0.756633
57.4390 -8.9190 21.7790 -0.04175 0.03801 0.99840 0.725029 0.772528
61.2020 -11.7230 22.1900 -0.05381 0.03234 0.99803 0.739490 0.761582
61.6080 -13.1140 22.2130 -0.04746 0.02503 0.99856 0.741019 0.756217
59.8980 -9.6570 21.9530 -0.06814 0.00721 0.99765 0.734487 0.769595
64.1950 -14.5820 22.3660 -0.06240 0.03269 0.99752 0.750950 0.750486
63.6670 -13.5220 22.3240 -0.05306 0.04926 0.99738 0.748941 0.754580
66.6930 -13.7140 22.5130 -0.09763 0.06255 0.99326 0.760614 0.753751
65.4890 -12.8440 22.4190 -0.04676 0.06911 0.99651 0.755984 0.757127
63.9130 -12.0100 22.1940 -0.05613 0.05890 0.99668 0.749907 0.760418
62.5270 -8.8460 22.0730 -0.02601 0.05890 0.99793 0.744650 0.772644
65.2210 -11.5470 22.2810 -0.04927 0.05307 0.99737 0.754959 0.762153
64.7470 -9.8600 22.2230 -0.04121 0.04072 0.99832 0.753183 0.768665
52.9760 -44.6440 -7.2070 0.01222 -0.99987 0.01084 0.703672 0.525378
54.0980 -44.5310 -5.7460 0.02723 -0.99948 -0.01745 0.708164 0.530874
55.5810 -44.6040 -7.6920 0.01409 -0.99972 0.01914 0.713646 0.523220
54.5230 -44.6240 -9.6520 0.00794 -0.99997 -0.00192 0.709347 0.515800
53.7810 -44.6360 -11.3160 0.00007 -0.99978 -0.02078 0.706303 0.509477
55.7940 -44.5980 -5.1540 0.00069 -0.99994 -0.01128 0.714762 0.532973
56.7890 -44.5580 -5.9430 0.02587 -0.99944 -0.02141 0.718496 0.529817
56.7510 -44.4660 -3.0850 0.02719 -0.99959 0.00941 0.718690 0.540831
58.2930 -44.3990 -2.9210 0.00023 -0.99812 0.06122 0.724650 0.541297
58.3720 -44.5430 -3.9740 0.01933 -0.99877 0.04558 0.724820 0.537211
57.5450 -44.5980 -5.0510 0.05356 -0.99810 -0.03042 0.721502 0.533172
58.5320 -44.4450 -5.5030 0.03447 -0.99927 -0.01677 0.725270 0.531309
57.4310 -44.5410 -7.0890 0.02388 -0.99939 0.02550 0.720841 0.525337
57.7430 -44.5960 -9.5510 0.01095 -0.99994 0.00134 0.721751 0.515830
59.6940 -44.5830 -8.1620 0.01400 -0.99985 0.00987 0.729425 0.520948
53.0410 -44.5540 -12.8120 0.01050 -0.99106 -0.13299 0.703289 0.503792
54.4950 -44.3400 -13.6420 0.03205 -0.89981 -0.43510 0.708811 0.500356
53.8870 -43.9400 -14.1640 0.05060 -0.63487 -0.77096 0.706432 0.497862
53.2180 -43.2140 -14.5990 0.06598 -0.29970 -0.95175 0.703858 0.494603
56.3530 -44.5750 -12.2530 0.01077 -0.99606 -0.08799 0.716097 0.505596
57.2010 -44.3960 -13.3880 0.03013 -0.90435 -0.42572 0.719236 0.501094
57.5090 -43.6320 -14.1630 0.02506 -0.58804 -0.80844 0.720393 0.496894
56.1890 -43.1610 -14.4440 0.03837 -0.29102 -0.95595 0.715329 0.494741
56.8470 -41.6620 -14.6140 0.04313 -0.09415 -0.99462 0.717972 0.488965
59.6500 -44.5610 -11.6650 0.01627 -0.99818 -0.05801 0.728844 0.507488
60.8760 -44.5190 -9.6120 0.01235 -0.99992 -0.00019 0.733806 0.515239
60.2910 -44.3790 -13.0330 0.01602 -0.95587 -0.29335 0.731159 0.502111
62.9690 -44.4570 -12.2600 0.01981 -0.99223 -0.12282 0.741545 0.504815
61.2100 -44.1100 -13.5450 0.02074 -0.80759 -0.58938 0.734654 0.499827
58.3900 -44.0240 -13.7830 0.03669 -0.74910 -0.66144 0.723796 0.499005
59.2980 -43.0490 -14.4210 0.01970 -0.27827 -0.96030 0.727299 0.494507
59.8170 -43.5600 -14.1460 0.03605 -0.57327 -0.81857 0.729279 0.496748
58.6570 -41.2290 -14.5530 0.04985 -0.05478 -0.99725 0.724990 0.487450
60.0290 -42.2540 -14.5030 0.04015 -0.03747 -0.99849 0.730170 0.491502
60.6600 -41.7300 -14.4130 0.03178 0.05549 -0.99795 0.732667 0.489554
61.4710 -44.4970 -3.0330 -0.00634 -0.99997 0.00528 0.736873 0.540483
59.6540 -44.4640 -3.0590 -0.01358 -0.99976 0.01713 0.729872 0.540593
60.5190 -44.4750 -5.0980 -0.01065 -0.99992 0.00727 0.732965 0.532648
65.4840 -44.4750 -1.2050 0.00102 -0.99997 0.00819 0.752541 0.547052
64.6070 -44.5000 -5.6790 0.00517 -0.99999 -0.00014 0.748628 0.529931
67.6000 -44.4880 -4.7500 0.00237 -1.00000 -0.00125 0.760255 0.533156
61.6420 -44.5190 -7.4930 0.01294 -0.99990 0.00585 0.737002 0.523303
62.0790 -44.5320 -10.8190 0.01594 -0.99980 -0.01196 0.738287 0.510461
65.7440 -44.4600 -10.7100 0.01294 -0.99959 -0.02556 0.752401 0.510426
63.0200 -44.2310 -13.2830 0.03725 -0.88403 -0.46594 0.741634 0.500789
62.2690 -43.7130 -13.9000 0.05838 -0.60686 -0.79266 0.738709 0.497743
65.8160 -44.3560 -12.6880 0.02033 -0.95392 -0.29939 0.752440 0.502777
65.1120 -43.7040 -13.7050 0.04952 -0.65334 -0.75544 0.749657 0.498132
63.8760 -42.9920 -14.1380 0.06147 -0.28053 -0.95787 0.744920 0.494884
60.9790 -43.0400 -14.3600 0.06299 -0.29474 -0.95350 0.733750 0.494629
62.5670 -41.5250 -14.3810 0.04139 -0.04262 -0.99823 0.740026 0.489014
59.9870 -39.9400 -14.5450 0.05377 -0.09129 -0.99437 0.730241 0.482616
62.2680 -38.4640 -14.5930 0.05741 -0.09961 -0.99337 0.739169 0.477167
64.5510 -41.6490 -14.2580 0.04898 -0.09810 -0.99397 0.747649 0.489748
62.9300 -40.4520 -14.3630 0.02281 -0.04134 -0.99888 0.741536 0.484929
64.0860 -38.1250 -14.5560 0.03255 -0.08500 -0.99585 0.746202 0.476064
69.4150 -44.4490 -8.3230 0.00549 -0.99992 -0.01176 0.766798 0.519185
68.8490 -44.4050 -11.7170 0.01475 -0.99455 -0.10321 0.764220 0.506178
66.6940 -43.9660 -13.3450 0.03153 -0.80207 -0.59639 0.755771 0.499791
67.0280 -43.0670 -13.9580 0.03628 -0.30232 -0.95251 0.757064 0.495552
68.7570 -44.1700 -12.8460 0.02290 -0.91116 -0.41142 0.763751 0.501732
68.0620 -43.5630 -13.6710 0.04735 -0.61185 -0.78955 0.761036 0.497788
67.4480 -41.7640 -14.1330 0.03988 -0.10418 -0.99376 0.758785 0.490508
64.4230 -40.0900 -14.3800 0.02857 -0.07322 -0.99691 0.747306 0.483699
65.9910 -39.3870 -14.3800 0.04460 -0.08022 -0.99578 0.753413 0.481156
68.3010 -40.0880 -14.1910 0.04763 -0.06995 -0.99641 0.762237 0.484123
53.0820 -38.7930 -15.1480 0.05909 -0.12617 -0.99025 0.703715 0.477424
51.4050 -37.6000 -15.3860 0.06068 -0.09049 -0.99405 0.697349 0.472613
54.3830 -40.0210 -14.8700 0.05486 -0.12114 -0.99112 0.708636 0.482365
55.1160 -38.5600 -15.1050 0.04747 -0.11136 -0.99265 0.711563 0.476718
54.4800 -37.6100 -15.1420 0.03367 -0.06329 -0.99743 0.709208 0.473004
52.8780 -35.4140 -15.4470 0.07034 -0.04874 -0.99633 0.703242 0.464343
53.1360 -37.1740 -15.2840 0.07612 -0.08337 -0.99361 0.704068 0.471167
52.9200 -34.5820 -15.4510 0.06327 -0.06533 -0.99586 0.703499 0.461145
51.6120 -33.4500 -15.6750 0.07426 -0.14682 -0.98637 0.698550 0.456616
54.7670 -34.6220 -15.3530 0.06393 -0.07889 -0.99483 0.710608 0.461500
57.3620 -39.7320 -14.7330 0.05861 -0.13478 -0.98914 0.720138 0.481554
58.3270 -39.0630 -14.8040 0.06588 -0.14247 -0.98760 0.723904 0.479028
57.4430 -37.4500 -15.0020 0.05865 -0.07843 -0.99519 0.720645 0.472699
58.8780 -37.8330 -14.9100 0.06040 -0.09928 -0.99323 0.726135 0.474327
55.3380 -36.1240 -15.2280 0.05520 -0.06439 -0.99640 0.712660 0.467356
53.9640 -33.3820 -15.5410 0.07039 -0.13955 -0.98771 0.707624 0.456604
55.6330 -33.2200 -15.4220 0.07022 -0.13279 -0.98865 0.714079 0.456180
57.5260 -35.4180 -15.1610 0.05533 -0.05230 -0.99710 0.721157 0.464869
56.6040 -34.5950 -15.2400 0.05778 -0.06758 -0.99604 0.717692 0.461596
55.7790 -32.5530 -15.5270 0.07036 -0.10893 -0.99156 0.714692 0.453590
57.7420 -33.2430 -15.2980 0.05946 -0.13129 -0.98956 0.722206 0.456497
48.6990 -28.6570 -16.3910 0.07971 -0.08092 -0.99353 0.687727 0.437715
51.3620 -28.9730 -16.1160 0.07994 -0.07713 -0.99381 0.697993 0.439257
48.8610 -27.4900 -16.4390 0.07903 -0.04726 -0.99575 0.688474 0.433239
50.2350 -27.8330 -16.2670 0.09394 -0.05784 -0.99390 0.693754 0.434732
50.9570 -25.6880 -16.3600 0.07763 -0.05231 -0.99561 0.696748 0.426535
52.3870 -27.1060 -16.1510 0.07512 -0.05225 -0.99580 0.702137 0.432173
51.1170 -31.1890 -15.9430 0.06990 -0.07220 -0.99494 0.696840 0.447793
52.4680 -32.6890 -15.7750 0.06569 -0.12409 -0.99009 0.701900 0.453724
53.4400 -29.4930 -15.8800 0.07834 -0.09881 -0.99202 0.705979 0.441518
55.9880 -29.6490 -15.6630 0.07430 -0.09126 -0.99305 0.715801 0.442424
54.8640 -28.6780 -15.8840 0.07486 -0.09872 -0.99230 0.711540 0.438516
53.7780 -27.8490 -16.0290 0.07574 -0.05083 -0.99583 0.707428 0.435194
53.3910 -24.2310 -16.2090 0.09121 -0.05191 -0.99448 0.706313 0.421212
55.3320 -26.8520 -15.9340 0.07140 -0.04075 -0.99661 0.713539 0.431535
60.6540 -37.5650 -14.8110 0.05445 -0.11740 -0.99159 0.733016 0.473496
59.7090 -35.5660 -15.0230 0.03505 -0.05855 -0.99767 0.729561 0.465680
61.2710 -36.3880 -14.9400 0.07111 -0.09411 -0.99302 0.735490 0.468998
62.8040 -35.7460 -14.7770 0.07455 -0.08104 -0.99392 0.741505 0.466738
59.7650 -34.1950 -15.0590 0.02641 -0.07735 -0.99665 0.729916 0.460413
61.1260 -34.4220 -15.0820 0.04570 -0.06398 -0.99690 0.735130 0.461403
58.4050 -32.6550 -15.3540 0.05897 -0.09442 -0.99378 0.724808 0.454277
61.2750 -33.0240 -15.1670 0.07119 -0.05831 -0.99576 0.735836 0.456028
59.9050 -30.3870 -15.3430 0.06234 -0.07786 -0.99501 0.730842 0.445718
61.5860 -30.9680 -15.2050 0.03566 -0.06427 -0.99730 0.737260 0.448151
66.8830 -36.0470 -14.6190 0.05309 -0.08864 -0.99465 0.757174 0.468343
65.7370 -35.0710 -14.7730 0.03586 -0.08670 -0.99559 0.752852 0.464435
63.1130 -33.7310 -14.9310 0.05953 -0.07719 -0.99524 0.742877 0.458983
62.7840 -31.8690 -15.1530 0.03327 -0.08698 -0.99565 0.741786 0.451738
63.8850 -31.7780 -15.0450 0.05291 -0.06655 -0.99638 0.746056 0.451528
61.9410 -29.6300 -15.3030 0.05232 -0.07186 -0.99604 0.738765 0.443018
58.2030 -30.0420 -15.4730 0.06541 -0.08266 -0.99443 0.724306 0.444197
56.8600 -27.9510 -15.8210 0.07202 -0.05729 -0.99576 0.719310 0.435937
59.2010 -28.6640 -15.5920 0.07997 -0.06143 -0.99490 0.728272 0.438961
57.3920 -27.0400 -15.7760 0.07849 -0.02868 -0.99650 0.721476 0.432495
56.3820 -24.1900 -15.9900 0.06693 -0.05809 -0.99606 0.717871 0.421398
59.7730 -27.9690 -15.5330 0.08125 -0.04132 -0.99584 0.730576 0.436356
58.6380 -24.3640 -15.8040 0.06190 -0.06775 -0.99578 0.726566 0.422328
65.4280 -29.6730 -15.1210 0.03561 -0.06765 -0.99707 0.752207 0.443573
63.8310 -27.6660 -15.3430 0.04480 -0.07072 -0.99649 0.746251 0.435648
61.4260 -26.0780 -15.5720 0.05252 -0.06161 -0.99672 0.737137 0.429247
63.7920 -25.7650 -15.4780 0.05753 -0.05243 -0.99697 0.746292 0.428305
61.6270 -24.2760 -15.6660 0.05548 -0.04643 -0.99738 0.738100 0.422322
58.8580 -23.2010 -15.9030 0.06791 -0.05336 -0.99626 0.727520 0.417859
69.9590 -44.4780 -2.5750 -0.00118 -0.99998 0.00598 0.769596 0.541254
71.1990 -44.4890 -4.8870 -0.00163 -0.99998 -0.00526 0.774076 0.532207
72.8960 -44.4520 1.5000 -0.00996 -0.99988 0.01164 0.781418 0.556588
75.1330 -44.4980 -2.3710 -0.00647 -0.99998 0.00091 0.789528 0.541422
74.8130 -44.4940 -5.7010 -0.00223 -0.99994 -0.01118 0.787870 0.528649
72.8320 -44.4110 -10.0510 0.00469 -0.99945 -0.03287 0.779726 0.512129
73.9720 -44.1800 -12.5360 0.02482 -0.90955 -0.41484 0.783833 0.502378
74.7800 -44.3330 -11.6890 0.01119 -0.99242 -0.12242 0.787035 0.505598
72.7600 -44.2930 -12.1130 0.01044 -0.98551 -0.16931 0.779226 0.504185
77.0940 -44.3950 -10.0030 -0.00195 -0.99939 -0.03491 0.796106 0.511836
75.8730 -44.1660 -12.3530 0.01668 -0.92494 -0.37974 0.791166 0.502851
77.8520 -44.3180 -11.6290 0.00600 -0.98878 -0.14926 0.798835 0.505502
70.3720 -43.7170 -13.4780 0.03995 -0.65900 -0.75108 0.769917 0.498656
70.7100 -44.2070 -12.7180 0.02451 -0.92642 -0.37571 0.771275 0.502077
69.4900 -42.9150 -13.9070 0.04601 -0.27829 -0.95939 0.766545 0.495160
70.0530 -41.4860 -14.0570 0.04588 -0.08201 -0.99557 0.768837 0.489687
71.8050 -42.9220 -13.7800 0.05283 -0.29333 -0.95455 0.775459 0.495458
72.3570 -44.1200 -12.7070 0.04699 -0.88680 -0.45976 0.777614 0.501832
73.4330 -43.5490 -13.3630 0.04635 -0.62741 -0.77731 0.781709 0.498396
73.0480 -41.5280 -13.9100 0.04757 -0.09138 -0.99468 0.780366 0.490185
71.6900 -40.6590 -14.0120 0.04343 -0.06208 -0.99713 0.775226 0.486689
69.2580 -37.3550 -14.3800 0.04578 -0.08342 -0.99546 0.766195 0.473666
75.3210 -37.5890 -14.1290 0.03886 -0.08395 -0.99571 0.789512 0.475246
75.5180 -40.7170 -13.8430 0.04719 -0.09513 -0.99435 0.789964 0.487341
74.7140 -44.5000 0.4870 -0.01430 -0.99989 0.00438 0.788285 0.552468
77.1780 -44.5040 0.5520 0.00177 -0.99988 0.01558 0.797788 0.552411
79.5920 -44.5420 -2.1480 -0.00952 -0.99993 0.00663 0.806720 0.541711
80.2490 -44.4520 1.7300 -0.00035 -0.99958 0.02905 0.809781 0.556544
81.7100 -44.5600 -1.3750 -0.00111 -0.99983 0.01845 0.814976 0.544385
77.8990 -44.5010 -5.9880 -0.00913 -0.99984 -0.01558 0.799690 0.527169
81.2150 -44.5520 -5.8950 -0.02335 -0.99969 -0.00843 0.812440 0.527090
80.4090 -44.4130 -10.3460 -0.03370 -0.99677 -0.07296 0.808778 0.510109
80.0420 -44.4550 -8.6350 -0.02799 -0.99934 -0.02313 0.807576 0.516725
83.1630 -44.5810 -3.8010 -0.03375 -0.99928 0.01751 0.820222 0.534847
83.5260 -44.6260 -6.6660 -0.09597 -0.99537 0.00524 0.821205 0.523793
84.4950 -44.7720 -6.5700 0.12620 -0.99148 -0.03232 0.824976 0.523989
84.3910 -44.7580 -7.7630 0.18358 -0.98151 -0.05414 0.824410 0.519464
82.5780 -44.5710 -8.1460 -0.05677 -0.99835 -0.00871 0.817380 0.518272
83.8400 -44.6100 -9.5820 0.08326 -0.98648 -0.14118 0.822041 0.512584
84.4180 -44.5490 -9.3100 0.38785 -0.90405 -0.17965 0.824322 0.513489
82.2260 -44.5670 -9.8840 -0.03586 -0.99762 -0.05895 0.815816 0.511688
75.6000 -43.6050 -13.2420 0.03223 -0.65320 -0.75650 0.790051 0.498823
74.8480 -42.7660 -13.6620 0.04829 -0.26628 -0.96268 0.787181 0.495203
76.6050 -42.8940 -13.5520 0.04889 -0.29008 -0.95575 0.793927 0.495854
78.3230 -44.0890 -12.5110 0.02693 -0.88623 -0.46247 0.800554 0.501971
78.2820 -43.5800 -13.1070 0.05810 -0.60478 -0.79427 0.800366 0.498980
80.3910 -44.2370 -11.8660 0.00726 -0.96672 -0.25575 0.808551 0.504217
80.3410 -43.9770 -12.4980 0.05105 -0.82326 -0.56536 0.808305 0.501579
80.7350 -43.5430 -12.8770 0.06180 -0.57918 -0.81285 0.809826 0.499349
79.7980 -42.7780 -13.3710 0.08194 -0.29992 -0.95044 0.806263 0.495833
82.0830 -44.4000 -11.3030 0.02495 -0.97598 -0.21643 0.815080 0.506287
82.3780 -44.1250 -12.1010 0.12065 -0.87833 -0.46258 0.816116 0.503068
82.5760 -43.6750 -12.6420 0.13001 -0.70561 -0.69657 0.816918 0.500414
82.9660 -42.8870 -13.1870 0.09141 -0.47439 -0.87555 0.818563 0.496855
81.4190 -42.8250 -13.1900 0.01035 -0.30195 -0.95327 0.812569 0.496389
82.9980 -41.8090 -13.5880 0.01288 -0.26005 -0.96551 0.818939 0.492511
83.9380 -44.2510 -10.9780 0.29509 -0.89878 -0.32421 0.822269 0.507038
84.7800 -43.0790 -12.6140 0.76045 -0.41392 -0.50039 0.979988 0.643477
84.7800 -43.0790 -12.6140 0.36079 -0.68504 -0.63289 0.825734 0.499218
85.3760 -43.3040 -11.3330 0.49025 -0.81780 -0.30142 0.828501 0.504443
85.3760 -43.3040 -11.3330 0.81263 -0.45625 -0.36259 0.974463 0.642773
84.3810 -42.7370 -13.0160 0.29453 -0.44819 -0.84403 0.824154 0.497084
78.5680 -41.0300 -13.6810 0.05053 -0.11050 -0.99259 0.801702 0.488913
80.1770 -41.2310 -13.5730 0.09993 -0.11123 -0.98876 0.807908 0.489911
78.9880 -36.6610 -14.0740 0.03940 -0.08961 -0.99520 0.803718 0.472100
78.0060 -33.5970 -14.3460 0.03371 -0.07235 -0.99681 0.800250 0.460150
81.5480 -41.6510 -13.3590 -0.04852 -0.10363 -0.99343 0.813231 0.491811
81.4580 -40.8620 -13.3750 -0.02210 -0.04578 -0.99871 0.812969 0.488738
82.5140 -40.9960 -13.6480 -0.23172 -0.11691 -0.96573 0.817184 0.489311
82.1570 -38.9380 -13.5700 -0.30470 -0.02877 -0.95201 0.815826 0.481363
80.2790 -38.8810 -13.7850 0.11505 -0.10155 -0.98815 0.808502 0.480850
81.8770 -38.3110 -13.5570 0.01771 -0.08392 -0.99631 0.814781 0.478929
83.4470 -40.1280 -13.9900 0.05401 -0.18879 -0.98053 0.821081 0.486044
84.5300 -41.2530 -13.4420 0.39597 -0.22727 -0.88969 0.825093 0.491038
84.6810 -39.6840 -13.6540 0.43803 -0.18447 -0.87983 0.826181 0.484897
83.1970 -39.0140 -14.1210 -0.28295 -0.07609 -0.95611 0.820342 0.481709
83.3580 -37.4790 -14.2070 -0.37242 -0.00020 -0.92806 0.821132 0.475841
83.7440 -38.3610 -14.2490 0.05953 -0.12576 -0.99027 0.822550 0.479279
80.8810 -35.1610 -14.1420 0.09753 -0.10148 -0.99005 0.811126 0.466527
82.7980 -36.5460 -13.7840 -0.35302 0.00174 -0.93561 0.818490 0.472188
82.7210 -34.6500 -13.8920 0.04099 -0.09075 -0.99503 0.818331 0.464878
66.6010 -32.7490 -14.9450 0.04409 -0.06964 -0.99660 0.756407 0.455555
68.7770 -32.8220 -14.7830 0.05543 -0.07327 -0.99577 0.764786 0.456097
67.2590 -29.8510 -15.0510 0.04673 -0.05528 -0.99738 0.759245 0.444460
73.6490 -33.9020 -14.4830 0.03972 -0.07392 -0.99647 0.783447 0.460823
71.5490 -29.8820 -14.8440 0.04397 -0.06022 -0.99722 0.775770 0.445072
65.8660 -28.3590 -15.2170 0.05264 -0.06209 -0.99668 0.754026 0.438547
66.4800 -26.8900 -15.2340 0.05918 -0.04496 -0.99723 0.756553 0.432957
66.5780 -21.6220 -15.4610 0.05327 -0.03790 -0.99786 0.757487 0.412663
70.7180 -25.2100 -15.1310 0.04196 -0.04650 -0.99804 0.773060 0.426961
75.3510 -29.4760 -14.7170 0.03674 -0.06026 -0.99751 0.790462 0.443940
71.2820 -19.6000 -15.3310 0.04123 -0.03250 -0.99862 0.775837 0.405406
75.8370 -24.1410 -14.9790 0.03466 -0.04535 -0.99837 0.792915 0.423432
80.1360 -25.4200 -14.7790 0.02559 -0.05169 -0.99834 0.809351 0.428866
75.3630 -18.0560 -15.2190 0.03032 -0.03013 -0.99909 0.791729 0.399922
80.1740 -18.3950 -15.0950 0.02079 -0.03647 -0.99912 0.810223 0.401774
80.2790 -30.2120 -14.5030 0.02893 -0.06364 -0.99755 0.809365 0.447355
82.5120 -30.6630 -14.4170 0.06582 -0.08890 -0.99386 0.817902 0.449369
40.2330 -1.4450 -18.2260 0.12436 -0.02640 -0.99189 0.657825 0.331869
41.2040 2.6050 -18.2210 0.13123 -0.02754 -0.99097 0.662008 0.316383
42.4590 -0.8020 -18.0270 0.10138 -0.01935 -0.99466 0.666502 0.329651
38.6950 1.8870 -18.5980 0.10305 -0.02337 -0.99440 0.652161 0.318841
39.7370 0.9980 -18.3940 0.15469 -0.03918 -0.98719 0.656138 0.322394
38.4720 4.9580 -18.6210 0.05449 -0.01670 -0.99837 0.651636 0.306994
39.6130 4.1640 -18.5330 0.11864 -0.02432 -0.99264 0.655958 0.310182
40.8480 5.4700 -18.3820 0.15982 -0.02836 -0.98674 0.660902 0.305300
45.1510 1.6470 -17.7850 0.11728 -0.01985 -0.99290 0.677184 0.320534
45.5220 4.9890 -17.8080 0.11935 -0.01966 -0.99266 0.678970 0.307707
48.2290 3.0550 -17.4080 0.10004 -0.00574 -0.99497 0.689280 0.315473
46.8440 6.4760 -17.6580 0.13809 -0.02724 -0.99004 0.684264 0.302136
48.3710 5.5030 -17.4020 0.10544 -0.01420 -0.99432 0.690108 0.306065
60.1880 -8.4340 22.0380 -0.04776 0.02904 0.99844 0.735662 0.774294
58.1030 -7.0590 21.7430 -0.06314 0.04595 0.99695 0.727624 0.779681
60.5280 -7.1570 21.9040 -0.03114 0.07286 0.99686 0.736984 0.779228
60.1020 -5.8900 21.8620 -0.02565 0.04036 0.99886 0.735367 0.784116
63.3030 -8.1010 22.0120 -0.03819 0.06996 0.99682 0.747650 0.775509
61.7530 -4.5600 21.7480 -0.03106 0.03649 0.99885 0.741742 0.789215
64.5170 -7.1710 22.0560 -0.07159 0.03546 0.99680 0.752357 0.779050
63.5040 -5.1680 21.8590 -0.04742 0.04193 0.99799 0.748469 0.786812
59.5710 -3.6920 21.7220 -0.03311 0.04428 0.99847 0.733366 0.792605
62.8690 -4.0780 21.8380 -0.05445 0.03438 0.99792 0.746066 0.791029
61.6040 -3.0810 21.7250 -0.01812 0.06731 0.99757 0.741206 0.794912
63.0740 -2.4600 21.6640 -0.05225 0.05772 0.99696 0.746871 0.797286
62.7690 -0.7580 21.6410 -0.05627 0.07833 0.99534 0.745749 0.803838
61.7100 0.0240 21.4800 -0.03741 0.07030 0.99682 0.741667 0.806908
47.8400 -24.9830 -16.5600 0.07484 -0.06728 -0.99492 0.684809 0.423474
49.2730 -24.3710 -16.5280 0.06533 -0.07137 -0.99531 0.690390 0.421271
48.6620 -22.2040 -16.7350 0.08518 -0.05283 -0.99496 0.688239 0.412833
50.8360 -22.8750 -16.5310 0.07998 -0.04710 -0.99568 0.696568 0.415672
46.3500 -21.0890 -16.9730 0.08818 -0.03869 -0.99535 0.679416 0.408267
49.7840 -20.2400 -16.7180 0.08962 -0.04155 -0.99511 0.692781 0.405399
47.5210 -18.8270 -16.9790 0.09840 -0.06770 -0.99284 0.684180 0.399690
51.4970 -24.3290 -16.3820 0.08229 -0.05844 -0.99489 0.698980 0.421361
52.7870 -22.8360 -16.3640 0.09238 -0.03092 -0.99524 0.704110 0.415755
54.7720 -23.5630 -16.0950 0.07373 -0.06439 -0.99520 0.711728 0.418808
51.7820 -21.7670 -16.4700 0.09255 -0.03803 -0.99498 0.700348 0.411518
53.3300 -21.8730 -16.2790 0.07710 -0.02816 -0.99663 0.706333 0.412113
48.8310 -17.9650 -16.9130 0.10610 -0.06156 -0.99245 0.689328 0.396521
51.4520 -18.6080 -16.6120 0.09542 -0.04679 -0.99434 0.699407 0.399309
53.1000 -20.8960 -16.4120 0.09004 -0.05770 -0.99426 0.705526 0.408305
45.9940 -17.5340 -17.2400 0.07092 -0.04577 -0.99643 0.678388 0.394513
47.6850 -17.3690 -17.1090 0.10129 -0.05381 -0.99340 0.684931 0.394073
45.5040 -14.6750 -17.3420 0.07256 -0.02092 -0.99714 0.676810 0.383450
47.1130 -16.0590 -17.1660 0.08512 -0.01707 -0.99622 0.682879 0.388963
44.4320 -13.0320 -17.4500 0.09911 -0.03586 -0.99443 0.672851 0.377001
46.9100 -12.2750 -17.2380 0.09568 -0.03093 -0.99493 0.682509 0.374375
45.4960 -11.2470 -17.3970 0.09466 -0.05809 -0.99381 0.677153 0.370252
48.2770 -14.4240 -17.0900 0.08133 -0.00019 -0.99669 0.687557 0.382807
49.1530 -16.2860 -16.9720 0.10336 -0.05956 -0.99286 0.690740 0.390087
49.0290 -15.3440 -17.0690 0.09419 -0.01912 -0.99537 0.690342 0.386437
49.4860 -14.4380 -16.9630 0.09409 0.00627 -0.99554 0.692234 0.383000
52.4480 -17.4000 -16.5980 0.09594 -0.05632 -0.99379 0.703374 0.394766
52.0630 -15.7300 -16.7260 0.09167 -0.04257 -0.99488 0.702051 0.388282
50.8320 -14.7740 -16.8740 0.09185 -0.01225 -0.99570 0.697391 0.384457
51.4490 -13.3920 -16.8260 0.09569 -0.01378 -0.99532 0.699935 0.379207
46.7090 -9.9610 -17.4190 0.09391 -0.01567 -0.99546 0.681947 0.365427
48.5910 -11.5490 -17.0730 0.08670 -0.04161 -0.99536 0.689101 0.371782
48.4630 -9.9490 -17.2230 0.09962 -0.03973 -0.99423 0.688742 0.365587
50.3800 -10.9730 -16.9790 0.09011 -0.03323 -0.99538 0.696062 0.369767
49.6950 -13.2800 -17.0150 0.08374 -0.02733 -0.99611 0.693157 0.378564
54.8760 -22.4690 -16.2470 0.05651 -0.05945 -0.99663 0.712218 0.414572
55.3770 -21.2740 -16.2100 0.04690 -0.01194 -0.99883 0.714282 0.410028
56.9720 -21.2970 -16.1520 0.06748 -0.04309 -0.99679 0.720430 0.410295
53.7990 -18.9630 -16.3720 0.08103 -0.03770 -0.99600 0.708447 0.400953
54.6990 -17.3490 -16.3970 0.07935 -0.03380 -0.99627 0.712083 0.394836
56.2590 -18.7940 -16.2390 0.05058 -0.02847 -0.99831 0.717951 0.400577
56.0800 -16.7410 -16.2970 0.06265 -0.03082 -0.99756 0.717484 0.392653
58.0810 -17.4860 -16.1990 0.03423 -0.03060 -0.99895 0.725115 0.395747
58.7510 -18.6460 -16.1350 0.07272 -0.03931 -0.99658 0.727576 0.400286
57.6670 -14.8190 -16.2820 0.05257 -0.02395 -0.99833 0.723808 0.385428
59.1790 -16.2970 -16.2130 0.08148 -0.03002 -0.99622 0.729467 0.391287
60.5060 -16.9510 -16.0010 0.09944 -0.03187 -0.99453 0.734554 0.393970
56.5160 -22.7250 -16.0980 0.07175 -0.07566 -0.99455 0.718528 0.415751
58.2550 -22.3290 -15.9630 0.08409 -0.04292 -0.99553 0.725285 0.414431
60.2580 -21.9370 -15.8150 0.07157 -0.03790 -0.99672 0.733069 0.413154
61.6840 -18.7040 -15.8640 0.07164 -0.03430 -0.99684 0.738914 0.400857
54.2800 -16.3660 -16.4530 0.09707 -0.04965 -0.99404 0.710573 0.391003
53.7820 -15.0520 -16.6410 0.10611 -0.03285 -0.99381 0.708751 0.385865
53.4660 -13.9450 -16.6460 0.08573 -0.00360 -0.99631 0.707667 0.381571
55.0160 -14.8420 -16.4620 0.09714 -0.03675 -0.99459 0.713574 0.385212
53.2900 -11.6140 -16.6510 0.08404 -0.03360 -0.99590 0.707258 0.372587
50.5050 -9.4610 -17.0130 0.09507 -0.01542 -0.99535 0.696708 0.363959
52.9640 -9.8460 -16.8080 0.08808 -0.02917 -0.99569 0.706164 0.365726
56.0700 -12.0860 -16.4620 0.06909 -0.02837 -0.99721 0.717936 0.374724
59.3470 -14.0840 -16.2080 0.08395 -0.00433 -0.99646 0.730370 0.382789
58.1680 -12.5100 -16.3070 0.08007 -0.01958 -0.99660 0.725993 0.376595
55.8410 -10.5860 -16.5310 0.07679 -0.01642 -0.99691 0.717208 0.368919
54.7960 -9.2250 -16.6340 0.09337 -0.00141 -0.99563 0.713324 0.363556
57.6500 -10.3630 -16.4180 0.07419 0.00431 -0.99723 0.724217 0.368268
56.4890 -9.5740 -16.4500 0.08222 -0.01713 -0.99647 0.719841 0.365097
58.7610 -9.0410 -16.2870 0.06763 -0.00114 -0.99771 0.728673 0.363301
44.6140 -9.9450 -17.5820 0.10534 -0.03042 -0.99397 0.673862 0.365120
43.0990 -6.9870 -17.8210 0.11358 -0.02883 -0.99311 0.668311 0.353544
42.8990 -4.4490 -17.9140 0.10224 -0.02229 -0.99451 0.667805 0.343746
46.5600 -8.8820 -17.3820 0.08369 0.00844 -0.99646 0.681516 0.361256
45.6050 -7.3530 -17.4600 0.09753 -0.02261 -0.99498 0.678004 0.355262
44.7810 -4.8310 -17.6990 0.12380 -0.02596 -0.99197 0.675054 0.345439
47.3610 -6.7560 -17.3970 0.09157 -0.01076 -0.99574 0.684834 0.353165
49.8600 -6.9080 -17.1010 0.10384 -0.00494 -0.99458 0.694499 0.354055
48.1680 -7.3580 -17.2840 0.10834 -0.01579 -0.99399 0.687897 0.355582
46.2840 -5.3620 -17.4760 0.09974 -0.02921 -0.99458 0.680837 0.347670
45.7430 -3.0700 -17.5980 0.11397 -0.01925 -0.99330 0.678979 0.338773
48.8580 -5.7680 -17.2000 0.10955 -0.05554 -0.99243 0.690757 0.349548
47.6880 -3.5750 -17.4080 0.08786 -0.00658 -0.99611 0.686441 0.340944
44.8640 -0.9280 -17.7640 0.11873 -0.02188 -0.99269 0.675796 0.330418
47.2620 -0.8720 -17.4540 0.10861 -0.01525 -0.99397 0.685109 0.330487
51.6460 -6.8910 -16.9110 0.08642 -0.01607 -0.99613 0.701415 0.354206
51.6820 -5.1260 -16.9300 0.07932 -0.06596 -0.99466 0.701745 0.347419
52.4150 -6.0660 -16.9130 0.06829 -0.03071 -0.99719 0.704463 0.351112
48.8050 -5.0220 -17.3120 0.09920 -0.07940 -0.99189 0.690597 0.346639
50.6170 -4.1850 -17.1630 0.10864 -0.02776 -0.99369 0.697690 0.343640
48.6820 -2.9380 -17.3040 0.09537 0.00608 -0.99542 0.690362 0.338608
51.7580 -3.0970 -16.9870 0.09665 0.00714 -0.99529 0.702258 0.339587
53.6020 -6.9170 -16.7370 0.09770 -0.01388 -0.99512 0.708976 0.354535
54.4420 -5.5140 -16.6650 0.10274 -0.05071 -0.99342 0.712381 0.349235
53.3770 -4.6730 -16.8450 0.08767 -0.04717 -0.99503 0.708329 0.345859
55.7100 -4.4370 -16.6700 0.10361 -0.11096 -0.98841 0.717357 0.345209
55.9160 -7.2350 -16.5330 0.08107 -0.00275 -0.99670 0.717883 0.356030
56.4110 -5.0270 -16.4810 0.09255 -0.07602 -0.99280 0.720051 0.347597
53.7500 -3.2260 -16.8980 0.06433 0.02715 -0.99756 0.709912 0.340325
50.4630 -1.2100 -17.1660 0.08670 -0.04022 -0.99542 0.697442 0.332171
54.1570 -2.3450 -16.7760 0.09102 0.03912 -0.99508 0.711614 0.336963
53.2230 -0.4530 -16.8930 0.10290 -0.02236 -0.99444 0.708206 0.329580
55.5260 -3.4290 -16.7570 0.10349 0.02686 -0.99427 0.716739 0.341309
55.6060 -1.4460 -16.6410 0.10014 -0.01538 -0.99485 0.717319 0.333674
47.8140 1.5840 -17.4440 0.10039 -0.01663 -0.99481 0.687509 0.321091
49.2010 0.4800 -17.2940 0.07868 -0.02669 -0.99654 0.692753 0.325509
51.1960 -0.0880 -17.2190 0.09602 -0.01045 -0.99532 0.700361 0.327921
49.5430 1.6530 -17.3390 0.08060 -0.02335 -0.99647 0.694181 0.321016
49.7230 4.4060 -17.3230 0.08145 -0.01130 -0.99661 0.695195 0.310442
51.0620 0.7980 -17.1270 0.09219 0.01628 -0.99561 0.699982 0.324484
52.7750 0.9900 -16.9410 0.11559 -0.03684 -0.99261 0.706640 0.323966
52.3430 1.9530 -17.0920 0.10041 -0.03684 -0.99426 0.705036 0.320183
51.2210 3.2160 -17.1620 0.09234 0.00766 -0.99570 0.700856 0.315194
54.6800 0.0310 -16.7990 0.09812 -0.00387 -0.99517 0.713875 0.327883
54.6380 1.1690 -16.7490 0.10608 -0.02603 -0.99402 0.713869 0.323501
52.6640 3.1090 -17.0230 0.09269 0.02344 -0.99542 0.706424 0.315774
54.0950 2.5750 -16.9390 0.10097 0.00874 -0.99485 0.711875 0.318002
49.4940 6.7240 -17.3630 0.07811 -0.02422 -0.99665 0.694564 0.301491
51.2240 6.1880 -17.1670 0.09313 -0.02313 -0.99539 0.701203 0.303753
52.5040 5.1050 -17.0370 0.09111 -0.03077 -0.99537 0.706033 0.308077
52.7960 5.9840 -17.0890 0.07826 -0.01778 -0.99677 0.707234 0.304718
60.7620 -14.1190 -16.0540 0.08732 -0.01343 -0.99609 0.735848 0.383091
64.9040 -15.0150 -15.7600 0.06086 -0.02087 -0.99793 0.751740 0.387017
67.2900 -17.4270 -15.5660 0.05105 -0.02680 -0.99834 0.760680 0.396581
68.0630 -12.5940 -15.6270 0.04972 -0.01455 -0.99866 0.764190 0.378046
59.4150 -11.8280 -16.1870 0.08361 -0.03599 -0.99585 0.730901 0.374115
61.8860 -12.1000 -16.0030 0.07351 -0.01998 -0.99709 0.740412 0.375444
59.4570 -10.9560 -16.2500 0.07439 -0.03905 -0.99646 0.731142 0.370752
60.5550 -9.6010 -16.1870 0.07588 -0.02000 -0.99692 0.735532 0.365662
59.4060 -6.2810 -16.2720 0.05219 -0.00201 -0.99864 0.731469 0.352746
60.5380 -7.5230 -16.2400 0.06332 -0.01169 -0.99792 0.735689 0.357656
63.1200 -8.6800 -15.9720 0.07703 -0.01244 -0.99695 0.745551 0.362410
62.7120 -6.4000 -16.0230 0.09959 -0.01298 -0.99494 0.744231 0.353579
64.2340 -4.4920 -15.9110 0.07619 -0.00777 -0.99706 0.750324 0.346404
71.5450 -13.8880 -15.4610 0.03974 -0.01863 -0.99904 0.777468 0.383429
71.8480 -9.5980 -15.5000 0.03539 -0.00824 -0.99934 0.779110 0.366932
75.3100 -11.3200 -15.3690 0.02364 -0.01611 -0.99959 0.792255 0.373959
69.1310 -6.3270 -15.6150 0.04717 -0.00413 -0.99888 0.769003 0.354028
73.4390 -6.0080 -15.4750 0.02481 -0.00643 -0.99967 0.785633 0.353279
71.2640 -1.5620 -15.5370 0.03218 -0.00323 -0.99948 0.777755 0.335909
57.5830 -6.0630 -16.4570 0.08446 0.01020 -0.99637 0.724439 0.351704
57.1380 -4.1430 -16.5480 0.11611 -0.04864 -0.99204 0.722906 0.344232
57.9640 -5.1750 -16.3450 0.09262 -0.00228 -0.99570 0.726037 0.348319
61.5780 -4.8250 -16.2000 0.09064 -0.00630 -0.99586 0.739995 0.347382
59.0010 -3.6730 -16.3130 0.07554 -0.00923 -0.99710 0.730194 0.342648
56.9190 -2.8030 -16.5060 0.10847 0.02466 -0.99379 0.722246 0.339046
58.6180 -1.5170 -16.3790 0.07737 -0.00169 -0.99700 0.728951 0.334298
57.6510 -0.1130 -16.4260 0.08554 -0.01607 -0.99620 0.725384 0.328788
60.4080 -2.6670 -16.2230 0.05573 -0.00251 -0.99844 0.735737 0.338937
61.9700 -2.0730 -16.1650 0.06945 -0.01511 -0.99747 0.741827 0.336826
59.4780 -0.0550 -16.3070 0.06120 -0.00821 -0.99809 0.732436 0.328770
59.3990 1.4830 -16.3420 0.09231 -0.01858 -0.99556 0.732299 0.322834
61.1340 -1.1530 -16.2000 0.04005 -0.01203 -0.99913 0.738704 0.333189
62.1860 -0.7380 -16.2030 0.05937 -0.01244 -0.99816 0.742796 0.331706
62.3680 0.8490 -16.1790 0.07086 0.00966 -0.99744 0.743675 0.325616
61.9250 1.9950 -16.1720 0.06647 0.01303 -0.99770 0.742107 0.321151
56.2310 1.1660 -16.5770 0.08955 -0.04479 -0.99497 0.720027 0.323704
56.3470 2.6540 -16.7130 0.08677 -0.00215 -0.99623 0.720596 0.317966
55.0200 3.2230 -16.7810 0.09529 0.04835 -0.99428 0.715557 0.315607
58.1170 1.8900 -16.5580 0.11211 -0.02850 -0.99329 0.727346 0.321107
57.2210 3.5960 -16.5720 0.09944 0.01545 -0.99492 0.724108 0.314441
54.2100 7.1460 -16.9210 0.10879 -0.02703 -0.99370 0.712838 0.300406
52.0970 7.4530 -17.1470 0.09707 -0.03057 -0.99481 0.704695 0.298978
55.9480 5.9110 -16.7150 0.08514 0.00089 -0.99637 0.719440 0.305373
54.0510 8.4670 -16.9980 0.08609 -0.01671 -0.99615 0.712353 0.295295
57.4140 5.3390 -16.5920 0.08391 -0.07423 -0.99370 0.725043 0.307767
55.8380 7.0440 -16.6830 0.10489 -0.02683 -0.99412 0.719160 0.300998
55.2440 8.2340 -16.8950 0.11132 -0.04134 -0.99292 0.716933 0.296327
56.6560 8.1400 -16.7030 0.09083 -0.03277 -0.99533 0.722407 0.296857
58.7380 3.5040 -16.4100 0.10392 0.00207 -0.99458 0.729977 0.314970
60.8100 4.4040 -16.2500 0.07060 -0.01655 -0.99737 0.738073 0.311745
57.8180 6.1020 -16.6820 0.09767 -0.02167 -0.99498 0.726642 0.304846
58.0510 6.9160 -16.5720 0.09888 0.01526 -0.99498 0.727663 0.301733
58.0400 8.3210 -16.6200 0.09481 0.02039 -0.99529 0.727760 0.296334
59.3660 5.8830 -16.3930 0.10628 -0.01724 -0.99419 0.732652 0.305883
60.3430 6.9500 -16.2940 0.07749 -0.01547 -0.99687 0.736550 0.301889
61.5040 5.9310 -16.2550 0.06922 -0.00947 -0.99756 0.740906 0.305941
58.7360 8.9380 -16.4520 0.06051 -0.04950 -0.99694 0.730548 0.294033
57.9750 9.2490 -16.5730 0.10396 0.00452 -0.99457 0.727634 0.292723
59.8810 8.8910 -16.4100 0.07719 0.00078 -0.99702 0.734956 0.294340
64.1250 -1.4390 -15.9430 0.09212 -0.01161 -0.99568 0.750241 0.334630
67.7860 -1.3720 -15.7100 0.05627 -0.00260 -0.99841 0.764372 0.334788
63.5330 1.9250 -16.0590 0.09252 -0.00217 -0.99571 0.748305 0.321602
65.6160 1.1280 -15.8420 0.07623 -0.00523 -0.99708 0.756278 0.324912
70.2300 3.4700 -15.5830 0.03717 -0.00369 -0.99930 0.774337 0.316409
65.6320 5.3110 -15.8550 0.08022 0.00154 -0.99678 0.756808 0.308801
63.5880 4.3450 -16.0680 0.09020 0.00066 -0.99592 0.748785 0.312290
64.1860 6.2410 -15.9690 0.09510 -0.02064 -0.99525 0.751331 0.305057
61.4290 8.2450 -16.2770 0.11146 0.00078 -0.99377 0.740872 0.297017
62.4690 6.9210 -16.2010 0.08235 -0.02115 -0.99638 0.744740 0.302231
60.5260 8.4860 -16.4210 0.06117 0.01848 -0.99796 0.737393 0.295983
61.5940 9.0190 -16.2200 0.10543 0.01637 -0.99429 0.741608 0.294045
62.9420 8.3530 -16.1140 0.04391 0.02709 -0.99867 0.746731 0.296763
64.0350 8.2740 -16.1190 0.07192 -0.01401 -0.99731 0.750924 0.297197
63.6480 10.8390 -16.0870 0.07499 -0.02841 -0.99678 0.749730 0.287277
65.3770 7.8450 -15.9310 0.11660 -0.02799 -0.99278 0.756087 0.299006
67.0810 6.9530 -15.7010 0.05792 0.00061 -0.99832 0.762595 0.302639
67.5920 5.8020 -15.7420 0.04557 0.01425 -0.99886 0.764426 0.307132
69.3280 5.3870 -15.6040 0.04212 -0.01741 -0.99896 0.771077 0.308925
69.1130 6.8090 -15.7020 0.03844 -0.01010 -0.99921 0.770397 0.303417
65.7760 10.7170 -15.9510 0.11432 -0.01704 -0.99330 0.757913 0.287980
67.2030 8.7950 -15.7560 0.03385 -0.00800 -0.99939 0.763261 0.295558
66.6720 9.9090 -15.7440 0.09502 -0.03662 -0.99480 0.761348 0.291209
67.4620 10.5280 -15.7410 0.02797 0.00535 -0.99959 0.764441 0.288898
68.7530 8.1100 -15.7110 0.03584 -0.01904 -0.99918 0.769154 0.298364
77.7510 -41.7550 24.0700 -0.04504 -0.18702 0.98132 0.802738 0.645579
77.8230 -42.4100 23.8140 -0.01217 -0.57893 0.81529 0.802988 0.642898
78.2650 -43.1750 22.6200 0.01849 -0.96876 0.24731 0.804581 0.637375
78.5720 -42.9760 23.1430 0.01480 -0.85323 0.52133 0.805813 0.639481
77.8570 -38.8310 24.0210 -0.05990 0.01467 0.99810 0.803048 0.656791
79.6520 -42.1990 23.9220 -0.01949 -0.51573 0.85653 0.810038 0.643609
80.4370 -43.0440 22.9090 0.02236 -0.93867 0.34410 0.813019 0.638363
82.3790 -42.9190 23.2200 -0.03813 -0.93121 0.36249 0.820589 0.639394
81.4720 -42.5670 23.6640 -0.04368 -0.72754 0.68467 0.817074 0.641691
83.1150 -42.2170 24.1820 -0.14117 -0.50958 0.84876 0.823393 0.643843
82.2760 -41.8790 24.2140 -0.11669 -0.33604 0.93459 0.820132 0.645059
84.7150 -42.6250 24.1210 0.12094 -0.77805 0.61645 0.829652 0.642466
80.1850 -41.3320 24.2180 -0.05688 -0.12867 0.99006 0.812054 0.647127
82.7360 -40.8640 24.3860 -0.13448 -0.01146 0.99085 0.821732 0.649043
82.8570 -38.8900 24.3350 -0.14946 -0.00772 0.98874 0.822055 0.656581
85.7110 -41.3140 24.4980 0.44547 -0.17165 0.87869 0.833100 0.647413
84.7750 -40.8260 24.7960 0.02648 -0.05199 0.99830 0.829518 0.649451
85.0190 -41.8470 24.5770 0.18984 -0.36495 0.91147 0.830561 0.645678
83.4690 -39.7530 24.4340 -0.19479 0.00758 0.98082 0.824393 0.653352
84.1980 -41.4420 24.6940 -0.12627 -0.14193 0.98179 0.827431 0.647206
84.0660 -38.2640 24.6830 -0.16783 0.00398 0.98581 0.826816 0.658952
85.3360 -39.7620 24.6990 0.29305 -0.00413 0.95609 0.831589 0.653284
86.1930 -40.0410 24.2500 0.72090 -0.01653 0.69284 0.835163 0.652059
85.8630 -37.7770 24.4880 0.52841 0.02394 0.84865 0.833760 0.660669
85.0600 -37.4690 24.7050 0.10345 0.04512 0.99361 0.830612 0.661886
86.3830 -38.0180 23.9010 0.90467 0.02678 0.42528 0.836710 0.659682
86.1170 -37.1450 24.2020 0.77847 0.04784 0.62586 0.835171 0.663045
80.3660 -43.3710 20.3110 0.02503 -0.99825 0.05356 0.812577 0.628277
78.8850 -43.4110 21.0390 0.00893 -0.99894 0.04513 0.806884 0.631207
82.7670 -43.2910 21.2920 0.01509 -0.99453 0.10331 0.822029 0.631855
81.4990 -43.6440 17.1960 0.03219 -0.99646 0.07763 0.816613 0.616144
83.6020 -43.2960 21.4970 0.04928 -0.99844 0.02615 0.825333 0.632614
84.4220 -42.9080 23.5550 0.09495 -0.94706 0.30670 0.828637 0.640262
84.5140 -43.1070 21.8830 0.27831 -0.95876 0.05758 0.829046 0.634147
83.6840 -43.3840 19.4880 0.08743 -0.99321 0.07669 0.825417 0.624854
84.4520 -43.1580 20.8730 0.27115 -0.96117 0.05123 0.828669 0.630225
84.3580 -43.4300 17.6050 0.26603 -0.96204 0.06092 0.827760 0.617502
85.1520 -42.9380 19.7970 0.29685 -0.95318 0.05774 0.831470 0.626079
83.5950 -43.6810 15.7000 0.11774 -0.99077 0.06718 0.824512 0.610145
85.2840 -42.9800 17.3830 0.33482 -0.94155 0.03712 0.831717 0.616629
84.5090 -43.4920 15.3690 0.33575 -0.94010 0.05897 0.828083 0.608810
81.4050 -43.9680 12.2240 0.03193 -0.99776 0.05877 0.815597 0.596918
81.6640 -44.0570 10.3280 0.03073 -0.99815 0.05252 0.816352 0.589558
83.8120 -43.9290 11.1760 0.14051 -0.98788 0.06600 0.824750 0.592588
83.9130 -43.7660 13.5060 0.16295 -0.98499 0.05689 0.825462 0.601613
84.1160 -44.0570 8.8540 0.16667 -0.98416 0.06043 0.825599 0.583559
84.2720 -44.2040 5.7210 0.14819 -0.98672 0.06653 0.825823 0.571416
84.5820 -43.6480 12.3900 0.35268 -0.93388 0.05904 0.827991 0.597242
85.4840 -43.1170 13.9070 0.38408 -0.92225 0.04406 0.832045 0.603109
86.5130 -42.7180 16.2500 0.25788 -0.96553 0.03533 0.836454 0.612132
86.5130 -42.7180 16.2500 0.76595 -0.64290 -0.00054 0.866626 0.641419
85.4730 -43.3340 10.3060 0.47088 -0.88014 0.06029 0.831580 0.589153
86.4130 -42.8480 11.9890 0.68911 -0.72408 0.02896 0.883150 0.641445
86.4130 -42.8480 11.9890 0.38473 -0.92200 0.04357 0.835690 0.595645
86.5780 -42.7210 13.8410 0.34147 -0.93963 0.02227 0.836526 0.602797
86.5780 -42.7210 13.8410 0.75231 -0.65878 0.00590 0.875984 0.641996
84.8340 -43.7490 10.1020 0.40226 -0.91214 0.07863 0.828652 0.588353
84.9240 -43.9040 7.2940 0.41761 -0.90626 0.06552 0.828660 0.577469
85.7810 -43.4080 6.6530 0.49353 -0.86808 0.05348 0.832485 0.575003
86.6930 -42.7540 10.0370 0.43750 -0.89793 0.04815 0.836777 0.588095
86.6930 -42.7540 10.0370 0.88557 -0.46353 0.03013 0.890655 0.642595
86.8350 -42.4950 11.2440 0.87957 -0.47369 0.04442 0.885981 0.643612
86.9710 -42.2000 9.5400 0.98275 -0.17424 0.06203 0.892555 0.645001
86.8970 -42.8140 7.9180 0.89251 -0.43609 0.11506 0.898843 0.642643
86.8970 -42.8140 7.9180 0.42897 -0.90190 0.05058 0.837356 0.579888
87.1810 -42.3360 7.5770 0.98295 -0.16988 0.07031 0.900181 0.644762
85.5110 -42.7020 23.1000 0.21698 -0.96434 0.15157 0.833424 0.639365
86.2160 -42.4700 23.4410 0.59826 -0.70897 0.37343 0.836485 0.641531
85.3580 -42.7090 21.4900 0.23451 -0.97157 0.03244 0.832665 0.632803
86.0710 -42.7240 20.7400 0.19392 -0.98021 0.03973 0.835279 0.629782
86.5090 -42.6560 22.3350 0.10577 -0.99290 0.05437 0.837258 0.636315
86.5090 -42.6560 22.3350 0.90525 -0.36919 0.21031 0.842120 0.641166
85.8700 -42.2220 24.0360 0.45032 -0.56610 0.69047 0.834231 0.643638
86.3420 -41.7180 23.9080 0.81259 -0.22149 0.53911 0.836115 0.645337
86.5800 -41.9400 22.9250 0.94651 -0.17911 0.26842 0.839789 0.644014
86.4590 -39.1560 23.7090 0.96069 0.00435 0.27760 0.837485 0.655339
86.9920 -41.9490 21.4070 0.96046 -0.25969 0.10036 0.846186 0.644331
86.5910 -42.5540 20.4960 0.81331 -0.58144 0.02121 0.849835 0.641550
86.5910 -42.5540 20.4960 0.31913 -0.94750 0.01998 0.837354 0.628748
87.0140 -41.9720 19.4970 0.96712 -0.25282 0.02748 0.853786 0.644447
86.7940 -42.3840 19.4450 0.78372 -0.62003 0.03662 0.854033 0.642650
86.5460 -38.8320 23.0140 0.97787 0.01507 0.20867 0.840123 0.656493
86.9730 -40.1050 21.5350 0.98849 0.00035 0.15130 0.845815 0.651455
87.0140 -36.1660 21.2760 0.98859 0.00096 0.15064 0.846786 0.666899
87.0560 -36.5490 18.2860 0.99995 -0.01010 -0.00051 0.858195 0.665661
86.4060 -42.7180 18.8170 0.21200 -0.97690 0.02691 0.836280 0.622149
86.4060 -42.7180 18.8170 0.62637 -0.77911 0.02546 0.856563 0.640736
86.8260 -42.4470 17.2250 0.77904 -0.62697 0.00265 0.862746 0.642847
87.0110 -42.0760 16.5720 0.95603 -0.29240 -0.02257 0.865249 0.644517
87.0040 -39.9030 16.0800 0.99984 -0.00333 -0.01753 0.866938 0.652952
86.5490 -36.5360 22.8360 0.97399 0.00916 0.22642 0.840645 0.665392
86.8530 -42.3910 14.5760 0.89640 -0.44321 -0.00650 0.873063 0.643527
86.9540 -41.6680 13.9030 0.99761 -0.06700 -0.01714 0.875576 0.646445
86.9160 -39.6510 12.9680 0.99979 0.00301 -0.02008 0.878959 0.654358
86.8420 -42.4230 12.7360 0.89450 -0.44707 0.00076 0.880204 0.643681
86.9290 -41.9250 11.7960 0.99699 -0.07746 0.00422 0.883781 0.645765
86.8880 -40.0450 9.6230 0.99966 0.02178 0.01441 0.891944 0.653308
85.0260 -44.0690 4.8520 0.44455 -0.89283 0.07229 0.828712 0.567990
84.5480 -44.3740 3.0290 0.13997 -0.98772 0.06934 0.826507 0.560958
85.0290 -44.3080 2.3500 0.44232 -0.89504 0.05700 0.828309 0.558283
85.8160 -43.5140 4.0380 0.55384 -0.83136 0.04582 0.832477 0.564879
87.0590 -42.7850 6.6280 0.43847 -0.89822 0.03078 0.837968 0.574911
87.0590 -42.7850 6.6280 0.96171 -0.27392 -0.00879 0.903901 0.643090
77.4630 -35.6370 23.9670 -0.06405 0.01224 0.99787 0.801570 0.669086
77.1830 -30.6960 23.8850 -0.06355 0.01694 0.99783 0.800666 0.688079
81.8020 -35.2690 24.2660 -0.10317 0.00816 0.99463 0.818187 0.670422
80.7770 -31.8250 24.1320 -0.07583 0.01990 0.99692 0.814456 0.683639
80.6530 -27.2450 24.0320 -0.06143 0.02364 0.99783 0.814196 0.701204
74.1830 -24.1910 23.5330 -0.07117 0.02430 0.99717 0.789332 0.713163
77.4630 -25.9860 23.8130 -0.06494 0.02246 0.99764 0.801932 0.706155
77.2700 -21.7750 23.7010 -0.06270 0.04864 0.99685 0.801337 0.722337
83.4240 -36.1440 24.5150 -0.13496 0.00622 0.99083 0.824406 0.667012
85.7650 -35.7610 24.4520 0.41006 0.02041 0.91183 0.833447 0.668299
84.6390 -35.8890 24.6060 0.01167 0.01766 0.99978 0.829085 0.667896
85.2630 -34.3940 24.6160 0.23069 0.04617 0.97193 0.831504 0.673516
84.3590 -34.4320 24.6040 -0.06645 0.03209 0.99727 0.828080 0.673460
82.5560 -32.3180 24.3120 -0.09112 0.03136 0.99535 0.821297 0.681669
82.1270 -29.7780 24.1810 -0.08025 0.02549 0.99645 0.819763 0.691415
84.3950 -30.1460 24.3860 0.01415 0.00749 0.99987 0.828547 0.689858
86.0260 -34.8430 24.2330 0.71005 0.04849 0.70248 0.834714 0.671781
86.4430 -35.9510 23.4870 0.95084 0.01730 0.30920 0.838076 0.667604
86.5460 -34.3190 22.8220 0.97213 0.01047 0.23420 0.840406 0.673922
86.4140 -33.4250 23.4730 0.92461 0.03883 0.37893 0.837730 0.677292
85.5180 -33.3350 24.3890 0.43076 0.09644 0.89730 0.832715 0.677575
84.9210 -32.2230 24.4560 0.08606 0.06012 0.99447 0.830442 0.681858
85.9190 -31.7390 23.9730 0.68403 0.05464 0.72740 0.834825 0.683708
85.3770 -30.4200 24.2510 0.36662 0.03424 0.92974 0.832393 0.688757
86.4010 -30.4450 23.2890 0.92107 0.01686 0.38903 0.837929 0.688738
86.5360 -32.0790 22.6800 0.96937 0.01541 0.24512 0.840582 0.682542
84.5630 -29.0300 24.4120 0.06444 0.02465 0.99762 0.829209 0.694123
85.5290 -29.4160 24.1840 0.44835 0.01349 0.89375 0.833005 0.692622
84.8760 -27.6340 24.2930 0.16924 0.06120 0.98367 0.830466 0.699484
86.0570 -29.6960 23.7620 0.73037 0.01386 0.68291 0.835610 0.691572
86.4860 -28.6820 22.6600 0.96715 0.01891 0.25351 0.840120 0.695587
86.9320 -31.0520 21.4370 0.97015 0.00830 0.24237 0.845453 0.686619
86.3620 -27.8790 23.2100 0.92083 0.02427 0.38920 0.837850 0.698611
87.0110 -28.5130 21.0910 0.98256 0.01344 0.18547 0.846458 0.696423
83.0300 -27.1230 24.1840 -0.06505 0.03675 0.99720 0.823382 0.701554
79.8300 -22.6580 23.8740 -0.05789 0.03106 0.99784 0.811201 0.718852
82.2770 -23.8390 24.0210 -0.06061 0.01819 0.99800 0.820608 0.714213
84.4520 -25.3520 24.2060 0.06336 0.03852 0.99725 0.828958 0.708284
85.4440 -25.3970 24.0040 0.37154 0.04899 0.92712 0.832870 0.708095
84.9330 -23.1040 24.0640 0.17819 0.03772 0.98327 0.830896 0.716931
85.9000 -26.9790 23.8470 0.64121 0.03842 0.76640 0.834744 0.702012
86.5300 -26.2080 22.3230 0.96094 0.02809 0.27531 0.841090 0.705153
86.3220 -25.5270 23.1020 0.92315 0.02605 0.38356 0.837889 0.707678
85.9870 -24.1500 23.5830 0.72230 0.01682 0.69137 0.835467 0.712917
86.9690 -25.3960 20.9180 0.98091 0.01715 0.19371 0.846665 0.708436
83.6420 -22.2920 24.1000 -0.02233 0.02189 0.99951 0.825945 0.720099
85.6140 -22.7380 23.8420 0.48726 0.03966 0.87235 0.833652 0.718335
84.2330 -19.8250 24.0630 0.05350 0.01600 0.99844 0.828305 0.729571
86.9680 -40.5960 8.1760 0.99740 0.06331 0.03449 0.897609 0.651399
86.9980 -35.9390 14.9630 0.99964 -0.01225 -0.02403 0.870887 0.668435
87.0820 -32.8110 16.0380 0.99970 -0.01836 -0.01630 0.866418 0.680407
86.9720 -33.4360 21.3960 0.98342 0.00686 0.18121 0.845974 0.677440
87.0940 -33.0710 18.8660 0.99980 -0.00995 0.01748 0.855616 0.679095
87.0540 -31.1630 20.6880 0.99598 -0.00187 0.08954 0.848380 0.686271
87.1570 -28.8040 17.4530 0.99979 -0.01053 0.01785 0.860486 0.695729
86.8830 -37.6710 11.1700 0.99994 -0.00560 -0.00966 0.885685 0.662243
86.8980 -38.3760 7.4960 0.99993 0.00544 0.01034 0.899939 0.660045
86.9470 -32.5630 11.0970 0.99966 -0.02402 -0.01013 0.885367 0.681975
86.9430 -34.4550 7.5020 0.99978 -0.01642 0.01289 0.899425 0.675154
86.9600 -35.9430 4.9790 0.99946 -0.01990 0.02631 0.909326 0.669771
87.1650 -25.1560 17.8880 0.99901 -0.00302 0.04432 0.858320 0.709736
87.2370 -25.6990 14.6450 0.99970 -0.02348 0.00673 0.870872 0.708039
87.1540 -28.6450 14.5620 0.99954 -0.02839 -0.01031 0.871568 0.696683
87.1500 -27.1120 9.6120 0.99922 -0.03915 0.00508 0.890402 0.703212
87.3160 -21.9030 14.8290 0.99949 -0.01301 0.02933 0.869676 0.722647
87.3570 -21.5030 11.0370 0.99960 -0.02542 0.01208 0.884215 0.724668
87.0020 -31.1510 7.8980 0.99937 -0.03216 0.01515 0.897491 0.687847
87.0280 -32.7230 5.2370 0.99869 -0.02972 0.04159 0.907928 0.682147
87.1010 -29.8720 5.9910 0.99822 -0.04260 0.04180 0.904670 0.693040
87.2630 -25.8850 6.3960 0.99832 -0.04272 0.03915 0.902623 0.708369
87.4750 -26.0830 2.8230 0.99658 -0.03906 0.07276 0.916415 0.708104
71.1660 -21.2970 23.2420 -0.08712 0.01184 0.99613 0.777761 0.724388
68.8520 -17.7620 22.9400 -0.11956 0.02004 0.99262 0.768906 0.738076
70.8880 -18.5300 23.1870 -0.07522 0.02251 0.99691 0.776780 0.735045
72.4100 -20.0170 23.3990 -0.05888 0.01842 0.99810 0.782632 0.729263
70.2210 -16.4600 23.1670 -0.08709 0.02149 0.99597 0.774296 0.743025
74.4750 -20.3390 23.4700 -0.06322 0.03441 0.99741 0.790587 0.727959
73.4910 -18.4060 23.2490 -0.06577 0.04383 0.99687 0.786815 0.735452
76.3480 -18.5600 23.5770 -0.05292 0.03341 0.99804 0.797881 0.734733
71.8840 -16.1280 23.1550 -0.03083 0.04035 0.99871 0.780705 0.744259
73.9710 -17.0690 23.3120 -0.07912 0.01438 0.99676 0.788735 0.740569
71.3100 -14.4060 23.0470 -0.02104 0.03589 0.99913 0.778534 0.750908
75.7020 -16.0120 23.3720 -0.05651 0.02066 0.99819 0.795440 0.744567
74.2350 -15.2700 23.2790 -0.07985 0.05704 0.99517 0.789808 0.747475
76.7990 -20.4770 23.5530 -0.04743 0.04316 0.99794 0.799542 0.727359
68.0010 -14.7590 22.7050 -0.13949 0.02398 0.98993 0.765658 0.749670
69.5230 -13.9220 22.9750 -0.11282 0.04719 0.99249 0.771656 0.752817
66.5730 -11.8890 22.3260 -0.08390 0.06863 0.99411 0.760152 0.760798
66.1520 -9.9060 22.2590 -0.07955 0.02364 0.99655 0.758586 0.768447
67.1820 -9.6820 22.4230 -0.20785 0.00919 0.97812 0.762618 0.769259
67.1470 -8.4560 22.3410 -0.17107 -0.00971 0.98521 0.762495 0.773981
68.5970 -10.2900 22.8020 -0.15388 0.00738 0.98806 0.768214 0.766858
68.6410 -8.3150 22.5900 -0.10158 -0.01935 0.99464 0.768354 0.774471
67.1290 -10.6770 22.3450 -0.17454 -0.01596 0.98452 0.762318 0.765429
69.2840 -12.0060 22.8100 -0.11362 0.03440 0.99293 0.770752 0.760216
72.0890 -12.8650 23.0680 -0.05557 0.03303 0.99791 0.781579 0.756815
70.6470 -11.5330 22.8270 -0.04040 0.03811 0.99846 0.776020 0.762010
73.3600 -13.9860 23.0610 -0.06235 0.02525 0.99773 0.786434 0.752466
75.1480 -13.4370 23.2140 -0.06516 0.03362 0.99731 0.793364 0.754515
72.9900 -10.8140 22.9740 -0.08457 0.03877 0.99566 0.785081 0.764697
74.0150 -12.0850 23.2040 -0.07068 0.02522 0.99718 0.789046 0.759749
71.2020 -10.2530 22.8750 -0.05650 0.02604 0.99806 0.778212 0.766920
70.0800 -8.6090 22.6660 -0.04695 0.05416 0.99743 0.773902 0.773310
73.6100 -9.1340 23.0320 -0.09764 0.02791 0.99483 0.787535 0.771134
76.6740 -14.4780 23.4530 -0.03989 0.07204 0.99660 0.799247 0.750421
77.3440 -16.9550 23.4580 -0.00080 0.05597 0.99843 0.801742 0.740895
78.3830 -14.7040 23.4450 -0.04030 0.02500 0.99887 0.805825 0.749528
78.6610 -16.6740 23.3860 -0.04972 0.04709 0.99765 0.806816 0.741957
80.8510 -13.3770 23.6490 -0.09109 0.02719 0.99547 0.815420 0.754535
78.5240 -13.3910 23.3410 -0.07974 0.04533 0.99578 0.806382 0.754592
78.9170 -18.9310 23.6820 -0.05942 0.04073 0.99740 0.807783 0.733220
79.7100 -19.8870 23.7360 -0.06515 0.03042 0.99741 0.810809 0.729518
81.8290 -18.9960 23.8550 -0.07728 0.02722 0.99664 0.819029 0.732858
80.4700 -16.9390 23.7060 -0.10773 0.04731 0.99305 0.813854 0.740831
83.5380 -18.2500 24.0290 -0.04122 0.02991 0.99870 0.825667 0.735653
82.6850 -15.5150 23.8270 -0.05805 0.02594 0.99798 0.822444 0.746231
80.7140 -15.0980 23.6640 -0.09514 0.01551 0.99534 0.814838 0.747917
83.0420 -13.1510 23.8210 -0.04705 0.03366 0.99833 0.823894 0.755317
75.2800 -10.4810 23.1840 -0.03519 0.03131 0.99889 0.793947 0.765885
78.0800 -11.4670 23.3250 -0.09122 0.04204 0.99494 0.804740 0.761996
76.5400 -11.7940 23.2780 -0.02661 0.03854 0.99890 0.798783 0.760792
77.3540 -10.0700 23.1030 -0.05960 0.03543 0.99759 0.801930 0.767422
72.3480 -7.5640 22.7950 -0.08761 0.04013 0.99535 0.782685 0.777248
74.3710 -7.9460 23.0930 -0.08771 0.10623 0.99047 0.790523 0.775661
75.4740 -8.6470 23.2060 -0.01704 0.05639 0.99826 0.794754 0.772925
73.9800 -7.0890 22.9390 -0.07517 0.05524 0.99564 0.789011 0.779014
76.9950 -8.1180 23.1300 -0.05650 0.03580 0.99776 0.800617 0.774938
76.3920 -6.6700 23.0000 -0.09637 -0.01703 0.99520 0.798311 0.780532
79.3330 -11.6230 23.4710 -0.10232 0.00911 0.99471 0.809600 0.761352
80.1590 -9.4820 23.5090 -0.07807 0.03484 0.99634 0.812857 0.769561
82.4670 -11.0050 23.6680 -0.05810 0.03532 0.99769 0.821725 0.763610
79.0180 -8.2560 23.3560 -0.08307 0.03173 0.99604 0.808457 0.774331
76.9380 -5.6590 23.1740 -0.11751 -0.00896 0.99303 0.800504 0.784414
79.1340 -6.0880 23.3150 0.00351 0.02386 0.99971 0.808966 0.782672
87.4650 -21.5110 5.9040 0.99878 -0.02964 0.03947 0.903970 0.725312
87.4430 -19.8370 8.2830 0.99961 -0.01759 0.02174 0.894601 0.731451
87.6530 -20.6870 2.8550 0.99771 -0.02315 0.06351 0.915615 0.728905
87.5490 -16.9160 5.9910 0.99918 -0.01283 0.03838 0.903050 0.743011
87.7450 -16.2060 2.5860 0.99829 -0.00597 0.05809 0.916078 0.746205
87.6750 -13.5850 3.7720 0.99878 -0.00186 0.04928 0.911161 0.756144
86.4370 -23.5920 22.3550 0.96496 0.01964 0.26165 0.840548 0.715211
85.4060 -21.0790 23.8450 0.40078 0.03664 0.91544 0.832904 0.724728
85.9650 -21.9760 23.4980 0.72364 0.04789 0.68851 0.835490 0.721301
85.1680 -19.5470 23.9040 0.33474 0.02146 0.94207 0.831965 0.730630
86.2940 -23.4740 23.1280 0.91938 0.02435 0.39262 0.837511 0.715569
86.8770 -23.1520 21.1220 0.96272 0.01814 0.26989 0.845534 0.717049
87.0220 -22.4450 20.2950 0.99306 0.00794 0.11736 0.848677 0.719871
86.2390 -21.2420 23.0560 0.91660 0.02749 0.39887 0.837432 0.724167
86.4090 -20.9300 22.2630 0.96086 0.02137 0.27620 0.840523 0.725470
86.9200 -18.6620 20.6490 0.97727 0.01779 0.21127 0.846787 0.734386
84.7600 -16.9190 23.9260 0.18622 0.01850 0.98233 0.830398 0.740750
85.8720 -19.7280 23.4980 0.68240 0.03475 0.73016 0.835100 0.729954
86.2180 -18.4270 22.9210 0.91682 0.02351 0.39860 0.837578 0.735028
85.7910 -17.2100 23.4680 0.64464 0.01448 0.76435 0.834785 0.739655
86.2260 -15.7370 22.8250 0.92428 0.01738 0.38133 0.837650 0.745394
85.2880 -15.7160 23.8190 0.38808 0.04163 0.92068 0.832429 0.745380
86.3770 -17.3420 22.1020 0.96446 0.01643 0.26370 0.840671 0.739300
87.1600 -19.9140 17.9140 0.99773 0.00134 0.06727 0.857524 0.729914
87.1390 -17.1490 18.1030 0.99677 0.00641 0.08004 0.856430 0.740532
84.2940 -13.9610 23.8630 0.08581 0.03379 0.99574 0.828700 0.752157
85.2900 -14.7530 23.6760 0.40879 0.08250 0.90889 0.832608 0.749103
85.8500 -15.2410 23.3490 0.71200 0.04301 0.70086 0.835149 0.747253
86.1520 -13.8650 22.8520 0.91121 0.03491 0.41046 0.837246 0.752594
86.3420 -13.9170 21.9480 0.96265 0.02077 0.26994 0.840808 0.752505
85.3110 -11.5130 23.5610 0.41295 0.03923 0.90991 0.832793 0.761589
84.4590 -10.3970 23.7120 0.07845 0.00212 0.99692 0.829432 0.765888
85.7350 -12.6930 23.3430 0.68533 0.03861 0.72721 0.834667 0.757057
86.8910 -15.3100 20.4890 0.97618 0.01593 0.21636 0.846962 0.747309
86.8740 -12.3770 20.3890 0.97640 0.01264 0.21560 0.846962 0.758611
87.0830 -14.0750 18.4650 0.99608 0.00809 0.08809 0.854627 0.752321
86.1540 -12.0880 22.6630 0.92134 0.01780 0.38834 0.837707 0.759451
85.8760 -10.5300 23.0660 0.75064 0.02566 0.66021 0.835666 0.765406
81.8560 -7.1320 23.4510 -0.09449 0.03559 0.99489 0.819424 0.778563
84.1350 -8.0560 23.7680 -0.00834 0.00105 0.99996 0.828209 0.774901
80.2300 -4.9230 23.2300 -0.04279 0.03396 0.99851 0.813220 0.787134
83.0410 -5.3290 23.5810 -0.09128 0.03198 0.99531 0.824116 0.785447
82.4320 -3.7600 23.4100 -0.13173 0.02970 0.99084 0.821756 0.791521
85.6230 -8.2500 23.2990 0.66092 0.03991 0.74940 0.834258 0.774152
85.4630 -5.6160 23.2000 0.59609 0.04461 0.80168 0.833878 0.784307
84.5720 -6.9060 23.7580 0.20138 0.05527 0.97795 0.829903 0.779308
84.4430 -5.1720 23.5990 0.17492 0.02904 0.98415 0.829581 0.785991
84.7380 -3.7980 23.5420 0.31491 0.01574 0.94899 0.830723 0.791286
84.1360 -3.6270 23.6260 0.03407 0.01654 0.99928 0.828386 0.791952
85.5570 -2.5720 23.0600 0.65070 0.03143 0.75868 0.834337 0.796032
85.1170 -9.3020 23.6240 0.36507 -0.00219 0.93098 0.831991 0.770091
87.2370 -11.0240 16.4060 0.99740 0.00772 0.07163 0.862180 0.764326
86.1430 -10.1270 22.6230 0.92292 0.02821 0.38395 0.837636 0.766998
86.3450 -11.1740 21.8560 0.95819 0.01756 0.28558 0.840809 0.763065
86.7250 -10.7990 20.7730 0.95723 0.02666 0.28808 0.845198 0.764634
86.2930 -8.3840 21.6770 0.95922 0.02202 0.28179 0.841110 0.773826
86.0880 -7.2580 22.5770 0.90446 0.03258 0.42530 0.837436 0.778055
86.8050 -6.7500 20.2390 0.97409 0.01676 0.22553 0.846792 0.780285
86.9180 -9.9530 19.7930 0.98969 0.01234 0.14272 0.848946 0.768010
87.1580 -7.5150 16.8650 0.99674 0.01316 0.07964 0.859941 0.777773
86.3110 -5.7190 21.5910 0.95943 0.03052 0.28028 0.841130 0.784093
86.0310 -3.9290 22.4900 0.90323 0.02775 0.42826 0.837273 0.790860
86.1920 -3.7790 21.6370 0.96067 0.03564 0.27539 0.840597 0.791552
86.7310 -3.0900 20.2180 0.96554 0.01596 0.25976 0.846364 0.794366
86.9110 -3.4850 18.9850 0.99369 0.01118 0.11162 0.851210 0.793002
87.1650 -4.2880 16.1960 0.99726 0.01127 0.07317 0.862091 0.790278
87.2970 -18.6240 15.8230 0.99856 -0.00273 0.05360 0.865423 0.735147
87.4020 -17.1920 13.3610 0.99960 -0.00687 0.02727 0.874717 0.740981
87.3100 -14.8610 15.3950 0.99832 0.00277 0.05791 0.866580 0.749691
87.4480 -16.6860 10.5840 0.99976 -0.01102 0.01876 0.885338 0.743288
87.4250 -12.9810 12.9850 0.99936 0.00016 0.03564 0.875618 0.757242
87.5220 -11.8030 8.4520 0.99967 -0.00449 0.02526 0.892910 0.762377
87.4120 -6.8910 12.5590 0.99895 0.00747 0.04530 0.876456 0.780739
87.5070 -8.6620 9.7110 0.99966 0.00202 0.02587 0.887654 0.774304
87.6470 -10.3930 4.1820 0.99913 0.00072 0.04168 0.909163 0.768384
87.5940 -7.8040 6.2760 0.99950 0.00316 0.03144 0.900762 0.778073
87.8220 -11.5200 1.3230 0.99864 0.00450 0.05195 0.920332 0.764428
87.9070 -13.7210 -0.2330 0.99905 0.00748 0.04294 0.926617 0.756164
82.7990 -44.4920 0.9470 -0.00449 -0.99925 0.03856 0.819509 0.553165
84.2970 -44.5830 -0.4220 0.07065 -0.99702 0.03107 0.825100 0.547654
85.1130 -44.4240 0.0060 0.44153 -0.89609 0.04562 0.828338 0.549214
85.9030 -43.5930 1.4780 0.60463 -0.79538 0.04240 0.832694 0.554942
85.2910 -44.4010 -1.6640 0.51393 -0.85553 0.06276 0.828874 0.542736
85.8620 -43.7560 -0.7770 0.62461 -0.77897 0.05543 0.832205 0.546172
86.9570 -42.8760 5.2490 0.96124 -0.27302 -0.03850 0.909267 0.642913
86.9570 -42.8760 5.2490 0.45611 -0.88941 0.03009 0.837478 0.569586
87.1800 -42.2270 6.0990 0.99734 -0.06769 -0.02690 0.905856 0.645376
86.9490 -40.3340 4.4840 0.99924 0.03884 -0.00108 0.911821 0.652934
87.0350 -42.3760 3.4350 0.99439 -0.10458 -0.01590 0.916153 0.645216
86.9070 -42.9210 3.5850 0.49662 -0.86765 0.02353 0.837276 0.563148
86.9070 -42.9210 3.5850 0.97210 -0.23375 -0.01975 0.915675 0.643033
86.8750 -42.9480 1.9880 0.54802 -0.83636 0.01329 0.837168 0.556949
86.8750 -42.9480 1.9880 0.96306 -0.26906 -0.01108 0.921816 0.643140
86.7410 -43.1000 0.3120 0.93948 -0.34022 0.04025 0.928277 0.642657
86.7410 -43.1000 0.3120 0.54637 -0.83582 0.05366 0.836439 0.550398
87.0300 -42.3300 0.0750 0.98399 -0.16241 0.07334 0.929113 0.645856
86.9650 -43.0800 -0.9950 0.95203 -0.27772 0.12853 0.933317 0.643047
86.9650 -43.0800 -0.9950 0.52255 -0.85044 0.06077 0.837186 0.545267
87.0040 -40.0920 0.9580 0.99827 -0.01180 0.05768 0.925381 0.654354
87.0490 -36.0120 2.2750 0.99711 -0.04061 0.06422 0.919754 0.669882
86.9620 -38.4300 3.5830 0.99971 -0.00929 0.02220 0.915035 0.660386
87.3210 -39.5090 -1.7400 0.99418 -0.02997 0.10350 0.935754 0.657020
87.1460 -37.7750 0.2730 0.99411 -0.04225 0.09979 0.927718 0.663384
87.5690 -37.3530 -3.2820 0.99724 -0.04276 0.06077 0.941434 0.665568
85.1090 -44.6500 -3.7830 0.37719 -0.92565 0.03019 0.827712 0.534585
84.7380 -44.7240 -4.6250 0.09019 -0.99563 0.02407 0.826157 0.531416
86.0430 -43.7260 -2.5780 0.59544 -0.80267 0.03429 0.832795 0.539141
86.0180 -43.7450 -4.9890 0.60963 -0.79236 -0.02266 0.832497 0.529696
87.2130 -43.1260 -3.5240 0.47977 -0.87733 0.01032 0.837815 0.535324
87.2130 -43.1260 -3.5240 0.94410 -0.32951 0.00944 0.943168 0.643238
85.2190 -44.5700 -5.4810 0.54683 -0.83573 -0.05029 0.827975 0.528071
84.9890 -44.4750 -7.4790 0.54135 -0.83537 -0.09537 0.827029 0.520344
86.7980 -43.2230 -6.0410 0.83679 -0.52724 -0.14765 0.953116 0.642862
86.7980 -43.2230 -6.0410 0.56452 -0.82450 -0.03894 0.835894 0.525353
86.1710 -43.3620 -8.5370 0.60790 -0.78291 -0.13235 0.832758 0.515480
86.1710 -43.3620 -8.5370 0.81440 -0.55547 -0.16793 0.963136 0.642396
86.7650 -42.6320 -8.0710 0.90519 -0.36764 -0.21323 0.960803 0.645699
87.2480 -42.5470 -5.8740 0.93780 -0.32056 -0.13330 0.952151 0.645902
87.4010 -42.4350 -2.9900 0.98351 -0.16624 0.07115 0.941032 0.645965
87.4070 -42.4620 -4.2730 0.98050 -0.19204 -0.04167 0.945946 0.646051
87.4940 -39.8870 -3.9760 0.99907 -0.03495 0.02507 0.944446 0.655914
87.4140 -40.1180 -6.6500 0.99227 -0.08327 -0.09205 0.954770 0.655378
87.1250 -41.0050 -7.8910 0.96762 -0.14966 -0.20328 0.959735 0.652061
87.6400 -36.4580 -6.7150 0.99797 -0.05750 -0.02750 0.954533 0.669486
87.4330 -37.9960 -8.0750 0.98729 -0.09486 -0.12751 0.959994 0.663715
87.5850 -33.5290 -1.5530 0.99497 -0.04275 0.09060 0.934260 0.680041
87.7780 -32.7760 -3.7760 0.99855 -0.03606 0.04009 0.942740 0.683267
87.0640 -38.7420 -9.5820 0.96353 -0.14268 -0.22639 0.966011 0.660939
87.3700 -35.2530 -10.4140 0.97101 -0.12806 -0.20184 0.968700 0.674536
87.6930 -33.6720 -9.3710 0.99249 -0.07736 -0.09472 0.964398 0.680557
87.7990 -33.0730 -7.7940 0.99883 -0.04377 -0.02032 0.958244 0.682668
87.4380 -32.1700 -12.2140 0.96962 -0.12160 -0.21226 0.975216 0.686655
87.8030 -30.2310 -10.5320 0.99550 -0.04989 -0.08056 0.968414 0.693957
87.1570 -32.8120 2.9620 0.99633 -0.04193 0.07466 0.916708 0.682125
87.6850 -30.1400 -1.3480 0.99589 -0.03573 0.08326 0.933034 0.693068
87.8730 -28.8660 -3.3640 0.99864 -0.02727 0.04436 0.940647 0.698264
87.9270 -29.0150 -6.7240 0.99975 -0.02207 -0.00271 0.953598 0.698147
85.9130 -43.3180 -9.9560 0.57644 -0.79630 -0.18337 0.831174 0.509824
85.9130 -43.3180 -9.9560 0.86645 -0.41905 -0.27143 0.968699 0.642838
86.0400 -42.5380 -10.6500 0.89774 -0.30316 -0.31961 0.971108 0.646100
85.5320 -42.6150 -11.8550 0.83586 -0.33813 -0.43243 0.976122 0.645726
85.0530 -42.1580 -12.8500 0.82874 -0.23610 -0.50740 0.980437 0.647295
85.0530 -42.1580 -12.8500 0.49773 -0.27782 -0.82164 0.827198 0.495299
86.4600 -40.4940 -10.6710 0.93176 -0.18136 -0.31453 0.970707 0.654130
85.2530 -40.3640 -13.1040 0.80663 -0.20718 -0.55356 0.981225 0.654287
85.2530 -40.3640 -13.1040 0.59919 -0.17877 -0.78039 0.828752 0.488060
86.0280 -38.5790 -12.6910 0.89956 -0.19064 -0.39300 0.978655 0.661515
86.0280 -38.5790 -12.6910 0.76460 -0.19312 -0.61489 0.833266 0.481616
84.3240 -36.6170 -14.4360 0.14566 -0.14959 -0.97796 0.825025 0.472613
85.4510 -37.9200 -13.5810 0.61248 -0.19252 -0.76669 0.829777 0.478299
86.8130 -37.3790 -11.3030 0.93911 -0.16543 -0.30117 0.972628 0.666292
86.4920 -36.5130 -12.6400 0.91944 -0.19038 -0.34406 0.977908 0.669655
86.4920 -36.5130 -12.6400 0.85302 -0.18570 -0.48773 0.836093 0.473787
83.4800 -36.2890 -14.2500 -0.49366 0.05537 -0.86789 0.821687 0.471289
84.1220 -35.6680 -14.5130 -0.20212 -0.00718 -0.97933 0.824378 0.468950
84.9100 -35.6110 -14.4220 0.36504 -0.17002 -0.91534 0.827455 0.468844
83.5580 -34.0400 -14.0020 -0.34258 0.04951 -0.93818 0.821605 0.462594
84.4160 -33.9270 -14.5400 -0.38871 0.07063 -0.91865 0.825479 0.462297
86.1800 -35.8030 -13.4560 0.73149 -0.19439 -0.65355 0.833448 0.470313
85.0280 -33.9480 -14.6790 0.06752 -0.07420 -0.99496 0.827871 0.462394
85.7670 -33.0260 -14.5630 0.48277 -0.15719 -0.86153 0.830821 0.458958
86.5020 -33.4220 -13.8520 0.72761 -0.20160 -0.65570 0.834580 0.460853
86.7770 -34.5570 -12.9420 0.94488 -0.16995 -0.27984 0.978673 0.677328
86.7770 -34.5570 -12.9420 0.84063 -0.20079 -0.50301 0.837250 0.465968
86.9750 -32.8890 -13.3160 0.82685 -0.17951 -0.53301 0.837518 0.459049
86.9750 -32.8890 -13.3160 0.94319 -0.16842 -0.28639 0.979810 0.683870
84.6830 -22.6650 -14.8430 0.04299 -0.04577 -0.99803 0.827142 0.418748
83.7740 -27.1630 -14.6050 0.03774 -0.07100 -0.99676 0.823213 0.436028
85.4120 -17.8170 -15.0230 0.07710 -0.03489 -0.99641 0.830449 0.400128
87.8190 -26.8080 -1.6670 0.99724 -0.02871 0.06852 0.933842 0.705953
87.8530 -24.1100 -0.9450 0.99763 -0.02512 0.06412 0.930713 0.716246
87.9580 -25.3680 -3.6280 0.99952 -0.01621 0.02645 0.941212 0.711770
87.9360 -19.5350 -0.9050 0.99855 -0.01218 0.05252 0.929969 0.733864
87.9940 -21.1660 -3.0500 0.99980 -0.00942 0.01751 0.938441 0.727872
87.9720 -24.2060 -6.0810 0.99996 -0.00528 -0.00720 0.950502 0.716576
87.8970 -27.5210 -10.3250 0.99896 -0.01921 -0.04131 0.967263 0.704370
87.9210 -23.6730 -9.2990 0.99971 0.00040 -0.02396 0.962818 0.719056
87.9660 -20.5020 -6.9660 0.99986 0.00004 -0.01645 0.953425 0.730957
87.7800 -23.8980 -13.6350 0.88681 -0.03453 -0.46085 0.840607 0.424051
87.7800 -23.8980 -13.6350 0.99905 -0.00833 -0.04267 0.979545 0.718752
87.7020 -26.1770 -13.4340 0.88752 -0.05468 -0.45750 0.840490 0.432883
87.7020 -26.1770 -13.4340 0.99497 -0.04489 -0.08959 0.979083 0.709939
88.0070 -16.5860 -2.1450 0.99966 0.00058 0.02605 0.934362 0.745388
87.9970 -17.1040 -4.8980 0.99993 0.00104 -0.01172 0.945021 0.743767
87.9160 -16.8130 -8.9060 0.99961 0.00484 -0.02742 0.960410 0.745426
88.0080 -14.7260 -3.2300 0.99994 0.00919 0.00664 0.938289 0.752700
87.9530 -12.3140 -2.5700 0.99979 0.00519 0.01959 0.935427 0.761900
87.9210 -13.7670 -8.1090 0.99962 0.00443 -0.02727 0.956940 0.757053
87.9820 -12.3560 -5.2230 0.99994 0.00138 -0.01070 0.945643 0.762097
87.8600 -20.6940 -11.1930 0.99951 0.00294 -0.03131 0.969725 0.730779
87.7820 -21.7960 -13.6180 0.90984 -0.01057 -0.41483 0.841129 0.415951
87.7820 -21.7960 -13.6180 0.99944 0.00271 -0.03338 0.979207 0.726852
87.7600 -19.8500 -13.7830 0.99916 0.00848 -0.04007 0.979587 0.734373
87.7600 -19.8500 -13.7830 0.80887 -0.02275 -0.58755 0.840892 0.408422
87.8220 -17.6490 -11.8820 0.99922 0.00688 -0.03889 0.971981 0.742604
87.3890 -18.7840 -14.4030 0.66052 -0.03362 -0.75006 0.838366 0.404160
87.1890 -20.0300 -14.5010 0.58229 -0.01059 -0.81292 0.837321 0.408925
86.4100 -19.7940 -14.8200 0.24405 -0.03260 -0.96921 0.834111 0.407878
86.6040 -16.4360 -14.9000 0.33271 -0.03380 -0.94242 0.835225 0.394956
87.7350 -16.0130 -13.7750 0.99914 0.00691 -0.04089 0.979054 0.749161
87.7350 -16.0130 -13.7750 0.89781 0.01535 -0.44011 0.841713 0.393635
87.7180 -17.6840 -13.9530 0.84798 -0.01296 -0.52987 0.840729 0.400042
87.7180 -17.6840 -13.9530 0.99872 0.00550 -0.05025 0.979963 0.742742
87.5100 -17.0590 -14.3010 0.74950 0.00681 -0.66197 0.839296 0.397548
87.3760 -15.5030 -14.5000 0.72244 -0.02035 -0.69113 0.838711 0.391503
87.8440 -14.9190 -10.4910 0.99931 0.00809 -0.03628 0.966267 0.752939
84.0030 -32.3360 -14.0490 -0.20673 -0.00584 -0.97838 0.823442 0.456074
85.5600 -32.1600 -14.7360 0.12146 0.00741 -0.99257 0.829940 0.455603
85.3600 -31.4400 -14.6620 -0.13548 0.09874 -0.98585 0.829204 0.452828
84.4600 -30.6840 -14.2270 -0.11646 -0.02266 -0.99294 0.825460 0.449766
87.2990 -30.9830 -13.2790 0.88368 -0.12819 -0.45020 0.839020 0.451525
87.2990 -30.9830 -13.2790 0.96028 -0.11547 -0.25403 0.979244 0.691328
86.3510 -31.3250 -14.4160 0.50572 -0.08588 -0.85841 0.833170 0.452433
86.9840 -30.9050 -13.9050 0.78210 -0.12271 -0.61095 0.836362 0.450975
86.0150 -30.3410 -14.5990 0.06817 -0.00760 -0.99764 0.831687 0.448600
86.5490 -29.3350 -14.4910 0.44803 -0.03700 -0.89325 0.833821 0.444746
87.1850 -29.6670 -13.8540 0.81359 -0.09250 -0.57403 0.837230 0.446188
87.5200 -28.9280 -13.2670 0.98620 -0.07545 -0.14738 0.978847 0.699289
87.5200 -28.9280 -13.2670 0.91541 -0.09807 -0.39040 0.840010 0.443509
85.2440 -28.1090 -14.4390 -0.02982 -0.04870 -0.99837 0.828808 0.439897
86.2730 -27.0730 -14.5070 0.10315 -0.03700 -0.99398 0.832879 0.435984
87.4310 -27.4220 -13.8610 0.82864 -0.08360 -0.55350 0.838193 0.437521
86.7910 -27.9280 -14.3880 0.47417 -0.03037 -0.87991 0.834909 0.439339
86.9810 -26.4370 -14.4050 0.43517 -0.07217 -0.89745 0.835691 0.433584
87.2790 -25.5330 -14.2780 0.67459 -0.05332 -0.73626 0.837062 0.430148
85.9270 -24.2980 -14.6910 0.11524 -0.04740 -0.99221 0.831765 0.425194
86.8150 -24.1070 -14.5290 0.31663 -0.03124 -0.94803 0.835259 0.424574
87.4740 -24.2310 -14.1890 0.71445 -0.04171 -0.69844 0.838090 0.425175
86.9420 -22.0450 -14.5650 0.39241 -0.03696 -0.91905 0.836006 0.416646
87.5160 -21.7730 -14.2020 0.75743 -0.01696 -0.65269 0.838670 0.415730
87.9550 -11.1340 -1.5460 0.99969 -0.00527 0.02438 0.931332 0.766306
65.2790 -8.0780 22.1120 -0.07969 0.02375 0.99654 0.755262 0.775527
65.8600 -7.1220 22.1980 -0.14166 0.00882 0.98988 0.757563 0.779185
65.5080 -4.3690 21.9360 -0.19480 0.02521 0.98052 0.756198 0.789826
68.0720 -7.4660 22.6410 -0.11404 -0.01802 0.99331 0.766225 0.777764
67.4210 -5.5050 22.4040 -0.10901 0.02610 0.99370 0.763719 0.785339
65.9800 -5.2860 22.1280 -0.20990 0.03716 0.97702 0.758067 0.786249
66.5290 -4.4380 22.3180 -0.21087 0.02527 0.97719 0.760339 0.789478
65.5060 -3.4020 21.9370 -0.15970 0.03450 0.98656 0.756239 0.793553
64.4510 -1.1860 21.7850 -0.12993 0.04491 0.99051 0.752243 0.802132
66.6510 -1.2440 22.1760 -0.10409 0.03432 0.99398 0.760838 0.801795
66.8660 -2.4180 22.1430 -0.10726 0.01633 0.99410 0.761602 0.797275
69.4920 -5.2710 22.4410 -0.05136 0.05065 0.99739 0.771706 0.786202
67.9230 -4.3340 22.4480 -0.04807 0.05136 0.99752 0.765704 0.789827
69.8020 -4.0330 22.4620 -0.06532 0.03576 0.99722 0.772927 0.790954
70.7250 -6.4540 22.6610 -0.07038 0.05128 0.99620 0.776456 0.781578
71.1950 -4.4190 22.5720 -0.08721 0.02376 0.99591 0.778297 0.789411
68.0870 -2.6740 22.2270 -0.05318 0.06576 0.99642 0.766318 0.796259
70.7320 -1.6630 22.4030 -0.09713 0.04627 0.99420 0.776552 0.800050
68.7080 -0.9780 22.2480 -0.06036 0.04838 0.99700 0.768762 0.802760
69.5740 1.0780 22.1670 -0.09905 0.04677 0.99398 0.772133 0.810662
63.8940 0.3890 21.5430 -0.10950 0.06381 0.99194 0.750071 0.808251
65.5360 0.7900 21.8350 -0.15843 0.01226 0.98729 0.756511 0.809696
63.9720 2.7320 21.5380 -0.15085 0.05922 0.98678 0.750461 0.817254
63.9830 3.8410 21.4360 -0.17269 0.00954 0.98493 0.750510 0.821541
67.0330 0.6620 21.9850 -0.06811 0.05491 0.99617 0.762312 0.809154
65.5400 2.0620 21.9380 -0.14987 0.01197 0.98863 0.756645 0.814596
68.1300 2.4720 21.9940 -0.06874 0.05240 0.99626 0.766601 0.816092
65.4090 3.9240 21.7170 -0.11091 0.03927 0.99305 0.756118 0.821793
66.1960 5.4350 21.7090 -0.04213 0.08160 0.99577 0.759198 0.827583
66.6250 6.7130 21.5500 -0.05441 0.08027 0.99529 0.760853 0.832530
68.6300 6.0650 21.7960 -0.09868 0.05146 0.99379 0.768592 0.829929
72.3710 -3.1610 22.6890 -0.07778 0.02671 0.99661 0.782890 0.794203
73.7430 -4.2260 22.7650 -0.06002 0.05187 0.99685 0.788145 0.790061
72.8480 -5.8650 22.8260 -0.08214 0.04587 0.99556 0.784675 0.783766
74.9140 -5.4990 22.9580 -0.06920 0.04656 0.99652 0.792665 0.785099
75.3330 -2.5490 22.7810 -0.09814 0.05212 0.99381 0.794318 0.796471
72.3230 1.0560 22.5520 -0.06116 0.06104 0.99626 0.782801 0.810434
73.3310 -1.1880 22.6570 -0.03377 0.05039 0.99816 0.786617 0.801765
73.3410 0.3810 22.6170 -0.00483 0.05062 0.99871 0.786698 0.807800
74.7520 -0.9010 22.5540 -0.04333 0.06970 0.99663 0.792094 0.802868
75.5000 -3.6750 22.8150 -0.11233 0.04640 0.99259 0.794925 0.792130
77.1180 -3.0650 23.1090 -0.12232 0.05275 0.99109 0.801280 0.794386
78.0330 -4.5440 23.2490 -0.04688 0.03242 0.99837 0.804775 0.788653
77.4990 -1.3770 23.0290 -0.10355 0.05214 0.99326 0.802777 0.800874
74.8000 0.9250 22.5310 -0.07708 0.04565 0.99598 0.792328 0.809880
77.4980 0.5450 22.9460 -0.11236 0.03310 0.99312 0.802821 0.808281
76.1650 -0.1040 22.7450 -0.15540 0.03312 0.98730 0.797609 0.805854
76.8330 2.8390 22.8050 -0.11712 0.02991 0.99267 0.800315 0.817145
71.2040 2.8960 22.2710 -0.10957 0.06160 0.99207 0.778495 0.817588
69.8600 4.7870 21.9800 -0.10338 0.04982 0.99339 0.773316 0.824950
72.3750 2.7940 22.3690 -0.03176 0.05330 0.99807 0.783024 0.817148
71.3360 5.2040 22.1230 -0.08278 0.06517 0.99444 0.779051 0.826489
72.0970 3.9830 22.3450 -0.07843 0.06774 0.99462 0.781993 0.821724
70.3180 6.3420 22.0260 -0.09827 0.04052 0.99433 0.775160 0.830910
67.9200 7.7300 21.6770 -0.11223 0.03721 0.99299 0.765896 0.836377
72.4890 6.8580 22.0900 -0.07385 0.05357 0.99583 0.783539 0.832823
70.5520 8.1830 21.9350 -0.06900 0.05746 0.99596 0.776084 0.837994
74.1920 2.1580 22.3780 -0.06479 0.05368 0.99645 0.790001 0.814662
74.0700 3.9440 22.3650 -0.08778 0.03435 0.99555 0.789593 0.821533
73.2340 5.8320 22.1600 -0.08906 0.04864 0.99484 0.786382 0.828845
75.9370 6.3580 22.5620 -0.12128 0.03453 0.99202 0.796926 0.830730
72.5270 8.4590 21.9070 -0.09327 0.05607 0.99406 0.783675 0.839013
72.3260 9.9330 21.9170 -0.07563 0.02579 0.99680 0.782955 0.844680
74.3650 8.3360 22.3060 -0.15367 0.04720 0.98699 0.790891 0.838416
74.9580 10.3840 22.2940 -0.12860 0.03719 0.99100 0.793222 0.846280
69.2480 10.6660 21.6890 -0.09762 0.06117 0.99334 0.771097 0.847620
70.9480 9.6680 21.8780 -0.06301 0.05267 0.99662 0.777643 0.843702
72.6710 10.9890 21.8840 -0.11149 0.00637 0.99374 0.784306 0.848726
70.8910 11.5070 21.7580 -0.10137 0.01876 0.99467 0.777454 0.850798
71.8350 12.5150 21.9460 -0.11471 0.00196 0.99340 0.781190 0.854637
73.5510 12.1140 22.0490 -0.10533 -0.00097 0.99444 0.787788 0.853012
74.6040 13.6420 22.1020 -0.09285 0.05295 0.99427 0.791897 0.858848
79.7520 -2.7960 23.1850 -0.04121 0.02332 0.99888 0.811427 0.795328
81.2710 -0.1740 23.2530 -0.07854 0.02707 0.99654 0.817347 0.805363
81.1420 -1.9650 23.2580 -0.08373 0.01198 0.99642 0.816807 0.798474
83.5100 -2.6370 23.5580 -0.08432 0.02133 0.99621 0.825989 0.795792
80.2860 3.0680 23.0600 -0.06889 0.03944 0.99684 0.813646 0.817888
82.3730 3.2790 23.1820 -0.10937 0.03606 0.99335 0.821695 0.818626
82.5750 -0.2650 23.3720 -0.13017 0.03297 0.99094 0.822368 0.804955
84.5490 -1.2280 23.5250 0.27042 -0.00066 0.96274 0.830040 0.801177
85.9190 -0.9240 22.4790 0.90405 0.03093 0.42631 0.836849 0.802426
84.5300 0.4860 23.5380 0.24377 0.04487 0.96879 0.829945 0.807773
83.9540 -0.0180 23.6330 -0.02429 0.06961 0.99728 0.827743 0.805825
85.3530 0.8140 23.0900 0.62737 0.02568 0.77830 0.833527 0.809048
85.9210 2.0680 22.3580 0.90290 0.02275 0.42925 0.836960 0.813947
83.3040 0.8420 23.4000 -0.12759 0.06204 0.98988 0.825211 0.809192
84.0740 2.1130 23.5080 -0.02389 0.03641 0.99905 0.828258 0.814030
84.6390 2.9480 23.3870 0.32164 0.05985 0.94497 0.830487 0.817224
86.1090 -1.2910 21.6470 0.95428 0.02303 0.29803 0.840174 0.801119
86.8290 -0.8540 19.5580 0.98828 0.01489 0.15194 0.848656 0.803048
86.6400 -0.3940 20.3770 0.94976 0.01903 0.31239 0.845369 0.804714
87.1090 -0.3760 16.4240 0.99701 0.01113 0.07647 0.860687 0.805299
86.1080 1.4460 21.4810 0.95533 0.02198 0.29473 0.840475 0.811664
87.2650 2.3010 13.4710 0.99849 0.01623 0.05251 0.871702 0.815995
87.3330 -2.3100 13.1840 0.99854 0.01109 0.05278 0.873436 0.798289
78.0930 5.6420 22.8000 -0.08137 0.03947 0.99590 0.805253 0.827886
81.4900 6.9470 22.9760 -0.10277 0.03111 0.99422 0.818404 0.832777
78.2710 9.1290 22.6870 -0.08916 0.03787 0.99530 0.806024 0.841297
83.6900 5.5560 23.3500 -0.06341 0.02918 0.99756 0.826940 0.827305
83.9890 9.5510 23.2440 0.01093 0.03171 0.99944 0.828206 0.842683
82.1720 10.3780 22.9710 -0.12348 0.02573 0.99201 0.821148 0.845946
80.9170 12.4960 22.7550 -0.09693 0.04098 0.99445 0.816304 0.854151
85.3920 3.7390 22.9350 0.62646 0.05414 0.77757 0.833806 0.820308
84.1280 4.5220 23.3890 0.10943 0.02683 0.99363 0.828596 0.823306
86.0930 3.3380 21.3760 0.95459 0.02653 0.29673 0.840593 0.818957
85.8740 4.5690 22.2330 0.91198 0.03060 0.40910 0.837008 0.823573
86.0440 5.4950 21.3210 0.95419 0.02264 0.29833 0.840454 0.827254
86.6940 2.0990 19.9960 0.96777 0.02432 0.25064 0.846533 0.814355
87.0270 3.4630 16.8630 0.99628 0.01513 0.08487 0.858462 0.820008
86.6980 4.7820 19.8300 0.96819 0.01895 0.24949 0.846804 0.824688
84.5630 6.9170 23.2500 0.30143 0.02789 0.95308 0.830353 0.832527
85.4140 5.8920 22.7920 0.67681 0.04166 0.73498 0.834103 0.828601
85.8490 6.9660 22.1430 0.90704 0.02977 0.42000 0.837011 0.832804
86.5710 6.9150 20.0050 0.95447 0.02626 0.29715 0.845760 0.832869
85.2760 8.1870 22.7810 0.65622 0.02931 0.75400 0.833608 0.837434
84.6440 9.8140 23.1360 0.37279 0.04923 0.92661 0.830769 0.843678
86.0280 8.3000 21.2000 0.95409 0.02337 0.29860 0.840549 0.838050
82.4810 12.5930 22.9450 -0.18200 0.03257 0.98276 0.822362 0.854446
84.3470 11.2970 23.1000 0.22024 -0.00266 0.97544 0.829710 0.849399
83.5180 11.5680 23.1850 -0.06238 0.00181 0.99805 0.826460 0.850456
84.6230 12.3650 23.1300 0.38165 -0.01077 0.92425 0.830672 0.853501
83.7020 13.1370 23.2460 -0.05953 0.02217 0.99798 0.827164 0.856479
84.9050 11.1780 22.8800 0.51098 0.00783 0.85956 0.832069 0.848950
85.8100 9.9870 22.0550 0.90617 0.02319 0.42227 0.836942 0.844428
85.4930 11.2310 22.4350 0.73893 0.03042 0.67310 0.834950 0.849179
86.0150 10.4690 21.0650 0.95140 0.02607 0.30686 0.840769 0.846408
86.5940 9.5620 19.7310 0.96123 0.02183 0.27490 0.846468 0.843078
85.7540 12.1780 21.9410 0.92523 0.02832 0.37835 0.837032 0.852870
85.9660 13.3750 20.9500 0.94836 0.02381 0.31630 0.840799 0.857598
86.5080 12.6230 19.8050 0.95291 0.02359 0.30234 0.845749 0.854836
86.7410 10.5480 18.7630 0.99233 0.01917 0.12214 0.850116 0.846994
86.7710 6.9960 18.9520 0.99094 0.01922 0.13293 0.849878 0.833315
87.0330 7.2860 15.7800 0.99761 0.02123 0.06583 0.862092 0.834859
87.0420 11.6480 13.7390 0.99841 0.02141 0.05216 0.869338 0.851912
87.2310 9.4250 11.0190 0.99900 0.02292 0.03837 0.880137 0.843741
87.5340 -4.0780 6.8390 0.99952 0.01200 0.02846 0.898094 0.792345
87.4560 -3.8760 10.7800 0.99948 0.00947 0.03093 0.882904 0.792586
87.4190 1.0940 10.1650 0.99950 0.01378 0.02843 0.884596 0.811801
87.5110 -0.8250 5.9380 0.99956 0.01356 0.02656 0.901120 0.804995
87.4580 1.6680 7.0070 0.99968 0.01398 0.02116 0.896664 0.814445
87.7220 -7.1420 2.7830 0.99924 0.00709 0.03825 0.914122 0.781096
87.6420 -4.3880 4.1230 0.99925 0.01520 0.03555 0.908593 0.791518
87.8440 -8.8690 0.3250 0.99893 0.01229 0.04467 0.923819 0.774775
87.9360 -9.2140 -2.3760 0.99963 0.00529 0.02664 0.934268 0.773818
87.9050 -7.7580 -1.2470 0.99929 0.00469 0.03741 0.929728 0.779271
87.7990 -7.0080 0.3670 0.99862 0.00935 0.05176 0.923407 0.781942
87.7300 -4.4640 1.4990 0.99901 0.01497 0.04197 0.918705 0.791588
87.6390 -0.8930 2.0320 0.99869 0.01257 0.04964 0.916166 0.805269
87.8760 -6.0840 -0.6090 0.99883 0.00910 0.04746 0.927049 0.785634
87.7460 -1.6620 0.4800 0.99863 0.00887 0.05166 0.922253 0.802519
87.8350 -4.1770 -0.9390 0.99910 0.01596 0.03932 0.928058 0.793024
87.3540 5.2270 10.0360 0.99934 0.01867 0.03127 0.884514 0.827723
87.5090 2.8580 4.7580 0.99954 0.01595 0.02592 0.905158 0.819339
87.4150 4.7870 6.7180 0.99961 0.01844 0.02114 0.897342 0.826493
87.3530 7.2770 8.2620 0.99961 0.02068 0.01888 0.891051 0.835863
87.4900 5.7410 3.3780 0.99873 0.01793 0.04712 0.910067 0.830637
87.3930 7.7910 4.2060 0.99882 0.02471 0.04178 0.906583 0.838418
87.2970 10.6120 7.0020 0.99960 0.02484 0.01328 0.895426 0.848879
87.9180 -2.4670 -3.2470 0.99970 0.01106 0.02170 0.936714 0.799926
87.8710 -0.1070 -2.9370 0.99970 0.01173 0.02156 0.935199 0.808977
87.8250 2.3640 -2.0430 0.99948 0.01363 0.02931 0.931424 0.818375
87.7570 0.4200 0.2530 0.99862 0.00774 0.05196 0.922849 0.810571
87.5500 2.2730 3.0070 0.99910 0.01626 0.03929 0.911975 0.817331
87.6210 4.3110 1.5040 0.99831 0.01494 0.05609 0.917486 0.825387
87.6790 2.5040 0.9470 0.99829 0.01661 0.05605 0.919884 0.818502
87.6410 6.3020 0.4280 0.99867 0.00812 0.05092 0.921355 0.833203
87.7800 5.4270 -1.9480 0.99941 0.01389 0.03136 0.930635 0.830164
87.8190 4.7380 -4.5130 0.99988 0.01492 -0.00518 0.940602 0.827865
78.5340 13.6300 22.5130 -0.10053 0.04562 0.99389 0.807117 0.858616
76.3830 15.5230 22.1010 -0.10727 0.06297 0.99223 0.798786 0.866031
74.3030 15.1410 22.0220 -0.08245 0.01763 0.99644 0.790767 0.864638
76.4180 17.2800 21.9940 -0.08474 0.03613 0.99575 0.798958 0.872797
82.2490 14.3390 22.8110 -0.15375 0.04741 0.98697 0.821475 0.861196
78.3580 16.9050 22.3840 -0.13427 0.04353 0.98999 0.806530 0.871234
78.5550 19.5990 22.2770 -0.11457 0.03178 0.99291 0.807344 0.881604
84.0840 15.1170 23.1400 0.09236 0.03234 0.99520 0.828692 0.864068
84.9920 14.6800 22.7400 0.55210 0.02306 0.83346 0.832554 0.862416
85.4080 14.5380 22.3930 0.76353 0.02455 0.64531 0.834655 0.861900
84.7120 15.9730 22.9550 0.45016 0.03308 0.89234 0.831162 0.867360
84.5720 17.3580 22.8990 0.37850 0.02741 0.92520 0.830704 0.872692
83.7270 17.1730 23.0090 -0.05126 0.01282 0.99860 0.827384 0.872001
81.8040 18.9720 22.6010 -0.14832 0.03525 0.98831 0.819867 0.879031
83.8860 18.9190 23.1110 0.03727 0.03318 0.99875 0.828025 0.878693
83.7730 20.3000 22.9530 -0.03401 0.04025 0.99861 0.827650 0.884008
85.3000 17.3640 22.3700 0.72751 0.03727 0.68509 0.834202 0.872764
85.7480 16.6030 21.7550 0.93394 0.03165 0.35604 0.837197 0.869902
85.7720 14.7210 21.7670 0.93754 0.02263 0.34714 0.837416 0.862673
85.8740 16.2870 20.9400 0.95845 0.02502 0.28417 0.840409 0.868796
86.4300 15.7100 19.7450 0.94601 0.02491 0.32317 0.845531 0.866711
86.6420 14.4320 18.9680 0.98846 0.02333 0.14964 0.848784 0.861896
84.6950 19.6740 22.8050 0.46537 0.06043 0.88305 0.831269 0.881605
85.6860 18.2960 21.7410 0.92434 0.02526 0.38074 0.836982 0.876407
85.1980 19.9080 22.3720 0.72849 0.04424 0.68363 0.833798 0.882543
85.7230 21.1480 21.5320 0.92940 0.01381 0.36882 0.837475 0.887396
84.1800 21.8810 22.9160 0.27941 0.06345 0.95807 0.829259 0.890054
85.2400 22.2950 22.2720 0.70718 0.02139 0.70670 0.833963 0.891725
85.8320 19.3290 20.8810 0.95655 0.00465 0.29154 0.840214 0.880478
85.8780 21.0230 20.7810 0.95498 0.01456 0.29630 0.840431 0.887003
86.3890 18.8560 19.6380 0.94377 0.01079 0.33044 0.845502 0.878812
86.5790 18.2490 18.9230 0.98802 0.02001 0.15299 0.848425 0.876573
86.4750 21.1280 19.3290 0.97288 0.02853 0.22954 0.846446 0.887574
86.8630 12.7210 16.7330 0.99768 0.01468 0.06654 0.857652 0.855623
86.8170 16.7140 16.0720 0.99791 0.02541 0.05946 0.859631 0.871065
86.9770 15.0510 13.6910 0.99866 0.02440 0.04559 0.869040 0.865004
87.1270 14.5620 10.2600 0.99909 0.02622 0.03358 0.882317 0.863612
86.9450 17.5540 12.6440 0.99864 0.03406 0.03955 0.872707 0.874783
87.0820 18.4530 7.8960 0.99906 0.03733 0.02184 0.890841 0.878931
87.1900 15.4000 7.0970 0.99958 0.02586 0.01269 0.894367 0.867297
86.7090 19.9750 16.2700 0.99811 0.03286 0.05191 0.858398 0.883574
81.4910 23.1150 22.4230 -0.12496 0.03559 0.99152 0.818803 0.894986
82.3040 21.7630 22.5640 -0.17783 0.03418 0.98347 0.821898 0.889743
83.7150 21.8100 22.9570 -0.09839 0.06183 0.99323 0.827495 0.889797
84.6700 23.1220 22.6120 0.40151 0.03612 0.91514 0.831332 0.894863
83.7100 22.9750 22.7960 -0.02690 0.06327 0.99763 0.827511 0.894313
84.1030 25.0330 22.8130 0.14959 0.05140 0.98741 0.829069 0.902191
85.6550 23.2070 21.5500 0.92626 0.02714 0.37590 0.837073 0.895300
85.1800 24.6430 22.2230 0.68768 0.03478 0.72518 0.833752 0.900733
85.8440 24.4070 20.5320 0.95757 0.02960 0.28667 0.840895 0.900038
85.6090 25.6550 21.5260 0.92303 0.02743 0.38374 0.836787 0.904704
86.3300 25.0990 19.1940 0.97360 0.02569 0.22680 0.846304 0.902845
86.5080 24.0610 17.5340 0.99776 0.03202 0.05871 0.852891 0.899096
84.1560 26.4790 22.6310 0.12878 0.05729 0.99002 0.829350 0.907767
84.7610 26.3280 22.4130 0.49401 0.04112 0.86848 0.831883 0.907214
85.2410 26.8140 22.0190 0.74782 0.03267 0.66309 0.834287 0.909110
84.5700 27.8870 22.5230 0.41103 0.00659 0.91160 0.831000 0.913198
85.7630 26.8910 20.6030 0.96216 0.02297 0.27152 0.840228 0.909561
86.3750 27.3220 18.5020 0.99555 0.02721 0.09027 0.848673 0.911464
86.5440 26.7590 14.0310 0.99891 0.03189 0.03410 0.865973 0.909981
86.8970 20.8310 10.5210 0.99863 0.04054 0.03307 0.880382 0.887703
86.7080 22.6180 13.4860 0.99854 0.03843 0.03788 0.868702 0.894146
86.8000 23.3530 10.5690 0.99871 0.03987 0.03157 0.879816 0.897404
86.6590 26.0240 11.2920 0.99883 0.03639 0.03177 0.876623 0.907575
86.8920 22.4640 7.7880 0.99890 0.04297 0.01871 0.890648 0.894400
86.7540 25.5720 8.6960 0.99901 0.03887 0.02177 0.886678 0.906234
86.7890 26.1430 4.6520 0.99887 0.03623 0.03077 0.902131 0.909051
87.5390 9.9990 1.2490 0.99780 0.02051 0.06312 0.917673 0.847332
87.2900 11.0620 4.7360 0.99917 0.02544 0.03187 0.904075 0.850938
87.5570 6.9130 2.2660 0.99814 0.00998 0.06019 0.914194 0.835302
87.7130 8.1600 -1.1170 0.99907 0.01391 0.04075 0.927051 0.840575
87.7690 8.1280 -4.0160 0.99993 0.01055 0.00458 0.938213 0.840860
87.4550 13.3690 1.3570 0.99689 0.02622 0.07434 0.916767 0.860300
87.6120 12.5300 -0.1990 0.99771 0.01974 0.06473 0.922900 0.857280
87.7190 10.9310 -2.1940 0.99941 0.01165 0.03237 0.930808 0.851404
87.7490 12.2440 -4.6350 0.99987 0.01448 -0.00742 0.940015 0.856809
87.7380 9.2330 -6.4800 0.99867 0.01163 -0.05026 0.947538 0.845471
87.6210 15.0110 -1.4730 0.99855 0.02553 0.04749 0.927447 0.867022
87.6640 16.8150 -4.6390 0.99982 0.01888 -0.00218 0.939369 0.874429
87.6540 13.7800 -6.6320 0.99764 0.01419 -0.06715 0.947480 0.863024
87.5670 17.2210 -7.3590 0.99680 0.01097 -0.07921 0.949779 0.876394
87.2110 14.0250 5.2270 0.99958 0.02362 0.01650 0.901762 0.862277
87.3190 12.8520 3.5460 0.99791 0.02453 0.05973 0.908403 0.858001
87.1860 15.8410 4.3120 0.99887 0.02876 0.03794 0.905014 0.869405
87.0710 20.0900 3.6210 0.99810 0.03922 0.04754 0.907035 0.885876
87.5220 17.4870 -1.0050 0.99784 0.02871 0.05912 0.925278 0.876495
87.2440 21.0920 0.8520 0.99587 0.03811 0.08236 0.917564 0.890131
86.9240 23.0330 4.0940 0.99825 0.04270 0.04097 0.904761 0.897152
87.6330 18.8460 -4.3260 0.99983 0.01520 0.01039 0.937866 0.882208
87.4330 22.7930 -1.8680 0.99679 0.02887 0.07468 0.927809 0.897068
87.5780 22.6790 -4.5290 0.99976 0.01434 0.01666 0.938081 0.897012
78.7440 -14.2010 -15.2560 0.01740 -0.02576 -0.99952 0.805164 0.385444
79.2930 -10.0710 -15.3370 0.00930 -0.02209 -0.99971 0.807725 0.369589
82.9900 -12.7440 -15.2210 0.01662 -0.03028 -0.99940 0.821674 0.380304
77.1350 -6.5510 -15.4050 0.00691 -0.01242 -0.99990 0.799810 0.355786
76.7820 -2.9670 -15.4350 0.00095 -0.01170 -0.99993 0.798846 0.341936
82.9640 -5.6240 -15.4490 -0.00263 -0.03122 -0.99951 0.822349 0.352855
83.4370 -9.2220 -15.3250 0.01043 -0.03365 -0.99938 0.823780 0.366779
80.8130 -1.0730 -15.5440 -0.02528 -0.02770 -0.99930 0.814577 0.335076
87.9950 -9.2420 -4.4900 0.99999 0.00487 -0.00016 0.942407 0.773995
87.8740 -9.4790 -9.0430 0.99929 0.00738 -0.03707 0.959967 0.773706
87.9270 -8.1680 -6.7930 0.99963 0.00809 -0.02605 0.951128 0.778448
87.8570 -6.5380 -8.9160 0.99917 0.00885 -0.03987 0.959083 0.785023
85.5230 -13.9480 -15.1290 0.09942 -0.03218 -0.99452 0.831294 0.385231
86.7930 -14.0650 -14.8820 0.34184 -0.03093 -0.93925 0.836261 0.385857
87.2530 -13.1560 -14.6780 0.67347 -0.00607 -0.73919 0.838335 0.382439
87.7080 -14.1300 -13.8590 0.87992 0.00336 -0.47511 0.841755 0.386363
87.7080 -14.1300 -13.8590 0.99902 0.01213 -0.04267 0.979133 0.756432
86.4250 -12.1900 -15.0550 0.29230 -0.02541 -0.95599 0.834994 0.378574
85.6820 -9.9260 -15.2700 0.13061 -0.03115 -0.99094 0.832348 0.369743
87.3040 -11.1960 -14.6380 0.70072 -0.02411 -0.71303 0.838909 0.374915
86.9180 -9.0830 -14.9640 0.50643 -0.03787 -0.86145 0.837379 0.366684
87.7900 -11.3710 -11.3920 0.99889 0.01045 -0.04594 0.969266 0.766732
87.6480 -11.6010 -13.9980 0.99829 0.01713 -0.05591 0.979341 0.766201
87.6480 -11.6010 -13.9980 0.87429 -0.01870 -0.48504 0.841632 0.376600
87.6150 -9.9140 -14.1770 0.99825 0.01608 -0.05695 0.979804 0.772731
87.6150 -9.9140 -14.1770 0.79162 0.00669 -0.61097 0.841265 0.370082
87.7210 -7.3080 -11.5590 0.99826 0.01349 -0.05744 0.969370 0.782421
87.5570 -7.0030 -14.0990 0.93312 0.00818 -0.35948 0.842127 0.358917
87.5570 -7.0030 -14.0990 0.99788 0.01933 -0.06211 0.979126 0.783946
85.8210 -6.4160 -15.4090 0.14857 -0.03898 -0.98813 0.833252 0.356227
87.3640 -7.7240 -14.6420 0.79922 -0.00246 -0.60104 0.839752 0.361557
85.7650 -4.0050 -15.5040 0.14028 -0.04527 -0.98908 0.833317 0.346926
83.9750 -2.3760 -15.5850 -0.01194 -0.04042 -0.99911 0.826606 0.340443
87.7200 -3.8190 -10.9780 0.99800 0.01710 -0.06094 0.966659 0.795787
87.4960 -4.6920 -14.4250 0.99738 0.01910 -0.06981 0.980072 0.792902
87.4960 -4.6920 -14.4250 0.81755 0.02040 -0.57549 0.841380 0.349958
86.7240 -5.5190 -15.1760 0.42141 -0.03815 -0.90607 0.836972 0.352915
87.2850 -5.4770 -14.8000 0.75875 -0.02406 -0.65094 0.839570 0.352888
86.8620 -3.9060 -15.1830 0.53215 -0.03732 -0.84583 0.837736 0.346728
85.6220 -0.5470 -15.6690 0.10285 -0.04123 -0.99384 0.833150 0.333575
83.9430 1.1590 -15.7210 -0.02808 -0.04239 -0.99871 0.826884 0.326810
87.5170 -1.1260 -12.9440 0.99722 0.02481 -0.07022 0.973885 0.806450
87.4000 -1.7760 -14.5540 0.87310 0.00242 -0.48753 0.841421 0.338720
87.4000 -1.7760 -14.5540 0.99649 0.02129 -0.08101 0.980190 0.804172
87.3870 0.1310 -14.5100 0.89750 0.00594 -0.44097 0.841987 0.331408
87.3870 0.1310 -14.5100 0.99737 0.02764 -0.06700 0.979756 0.811517
86.4120 -1.9260 -15.4670 0.36962 -0.03190 -0.92863 0.836083 0.339007
87.1770 -2.5840 -14.9480 0.73519 -0.00307 -0.67785 0.839499 0.341722
86.5570 -0.2290 -15.4640 0.42352 -0.03781 -0.90510 0.836890 0.332503
87.1310 -0.6080 -15.0360 0.75436 -0.01258 -0.65634 0.839567 0.334111
74.6120 3.6110 -15.5100 0.00078 -0.00734 -0.99997 0.791222 0.316351
72.2010 5.5480 -15.5390 0.02596 -0.00636 -0.99964 0.782158 0.308620
79.0890 1.9280 -15.5550 -0.03005 -0.02028 -0.99934 0.808273 0.323323
77.0720 5.6070 -15.5660 -0.02601 -0.01310 -0.99958 0.800910 0.308925
70.5900 6.2210 -15.6380 0.03654 -0.00991 -0.99928 0.776022 0.305847
69.9180 7.6450 -15.6260 0.05203 -0.01063 -0.99859 0.773599 0.300285
74.9700 8.2220 -15.5460 -0.00987 -0.01201 -0.99988 0.793110 0.298621
71.7550 8.1550 -15.5610 0.03157 -0.02842 -0.99910 0.780731 0.298528
70.5420 8.6340 -15.6580 0.03689 -0.03421 -0.99873 0.776109 0.296542
68.2810 9.7740 -15.8060 0.02624 0.00148 -0.99965 0.767507 0.291899
67.3100 11.8020 -15.7360 0.07674 0.00683 -0.99703 0.764002 0.283978
69.1560 11.6330 -15.7110 0.05142 -0.00303 -0.99867 0.771089 0.284829
69.4430 9.6020 -15.6680 0.06944 0.00860 -0.99755 0.771982 0.292692
71.1060 11.8530 -15.5790 0.02174 -0.01218 -0.99969 0.778634 0.284199
70.5450 10.6550 -15.5540 0.01481 0.02006 -0.99969 0.776349 0.288747
70.6850 13.3140 -15.6190 0.03250 -0.01242 -0.99939 0.777169 0.278523
71.5570 9.7100 -15.6570 0.01754 0.00690 -0.99982 0.780138 0.292512
73.4200 8.8950 -15.5710 0.01345 -0.01950 -0.99972 0.787218 0.295857
72.6960 10.8110 -15.5840 0.01413 0.01197 -0.99983 0.784642 0.288393
73.1620 12.1150 -15.5760 0.00320 -0.00426 -0.99999 0.786575 0.283415
71.8900 13.6160 -15.6380 0.00865 -0.00838 -0.99993 0.781842 0.277490
75.1930 11.6680 -15.5900 -0.01982 -0.00789 -0.99977 0.794346 0.285360
73.6400 14.4630 -15.5820 -0.00009 -0.00379 -0.99999 0.788673 0.274422
82.8200 4.2230 -15.7830 -0.05766 -0.03614 -0.99768 0.822899 0.314876
79.6050 5.7090 -15.6630 -0.04807 -0.02371 -0.99856 0.810680 0.308807
85.7670 2.9060 -15.8490 0.14757 -0.05571 -0.98748 0.834109 0.320276
87.0840 1.3070 -15.1260 0.77385 -0.00859 -0.63331 0.839623 0.326730
86.5380 2.6580 -15.5780 0.47163 -0.03434 -0.88113 0.837204 0.321379
82.6250 7.9980 -15.9130 -0.07566 -0.03408 -0.99655 0.822578 0.300301
85.0160 6.0370 -16.0200 -0.01585 -0.05646 -0.99828 0.831590 0.308111
86.1310 5.1500 -15.8920 0.32308 -0.04825 -0.94514 0.835793 0.311678
78.1150 9.1840 -15.6520 -0.04604 -0.01636 -0.99881 0.805324 0.295249
80.4800 10.8260 -15.8310 -0.07151 -0.02498 -0.99713 0.814626 0.289175
78.2950 12.4800 -15.7140 -0.05602 -0.01442 -0.99833 0.806378 0.282565
76.6960 15.6680 -15.6720 -0.04324 -0.00858 -0.99903 0.800569 0.270107
82.8730 12.2270 -16.0630 -0.09536 -0.02358 -0.99516 0.824022 0.284027
79.9320 15.7030 -15.8700 -0.07280 -0.00987 -0.99730 0.813050 0.270314
83.7820 15.2080 -16.1900 -0.13027 -0.01886 -0.99130 0.827866 0.272630
85.2880 9.0690 -16.2050 -0.02537 -0.04484 -0.99867 0.832993 0.296448
87.9450 -5.5440 -3.9080 0.99993 0.00990 0.00713 0.939674 0.788162
87.8970 -5.1980 -6.7660 0.99976 0.00738 -0.02070 0.950625 0.789888
87.9210 -2.6950 -5.1050 0.99989 0.00944 -0.01144 0.943893 0.799305
87.8450 -1.1900 -7.4450 0.99915 0.02074 -0.03571 0.952695 0.805431
87.8580 -2.9240 -8.0000 0.99925 0.01328 -0.03634 0.955068 0.798824
87.8790 0.0970 -5.6830 0.99978 0.01097 -0.01767 0.945740 0.810144
87.8690 2.1260 -5.5940 0.99967 0.01717 -0.01936 0.945118 0.817950
87.7380 -0.2120 -9.3250 0.99802 0.02525 -0.05763 0.959805 0.809463
87.7430 3.8100 -7.4410 0.99813 0.02318 -0.05658 0.952004 0.824706
87.4790 2.1770 -11.9310 0.99682 0.03750 -0.07034 0.969541 0.819049
87.4080 6.1190 -10.8800 0.99541 0.03586 -0.08871 0.964967 0.834109
87.7600 6.9240 -6.6210 0.99869 0.01360 -0.04923 0.948409 0.836592
87.4340 8.8210 -9.8450 0.99402 0.02985 -0.10505 0.960599 0.844379
87.1290 8.7520 -12.4500 0.99309 0.05085 -0.10581 0.970700 0.844505
87.2260 5.7000 -13.1530 0.99596 0.04944 -0.07495 0.973804 0.832822
86.9920 7.4260 -15.0810 0.84402 0.00621 -0.53628 0.841069 0.303219
86.9920 7.4260 -15.0810 0.99470 0.06550 -0.07926 0.981024 0.839759
87.6600 10.7390 -7.2270 0.99644 0.01977 -0.08195 0.950209 0.851385
87.2320 3.3290 -14.7630 0.89423 0.01921 -0.44719 0.841592 0.319053
87.2320 3.3290 -14.7630 0.99686 0.04452 -0.06552 0.980315 0.823896
87.1560 5.2930 -14.7440 0.91750 0.01787 -0.39733 0.841991 0.311505
87.1560 5.2930 -14.7440 0.99704 0.05158 -0.05706 0.979986 0.831471
86.9000 4.7180 -15.3610 0.76683 0.00240 -0.64185 0.839283 0.313558
86.5460 6.3980 -15.7220 0.63973 -0.00995 -0.76854 0.837794 0.306972
85.8780 7.5200 -16.1040 0.23416 -0.05313 -0.97074 0.835072 0.302497
86.5130 8.8280 -15.8390 0.71389 0.00111 -0.70026 0.837973 0.297610
87.1390 11.3350 -11.5230 0.99109 0.03479 -0.12860 0.966769 0.854334
86.5840 12.1690 -15.3660 0.87772 0.03683 -0.47775 0.840328 0.284843
86.5840 12.1690 -15.3660 0.98949 0.05262 -0.13466 0.981581 0.858141
87.2770 13.3710 -10.1400 0.99142 0.01846 -0.12939 0.961116 0.861972
87.1920 17.6880 -10.2250 0.98918 0.01347 -0.14609 0.960832 0.878632
87.5420 20.5420 -7.4540 0.99703 0.00796 -0.07660 0.949653 0.889212
86.5980 15.1900 -14.3040 0.98546 0.03772 -0.16566 0.977072 0.869632
86.7330 18.0820 -12.8990 0.98485 0.02418 -0.17174 0.971208 0.880568
86.2480 17.3450 -15.8000 0.98170 0.03861 -0.18649 0.982637 0.878182
86.2480 17.3450 -15.8000 0.86362 0.03835 -0.50268 0.839483 0.264848
86.3260 14.9190 -15.8120 0.83231 0.01038 -0.55422 0.838991 0.274178
86.3260 14.9190 -15.8120 0.98145 0.04786 -0.18563 0.983011 0.868833
85.9580 10.6750 -16.2460 0.38892 -0.02078 -0.92104 0.835778 0.290351
85.3750 12.7890 -16.3760 -0.00049 -0.04786 -0.99885 0.833789 0.282126
86.7650 10.0620 -15.1980 0.89872 0.04390 -0.43632 0.840845 0.292987
86.7650 10.0620 -15.1980 0.99245 0.07896 -0.09382 0.981173 0.849970
86.4550 11.0760 -15.7490 0.82859 0.02162 -0.55944 0.838581 0.288973
86.1030 12.3240 -16.2180 0.59290 -0.00916 -0.80522 0.836604 0.284031
85.7950 13.9970 -16.4550 0.21694 -0.03613 -0.97552 0.835522 0.277513
85.9090 15.1150 -16.4080 0.60991 -0.00153 -0.79247 0.836242 0.273245
85.5120 15.8370 -16.5540 0.03559 -0.04530 -0.99834 0.834749 0.270389
84.0170 17.4710 -16.2470 -0.20666 -0.03775 -0.97768 0.829031 0.263936
85.8720 16.8730 -16.4890 0.62853 -0.00506 -0.77777 0.836364 0.266480
85.5990 27.6940 21.3650 0.93647 0.02478 0.34986 0.837115 0.912549
85.1120 29.1410 22.1300 0.71990 0.01522 0.69391 0.833519 0.918044
85.5570 29.9020 21.3650 0.93700 0.01396 0.34905 0.836866 0.921031
85.7300 29.9530 20.3910 0.96518 0.02952 0.25990 0.840670 0.921333
86.2420 28.1620 19.2600 0.96690 0.03393 0.25289 0.845602 0.914585
86.2920 30.3380 18.3480 0.99467 0.03624 0.09648 0.848827 0.923055
84.2500 -42.0500 24.5310 -0.09099 -0.44416 0.89131 0.827754 0.644968
84.7150 -39.3780 24.7670 -0.05781 0.00002 0.99833 0.829243 0.654764
-7.4340 12.6270 21.1070 -0.01922 0.06631 0.99761 0.475533 0.857049
-4.4850 10.0500 21.3340 -0.00993 0.06193 0.99803 0.486848 0.847027
-5.2240 15.0110 21.0100 -0.01161 0.06957 0.99751 0.484076 0.866192
-1.4090 10.0250 21.3590 -0.01067 0.05793 0.99826 0.498690 0.846860
-2.6940 12.2660 21.1770 -0.01100 0.06833 0.99760 0.493776 0.855548
-2.7420 16.5360 20.8840 -0.01063 0.07306 0.99727 0.493658 0.872039
-0.8950 13.8280 21.1260 -0.01899 0.06670 0.99759 0.500732 0.861529
-7.6690 16.8300 20.8050 -0.02200 0.07446 0.99698 0.474683 0.873288
-7.6380 20.9950 20.4770 -0.02392 0.08955 0.99570 0.474857 0.889381
-5.1720 18.9430 20.7160 -0.01079 0.07947 0.99678 0.484335 0.881382
-3.0550 21.0600 20.5260 -0.00695 0.08533 0.99633 0.492518 0.889529
-4.7940 22.3230 20.4330 -0.00841 0.09206 0.99572 0.485835 0.894440
3.6870 11.9890 21.2810 -0.00942 0.05918 0.99820 0.518341 0.854327
2.7070 15.7010 21.0330 -0.01088 0.06904 0.99755 0.514630 0.868677
5.9790 15.3540 21.1100 -0.00929 0.06641 0.99775 0.527228 0.867256
4.3100 18.7080 20.8170 -0.01481 0.07538 0.99705 0.520854 0.880262
-0.2580 18.8560 20.7810 -0.02061 0.07710 0.99681 0.503264 0.880930
-0.0840 23.9810 20.3290 -0.02648 0.09318 0.99530 0.504007 0.900748
2.0730 20.2580 20.7120 -0.00766 0.08055 0.99672 0.512264 0.886289
1.8910 24.4300 20.3460 -0.01199 0.09491 0.99541 0.511626 0.902424
4.3860 22.3710 20.5190 -0.01126 0.08846 0.99602 0.521205 0.894417
-10.0850 23.6600 20.1730 -0.02418 0.10299 0.99439 0.465460 0.899755
-7.4950 27.7660 19.7820 -0.03205 0.11782 0.99252 0.475489 0.915598
-5.5250 25.7710 20.0780 -0.02284 0.10588 0.99412 0.483063 0.907804
-8.8660 32.2920 19.1460 -0.03607 0.13882 0.98966 0.470244 0.933224
-12.4460 37.0330 18.3050 -0.04070 0.17703 0.98336 0.456463 0.951799
-8.6750 37.2710 18.4150 -0.04179 0.15561 0.98693 0.471026 0.952600
-2.8620 24.2920 20.2290 -0.01123 0.09753 0.99517 0.493304 0.902028
-5.2240 31.0880 19.4560 -0.01957 0.13029 0.99128 0.484284 0.928416
-2.6710 27.1240 19.9490 -0.01831 0.10972 0.99379 0.494078 0.912987
-3.2040 32.3700 19.2830 -0.01963 0.13309 0.99091 0.492088 0.933366
1.0020 27.9280 19.9720 -0.01888 0.10783 0.99399 0.508252 0.915989
1.6080 32.3270 19.4740 -0.01973 0.12555 0.99189 0.510650 0.933027
-4.9920 37.0360 18.6080 -0.02871 0.15136 0.98806 0.485244 0.951550
-1.6250 37.4690 18.6270 -0.03615 0.14362 0.98897 0.498238 0.953142
-4.0500 37.9810 18.4450 -0.00700 0.15218 0.98833 0.488884 0.955231
-4.2830 39.3900 18.2720 -0.03501 0.13182 0.99066 0.488004 0.960699
-2.1560 39.1730 18.3630 -0.03601 0.12742 0.99119 0.496212 0.959789
10.6870 11.2700 21.4480 -0.01292 0.04717 0.99880 0.545289 0.851373
8.0610 17.9660 20.9350 -0.01920 0.06992 0.99737 0.535289 0.877297
10.9720 15.3260 21.2200 -0.00772 0.06547 0.99782 0.546461 0.867015
13.8920 14.1790 21.2350 -0.02514 0.05744 0.99803 0.557682 0.862537
10.1140 18.9230 20.9430 -0.01828 0.07102 0.99731 0.543222 0.880926
13.5620 17.3130 21.0320 -0.02646 0.06582 0.99748 0.556470 0.874644
6.2700 20.2330 20.7700 -0.01928 0.08008 0.99660 0.528431 0.886091
10.5730 21.1820 20.7930 -0.01704 0.07597 0.99696 0.545030 0.889639
4.2360 25.6190 20.2180 -0.01345 0.09690 0.99520 0.520678 0.906985
8.6490 22.8990 20.5690 -0.03326 0.08339 0.99596 0.537642 0.896340
13.6320 20.3080 20.8360 -0.03380 0.07087 0.99691 0.556796 0.886202
7.8210 27.5530 20.1380 -0.03538 0.09753 0.99460 0.534529 0.914357
10.3230 25.6790 20.4220 -0.02156 0.08869 0.99583 0.544149 0.907018
13.5520 24.4390 20.5100 -0.03470 0.08236 0.99600 0.556566 0.902164
16.0080 13.0410 21.4400 -0.01602 0.05444 0.99839 0.565825 0.858071
14.9330 15.3680 21.2350 -0.05689 0.05902 0.99663 0.561724 0.867086
16.8820 16.8260 21.2290 0.01535 0.05703 0.99825 0.569262 0.872650
17.6040 14.3170 21.2980 0.02681 0.05207 0.99828 0.572001 0.862970
15.6880 18.3960 21.1120 -0.02984 0.06878 0.99719 0.564698 0.878740
18.1150 18.2830 21.0860 0.01113 0.06605 0.99775 0.574042 0.878256
15.2720 20.9910 20.9070 -0.04025 0.07088 0.99667 0.563146 0.888771
20.3860 17.7310 21.1050 -0.06508 0.05466 0.99638 0.582772 0.876077
17.4860 20.7690 20.9050 0.00478 0.06394 0.99794 0.571667 0.887870
20.0570 20.4080 20.9500 -0.05546 0.06412 0.99640 0.581572 0.886414
21.9820 15.2220 21.4600 -0.00445 0.04830 0.99882 0.588918 0.866322
22.0100 19.0080 21.2540 0.01251 0.06005 0.99812 0.589105 0.880918
14.9360 24.1940 20.6330 -0.05708 0.08010 0.99515 0.561908 0.901156
16.7080 22.3400 20.8500 0.00234 0.06731 0.99773 0.568702 0.893938
13.4420 28.7070 20.1290 -0.04223 0.09656 0.99443 0.556218 0.918671
14.9460 28.4670 20.2800 -0.06509 0.08973 0.99384 0.562023 0.917667
17.8910 22.4120 20.8040 0.01081 0.06743 0.99767 0.573264 0.894201
20.3170 23.7790 20.7200 -0.05937 0.07143 0.99568 0.582635 0.899421
16.5560 25.9420 20.5550 -0.01766 0.08133 0.99653 0.568185 0.907855
17.7350 30.1330 20.1800 0.00506 0.09512 0.99545 0.572810 0.924031
16.5590 29.8730 20.2310 -0.01221 0.09411 0.99549 0.568274 0.923038
20.1400 28.6810 20.3160 -0.07070 0.08434 0.99393 0.582050 0.918367
3.9590 29.0360 19.8690 -0.01810 0.10882 0.99390 0.519663 0.920221
3.6320 34.2030 19.2380 -0.02247 0.12442 0.99197 0.518478 0.940276
7.4140 31.9870 19.6490 -0.03980 0.11413 0.99267 0.533031 0.931546
9.8430 29.1620 20.0580 -0.02776 0.10084 0.99451 0.542354 0.920511
1.9310 36.9410 18.8620 -0.03295 0.14679 0.98862 0.511957 0.950950
0.5530 39.4780 18.4140 -0.03948 0.12070 0.99190 0.506665 0.960889
1.7650 38.2370 18.6310 -0.04144 0.14658 0.98833 0.511325 0.956018
6.8150 37.3840 18.9800 -0.04126 0.15393 0.98722 0.530801 0.952500
3.9780 37.8400 18.7870 -0.03837 0.13401 0.99024 0.519862 0.954385
5.4970 39.9520 18.5770 -0.04218 0.12328 0.99148 0.525757 0.962532
2.8690 40.4550 18.4150 -0.04187 0.13085 0.99052 0.515626 0.964578
6.8350 38.0930 18.8430 -0.03961 0.15012 0.98787 0.530886 0.955279
10.6270 31.8680 19.8110 -0.02064 0.11153 0.99355 0.545421 0.930960
13.4890 31.6380 19.8270 -0.04528 0.10546 0.99339 0.556442 0.930019
10.6180 34.7800 19.4510 -0.02739 0.11682 0.99278 0.545432 0.942258
13.6320 34.7050 19.5080 -0.05880 0.10814 0.99239 0.557045 0.941890
15.5100 33.0760 19.8630 -0.05399 0.10002 0.99352 0.564290 0.935471
14.9570 35.1200 19.6010 -0.08921 0.11246 0.98964 0.562183 0.943414
16.4030 34.9570 19.7270 -0.00562 0.10722 0.99422 0.567763 0.942711
9.4130 40.8570 18.6640 -0.04350 0.11755 0.99211 0.540890 0.965881
8.0670 42.7080 18.3600 -0.04666 0.21744 0.97496 0.535727 0.973117
10.4940 42.7830 18.4490 -0.04885 0.21912 0.97448 0.545091 0.973326
10.3760 37.3900 19.1350 -0.03557 0.15285 0.98761 0.544546 0.952385
10.5830 38.2630 18.9710 -0.04215 0.14350 0.98875 0.545348 0.955801
12.8650 37.9160 19.1230 -0.04291 0.11297 0.99267 0.554143 0.954364
12.0090 40.4570 18.8230 -0.04770 0.11668 0.99202 0.550903 0.964235
14.7110 37.4370 19.2980 -0.07632 0.13430 0.98800 0.561268 0.952415
14.9350 38.4490 19.1420 -0.06305 0.12926 0.98960 0.562141 0.956355
14.6770 40.3300 18.9840 -0.04180 0.11425 0.99257 0.561196 0.963630
13.7620 43.0490 18.5450 -0.04073 0.25879 0.96507 0.557706 0.974253
-17.5700 43.6930 16.5380 -0.04713 0.71692 0.69556 0.436647 0.978515
-16.2640 38.1840 17.9230 -0.03151 0.15717 0.98707 0.441725 0.956452
-14.8470 38.1470 17.9540 -0.03490 0.16482 0.98571 0.447190 0.956279
-14.8210 40.5710 17.6730 -0.04269 0.15807 0.98651 0.447324 0.965666
-11.9300 37.8720 18.1560 -0.04666 0.16992 0.98435 0.458458 0.955080
-11.0070 40.4080 17.8540 -0.04098 0.15594 0.98692 0.462054 0.964902
-9.1070 39.3680 18.0560 -0.04149 0.13599 0.98984 0.469374 0.960802
-12.9550 42.5350 17.3740 -0.05101 0.27529 0.96001 0.454538 0.973293
-15.3930 43.3990 16.8840 -0.04684 0.54310 0.83836 0.445088 0.977018
-13.5360 43.5160 16.9400 -0.04720 0.58072 0.81274 0.452254 0.977384
-15.0220 43.8310 16.4910 -0.04558 0.81271 0.58088 0.446457 0.979312
-12.2100 43.1730 17.1880 -0.03456 0.46676 0.88371 0.457402 0.975871
-11.4700 43.9230 16.6050 -0.04496 0.79553 0.60425 0.460173 0.979595
-15.7370 44.1700 15.7300 -0.03712 0.89402 0.44648 0.443567 0.982400
-16.8730 44.5900 14.8240 -0.03516 0.96264 0.26848 0.450329 0.017090
-16.8730 44.5900 14.8240 -0.03447 0.89092 0.45286 0.439018 0.986069
-15.4700 44.8340 14.1290 -0.02530 0.98994 0.13919 0.455611 0.020171
-17.0600 44.7960 12.9950 -0.03293 0.99886 -0.03465 0.449241 0.024190
-13.9030 44.6310 14.9640 -0.03716 0.89574 0.44303 0.450516 0.986106
-13.9030 44.6310 14.9640 -0.02601 0.96066 0.27649 0.461811 0.017155
-14.7320 44.8340 12.6690 -0.02905 0.99942 -0.01798 0.458144 0.025944
-16.4540 44.7060 10.6320 -0.01502 0.99952 -0.02693 0.451069 0.033420
-17.1210 44.7050 10.0240 0.10452 0.99397 -0.03316 0.448368 0.035620
-16.3300 44.5540 8.4730 0.04688 0.99820 -0.03745 0.451109 0.041764
-15.5750 44.7520 11.8610 -0.07694 0.99699 -0.00943 0.454714 0.028874
-15.5770 44.7820 11.1930 -0.07705 0.99702 -0.00260 0.454581 0.031445
-15.1620 44.6940 8.7350 -0.10806 0.99363 -0.03210 0.455671 0.040984
-14.0550 44.8260 10.5100 -0.04413 0.99889 -0.01622 0.460311 0.034389
-17.7140 44.8770 8.6790 0.09329 0.99562 0.00641 0.445731 0.040657
-13.5960 44.8840 14.1100 -0.02095 0.99199 0.12459 0.462828 0.020639
-10.4340 44.6960 15.1070 -0.04094 0.89985 0.43427 0.463912 0.986232
-10.4340 44.6960 15.1070 -0.03179 0.95942 0.28017 0.475205 0.017355
-10.2700 44.9110 14.3860 -0.03194 0.98675 0.15906 0.475700 0.020279
-12.3430 44.8740 13.1120 -0.01671 0.99983 -0.00810 0.467446 0.024740
-12.1680 44.8850 10.6890 -0.02190 0.99976 -0.00020 0.467611 0.034097
-10.7010 44.8980 11.7370 -0.03501 0.99938 0.00426 0.473480 0.030377
-15.6930 44.5690 7.6140 -0.12219 0.99243 -0.01196 0.453358 0.045190
-15.1040 44.6940 6.6800 -0.15155 0.98845 0.00133 0.455472 0.048898
-14.1090 44.8140 6.9440 -0.07776 0.99696 -0.00409 0.459376 0.048092
-15.9120 44.5580 5.6600 -0.02804 0.99960 -0.00449 0.452097 0.052639
-16.1390 44.5140 4.2590 0.00695 0.99939 0.03432 0.450937 0.057965
-15.0930 44.6840 4.4090 -0.11553 0.99328 0.00611 0.455027 0.057623
-15.3090 44.7080 2.9040 -0.07073 0.99728 -0.02058 0.453869 0.063352
-14.6200 44.7090 3.3920 -0.05583 0.99841 -0.00739 0.456626 0.061629
-14.9120 44.6360 0.7030 -0.07636 0.99700 -0.01227 0.454909 0.071905
-12.8130 44.8680 3.0770 -0.04087 0.99908 -0.01335 0.463530 0.063225
-13.4500 44.7990 1.0760 -0.06343 0.99748 -0.03182 0.460641 0.070778
-11.9820 44.8930 7.8390 -0.02194 0.99976 -0.00060 0.467743 0.045094
-9.9170 44.9070 9.9280 -0.01822 0.99953 -0.02471 0.476121 0.037504
-8.5940 44.9190 7.3150 -0.01411 0.99990 -0.00169 0.480657 0.047838
-11.4730 44.9010 5.1230 -0.01752 0.99984 -0.00426 0.469123 0.055646
-11.6130 44.8100 0.2260 -0.01668 0.99933 -0.03247 0.467520 0.074443
-7.9810 40.4420 17.9790 -0.04266 0.14942 0.98785 0.473740 0.964927
-9.2270 42.5410 17.5250 -0.05027 0.27415 0.96037 0.468934 0.973211
-6.8330 39.1960 18.1720 -0.04216 0.14193 0.98898 0.478152 0.960051
-5.3210 40.7060 18.0470 -0.04495 0.15666 0.98663 0.484011 0.965852
-6.1480 42.5360 17.6750 -0.05134 0.25508 0.96556 0.480829 0.973057
-9.7800 43.6020 17.0590 -0.03801 0.60598 0.79457 0.466765 0.977663
-7.4690 43.1940 17.4200 -0.03246 0.39346 0.91877 0.475722 0.975747
-8.7050 44.1560 16.4100 -0.04046 0.85308 0.52021 0.470810 0.981083
-6.9680 43.6580 17.1800 -0.04016 0.61916 0.78424 0.477633 0.977781
-5.9600 44.7140 15.4970 -0.03925 0.89590 0.44252 0.481225 0.985625
-5.9600 44.7140 15.4970 -0.03966 0.95388 0.29756 0.492523 0.016769
-6.3740 44.0940 16.6960 -0.05373 0.84220 0.53648 0.479846 0.980359
-5.7490 44.9490 14.7730 -0.03743 0.98156 0.18744 0.493197 0.019737
-7.6950 44.9470 14.5760 -0.02028 0.98389 0.17762 0.485662 0.020095
-4.6830 43.1360 17.6120 -0.04757 0.37631 0.92527 0.486493 0.975330
-2.9770 41.0470 18.1080 -0.04188 0.15890 0.98641 0.493075 0.967083
-0.9280 42.7540 17.8670 -0.05046 0.24676 0.96776 0.500991 0.973717
-1.4640 43.4130 17.6140 -0.04533 0.47326 0.87976 0.498907 0.976423
-4.0430 44.0420 17.0430 -0.04269 0.75418 0.65527 0.488893 0.979478
-2.4680 44.9910 15.2200 -0.01935 0.99459 0.10204 0.505932 0.018743
-2.4680 44.9910 15.2200 -0.03333 0.89982 0.43499 0.494649 0.987610
-4.2520 45.1090 13.7320 -0.02474 0.99920 0.03143 0.498748 0.024093
-6.3070 45.0290 13.3090 -0.02413 0.99971 -0.00143 0.490743 0.025261
-0.7900 45.1030 13.6140 -0.01256 0.99992 0.00218 0.512042 0.025297
-2.6970 45.0670 11.8900 -0.01089 0.99972 -0.02124 0.504332 0.031517
0.5210 45.0850 12.4660 -0.01860 0.99969 -0.01643 0.516839 0.029998
-8.9360 45.0040 13.3770 -0.01851 0.99961 0.02115 0.480626 0.024447
-9.4100 44.9720 10.8760 -0.02736 0.99928 -0.02631 0.478274 0.033964
-7.5230 45.0000 11.0720 0.00668 0.99991 -0.01139 0.485576 0.033620
-7.6760 44.9470 12.4540 0.02070 0.99977 -0.00553 0.485290 0.028266
-5.5410 44.9820 12.0270 -0.02066 0.99978 -0.00403 0.493409 0.030365
-7.4530 44.9690 10.2390 -0.01441 0.99967 -0.02120 0.485669 0.036840
-5.0850 44.9880 8.3340 -0.01276 0.99987 -0.00993 0.494375 0.044677
-4.6360 45.0200 10.6150 -0.00683 0.99995 -0.00775 0.496594 0.036004
-7.1520 44.9440 4.0320 -0.00458 0.99985 -0.01659 0.485500 0.060773
-4.0050 44.9430 4.3590 -0.00828 0.99973 -0.02154 0.497674 0.060197
-5.6640 45.0650 10.9550 -0.01031 0.99994 -0.00318 0.492713 0.034466
-1.6920 45.0450 10.4750 -0.01013 0.99983 -0.01558 0.507888 0.037178
-1.0060 45.0150 6.2740 -0.00941 0.99981 -0.01698 0.509623 0.053482
-15.0450 44.6260 -1.4150 -0.05518 0.99801 -0.03056 0.453940 0.080017
-14.1320 44.6320 -1.3420 -0.03721 0.99898 -0.02543 0.457470 0.079933
-12.3510 44.6990 -3.0850 -0.03131 0.99894 -0.03377 0.463955 0.087014
-13.4220 44.5390 -5.7870 -0.05429 0.99768 -0.04103 0.459249 0.097179
-11.2600 44.5420 -6.5410 -0.00664 0.99882 -0.04820 0.467397 0.100552
-12.5740 44.4830 -7.7660 -0.01716 0.99861 -0.04984 0.462080 0.104981
-8.6270 44.6970 -3.8270 -0.00807 0.99916 -0.04008 0.478113 0.090679
-9.0510 44.7690 -1.0200 -0.00672 0.99951 -0.03070 0.477098 0.079793
-6.3300 44.7710 -2.0980 -0.00426 0.99940 -0.03449 0.487325 0.084529
-6.3260 44.6590 -5.1560 -0.00207 0.99889 -0.04697 0.486670 0.096292
-8.9770 44.4700 -7.9160 -0.00718 0.99853 -0.05372 0.475874 0.106348
-6.3120 44.4570 -8.7690 -0.00286 0.99824 -0.05924 0.485932 0.110211
-8.8660 44.3540 -10.2370 -0.00746 0.99826 -0.05854 0.475789 0.115308
-6.0350 44.2580 -11.9250 0.00316 0.99803 -0.06269 0.486295 0.122433
-3.7750 44.3510 -10.1550 0.00448 0.99817 -0.06025 0.495377 0.116112
-4.2340 44.1710 -12.9500 0.00657 0.99746 -0.07087 0.492993 0.126785
-5.1160 44.8600 2.2890 -0.00044 0.99988 -0.01556 0.492951 0.067921
-3.8380 44.8820 1.6660 -0.00943 0.99974 -0.02090 0.497728 0.070594
-5.9970 44.8680 0.7330 -0.00303 0.99972 -0.02344 0.489223 0.073711
-3.5640 44.7070 -3.4730 0.00442 0.99906 -0.04310 0.497659 0.090426
-2.5590 44.8190 -0.7170 -0.00028 0.99936 -0.03571 0.502127 0.080039
-1.6090 44.9470 3.2570 -0.00541 0.99965 -0.02572 0.506644 0.064955
1.0420 44.8680 0.6760 -0.00316 0.99947 -0.03242 0.516277 0.075465
1.1840 44.7290 -3.1020 -0.00016 0.99889 -0.04715 0.515993 0.090035
-3.2830 44.5770 -6.1210 0.01074 0.99867 -0.05039 0.498155 0.100680
-4.2660 44.5300 -7.5030 0.01080 0.99840 -0.05549 0.494074 0.105782
-0.9550 44.6350 -4.9630 -0.00144 0.99865 -0.05196 0.507362 0.096733
-1.2750 44.4440 -7.9980 -0.00045 0.99858 -0.05319 0.505459 0.108358
-0.2820 44.3660 -9.9850 -0.00204 0.99856 -0.05361 0.508845 0.116219
-1.3240 44.2190 -12.6540 0.00312 0.99791 -0.06460 0.504247 0.126269
1.7420 44.5410 -6.9300 0.00293 0.99866 -0.05171 0.517296 0.104898
2.6580 44.3750 -9.7360 0.00645 0.99851 -0.05424 0.520203 0.115906
2.2190 44.2320 -12.2990 -0.00089 0.99855 -0.05389 0.517947 0.125681
-11.7460 44.3240 -10.4130 -0.00868 0.99822 -0.05908 0.464687 0.115355
-11.1520 44.2150 -11.9900 0.01121 0.99744 -0.07064 0.466625 0.121569
-8.7450 44.0830 -14.5200 -0.01347 0.99047 -0.13708 0.475306 0.131840
-10.3130 44.0230 -14.6420 -0.00645 0.99303 -0.11765 0.469252 0.131984
-5.7120 44.1080 -14.3920 0.00591 0.99282 -0.11943 0.486988 0.132010
-0.6260 40.8550 18.2240 -0.03894 0.14143 0.98918 0.502144 0.966265
2.0990 43.0010 17.9910 -0.05434 0.29290 0.95460 0.512687 0.974529
0.9120 43.8060 17.5200 -0.04304 0.60000 0.79884 0.508061 0.978057
-1.6160 44.1380 17.0500 -0.03974 0.77967 0.62492 0.498238 0.979953
-1.4840 45.0650 14.9820 -0.03660 0.99174 0.12293 0.509668 0.019884
-0.4750 44.9540 15.4230 -0.03536 0.90237 0.42951 0.502348 0.987135
-0.4750 44.9540 15.4230 -0.01833 0.95981 0.28006 0.513642 0.018331
1.9670 44.2800 17.0730 -0.04251 0.82655 0.56125 0.512054 0.980688
3.0820 44.9270 15.8350 -0.04086 0.90262 0.42849 0.516116 0.986252
3.0820 44.9270 15.8350 -0.03425 0.95800 0.28470 0.527411 0.017444
1.3000 45.1160 14.9940 -0.02609 0.98902 0.14544 0.520391 0.020431
5.3610 42.7720 18.1930 -0.04939 0.22153 0.97390 0.525278 0.973493
4.6700 43.7160 17.8520 -0.04947 0.53334 0.84445 0.522599 0.977342
4.5660 44.3610 17.1710 -0.04449 0.82632 0.56143 0.522086 0.980936
3.8070 45.2370 14.8910 -0.02427 0.99250 0.11977 0.530018 0.021400
0.7820 45.0750 10.7720 -0.01965 0.99964 -0.01840 0.517475 0.036575
2.5200 45.1680 13.5890 -0.01961 0.99929 -0.03226 0.524778 0.026106
3.0550 45.1240 12.7740 -0.01185 0.99988 -0.00980 0.526656 0.029365
2.0630 45.1650 11.4580 -0.02259 0.99933 -0.02888 0.522560 0.034207
4.3860 45.1960 13.9070 -0.00953 0.99908 -0.04181 0.532027 0.025300
5.5170 45.1960 11.5790 -0.00773 0.99953 -0.02977 0.535871 0.034496
6.3810 45.0860 15.7410 -0.02286 0.98226 0.18612 0.540096 0.018621
6.3810 45.0860 15.7410 -0.03329 0.90810 0.41743 0.528821 0.987412
5.9430 45.2360 14.7850 -0.01073 0.99811 0.06050 0.538210 0.022254
6.1640 45.1870 12.9150 -0.01314 0.99979 -0.01590 0.538652 0.029500
3.6830 45.0940 10.5860 -0.01114 0.99890 -0.04558 0.528598 0.037928
2.9200 45.0760 7.3090 -0.01232 0.99979 -0.01665 0.524948 0.050357
5.3600 45.1090 7.0230 -0.01586 0.99968 -0.01972 0.534273 0.051988
7.1480 45.1740 11.0770 -0.00355 0.99983 -0.01821 0.542038 0.036785
6.8120 45.1560 9.0160 -0.01260 0.99988 -0.00845 0.540294 0.044639
7.6430 43.7010 18.0240 -0.04986 0.49318 0.86849 0.534072 0.977141
7.3230 44.3570 17.4060 -0.04095 0.80864 0.58688 0.532749 0.980577
9.7950 43.8650 18.0510 -0.04503 0.54745 0.83562 0.542367 0.977748
9.1150 45.0700 15.9930 -0.03596 0.90928 0.41463 0.539417 0.986935
9.1150 45.0700 15.9930 -0.03104 0.97005 0.24093 0.550663 0.018189
9.5070 45.3180 15.0450 -0.02428 0.99521 0.09469 0.551986 0.022034
9.2270 45.2400 12.8350 -0.01710 0.99935 -0.03158 0.550422 0.030475
9.0210 45.1610 11.3690 -0.01189 0.99942 -0.03190 0.549304 0.036073
11.0660 45.2830 11.8760 -0.01881 0.99940 -0.02914 0.557296 0.034558
10.8420 45.1830 10.1840 -0.01942 0.99955 -0.02301 0.556054 0.041026
11.8740 43.6250 18.2770 -0.04548 0.43921 0.89723 0.550405 0.976645
10.0750 44.4730 17.3900 -0.03880 0.83835 0.54374 0.543347 0.981234
12.6480 45.3230 15.7630 -0.03558 0.90634 0.42105 0.552998 0.988660
12.6480 45.3230 15.7630 -0.02971 0.99940 0.01775 0.564227 0.019954
11.8750 44.1730 17.8680 -0.03861 0.70062 0.71249 0.550361 0.979277
12.7340 44.5340 17.4620 -0.03580 0.84901 0.52716 0.553613 0.981463
14.4260 44.0640 18.1430 -0.04867 0.60852 0.79204 0.560236 0.978479
12.3010 45.2770 13.4510 -0.01853 0.99980 -0.00776 0.562389 0.028774
14.1670 45.4000 15.1480 -0.02360 0.99965 0.01182 0.569949 0.022650
15.8460 45.3800 13.4090 -0.02248 0.99966 -0.01293 0.576028 0.029700
13.7860 45.3240 12.1090 -0.02671 0.99907 -0.03382 0.567815 0.034253
12.8330 45.2360 11.3860 -0.01177 0.99823 -0.05829 0.563984 0.036842
12.2890 45.2440 10.0880 -0.02302 0.99970 -0.00781 0.561607 0.041712
14.7730 45.2710 10.8150 -0.02516 0.99898 -0.03752 0.571322 0.039455
7.6810 45.1180 6.1740 -0.00902 0.99957 -0.02795 0.543014 0.055760
5.2390 45.0280 4.5620 -0.01292 0.99933 -0.03418 0.533270 0.061431
2.3530 44.9670 4.0680 -0.00805 0.99953 -0.02961 0.522060 0.062703
5.3890 44.8790 0.0060 -0.00478 0.99928 -0.03762 0.532845 0.078993
7.5670 44.9370 1.7490 -0.01031 0.99947 -0.03097 0.541606 0.072762
9.0600 44.9260 0.4420 -0.01333 0.99918 -0.03829 0.547060 0.078114
5.5870 44.7520 -3.0130 0.00047 0.99887 -0.04749 0.532945 0.090654
2.8630 44.6030 -4.7900 0.00308 0.99865 -0.05188 0.522078 0.096913
4.3550 44.5660 -6.1690 -0.00817 0.99850 -0.05406 0.527513 0.102543
7.1470 44.6140 -5.8680 -0.00465 0.99886 -0.04756 0.538309 0.101989
5.9760 44.4960 -7.6910 -0.01967 0.99800 -0.06005 0.533412 0.108760
4.5990 44.4160 -8.4020 -0.00527 0.99833 -0.05752 0.527956 0.111201
7.9820 44.5380 -7.6410 0.00263 0.99836 -0.05719 0.541133 0.108999
4.7720 44.3050 -10.8340 -0.00396 0.99838 -0.05676 0.528090 0.120602
6.6260 44.3800 -9.8730 -0.00829 0.99825 -0.05862 0.535430 0.117304
7.6120 44.7350 -2.7900 -0.00441 0.99891 -0.04651 0.540779 0.090249
8.9100 44.6250 -5.5080 -0.01019 0.99871 -0.04976 0.545168 0.100992
9.5130 44.4430 -8.7340 -0.00859 0.99803 -0.06212 0.546780 0.113552
11.7870 44.7970 -3.6110 -0.01462 0.99868 -0.04933 0.556657 0.094306
11.7310 44.5640 -7.7330 -0.01550 0.99800 -0.06121 0.555531 0.110170
10.4780 45.1580 7.3290 -0.00454 0.99987 -0.01578 0.554023 0.051928
10.0140 45.0390 3.4670 -0.01388 0.99900 -0.04244 0.551394 0.066684
12.4040 45.1030 4.8350 -0.00555 0.99964 -0.02639 0.560893 0.061942
11.0950 45.1340 4.6340 -0.00817 0.99936 -0.03491 0.555813 0.062425
11.1860 45.0000 2.6370 -0.01816 0.99914 -0.03726 0.555720 0.070136
12.6670 45.0820 2.9610 -0.02024 0.99951 -0.02381 0.561494 0.069207
12.0570 44.9860 0.9780 -0.01678 0.99916 -0.03734 0.558707 0.076705
12.7490 45.1630 7.4250 -0.02841 0.99940 -0.01991 0.562781 0.052055
14.0520 45.2240 8.9260 -0.01727 0.99975 -0.01424 0.568131 0.046564
14.0260 45.1550 5.0510 -0.01016 0.99936 -0.03421 0.567181 0.061460
13.9690 45.2440 7.4140 -0.00696 0.99995 -0.00675 0.567479 0.052361
16.7890 45.2780 7.8930 -0.01580 0.99972 -0.01788 0.578437 0.051134
14.9390 45.1880 6.4600 -0.00801 0.99963 -0.02599 0.571002 0.056245
16.6920 45.2320 5.4160 -0.02041 0.99945 -0.02621 0.577519 0.060639
14.7020 45.0590 2.4640 -0.01441 0.99936 -0.03265 0.569209 0.071563
14.5160 44.9890 0.3400 -0.01713 0.99888 -0.04402 0.568024 0.079696
13.1350 44.8950 -1.1560 -0.00577 0.99904 -0.04353 0.562381 0.085154
15.2460 44.8180 -2.9750 -0.00967 0.99932 -0.03569 0.570096 0.092621
17.4390 45.0300 -0.5730 -0.00646 0.99886 -0.04739 0.579068 0.083840
18.1390 45.1340 1.9370 -0.00340 0.99921 -0.03970 0.582318 0.074337
16.8310 44.7960 -4.4760 -0.01220 0.99856 -0.05230 0.575858 0.098738
19.0700 44.8420 -3.8390 -0.01421 0.99843 -0.05424 0.584611 0.096779
11.4270 44.8940 -1.1370 -0.01105 0.99903 -0.04255 0.555819 0.084706
14.4080 44.8130 -3.9250 -0.00315 0.99915 -0.04119 0.566665 0.096086
12.7160 44.6630 -5.7390 -0.01017 0.99848 -0.05416 0.559755 0.102712
14.1000 44.6380 -7.1200 -0.00769 0.99838 -0.05634 0.564773 0.108322
15.4320 44.6410 -6.6690 -0.00684 0.99857 -0.05305 0.569990 0.106883
23.3190 17.7060 21.1420 0.11789 0.05734 0.99137 0.594166 0.875907
23.1660 20.0410 21.0140 0.10756 0.06297 0.99220 0.593624 0.884920
21.8230 21.7270 21.0540 -0.00754 0.07020 0.99750 0.588447 0.891415
25.5700 22.2440 20.7260 0.00453 0.06633 0.99779 0.602960 0.893401
25.6310 18.9170 20.8480 0.00450 0.04855 0.99881 0.603123 0.880575
23.8380 23.2940 20.7510 0.08437 0.07025 0.99396 0.596289 0.897470
22.1620 23.7810 20.9050 0.01674 0.06528 0.99773 0.589790 0.899336
21.9190 25.9030 20.7940 0.00229 0.07992 0.99680 0.588908 0.907518
23.1250 25.3330 20.6730 0.10750 0.07521 0.99136 0.593581 0.905337
21.7050 28.4380 20.5620 -0.02809 0.08477 0.99600 0.588139 0.917320
25.7030 24.3610 20.5400 -0.01253 0.06987 0.99748 0.603513 0.901588
25.0270 25.5000 20.4950 0.04049 0.06814 0.99685 0.600936 0.905993
26.6400 25.7830 20.5120 -0.08304 0.06970 0.99411 0.607155 0.907040
25.3480 28.7720 20.2230 0.01094 0.07987 0.99675 0.602232 0.918635
26.7090 29.2560 20.2730 -0.10025 0.07894 0.99183 0.607495 0.920449
27.6890 27.6700 20.5300 -0.07639 0.06910 0.99468 0.611275 0.914264
27.7360 24.7350 20.7190 -0.05716 0.06416 0.99630 0.611388 0.902935
27.9180 31.0690 20.2830 -0.06638 0.07944 0.99463 0.612228 0.927383
30.6660 30.8210 20.3490 -0.00290 0.07313 0.99732 0.622811 0.926354
28.0020 16.7500 21.2110 -0.06051 0.05013 0.99691 0.612256 0.872113
31.1440 17.1080 21.1470 0.02170 0.04835 0.99859 0.624356 0.873432
30.5260 19.4430 21.0270 0.01628 0.05177 0.99853 0.622025 0.882455
28.1840 19.8700 21.0410 -0.04166 0.05689 0.99751 0.613010 0.884144
27.8110 21.7480 20.8960 -0.04448 0.06120 0.99713 0.611607 0.891409
30.5670 21.5280 20.9280 0.01015 0.05553 0.99841 0.622224 0.890494
32.8070 20.4860 20.9310 0.01264 0.05002 0.99867 0.630834 0.886435
32.8130 24.1420 20.7390 0.00734 0.05232 0.99860 0.630935 0.900537
34.9190 19.1720 20.9890 0.01804 0.04656 0.99875 0.638939 0.881321
35.0840 21.7560 20.8600 0.01863 0.04794 0.99868 0.639631 0.891284
36.8550 20.8160 20.8360 0.02633 0.04528 0.99863 0.646434 0.887631
34.7430 27.6040 20.5730 0.00411 0.05680 0.99838 0.638449 0.913845
37.1620 25.8390 20.6120 0.01940 0.04664 0.99872 0.647727 0.906990
31.1400 27.1340 20.5940 -0.00160 0.06230 0.99806 0.624554 0.912112
32.6500 31.3260 20.2860 -0.00380 0.07030 0.99752 0.630467 0.928269
17.4380 33.0350 19.8700 -0.00370 0.10160 0.99482 0.571719 0.935273
20.0740 31.6620 20.0610 -0.07344 0.09522 0.99274 0.581857 0.929884
21.7460 30.4180 20.3880 -0.01807 0.08523 0.99620 0.588331 0.924971
20.1360 34.2530 19.7840 -0.09032 0.08678 0.99212 0.582128 0.939915
19.6840 35.9060 19.6310 -0.07619 0.10246 0.99182 0.580432 0.946316
17.4740 36.9670 19.4340 0.00145 0.11527 0.99333 0.571930 0.950505
23.0880 30.8230 20.2220 0.08431 0.08749 0.99259 0.593538 0.926551
21.7960 33.2940 20.1420 -0.01288 0.09575 0.99532 0.588583 0.936078
23.3370 33.6190 19.9260 0.08315 0.09772 0.99173 0.594566 0.937372
25.6960 32.8190 19.8840 -0.03065 0.08813 0.99564 0.603649 0.934271
21.5600 35.6430 19.9210 -0.02945 0.10059 0.99449 0.587727 0.945159
20.0490 38.4260 19.3500 -0.08574 0.11146 0.99006 0.581879 0.956072
21.7490 37.7600 19.6410 -0.01611 0.11647 0.99306 0.588485 0.953367
23.1220 36.4010 19.6920 0.07674 0.10307 0.99171 0.593775 0.948125
25.2930 36.2100 19.5610 -0.01838 0.09268 0.99553 0.602158 0.947404
16.1260 37.8940 19.3660 -0.04164 0.13963 0.98933 0.566747 0.954102
16.8760 39.5940 19.1380 -0.03150 0.12096 0.99216 0.569666 0.960694
16.1600 43.0020 18.6650 -0.04046 0.23198 0.97188 0.566963 0.973959
16.3490 44.0070 18.3190 -0.05038 0.56442 0.82395 0.567674 0.978051
19.9060 41.5950 18.9780 -0.07787 0.12366 0.98926 0.581382 0.968367
19.3640 43.8260 18.5410 -0.04595 0.47648 0.87798 0.579328 0.977191
21.5890 40.1740 19.4120 -0.03346 0.11621 0.99266 0.587909 0.962691
23.3690 40.8870 19.1700 0.06800 0.11503 0.99103 0.594803 0.965506
21.8610 43.1470 18.9710 -0.01387 0.23461 0.97199 0.588981 0.974199
19.0830 43.1210 18.7580 -0.05329 0.21714 0.97469 0.578249 0.974335
18.7820 44.3850 18.0930 -0.03410 0.73819 0.67373 0.577028 0.979910
27.8330 35.5000 19.8960 -0.06673 0.08822 0.99386 0.611988 0.944515
25.2490 38.4960 19.3390 -0.02261 0.10892 0.99379 0.602027 0.956259
27.7440 37.9060 19.6620 -0.06630 0.09992 0.99278 0.611688 0.953825
31.0300 34.6560 20.0640 -0.01134 0.08305 0.99648 0.624296 0.941156
32.9410 34.6510 20.0500 -0.01114 0.07662 0.99700 0.631658 0.941100
32.0480 37.9240 19.7660 -0.02593 0.08901 0.99569 0.628283 0.953771
29.0420 40.8140 19.3930 -0.03128 0.09798 0.99470 0.616747 0.965047
26.7440 39.9720 19.3250 -0.11659 0.11323 0.98670 0.607839 0.961894
25.0990 41.4290 18.9770 0.00811 0.10268 0.99468 0.601480 0.967658
26.1080 42.0120 18.9730 -0.12262 0.07152 0.98987 0.605362 0.969872
24.6400 43.9010 18.5640 -0.03496 0.48796 0.87217 0.599719 0.977485
21.6790 43.8320 18.7240 -0.02509 0.50866 0.86060 0.588271 0.976981
23.4660 44.7660 17.8930 -0.01369 0.87156 0.49009 0.606323 0.013387
23.4660 44.7660 17.8930 0.00796 0.63776 0.77020 0.595167 0.981742
20.7460 44.5880 17.9750 -0.06027 0.88462 0.46240 0.595813 0.012377
20.7460 44.5880 17.9750 -0.04463 0.69274 0.71981 0.584590 0.980998
21.7150 45.3560 16.7750 -0.06188 0.92211 0.38194 0.599378 0.017941
25.3010 43.1460 18.8470 -0.06337 0.17281 0.98292 0.602274 0.974343
26.6860 43.8890 18.8710 -0.08968 0.38444 0.91878 0.607701 0.977066
26.4360 44.3820 18.5340 -0.10192 0.66078 0.74363 0.606689 0.979313
25.1680 44.5720 18.0800 -0.10791 0.65476 0.74810 0.601666 0.980756
25.1680 44.5720 18.0800 -0.03134 0.77667 0.62913 0.612916 0.012641
25.2520 45.5150 16.4580 -0.02883 0.94959 0.31217 0.612926 0.019950
25.4540 45.0890 17.4560 -0.04906 0.86572 0.49813 0.613901 0.015805
27.6260 41.2950 19.3030 -0.09127 0.09194 0.99157 0.611293 0.966950
27.0610 43.0520 19.1320 -0.09508 0.16035 0.98247 0.609163 0.973741
30.1570 43.4520 19.1670 -0.04473 0.22022 0.97442 0.621093 0.975224
27.2280 44.7660 18.1710 -0.04928 0.73097 0.68063 0.609639 0.981509
27.2280 44.7660 18.1710 -0.04168 0.87941 0.47423 0.620867 0.013086
27.5420 45.6520 16.4020 -0.03317 0.96561 0.25786 0.621740 0.020742
26.6630 45.6890 15.7360 -0.02584 0.99909 0.03393 0.618208 0.023105
29.5360 45.4810 17.0240 -0.03891 0.91482 0.40198 0.629541 0.018658
29.2750 45.6870 16.3400 -0.02209 0.99048 0.13589 0.628401 0.021363
27.8300 44.2210 18.7660 -0.04582 0.53670 0.84253 0.612088 0.978478
30.3010 44.7140 18.4350 -0.05116 0.70813 0.70423 0.621563 0.980998
30.3010 44.7140 18.4350 -0.04880 0.86620 0.49731 0.632748 0.012599
31.0270 44.2760 18.9280 -0.05365 0.52411 0.84996 0.624434 0.978540
28.6650 45.6200 14.1430 -0.01379 0.99968 -0.02108 0.625560 0.029682
31.4690 45.7170 14.9150 -0.02243 0.99906 -0.03712 0.636525 0.027350
31.8440 45.6570 13.1370 -0.01568 0.99878 -0.04689 0.637571 0.034270
28.8300 45.6220 12.6010 -0.01296 0.99810 -0.06022 0.625859 0.035649
38.9210 21.1940 20.7930 0.02088 0.04210 0.99890 0.654400 0.889046
43.0810 20.5670 20.7000 0.02918 0.03879 0.99882 0.670410 0.886555
41.2440 26.1780 20.5230 0.02188 0.04189 0.99888 0.663462 0.908219
47.7330 25.2770 20.3850 0.02479 0.03639 0.99903 0.688446 0.904627
37.8940 29.8080 20.4170 0.00939 0.05157 0.99863 0.650639 0.922280
35.1840 32.7050 20.2480 -0.01350 0.06627 0.99771 0.640264 0.933519
38.4510 35.6050 20.0910 -0.00708 0.06385 0.99793 0.652918 0.944631
41.6070 32.6810 20.2450 0.01276 0.04818 0.99876 0.665012 0.933282
46.2480 29.9960 20.2540 0.02233 0.03841 0.99901 0.682837 0.922847
51.5770 28.7850 20.1760 0.02306 0.03497 0.99912 0.703343 0.918077
44.8130 35.4620 20.0530 0.01524 0.04378 0.99893 0.677437 0.943946
42.6160 37.5460 19.9780 0.00155 0.05273 0.99861 0.669018 0.952026
51.0010 32.6740 20.0510 0.02102 0.03616 0.99912 0.701223 0.933081
48.8390 36.5090 19.9470 0.01660 0.03842 0.99912 0.692983 0.947903
33.6560 42.2370 19.4520 -0.03708 0.10514 0.99377 0.634575 0.970391
33.1660 43.6450 19.2520 -0.04230 0.22526 0.97338 0.632699 0.975878
35.6540 41.4240 19.5770 -0.03302 0.06871 0.99709 0.642263 0.967188
32.7000 44.8170 18.5440 -0.03415 0.65945 0.75097 0.630835 0.981222
32.7000 44.8170 18.5440 -0.03341 0.89338 0.44806 0.642015 0.012812
31.9270 45.7940 16.4830 -0.02211 0.98019 0.19682 0.638638 0.021434
33.4050 44.2580 19.0560 -0.04127 0.50184 0.86398 0.633615 0.978359
33.9490 45.4420 17.3620 -0.03712 0.91074 0.41131 0.646590 0.018198
34.1240 44.8720 18.5290 -0.03522 0.89590 0.44287 0.647493 0.013231
34.1240 44.8720 18.5290 -0.04761 0.68683 0.72526 0.636322 0.981535
37.2910 42.7450 19.5720 -0.03374 0.11725 0.99253 0.648610 0.972227
35.5590 43.8920 19.2990 -0.04182 0.30834 0.95036 0.641934 0.976763
35.6920 44.5730 18.9460 -0.04093 0.60958 0.79167 0.642413 0.979723
38.3480 44.2270 19.3040 -0.05370 0.42548 0.90337 0.652696 0.978024
36.6640 44.9400 18.6190 -0.02375 0.67697 0.73563 0.646123 0.981694
36.6640 44.9400 18.6190 -0.03851 0.89333 0.44775 0.657288 0.013468
40.3890 44.1400 19.4550 -0.04890 0.34036 0.93902 0.660576 0.977554
35.8700 36.9280 19.9550 -0.02218 0.07648 0.99682 0.643000 0.949809
40.9050 40.2700 19.8040 -0.01800 0.06152 0.99794 0.662483 0.962573
38.3690 41.4350 19.6590 -0.02677 0.05970 0.99786 0.652732 0.967146
34.5490 45.7710 15.3290 -0.02678 0.99834 -0.05101 0.648465 0.026420
33.9580 45.7860 16.4640 -0.02470 0.98565 0.16696 0.646440 0.021916
35.1000 45.7050 13.3380 0.00091 0.99899 -0.04503 0.650141 0.034210
34.2070 45.6530 12.0250 -0.01079 0.99930 -0.03594 0.646415 0.039069
34.1150 45.5580 9.9260 -0.01665 0.99895 -0.04272 0.645592 0.047126
31.4870 45.5700 11.9690 -0.01571 0.99837 -0.05496 0.635934 0.038689
35.7000 45.6250 12.6880 -0.01505 0.99686 -0.07772 0.652300 0.036865
36.7620 45.6540 10.8540 -0.01891 0.99968 -0.01700 0.655985 0.044141
40.2610 42.3440 19.6680 -0.02401 0.08382 0.99619 0.660049 0.970594
39.5290 44.9240 18.8670 -0.05294 0.57314 0.81775 0.657191 0.981267
39.5290 44.9240 18.8670 -0.04971 0.88632 0.46040 0.668338 0.013077
35.5430 45.7810 16.8390 -0.03171 0.96151 0.27294 0.652627 0.020832
36.0320 45.8910 15.6960 -0.01729 0.99966 -0.01973 0.654268 0.025331
35.6320 45.6960 14.3330 -0.01299 0.99877 -0.04783 0.652410 0.030510
37.4450 45.8160 16.6300 0.00064 0.99525 0.09738 0.659904 0.022037
38.8450 45.7040 17.2780 -0.03039 0.94853 0.31523 0.665428 0.019787
37.8770 45.8040 14.4950 -0.02189 0.99936 -0.02828 0.661095 0.030359
37.3460 45.7780 13.0190 -0.03530 0.99749 -0.06146 0.658723 0.035921
38.1650 45.6920 11.8600 -0.02863 0.99873 -0.04142 0.661598 0.040578
39.0200 45.7930 13.4850 -0.01427 0.99915 -0.03859 0.665258 0.034507
39.6050 45.7320 11.1990 -0.01876 0.99939 -0.02952 0.666991 0.043439
34.9580 45.5110 8.8870 -0.02177 0.99913 -0.03543 0.648605 0.051315
36.8780 45.6330 9.1150 -0.02695 0.99908 -0.03331 0.656053 0.050853
36.6310 45.5210 7.3630 -0.02213 0.99876 -0.04458 0.654710 0.057540
38.2700 45.6160 8.6600 -0.02961 0.99907 -0.03146 0.661304 0.052914
37.9820 45.5550 7.1690 -0.04369 0.99815 -0.04236 0.659868 0.058585
39.5870 45.6740 8.4750 -0.00988 0.99952 -0.02929 0.666334 0.053913
40.9230 45.6990 10.3230 -0.05652 0.99785 -0.03309 0.671871 0.047107
39.4800 45.5980 6.1090 -0.02118 0.99901 -0.03900 0.665408 0.062986
40.9630 45.5900 7.3110 -0.02835 0.99895 -0.03601 0.671377 0.058703
40.9830 45.5160 4.5580 -0.01777 0.99901 -0.04069 0.670850 0.069294
43.6540 42.0200 19.7520 -0.01393 0.06508 0.99778 0.673123 0.969251
45.4160 39.0510 19.8990 0.00694 0.04291 0.99905 0.679847 0.957766
49.6870 39.9700 19.8040 0.01419 0.03401 0.99932 0.696339 0.961224
47.7810 43.5930 19.7020 0.00466 0.13304 0.99110 0.689070 0.975220
44.9980 43.7940 19.6460 -0.01138 0.19038 0.98165 0.678344 0.976070
43.6450 44.1790 19.5630 -0.02115 0.26768 0.96327 0.673132 0.977586
42.6900 45.2270 18.7570 -0.04884 0.83848 0.54273 0.680523 0.014411
40.4430 45.6500 17.5460 -0.06447 0.92287 0.37969 0.671633 0.019006
42.7830 44.8800 19.2020 -0.03674 0.78710 0.61573 0.680960 0.012253
42.7830 44.8800 19.2020 -0.03793 0.43950 0.89744 0.669794 0.980609
42.6500 46.0740 17.1410 -0.01730 0.96688 0.25464 0.680068 0.021363
39.5990 45.9130 15.9890 -0.03871 0.99899 0.02261 0.668063 0.024980
40.7650 45.9630 16.5580 -0.08795 0.99034 0.10722 0.672695 0.023063
40.9480 45.8970 15.4200 -0.06428 0.99627 -0.05762 0.673117 0.027518
41.7870 46.0890 16.0690 -0.07393 0.99541 -0.06083 0.676535 0.025205
40.7290 45.8180 13.6270 -0.06083 0.99720 -0.04338 0.671858 0.034360
42.8840 45.9670 12.0910 0.03014 0.99903 -0.03199 0.679849 0.040727
41.5100 45.9550 14.3190 -0.10811 0.99394 -0.01984 0.675046 0.031869
42.8720 46.0210 15.3820 -0.00009 0.99820 -0.05991 0.680551 0.028115
42.7340 46.0670 14.2650 0.04946 0.99878 0.00125 0.679756 0.032358
43.5000 45.9080 13.3000 0.08459 0.99595 -0.03052 0.682531 0.036237
44.5470 45.3690 18.6390 -0.00844 0.88447 0.46653 0.687653 0.015464
44.6510 45.9420 16.7420 0.03302 0.97938 0.19933 0.687697 0.023142
43.1430 46.1020 16.3220 0.02813 0.99958 0.00656 0.681799 0.024562
45.3310 44.9680 19.2320 -0.03952 0.81647 0.57604 0.690782 0.012855
45.3310 44.9680 19.2320 -0.01650 0.37691 0.92610 0.679637 0.980867
46.7570 45.5110 18.6290 -0.06392 0.87677 0.47663 0.696162 0.016080
47.2210 45.1930 19.0610 -0.01531 0.54879 0.83582 0.686923 0.981973
47.2210 45.1930 19.0610 -0.02364 0.80322 0.59521 0.697983 0.014042
45.4820 45.4220 18.5750 -0.05117 0.90561 0.42102 0.691249 0.015946
44.5020 46.0680 15.7920 0.02238 0.99894 -0.04023 0.686923 0.026818
46.1190 45.9390 16.9190 -0.06561 0.98353 0.16842 0.693393 0.022786
46.1000 46.0010 15.2570 -0.03344 0.99891 -0.03269 0.692966 0.029230
44.7730 45.9270 15.0900 -0.01047 0.99443 -0.10486 0.687813 0.029624
47.0500 46.0980 15.7910 -0.08837 0.99600 -0.01324 0.696762 0.027388
47.7400 46.0240 14.5040 -0.05339 0.99608 -0.07047 0.699111 0.032524
45.0690 45.9100 13.3540 0.00226 0.99928 -0.03788 0.688578 0.036363
46.4370 45.8220 12.1520 -0.01583 0.99835 -0.05511 0.693564 0.041305
41.9130 45.8540 10.7390 -0.14192 0.98987 -0.00408 0.675804 0.045715
42.0500 45.7570 8.5890 -0.08651 0.99459 -0.05754 0.675855 0.054014
42.7620 45.9410 10.3070 0.01755 0.99900 -0.04110 0.678993 0.047548
43.7270 45.7950 10.6630 0.08729 0.99523 -0.04352 0.682820 0.046421
42.9880 45.7820 8.1970 0.03365 0.99768 -0.05922 0.679389 0.055721
43.8300 45.7210 9.4040 0.07019 0.99669 -0.04089 0.682929 0.051294
42.0650 45.6740 7.1880 -0.05195 0.99747 -0.04852 0.675609 0.059410
42.7840 45.6350 5.0170 0.00426 0.99908 -0.04262 0.677892 0.067920
43.5300 45.6780 6.9250 0.01706 0.99885 -0.04486 0.681195 0.060751
45.6800 45.7100 8.4530 -0.00069 0.99952 -0.03112 0.689823 0.055369
45.8360 45.6470 7.2240 -0.00039 0.99892 -0.04644 0.690141 0.060136
43.7910 45.5260 4.2480 0.03640 0.99857 -0.03915 0.681601 0.071119
45.8970 45.6160 5.5730 0.00682 0.99951 -0.03071 0.690002 0.066498
45.4850 45.8010 11.2990 0.01792 0.99881 -0.04530 0.689718 0.044372
46.7120 45.7310 10.4790 -0.02062 0.99903 -0.03879 0.694242 0.047813
47.5170 45.8550 11.6780 -0.07053 0.99600 -0.05484 0.697616 0.043366
47.8650 45.6750 7.0000 -0.03513 0.99831 -0.04623 0.697899 0.061455
47.1680 45.5570 5.1640 -0.00507 0.99895 -0.04563 0.694799 0.068367
47.8930 45.7320 8.6120 -0.04528 0.99826 -0.03782 0.698370 0.055255
49.0260 45.9670 11.4770 -0.05900 0.99702 -0.04970 0.703391 0.044466
49.3480 45.7580 7.0950 -0.04355 0.99777 -0.05066 0.703628 0.061412
15.6380 44.6640 17.4910 -0.04518 0.84624 0.53089 0.564807 0.982029
15.5850 45.3840 15.8890 -0.04829 0.90931 0.41331 0.564327 0.988776
15.5850 45.3840 15.8890 -0.01870 0.99844 0.05268 0.575565 0.020104
18.0510 45.0690 16.9310 -0.03763 0.86610 0.49844 0.574015 0.984998
18.0510 45.0690 16.9310 -0.01808 0.93538 0.35317 0.585270 0.016390
18.1690 45.4450 15.8820 -0.01350 0.98386 0.17843 0.585521 0.020694
16.8930 45.3930 11.8860 -0.01647 0.99894 -0.04305 0.579724 0.035784
17.2440 45.3250 10.9820 -0.00962 0.99889 -0.04615 0.580866 0.039348
17.6850 45.4780 14.9640 -0.00949 0.99995 0.00353 0.583456 0.024119
19.5970 45.4400 13.5030 -0.03178 0.99948 -0.00619 0.590492 0.030151
20.2790 45.3240 16.3780 -0.05481 0.94360 0.32651 0.593743 0.019116
20.4200 45.4810 11.9860 -0.01887 0.99932 -0.03183 0.593323 0.036169
20.5960 45.4980 13.8180 -0.02163 0.99975 -0.00515 0.594413 0.029154
20.2580 45.5020 15.6190 -0.04156 0.99508 0.08989 0.593515 0.022137
21.7590 45.6460 15.6670 -0.05704 0.99775 0.03523 0.599330 0.022304
22.7930 45.5000 14.4750 -0.00998 0.99608 -0.08785 0.603023 0.027146
22.2840 45.4300 13.5230 0.05627 0.99756 -0.04129 0.600848 0.030691
21.5770 45.5150 12.8400 0.06205 0.99757 -0.03180 0.597956 0.033147
23.9130 45.6260 15.9070 -0.01926 0.99501 0.09787 0.607660 0.021851
25.2320 45.5770 14.2040 -0.04005 0.99748 -0.05856 0.612365 0.028695
19.4180 45.3560 11.3610 -0.04846 0.99559 -0.08034 0.589310 0.038380
19.3200 45.3110 9.7410 -0.04130 0.99895 -0.01970 0.588573 0.044582
19.8290 45.3010 8.3500 -0.04887 0.99833 -0.03086 0.590230 0.050056
19.7300 45.2380 5.7730 -0.04422 0.99871 -0.02485 0.589284 0.059938
20.5360 45.3390 7.1410 -0.06029 0.99778 -0.02840 0.592699 0.054853
20.4710 45.4310 9.1480 0.01836 0.99620 -0.08509 0.592872 0.047095
21.5060 45.4400 12.1550 0.04392 0.99829 -0.03854 0.597546 0.035780
21.1490 45.4190 9.4640 -0.06171 0.99782 -0.02322 0.595554 0.046045
22.1230 45.5370 10.1350 -0.00122 0.99999 -0.00347 0.599468 0.043679
22.1830 45.4260 7.3970 -0.01105 0.99906 -0.04189 0.599098 0.054213
21.4430 45.2870 5.9350 0.01077 0.99912 -0.04064 0.595927 0.059690
23.7550 45.3320 8.1370 0.01534 0.99920 0.03684 0.605320 0.051718
24.2330 45.4220 6.9520 0.02970 0.99941 -0.01727 0.606885 0.056385
24.0390 45.2330 5.0880 -0.04159 0.99767 -0.05408 0.605730 0.063528
24.6510 45.3310 5.7390 0.01021 0.99791 -0.06374 0.608237 0.061144
20.7490 45.3060 4.7830 -0.02823 0.99930 -0.02473 0.593002 0.063960
21.7320 45.2540 3.8590 0.02934 0.99878 -0.03981 0.596579 0.067731
19.4140 44.9920 -0.3340 -0.01575 0.99875 -0.04736 0.586712 0.083364
19.7770 45.1360 2.4040 -0.03579 0.99848 -0.04202 0.588720 0.072905
20.6970 45.2320 2.8720 -0.02955 0.99866 -0.04239 0.592379 0.071295
21.1960 45.0970 -0.3790 -0.03524 0.99816 -0.04926 0.593570 0.083911
21.8010 45.1700 2.4690 0.01221 0.99952 -0.02848 0.596542 0.073098
20.9940 44.9420 -3.0380 0.00431 0.99857 -0.05336 0.592190 0.094109
22.2570 44.9350 -2.3500 -0.00142 0.99714 -0.07561 0.597202 0.091754
22.0150 44.8090 -4.2490 0.00261 0.99849 -0.05486 0.595857 0.099016
22.5800 45.1980 1.3720 -0.00727 0.99968 -0.02423 0.599297 0.077480
24.1570 45.1990 2.6130 0.01488 0.99936 -0.03255 0.605644 0.073061
24.8060 45.0990 1.1700 0.03738 0.99883 -0.03055 0.607829 0.078762
24.6430 45.2390 3.8430 0.00228 0.99948 -0.03220 0.607787 0.068438
25.8500 45.1440 2.7420 -0.01610 0.99882 -0.04584 0.612192 0.072948
23.1970 45.1060 -0.1290 0.00886 0.99935 -0.03504 0.601335 0.083392
22.5510 45.1230 -1.0850 0.01104 0.99742 -0.07098 0.598615 0.086910
25.6500 45.0400 0.5820 0.01422 0.99950 -0.02825 0.610953 0.081216
24.7720 45.1400 -1.1650 0.02988 0.99903 -0.03231 0.607157 0.087719
23.5080 44.9230 -2.3720 -0.04052 0.99836 -0.04047 0.602004 0.092103
24.7750 45.0340 -3.5660 0.02969 0.99765 -0.06167 0.606642 0.096944
26.0480 44.9530 -0.9540 -0.00035 0.99938 -0.03529 0.612143 0.087214
25.8220 44.9630 -2.2750 0.04839 0.99795 -0.04200 0.610987 0.092238
26.8500 45.0280 -1.3020 -0.04974 0.99840 -0.02676 0.615169 0.088718
22.9840 45.3490 12.9080 0.01321 0.99958 -0.02578 0.603410 0.033223
24.5220 45.4360 13.1680 -0.05824 0.99655 -0.05908 0.609387 0.032549
23.6060 45.4010 11.6860 0.00803 0.99997 -0.00045 0.605540 0.038050
26.0160 45.5640 12.7550 -0.05924 0.99634 -0.06168 0.615072 0.034440
26.2110 45.4680 11.5600 -0.03709 0.99769 -0.05690 0.615547 0.039095
23.9060 45.2740 9.4560 0.05612 0.99841 -0.00526 0.606217 0.046692
25.5700 45.2970 9.0030 -0.05014 0.99858 -0.01804 0.612500 0.048802
25.4900 45.2700 5.8070 0.01875 0.99927 -0.03341 0.611496 0.061074
26.5780 45.3560 7.1390 -0.04106 0.99889 -0.02311 0.615983 0.056184
29.5730 45.4420 8.7660 -0.01506 0.99941 -0.03079 0.627862 0.050585
33.2530 45.4720 7.7580 -0.01758 0.99940 -0.02986 0.641798 0.055275
27.2130 45.2390 2.9190 -0.03233 0.99863 -0.04114 0.617482 0.072552
30.8880 45.3590 5.7930 -0.01316 0.99936 -0.03313 0.632265 0.062314
29.1720 45.0820 -0.8070 -0.00908 0.99923 -0.03804 0.624203 0.087322
32.6590 45.3210 3.9730 -0.02173 0.99898 -0.03953 0.638672 0.069702
33.4610 45.1800 0.1880 -0.01845 0.99891 -0.04296 0.640920 0.084441
31.4370 45.0260 -2.6330 -0.01151 0.99881 -0.04741 0.632510 0.094845
34.3980 45.3170 2.6890 -0.02057 0.99851 -0.05062 0.645079 0.075022
34.5310 45.4390 5.1850 -0.02229 0.99918 -0.03382 0.646150 0.065451
36.9710 45.4440 5.9200 -0.01412 0.99922 -0.03688 0.655694 0.063169
35.3000 45.2190 0.2770 -0.00814 0.99950 -0.03041 0.648011 0.084505
37.0030 45.4380 4.1010 -0.00715 0.99979 -0.01925 0.655416 0.070167
37.4920 45.4050 2.5910 -0.01150 0.99842 -0.05498 0.656967 0.076076
35.6340 45.2450 1.8700 -0.00744 0.99748 -0.07059 0.649649 0.078465
36.9610 45.2460 1.1140 -0.03299 0.99820 -0.05018 0.654586 0.081660
38.5990 45.3020 0.8360 -0.04462 0.99799 -0.04489 0.660832 0.083084
38.6080 45.4290 4.0900 -0.04061 0.99850 -0.03669 0.661586 0.070566
39.7850 45.4590 2.6750 -0.02490 0.99877 -0.04284 0.665819 0.076263
56.1070 23.4720 20.2860 0.00896 0.03912 0.99919 0.720656 0.897499
59.7570 24.3400 20.2550 -0.00885 0.03974 0.99917 0.734729 0.900762
55.3290 28.0560 20.1110 0.01461 0.03706 0.99921 0.717779 0.915195
58.4930 27.9030 20.1040 -0.00029 0.04235 0.99910 0.729962 0.914534
61.3160 30.7440 19.9770 -0.01664 0.04716 0.99875 0.740912 0.925421
59.0570 32.5490 19.9090 0.00891 0.03783 0.99924 0.732263 0.932437
54.5640 32.3080 19.9850 0.01901 0.03343 0.99926 0.714940 0.931599
52.7540 35.8530 19.9050 0.01862 0.03594 0.99918 0.708060 0.945300
55.8750 35.5670 19.8560 0.01786 0.03543 0.99921 0.720081 0.944138
61.8780 25.9680 20.2160 -0.03871 0.04566 0.99821 0.742945 0.906981
63.5100 25.2490 20.3620 -0.08810 0.04737 0.99498 0.749223 0.904148
63.0390 29.4260 20.1140 -0.07981 0.04520 0.99579 0.747518 0.920281
66.8440 29.8530 20.5270 -0.11451 0.04158 0.99255 0.762271 0.921740
69.7040 28.5510 20.9220 -0.11730 0.04247 0.99219 0.773313 0.916568
65.6350 32.8120 20.2730 -0.11441 0.03981 0.99264 0.757693 0.933217
62.3280 34.1200 19.8310 -0.05482 0.04202 0.99761 0.744914 0.938418
62.6100 36.4380 19.7440 -0.06177 0.04521 0.99707 0.746073 0.947347
58.4740 39.8280 19.6510 0.01808 0.03433 0.99925 0.730226 0.960509
61.8170 39.4980 19.6060 -0.01347 0.04035 0.99909 0.743115 0.959163
65.0920 36.6110 20.0580 -0.12203 0.04125 0.99167 0.755725 0.947897
68.3010 36.3780 20.4390 -0.11124 0.04084 0.99295 0.768162 0.946844
63.3660 39.3810 19.6870 -0.10670 0.03463 0.99369 0.749090 0.958663
50.2650 43.7250 19.6800 -0.00394 0.13650 0.99063 0.698646 0.975683
49.5290 44.9440 19.3510 -0.03996 0.68920 0.72347 0.706882 0.012665
49.5290 44.9440 19.3510 -0.01413 0.28023 0.95983 0.695837 0.980558
52.7400 42.8300 19.6900 0.01407 0.04958 0.99867 0.708178 0.972184
54.0950 39.8410 19.7290 0.01795 0.02834 0.99944 0.713333 0.960647
53.2610 44.7640 19.5190 -0.03153 0.44053 0.89719 0.721247 0.011631
53.2610 44.7640 19.5190 0.00602 0.10269 0.99470 0.710224 0.979652
55.5530 42.9900 19.6580 0.00813 0.04093 0.99913 0.719037 0.972749
57.5310 42.1900 19.6080 0.02301 -0.01353 0.99964 0.726654 0.969629
56.4770 44.5450 19.5400 -0.00399 0.24641 0.96916 0.733686 0.010766
56.4770 44.5450 19.5400 -0.00153 0.08500 0.99638 0.722633 0.978743
55.8960 45.4070 19.3180 -0.01198 0.41347 0.91044 0.731425 0.014185
53.2910 45.6770 19.0530 -0.04997 0.69020 0.72189 0.721378 0.015582
47.3390 44.5490 19.4860 -0.01088 0.37982 0.92500 0.687381 0.979003
47.6510 45.8580 18.0840 -0.09477 0.91986 0.38062 0.699548 0.018614
50.4010 45.8350 18.4890 -0.07413 0.84957 0.52224 0.710184 0.017480
48.1060 46.1190 17.2190 -0.08545 0.98312 0.16177 0.701154 0.022146
48.7590 46.2620 16.2750 -0.05851 0.99825 0.00853 0.703480 0.025926
51.2750 46.2510 15.3680 -0.04269 0.99667 -0.06951 0.712933 0.029990
51.0860 45.4710 19.0740 -0.05201 0.68264 0.72890 0.712893 0.014902
49.4490 46.0920 17.7190 -0.05398 0.96395 0.26055 0.706415 0.020474
52.2410 46.0980 18.2130 -0.06364 0.92204 0.38182 0.717244 0.019101
52.4170 46.4130 16.8730 -0.05865 0.99560 0.07308 0.717684 0.024436
55.3770 46.4510 17.9200 -0.06901 0.95068 0.30239 0.729283 0.021041
55.1920 46.5700 16.6060 -0.05206 0.99864 0.00300 0.728305 0.026076
54.9830 46.3680 13.9080 -0.04742 0.99696 -0.06174 0.726867 0.036430
52.6920 46.0460 10.2660 -0.04073 0.99755 -0.05694 0.717223 0.049951
53.3620 45.7720 5.3960 -0.02450 0.99778 -0.06190 0.718690 0.068862
54.4850 45.9910 8.1470 -0.03554 0.99712 -0.06698 0.723633 0.058511
56.7530 46.5710 16.0170 -0.04458 0.99679 -0.06645 0.734163 0.028707
56.5390 46.2910 11.5170 -0.04558 0.99670 -0.06722 0.732309 0.045982
57.7730 43.1400 19.6680 0.02206 0.00453 0.99975 0.727601 0.973288
58.4790 45.3980 19.3500 -0.01157 0.38354 0.92345 0.741400 0.014215
59.0730 44.8880 19.4810 0.00362 0.10148 0.99483 0.732671 0.980022
59.0730 44.8880 19.4810 -0.00375 0.24612 0.96923 0.743739 0.012234
60.1020 43.8900 19.5820 0.01195 0.03716 0.99924 0.736618 0.976128
56.6380 45.9400 18.9850 -0.04042 0.71045 0.70258 0.734266 0.016620
59.5000 45.9550 19.0300 -0.02056 0.64826 0.76114 0.745282 0.016782
58.9430 46.4770 18.3840 -0.03598 0.87896 0.47553 0.743057 0.019912
61.7260 42.3350 19.4970 -0.01225 0.00645 0.99990 0.742846 0.970106
63.5070 44.3720 19.5590 -0.08637 0.09885 0.99135 0.749804 0.977908
62.3500 44.9610 19.4790 0.00221 0.36645 0.93043 0.756386 0.012907
62.3500 44.9610 19.4790 -0.00222 0.12637 0.99198 0.745338 0.980214
61.1810 45.5330 19.3190 0.00479 0.43131 0.90219 0.751811 0.015027
61.3010 46.2380 18.8000 0.00189 0.73180 0.68152 0.752179 0.018388
62.7470 45.8080 19.1200 -0.02313 0.56915 0.82191 0.757816 0.016527
61.4890 46.6340 18.1840 0.00012 0.92244 0.38613 0.752811 0.021218
63.1170 46.4490 18.4620 -0.01119 0.86919 0.49436 0.759138 0.020159
63.2970 46.9260 17.0950 -0.03579 0.97165 0.23371 0.759595 0.025813
62.4150 46.9820 16.5680 -0.04616 0.99743 0.05474 0.756094 0.027730
56.3220 46.3830 18.2540 -0.08019 0.89210 0.44467 0.732973 0.019885
58.1540 46.7280 17.4440 -0.05973 0.98989 0.12864 0.739875 0.023529
59.7010 46.7740 17.5820 -0.03385 0.97454 0.22165 0.745841 0.023292
60.2750 46.7780 15.6030 -0.06489 0.99407 -0.08728 0.747631 0.031043
58.1690 46.1610 8.9410 -0.04167 0.99625 -0.07587 0.737993 0.056267
60.7670 46.4730 11.1270 -0.04538 0.99563 -0.08158 0.748503 0.048393
61.5590 46.3430 9.1780 -0.03883 0.99651 -0.07392 0.751095 0.056085
60.0040 46.8980 16.6760 -0.07625 0.99687 -0.02103 0.746850 0.026845
64.5300 46.9990 14.9040 -0.01956 0.99713 -0.07310 0.763843 0.034596
63.4030 46.7090 12.2990 -0.04186 0.99284 -0.11189 0.758919 0.044418
63.9410 46.5420 11.0950 -0.03226 0.99428 -0.10181 0.760698 0.049214
62.9950 46.4800 10.2310 -0.01748 0.99490 -0.09934 0.756864 0.052324
69.6080 32.9520 20.7200 -0.11354 0.04214 0.99264 0.773081 0.933554
72.5720 31.3060 21.1420 -0.11496 0.04646 0.99228 0.784505 0.927030
74.7240 28.9680 21.5030 -0.11080 0.04634 0.99276 0.792772 0.917885
78.4560 31.7940 21.7450 -0.09664 0.05044 0.99404 0.807257 0.928538
75.2530 32.6530 21.3760 -0.10499 0.04981 0.99323 0.794915 0.932064
73.7060 35.9870 21.0450 -0.10547 0.04646 0.99334 0.789063 0.945049
71.1150 38.5260 20.6530 -0.10607 0.04418 0.99338 0.779160 0.955002
69.3130 41.6370 20.3290 -0.09484 0.01529 0.99537 0.772311 0.967097
65.6980 41.6070 19.9980 -0.13020 0.01090 0.99143 0.758288 0.967126
77.5440 35.9930 21.4330 -0.09757 0.05120 0.99391 0.803854 0.944813
80.9950 34.7070 21.8330 -0.12712 0.05050 0.99060 0.817086 0.939575
82.4900 32.6250 22.1390 -0.16902 0.04040 0.98478 0.822876 0.931476
82.8820 34.2720 22.1800 -0.21011 0.02198 0.97743 0.824421 0.937748
82.8370 36.8950 22.0130 -0.24609 0.06663 0.96695 0.824270 0.947806
74.1140 39.5920 20.9250 -0.10118 0.04924 0.99365 0.790838 0.958964
77.1450 39.6310 21.2150 -0.09459 0.05084 0.99422 0.802542 0.958928
72.8110 42.4130 20.6360 -0.10008 0.00622 0.99496 0.785937 0.969936
75.4130 42.3500 20.9020 -0.08991 0.01610 0.99582 0.796052 0.969575
81.3750 39.6600 21.6050 -0.13351 0.04635 0.98996 0.818771 0.958601
82.3680 38.3970 21.8040 -0.19623 0.04896 0.97933 0.822527 0.953626
78.5880 43.2320 21.1540 -0.09625 0.08332 0.99186 0.808491 0.972801
74.7720 43.0900 20.8720 -0.08711 0.02350 0.99592 0.793630 0.972469
75.1070 44.4530 20.7630 -0.05877 0.21389 0.97509 0.795005 0.977748
78.1570 44.7280 20.9160 -0.08877 0.27529 0.95725 0.806980 0.978684
65.6000 43.2740 20.0190 -0.15272 0.02487 0.98796 0.758021 0.973546
65.4060 44.6400 19.8510 -0.14050 0.20271 0.96911 0.757264 0.978831
68.3900 43.3470 20.2660 -0.09024 0.02524 0.99560 0.768833 0.973720
66.9660 44.6710 20.0510 -0.10073 0.20332 0.97392 0.763337 0.978879
63.8380 45.5420 19.3550 -0.09186 0.56437 0.82039 0.762022 0.015260
63.8380 45.5420 19.3550 -0.10254 0.22568 0.96879 0.751046 0.982510
63.8840 46.3260 18.7740 -0.09765 0.79236 0.60218 0.762174 0.019017
66.2830 47.0000 17.8940 -0.02169 0.97347 0.22778 0.771265 0.023554
66.5050 45.9510 19.5520 -0.11053 0.32350 0.93975 0.761394 0.984114
66.5050 45.9510 19.5520 -0.08615 0.72082 0.68775 0.772460 0.015997
66.0820 46.6750 18.6480 -0.07649 0.86186 0.50134 0.770665 0.020385
65.6480 47.0810 16.4910 0.01522 0.99988 0.00339 0.768496 0.028777
64.0620 47.0750 16.3790 -0.03064 0.99816 0.05231 0.762378 0.028805
69.3880 46.8900 17.3530 0.03678 0.99892 0.02824 0.783070 0.026284
68.2420 46.8230 15.7040 0.05486 0.99717 -0.05143 0.778316 0.032393
66.6390 46.8760 14.1150 0.04747 0.99773 -0.04770 0.771777 0.038134
70.4420 43.4840 20.4480 -0.08546 0.03668 0.99567 0.776802 0.974169
69.2040 44.5300 20.2650 -0.08577 0.18490 0.97901 0.772022 0.978264
72.3280 45.0350 20.4540 -0.07615 0.27698 0.95785 0.784162 0.980093
70.3680 45.9550 19.8940 -0.09276 0.34196 0.93513 0.776448 0.984007
70.3680 45.9550 19.8940 -0.02116 0.80593 0.59163 0.787496 0.015895
68.4320 45.6710 19.8360 -0.07624 0.31372 0.94645 0.768944 0.982904
68.4320 45.6710 19.8360 -0.07993 0.60140 0.79494 0.780023 0.014782
68.1000 46.4160 19.2390 -0.02858 0.80051 0.59863 0.778574 0.018393
71.0440 46.4660 19.1300 -0.01205 0.89464 0.44662 0.789871 0.019599
69.7970 46.7650 18.3480 0.01649 0.97051 0.24048 0.784869 0.022513
70.9940 46.8610 17.1660 0.02179 0.99949 -0.02355 0.789202 0.027355
69.0900 46.7400 13.1640 0.01780 0.99984 0.00050 0.780988 0.042345
70.5230 46.7530 13.9530 0.01560 0.99987 -0.00473 0.786679 0.039644
70.9900 46.7070 16.1910 0.03555 0.99604 -0.08150 0.788991 0.031153
70.6370 46.7160 12.3790 0.03274 0.99926 -0.02000 0.786754 0.045717
72.8760 46.6490 15.8320 0.00342 0.99930 -0.03731 0.796160 0.032961
66.4090 46.7740 11.9640 -0.01588 0.99689 -0.07714 0.770404 0.046363
69.5650 46.8180 11.6280 0.03569 0.99886 -0.03165 0.782450 0.048354
72.7630 43.5510 20.6720 -0.09437 0.04580 0.99448 0.785842 0.974325
73.3010 45.8780 20.1100 0.00016 0.79913 0.60115 0.798815 0.015740
73.3010 45.8780 20.1100 -0.05553 0.44275 0.89492 0.787862 0.983684
72.8730 46.2970 19.5330 -0.00734 0.87114 0.49097 0.797007 0.018377
74.3210 45.3480 20.4390 -0.03324 0.40160 0.91521 0.791900 0.981365
75.1300 46.2430 19.5960 0.01678 0.84861 0.52875 0.805692 0.018589
76.3190 45.4580 20.4340 -0.06481 0.39085 0.91817 0.799703 0.981891
76.3190 45.4580 20.4340 -0.04436 0.71464 0.69808 0.810486 0.014434
75.5130 46.6490 18.6370 0.00261 0.95976 0.28082 0.806945 0.022691
72.1840 46.7270 18.4660 0.00311 0.97062 0.24060 0.794086 0.022621
74.3420 46.8300 17.5230 0.01304 0.99982 0.01406 0.802177 0.026759
73.4950 46.6800 15.0850 -0.00137 1.00000 -0.00111 0.798364 0.035973
73.4330 46.6710 13.9120 0.02516 0.99948 0.02006 0.797866 0.040468
74.9200 46.7390 16.7980 0.00209 0.99743 -0.07160 0.804237 0.029701
76.7260 46.0880 19.8440 -0.04830 0.81006 0.58436 0.811898 0.017818
78.7350 45.6070 20.5830 -0.07639 0.71868 0.69113 0.819766 0.014758
78.7350 45.6070 20.5830 -0.10040 0.43831 0.89320 0.809273 0.982333
78.7920 45.9790 20.2010 -0.06390 0.80349 0.59188 0.819915 0.016818
77.2380 46.7960 17.7170 -0.00841 0.99869 0.05052 0.813364 0.026689
78.5500 46.6290 18.9630 -0.03851 0.94620 0.32129 0.818711 0.022152
81.1040 46.5480 19.4650 -0.05535 0.92571 0.37417 0.828647 0.020768
79.4600 46.8550 17.8420 -0.01906 0.99975 0.01206 0.821940 0.026749
80.1110 46.7680 17.1430 -0.01151 0.99855 -0.05252 0.824273 0.029612
78.4390 46.7130 15.2220 -0.00955 0.99976 -0.01953 0.817401 0.036594
75.1240 46.6380 13.7140 0.00342 0.99999 0.00176 0.804318 0.041622
84.3520 31.2660 22.4590 0.19667 0.04495 0.97944 0.830158 0.926162
85.0680 31.7140 22.1610 0.67483 0.01726 0.73777 0.833120 0.927897
84.6680 32.7100 22.3590 0.30272 0.01675 0.95293 0.831411 0.931703
83.9920 32.8300 22.4100 -0.05604 0.01947 0.99824 0.828787 0.932173
84.8790 33.4560 22.2190 0.67782 0.02823 0.73468 0.832404 0.934549
85.4740 34.0860 21.3270 0.93437 0.02124 0.35566 0.836521 0.937017
83.9060 34.8770 22.4560 -0.09678 0.00311 0.99530 0.828492 0.939979
84.6290 34.3920 22.3650 0.38115 0.01418 0.92440 0.831290 0.938113
84.5560 36.0470 22.4010 0.41421 -0.00948 0.91013 0.831004 0.944396
85.1250 35.7850 21.9140 0.79355 0.01616 0.60829 0.833825 0.943437
85.4010 37.0430 21.2760 0.93960 0.02578 0.34130 0.836344 0.948308
84.8260 36.9770 22.2460 0.56775 0.08289 0.81902 0.832088 0.947935
84.1440 36.2520 22.4960 -0.02799 0.05043 0.99834 0.829431 0.945177
83.8940 38.1340 22.2430 -0.10561 0.06769 0.99210 0.828604 0.952371
84.4920 38.2060 22.1940 0.27048 0.07742 0.95961 0.830955 0.952616
85.0420 38.6820 21.8240 0.74484 0.01506 0.66707 0.833526 0.954455
83.6820 40.5960 22.0300 -0.16345 0.03844 0.98580 0.827876 0.961781
82.3930 41.2470 21.6740 -0.20454 0.03989 0.97804 0.822880 0.964516
84.5050 39.5850 22.1610 0.20356 0.03233 0.97853 0.830956 0.957832
85.4860 39.2500 20.9090 0.96598 0.00488 0.25858 0.837417 0.956721
85.1100 39.9250 21.8980 0.71248 0.02794 0.70114 0.833383 0.959152
85.5990 39.1960 20.0750 0.97498 0.00962 0.22208 0.840648 0.956671
84.3770 41.1750 22.0720 0.17959 0.00956 0.98370 0.830607 0.963871
81.6480 42.9800 21.5000 -0.15704 0.06321 0.98557 0.820330 0.971386
82.5810 44.3930 21.4940 -0.16331 0.22248 0.96116 0.824379 0.976718
83.9270 42.8870 22.0860 -0.08857 0.10096 0.99094 0.829031 0.970365
83.4900 45.2110 21.4280 -0.07269 0.36957 0.92635 0.828288 0.979594
81.6290 45.5390 20.9740 -0.11234 0.55207 0.82619 0.820846 0.981613
84.9610 41.9960 21.8830 0.66614 -0.00467 0.74581 0.832934 0.966913
85.0400 41.0810 21.7280 0.72917 0.05871 0.68181 0.833550 0.963514
85.3870 41.2880 21.0030 0.95967 0.03015 0.27952 0.836655 0.964423
85.4960 41.3790 20.1610 0.97431 0.02776 0.22351 0.839861 0.964942
84.5720 42.7720 22.0480 0.34488 0.11241 0.93189 0.831384 0.969813
85.3560 43.0250 21.1010 0.94628 0.01539 0.32298 0.835925 0.970966
85.3030 44.5770 21.0980 0.82733 0.14140 0.54363 0.835422 0.976769
85.5610 44.1550 19.8120 0.96998 0.00175 0.24316 0.840462 0.975625
84.2460 43.7180 21.9130 0.10844 0.25446 0.96098 0.830516 0.973455
84.7470 45.4920 21.2460 0.39262 0.48508 0.78137 0.833304 0.980243
85.2590 45.3780 20.7930 0.77804 0.42681 0.46096 0.835930 0.979917
85.5540 45.4030 19.9330 0.90718 0.26097 0.33002 0.839386 0.980440
86.0280 44.1150 18.2790 0.98754 -0.01433 0.15673 0.846541 0.975812
85.9370 42.1800 18.7330 0.97555 0.01558 0.21921 0.845324 0.968314
86.0840 45.4940 18.4150 0.94436 0.27162 0.18549 0.845574 0.981004
81.3840 45.9960 20.4410 -0.09241 0.84762 0.52250 0.829953 0.016516
81.3840 45.9960 20.4410 -0.08811 0.73583 0.67141 0.819809 0.984279
81.1800 46.8450 18.2930 -0.01794 0.99495 0.09878 0.828645 0.025440
83.7010 45.7760 21.1380 -0.05530 0.62128 0.78163 0.829491 0.981979
83.3510 46.2700 20.4610 -0.03230 0.91204 0.40883 0.837611 0.017387
83.3510 46.2700 20.4610 -0.12405 0.76362 0.63364 0.828065 0.985172
83.2840 46.6220 19.6310 0.09134 0.96997 0.22542 0.837073 0.020813
82.5270 46.8650 18.4520 0.07323 0.99436 0.07669 0.833841 0.025172
82.8660 46.7140 15.6070 0.11513 0.99319 -0.01787 0.834529 0.036158
83.9100 46.5150 18.6850 0.36046 0.93271 0.01132 0.839342 0.024565
84.3330 46.1090 20.8300 0.25748 0.73487 0.62743 0.832647 0.983402
84.3330 46.1090 20.8300 0.09803 0.94310 0.31774 0.841556 0.016239
84.9990 45.8080 20.5180 0.61609 0.72291 0.31278 0.835983 0.982117
84.5330 46.2450 20.2670 0.26510 0.95174 0.15465 0.842154 0.018542
84.5330 46.2450 20.2670 0.61746 0.76458 0.18481 0.835527 0.984639
84.8730 45.9650 19.1740 0.50816 0.86064 -0.03273 0.843680 0.022872
84.8730 45.9650 19.1740 0.31371 0.94559 0.08631 0.841000 0.985148
84.7620 46.0390 16.9390 0.47217 0.88149 -0.00613 0.842684 0.031513
84.7620 46.0390 16.9390 0.14139 0.98994 0.00593 0.850530 0.987612
85.6690 45.7080 19.3200 0.66111 0.70324 0.26151 0.841691 0.981819
85.8330 45.8640 18.1600 0.49447 0.86357 0.09867 0.846241 0.982768
83.8070 46.5380 16.3140 0.33763 0.94122 -0.01108 0.838390 0.033666
8.4680 0.8880 -21.0330 0.07341 -0.02214 -0.99706 0.535302 0.319215
11.5700 2.9760 -20.8550 0.07484 -0.01521 -0.99708 0.547487 0.311527
15.0000 -0.4960 -20.5160 0.07814 -0.02511 -0.99663 0.560355 0.325285
6.6710 11.2740 -21.2660 0.07257 0.00268 -0.99736 0.529497 0.279037
12.2240 7.9520 -20.8430 0.07329 -0.00485 -0.99730 0.550556 0.292450
10.2140 12.8920 -21.0000 0.07257 0.00446 -0.99735 0.543342 0.273211
17.7110 3.9530 -20.4050 0.07810 -0.01587 -0.99682 0.571289 0.308465
19.0150 0.1780 -20.2280 0.08669 -0.02443 -0.99594 0.575918 0.323146
21.0700 -0.0590 -20.0160 0.07911 -0.02832 -0.99646 0.583838 0.324291
20.6370 2.6860 -20.1260 0.09156 -0.02797 -0.99541 0.582452 0.313674
21.8030 1.9620 -19.9710 0.07740 -0.02585 -0.99666 0.586892 0.316603
21.3780 5.5030 -20.1330 0.09043 -0.01202 -0.99583 0.585609 0.302919
17.1160 10.0090 -20.5130 0.07218 -0.00428 -0.99738 0.569652 0.285092
14.6990 14.6060 -20.6710 0.06864 0.00640 -0.99762 0.560840 0.267124
20.7380 9.4280 -20.2310 0.08451 -0.00882 -0.99638 0.583564 0.287739
1.6280 20.6280 -21.4880 0.06684 0.02973 -0.99732 0.511106 0.242469
-0.5790 25.2160 -21.4530 0.06091 0.04992 -0.99689 0.503142 0.224555
3.0540 24.6450 -21.2440 0.06521 0.04251 -0.99697 0.517083 0.227161
3.3760 16.4670 -21.4510 0.07002 0.01531 -0.99743 0.517370 0.258684
9.9520 18.9360 -20.9610 0.07055 0.01977 -0.99731 0.543019 0.249922
6.5540 20.0310 -21.1620 0.06762 0.02719 -0.99734 0.530041 0.245323
8.5530 25.5650 -20.8520 0.06465 0.03961 -0.99712 0.538410 0.224242
13.7130 18.5310 -20.6900 0.06797 0.01672 -0.99755 0.557488 0.251906
4.0160 28.3320 -20.9930 0.05904 0.05480 -0.99675 0.521253 0.213064
13.2600 24.1310 -20.5830 0.06492 0.03211 -0.99737 0.556395 0.230296
12.5060 30.3050 -20.3910 0.05870 0.04256 -0.99737 0.554236 0.206433
23.4540 1.7690 -19.8960 0.06662 -0.01301 -0.99769 0.593231 0.317527
22.8570 3.7790 -19.9870 0.07655 -0.02252 -0.99681 0.591138 0.309721
25.0290 3.8420 -19.7860 0.06801 -0.02669 -0.99733 0.599539 0.309734
22.7380 5.7230 -19.9840 0.07691 -0.00781 -0.99701 0.590898 0.302228
22.5250 7.1900 -20.0300 0.08625 -0.00827 -0.99624 0.590235 0.296558
25.2070 5.6000 -19.8690 0.06849 -0.01137 -0.99759 0.600396 0.302981
25.8880 2.6740 -19.7480 0.07988 -0.01382 -0.99671 0.602715 0.314326
26.3420 4.1310 -19.7330 0.08223 -0.02829 -0.99621 0.604628 0.308769
27.8490 1.9920 -19.4940 0.08925 -0.02037 -0.99580 0.610244 0.317182
28.0220 3.9920 -19.5480 0.08597 -0.02878 -0.99588 0.611114 0.309501
29.3050 2.0750 -19.4350 0.05997 -0.02388 -0.99791 0.615861 0.317023
25.6850 7.0040 -19.7960 0.05923 0.00945 -0.99820 0.602407 0.297633
27.5600 6.9080 -19.7050 0.08710 0.00852 -0.99616 0.609616 0.298219
26.5610 7.7760 -19.7650 0.06859 -0.00479 -0.99763 0.605861 0.294761
28.1670 7.7020 -19.6010 0.07875 0.01542 -0.99678 0.612072 0.295229
19.3360 14.3680 -20.3510 0.07522 0.00305 -0.99716 0.578703 0.268566
22.4880 12.9430 -20.0850 0.08134 0.00037 -0.99669 0.590716 0.274410
24.7290 14.1590 -19.9150 0.07654 -0.00672 -0.99704 0.599503 0.269989
23.0830 16.6430 -20.0510 0.07924 0.00574 -0.99684 0.593422 0.260241
23.1580 9.4200 -19.9920 0.08385 -0.01500 -0.99637 0.592922 0.288048
22.7500 11.2780 -20.0870 0.08826 -0.00438 -0.99609 0.591535 0.280850
24.2170 11.7160 -19.9370 0.07811 -0.00258 -0.99694 0.597259 0.279333
25.9850 10.0560 -19.8260 0.07290 -0.00897 -0.99730 0.603891 0.285922
31.3810 3.4540 -19.2720 0.09681 -0.01856 -0.99513 0.624030 0.311956
29.7290 3.5810 -19.4410 0.07973 -0.01735 -0.99667 0.617652 0.311275
30.3410 5.4800 -19.4060 0.08998 -0.02317 -0.99567 0.620226 0.304036
33.6390 4.2100 -19.0750 0.12023 -0.02219 -0.99250 0.632841 0.309306
32.7850 6.3170 -19.1980 0.10189 -0.02104 -0.99457 0.629761 0.301096
29.3800 6.6980 -19.5370 0.08602 -0.02092 -0.99607 0.616632 0.299234
29.3620 8.0770 -19.5620 0.06741 0.00125 -0.99772 0.616713 0.293926
28.3720 9.0370 -19.5950 0.07554 -0.00387 -0.99714 0.613008 0.290119
31.2760 7.4600 -19.3650 0.08982 -0.01864 -0.99578 0.624045 0.296523
30.8650 9.7340 -19.4070 0.07742 -0.00621 -0.99698 0.622710 0.287722
35.7830 4.4660 -18.7550 0.10101 -0.02058 -0.99467 0.641217 0.308582
34.8730 6.9450 -18.9720 0.13858 -0.02818 -0.98995 0.637918 0.298925
36.3020 6.7550 -18.7200 0.08655 -0.01270 -0.99617 0.643474 0.299830
32.6270 9.1150 -19.2980 0.09452 -0.01899 -0.99534 0.629432 0.290306
34.0000 9.1250 -19.1200 0.11630 -0.02437 -0.99291 0.634762 0.290429
33.0210 11.3820 -19.2970 0.08996 -0.00415 -0.99594 0.631202 0.281628
35.5530 8.9120 -18.9520 0.14111 -0.03381 -0.98942 0.640742 0.291427
28.0510 11.3570 -19.6520 0.08066 -0.00919 -0.99670 0.612018 0.281154
27.1110 12.1510 -19.7620 0.09298 0.01515 -0.99555 0.608462 0.277991
29.9190 10.8180 -19.5280 0.09254 -0.01440 -0.99561 0.619157 0.283440
27.2980 13.4090 -19.7030 0.07491 -0.00065 -0.99719 0.609339 0.273169
26.7800 14.8020 -19.7760 0.07492 -0.01601 -0.99706 0.607484 0.267748
25.1550 15.9920 -19.8890 0.06987 0.00622 -0.99754 0.601350 0.262983
30.0060 13.2710 -19.5410 0.09235 0.00107 -0.99573 0.619764 0.274010
29.0150 14.6990 -19.5870 0.07733 -0.00397 -0.99700 0.616109 0.268403
27.2060 16.5890 -19.7690 0.07009 0.01487 -0.99743 0.609323 0.260921
28.9590 16.9340 -19.6240 0.08675 0.02481 -0.99592 0.616129 0.259797
31.0450 12.4250 -19.3900 0.09008 -0.00899 -0.99589 0.623707 0.277387
31.1870 14.1400 -19.4110 0.08735 -0.00026 -0.99618 0.624433 0.270803
32.7650 13.0470 -19.3120 0.08274 0.00969 -0.99652 0.630398 0.275191
35.0600 10.9950 -19.0480 0.11759 -0.01661 -0.99292 0.639063 0.283353
34.7120 14.3780 -19.0890 0.08794 -0.00561 -0.99611 0.638085 0.270292
30.4660 16.4200 -19.4930 0.07985 0.00386 -0.99680 0.621897 0.261943
32.3960 15.9560 -19.3010 0.08785 -0.02738 -0.99576 0.629310 0.263958
30.2520 17.7370 -19.4560 0.07813 0.02124 -0.99672 0.621227 0.256847
32.1530 17.1520 -19.3910 0.07141 0.00728 -0.99742 0.628478 0.259321
17.6680 18.5940 -20.4330 0.06873 0.01328 -0.99755 0.572745 0.252115
16.4620 21.6430 -20.4550 0.06303 0.02442 -0.99771 0.568451 0.240240
21.2990 22.7580 -20.1140 0.06816 0.02047 -0.99746 0.587234 0.236501
16.4430 26.5910 -20.3010 0.05976 0.03358 -0.99765 0.568969 0.221190
20.6290 28.1500 -20.0060 0.06002 0.03063 -0.99773 0.585296 0.215670
18.1240 32.2240 -20.0050 0.05467 0.04124 -0.99765 0.576124 0.199690
25.3340 17.6290 -19.8400 0.07299 0.01280 -0.99725 0.602232 0.256702
23.8670 21.6750 -19.9430 0.08090 0.01229 -0.99665 0.597021 0.240966
25.7420 19.8740 -19.7950 0.07520 0.01641 -0.99703 0.604054 0.248107
26.7330 18.8020 -19.7680 0.06575 0.00681 -0.99781 0.607754 0.252348
25.9520 21.7410 -19.7450 0.07133 0.00869 -0.99741 0.605088 0.240948
27.6740 20.2690 -19.6490 0.06360 0.00911 -0.99793 0.611563 0.246809
27.6370 22.2070 -19.6840 0.05818 0.00687 -0.99828 0.611628 0.239346
25.2930 24.3640 -19.7880 0.07563 0.01432 -0.99703 0.602838 0.230776
27.1120 24.0120 -19.6580 0.05803 0.01790 -0.99815 0.609816 0.232338
29.7040 19.5120 -19.5200 0.07317 -0.00106 -0.99732 0.619306 0.249955
26.7150 26.5310 -19.6440 0.06724 0.01887 -0.99756 0.608580 0.222602
29.7200 22.5750 -19.4840 0.06646 0.00991 -0.99774 0.619718 0.238170
29.0950 25.5900 -19.5160 0.06567 0.02006 -0.99764 0.617648 0.226497
30.9050 24.4110 -19.4160 0.06553 0.01114 -0.99779 0.624494 0.231237
27.9950 17.8710 -19.6540 0.07906 0.01778 -0.99671 0.612525 0.256076
31.4330 20.0950 -19.4120 0.07600 -0.01183 -0.99704 0.626039 0.247907
31.8210 18.3260 -19.3230 0.07022 0.01720 -0.99738 0.627359 0.254756
24.7510 26.9460 -19.7770 0.06777 0.02397 -0.99741 0.601051 0.220777
22.6180 32.1260 -19.7630 0.05794 0.03652 -0.99765 0.593442 0.200591
30.3950 26.7160 -19.3980 0.06836 0.01876 -0.99748 0.622800 0.222310
26.7320 30.0730 -19.5680 0.05981 0.02568 -0.99788 0.609065 0.208971
26.1330 33.4990 -19.4980 0.05594 0.03667 -0.99776 0.607163 0.195713
-0.4610 31.9080 -21.0310 0.05244 0.06589 -0.99645 0.504436 0.198768
-3.9310 33.6290 -21.0800 0.04779 0.07477 -0.99606 0.491277 0.191725
3.2320 33.2710 -20.7500 0.05025 0.06263 -0.99677 0.518845 0.193936
-3.8750 43.9910 -15.0480 0.00836 0.99736 -0.07217 0.493906 0.134969
-5.1290 38.2030 -20.7690 0.04856 0.07640 -0.99589 0.487244 0.173926
-5.8230 40.5860 -20.6440 0.05475 0.09700 -0.99378 0.484873 0.164647
-5.0780 42.5850 -20.3020 0.01291 0.36104 -0.93246 0.488047 0.156960
-1.8900 40.2350 -20.4420 0.03411 0.06467 -0.99732 0.500006 0.166472
-3.4050 42.4770 -20.3150 0.02761 0.30234 -0.95280 0.494472 0.157649
0.4310 36.3430 -20.6750 0.04550 0.07598 -0.99607 0.508436 0.181767
-1.3550 41.0330 -20.4180 0.02496 0.06731 -0.99742 0.502166 0.163471
-0.9290 42.5750 -20.1890 0.02971 0.29863 -0.95391 0.504012 0.157534
6.9120 30.1670 -20.7290 0.05622 0.05052 -0.99714 0.532646 0.206324
10.2220 35.2750 -20.2980 0.05150 0.05750 -0.99702 0.546039 0.187024
4.8020 37.6610 -20.3750 0.04409 0.07231 -0.99641 0.525452 0.177188
-1.2200 44.1110 -14.3100 0.00292 0.98924 -0.14627 0.504276 0.132662
-2.5220 43.9400 -14.9940 0.02878 0.98573 -0.16585 0.499124 0.135094
0.3300 44.1020 -13.9260 0.00153 0.99507 -0.09914 0.510327 0.131545
0.2980 43.9590 -14.9250 -0.00414 0.99628 -0.08602 0.509975 0.135422
-2.5100 43.9240 -16.3910 0.00014 0.99995 -0.01037 0.498858 0.140453
2.0570 43.9530 -16.6110 -0.01432 0.99966 -0.02162 0.516371 0.142287
-1.0190 43.9510 -17.6500 -0.00174 0.99702 -0.07707 0.504319 0.145610
1.3330 43.9380 -17.7880 -0.00220 0.99631 -0.08579 0.513330 0.146659
1.9360 43.7620 -18.9180 -0.00128 0.93936 -0.34294 0.515402 0.151188
2.9580 44.1800 -14.1100 0.01688 0.99347 -0.11286 0.520387 0.132803
4.7270 44.0880 -13.9490 0.01343 0.99512 -0.09777 0.527232 0.132601
2.5020 44.0200 -14.8900 -0.01696 0.99478 -0.10067 0.518461 0.135761
4.1150 44.0270 -16.2220 0.00712 0.99976 -0.02051 0.524376 0.141236
4.4160 43.9450 -17.9770 0.00199 0.99264 -0.12109 0.525147 0.148052
4.6370 43.9900 -14.6760 0.02211 0.99702 -0.07395 0.526727 0.135409
5.7210 43.9710 -16.0440 0.00319 0.99993 -0.01128 0.530593 0.140912
6.6760 43.9730 -17.7620 -0.00914 0.99512 -0.09827 0.533894 0.147734
1.8540 40.2370 -20.3000 0.04105 0.04915 -0.99795 0.514431 0.166901
4.6250 40.4460 -20.1760 0.03906 0.04060 -0.99841 0.525132 0.166419
3.1290 41.1690 -20.2290 0.03842 0.07621 -0.99635 0.519455 0.163461
2.4650 42.4700 -20.0710 0.03533 0.26697 -0.96306 0.517080 0.158320
0.5860 43.2100 -19.8510 0.03113 0.64344 -0.76487 0.509977 0.155051
-0.9520 43.6600 -19.2200 0.00678 0.92084 -0.38989 0.504224 0.151756
3.2930 43.3020 -19.6730 0.00594 0.66816 -0.74400 0.520421 0.154895
8.9110 38.8360 -20.1090 0.04331 0.06052 -0.99723 0.541443 0.173133
6.4740 41.3090 -20.0950 0.03681 0.08695 -0.99553 0.532359 0.163321
4.5670 42.6800 -19.9760 0.02862 0.31495 -0.94868 0.525208 0.157774
4.6240 43.7170 -19.0280 0.00493 0.92400 -0.38235 0.525706 0.152228
7.9590 42.7970 -19.8250 0.03720 0.33981 -0.93976 0.538285 0.157713
6.1070 43.3960 -19.5270 0.02445 0.71631 -0.69735 0.531284 0.154809
-8.9810 43.8760 -15.4670 -0.00771 0.99510 -0.09852 0.474180 0.135512
-8.6160 43.9070 -17.7650 -0.00857 0.99945 -0.03193 0.475067 0.144454
-7.6260 43.9010 -16.6940 -0.01397 0.99986 0.00916 0.479114 0.140533
-8.9120 43.2300 -19.8770 0.03892 0.72324 -0.68950 0.473424 0.153210
-7.1130 43.2050 -19.9050 -0.00687 0.70552 -0.70865 0.480356 0.153717
-8.4170 43.7980 -18.9620 0.00633 0.94738 -0.32005 0.475564 0.149144
-5.9930 43.9430 -18.1020 0.00222 0.99563 -0.09331 0.485080 0.146272
-5.1750 43.6990 -19.2420 -0.00156 0.92064 -0.39040 0.487982 0.150912
-6.6280 43.9150 -15.3930 -0.01152 0.99557 -0.09335 0.483234 0.135729
-5.5630 43.9370 -16.5590 -0.00867 0.99995 -0.00556 0.487081 0.140431
-3.5990 43.9060 -18.1590 0.00384 0.99467 -0.10302 0.494280 0.147008
-4.1310 43.3060 -19.8560 0.01517 0.70253 -0.71149 0.491855 0.153898
-2.3400 43.7290 -19.0760 0.01452 0.93652 -0.35033 0.498922 0.150861
-2.0440 43.2220 -19.8740 0.01473 0.67662 -0.73618 0.499862 0.154562
14.3260 35.4180 -20.0580 0.05348 0.05245 -0.99719 0.561881 0.186945
12.3340 40.5740 -19.8490 0.04281 0.02971 -0.99864 0.554856 0.166836
14.7480 39.5350 -19.7980 0.04769 0.04486 -0.99785 0.564027 0.171121
18.6820 35.9820 -19.8000 0.05178 0.05017 -0.99740 0.578743 0.185276
18.1270 40.5760 -19.5800 0.04705 0.02484 -0.99858 0.577180 0.167501
6.2220 44.2440 -12.1750 -0.01110 0.99795 -0.06301 0.533369 0.126082
9.4340 44.2180 -12.5000 -0.00632 0.99843 -0.05572 0.545648 0.128044
6.5510 43.9930 -14.7470 -0.01777 0.99640 -0.08286 0.534057 0.136101
7.8450 44.1460 -14.0220 -0.00652 0.99289 -0.11889 0.539206 0.133551
8.4710 44.0460 -15.6460 0.06108 0.99640 -0.05873 0.541244 0.139972
8.2320 43.9810 -16.4450 -0.01179 0.99977 -0.01802 0.540161 0.143003
9.3080 44.0250 -14.7420 0.00221 0.99748 -0.07086 0.544668 0.136684
12.0000 44.4530 -9.5270 -0.00858 0.99826 -0.05833 0.556167 0.117143
13.3500 44.3320 -11.9310 -0.02304 0.99826 -0.05427 0.560829 0.126699
11.3070 44.1790 -13.4500 -0.01477 0.99372 -0.11095 0.552640 0.132113
11.4080 44.0580 -16.0840 -0.02080 0.99976 0.00726 0.552455 0.142307
11.4400 44.0340 -14.3080 -0.02090 0.99635 -0.08275 0.552955 0.135486
9.5080 41.2120 -19.9670 0.04165 0.08278 -0.99570 0.544038 0.164047
7.2260 43.7730 -18.7530 -0.00298 0.94208 -0.33537 0.535779 0.151749
8.5790 43.4290 -19.4030 0.01576 0.73332 -0.67970 0.540812 0.154905
8.9900 43.8560 -18.6050 -0.00918 0.94705 -0.32096 0.542604 0.151524
10.1260 44.0570 -17.4730 -0.01744 0.99745 -0.06922 0.547227 0.147362
10.3560 42.8090 -19.7400 0.03889 0.35570 -0.93379 0.547514 0.157961
11.3480 43.8920 -18.5680 0.00195 0.94611 -0.32384 0.551679 0.151894
11.7420 42.6340 -19.7290 0.03024 0.31156 -0.94975 0.552836 0.158791
11.2140 43.5530 -19.1960 0.02416 0.73508 -0.67755 0.550996 0.154602
13.7840 41.5640 -19.7910 0.03877 0.07265 -0.99660 0.560557 0.163194
14.7600 42.8310 -19.5840 0.03239 0.34787 -0.93698 0.564490 0.158405
16.5860 42.6560 -19.5500 0.04849 0.24508 -0.96829 0.571502 0.159291
13.3250 44.1050 -17.3020 -0.00823 0.99694 -0.07768 0.559571 0.147414
14.0580 44.1710 -14.6100 -0.01021 0.99763 -0.06812 0.562962 0.137191
14.0970 44.0780 -16.1220 -0.02109 0.99968 -0.01396 0.562785 0.143033
13.9850 43.8730 -18.5000 -0.00688 0.93588 -0.35226 0.561829 0.152267
13.2610 43.4130 -19.2710 0.01740 0.68572 -0.72765 0.558848 0.155574
15.7510 43.6120 -19.0390 0.00966 0.75062 -0.66067 0.568488 0.154960
13.2890 44.4570 -9.2360 -0.01667 0.99806 -0.06001 0.561187 0.116311
14.8630 44.5170 -9.3350 -0.02373 0.99834 -0.05255 0.567216 0.117021
16.3910 44.5960 -8.1420 -0.01419 0.99863 -0.05035 0.573357 0.112761
14.7050 44.4240 -11.1040 -0.02431 0.99796 -0.05897 0.566224 0.123799
14.1070 44.2880 -13.5970 -0.00060 0.99670 -0.08115 0.563379 0.133274
15.0990 44.2790 -13.2030 0.00172 0.99673 -0.08084 0.567280 0.131981
16.3030 44.4560 -10.9230 -0.00116 0.99780 -0.06626 0.572406 0.123446
17.1710 44.3440 -12.1270 0.00019 0.99831 -0.05813 0.575483 0.128284
16.4150 44.3040 -13.4750 -0.01183 0.99445 -0.10458 0.572286 0.133299
18.4450 44.6420 -7.7310 0.00025 0.99856 -0.05369 0.581336 0.111622
19.6480 44.7110 -5.7820 -0.01354 0.99800 -0.06173 0.586396 0.104395
20.3720 44.6010 -8.2430 -0.05266 0.99744 -0.04840 0.588626 0.114022
18.1320 44.4790 -10.4300 0.00489 0.99754 -0.06990 0.579546 0.121955
19.9170 44.4540 -10.5410 -0.01522 0.99808 -0.05996 0.586384 0.122781
18.5130 44.3140 -13.2420 -0.01117 0.99619 -0.08653 0.580393 0.132870
21.2400 44.3150 -13.2990 -0.01967 0.99199 -0.12481 0.590863 0.133695
15.5990 44.1060 -14.5460 0.00620 0.99857 -0.05304 0.568905 0.137296
15.8040 44.1440 -15.9140 -0.01097 0.99989 0.00984 0.569400 0.142600
17.6720 44.1570 -14.1810 -0.00755 0.99496 -0.09997 0.576955 0.136340
15.7100 44.1610 -17.2590 -0.01870 0.99552 -0.09266 0.568744 0.147751
17.9730 44.1990 -16.9290 -0.01040 0.99888 -0.04626 0.577527 0.146979
17.3670 44.1040 -15.8500 0.00459 0.99959 0.02830 0.575426 0.142688
19.6040 44.2040 -14.3910 -0.01161 0.99778 -0.06554 0.584341 0.137557
17.3590 41.5690 -19.6160 0.04860 0.04927 -0.99760 0.574335 0.163585
17.4820 43.2500 -19.2440 0.03279 0.53852 -0.84198 0.575074 0.156880
20.0730 41.3830 -19.4980 0.03952 0.04596 -0.99816 0.584772 0.164629
18.8100 43.7140 -18.7790 0.00654 0.82470 -0.56553 0.580315 0.154613
16.9930 43.9510 -18.3760 0.00325 0.94486 -0.32745 0.573436 0.152393
19.7360 44.0250 -18.1020 -0.00286 0.95026 -0.31145 0.584045 0.151938
19.4020 42.8160 -19.3920 0.03523 0.27203 -0.96164 0.582378 0.159003
20.4600 44.1770 -15.7140 -0.02145 0.99970 0.01203 0.587347 0.142836
20.3370 44.2250 -17.0350 -0.01578 0.99714 -0.07392 0.586596 0.147893
21.6040 44.2160 -13.8370 -0.02813 0.99424 -0.10341 0.592141 0.135881
22.3290 44.2380 -15.6210 -0.03672 0.99932 -0.00405 0.594564 0.142886
21.9170 42.9950 -19.2860 0.04061 0.33417 -0.94164 0.592091 0.158652
22.6340 41.5290 -19.4060 0.04643 0.04220 -0.99803 0.594659 0.164378
20.5490 43.5560 -18.9940 0.00400 0.70042 -0.71372 0.586944 0.155984
22.4980 44.0420 -18.2100 0.00319 0.92982 -0.36801 0.594655 0.152925
24.6070 44.0610 -18.0580 -0.00779 0.93782 -0.34704 0.602795 0.152866
24.2720 43.6990 -18.6770 0.00911 0.75791 -0.65230 0.601346 0.155568
23.9080 36.7000 -19.4950 0.05284 0.04445 -0.99761 0.598976 0.183126
20.9490 40.0390 -19.4670 0.04500 0.02744 -0.99861 0.587992 0.169907
24.8360 40.7880 -19.2680 0.05238 0.00805 -0.99859 0.603060 0.167494
24.0400 42.7150 -19.2150 0.05445 0.19993 -0.97830 0.600235 0.159934
37.2850 6.9270 -18.7180 0.02973 -0.00383 -0.99955 0.647278 0.299280
39.5250 6.6380 -18.6120 0.09479 -0.01744 -0.99534 0.655872 0.300644
36.7540 8.7560 -18.7180 0.08280 -0.03228 -0.99604 0.645433 0.292181
37.2350 10.3920 -18.7450 0.10136 -0.01439 -0.99475 0.647456 0.285932
36.0960 13.1180 -18.9780 0.12540 -0.01690 -0.99196 0.643289 0.275296
39.3120 10.1620 -18.6000 0.05585 0.00308 -0.99843 0.655448 0.287053
38.5920 12.3350 -18.6690 0.03878 0.00163 -0.99925 0.652915 0.278607
37.5910 12.5350 -18.6760 0.10448 -0.00160 -0.99453 0.649090 0.277722
42.2590 6.9220 -18.1870 0.13039 -0.02529 -0.99114 0.666557 0.299882
40.2000 9.3010 -18.5920 0.08622 -0.00448 -0.99627 0.658769 0.290471
45.4640 7.6570 -17.8720 0.11556 -0.02267 -0.99304 0.679027 0.297421
42.4650 9.6470 -18.2380 0.13384 -0.02521 -0.99068 0.667629 0.289412
41.5330 11.5890 -18.4440 0.12383 -0.02883 -0.99188 0.664191 0.281817
40.1500 12.7710 -18.5810 0.05306 -0.02053 -0.99838 0.658968 0.277110
36.6970 16.7900 -18.9460 0.12534 -0.01220 -0.99204 0.646012 0.261234
37.5540 15.3130 -18.8120 0.18481 -0.02738 -0.98239 0.649178 0.267019
34.7290 17.3610 -19.1690 0.08796 -0.00870 -0.99609 0.638455 0.258804
34.0310 18.6530 -19.1790 0.05784 0.01290 -0.99824 0.635918 0.253753
35.3370 19.6450 -19.1320 0.08577 -0.01019 -0.99626 0.641060 0.250088
36.5200 18.9490 -18.9770 0.11537 -0.00977 -0.99327 0.645579 0.252902
38.1490 15.0350 -18.6540 0.11415 -0.01927 -0.99328 0.651513 0.268166
39.1060 15.7940 -18.6620 0.01510 0.00394 -0.99988 0.655275 0.265352
41.7550 14.9370 -18.5580 0.11168 -0.00986 -0.99370 0.665376 0.268949
41.3060 13.0200 -18.5520 0.09629 -0.03972 -0.99456 0.663445 0.276275
38.7180 17.6040 -18.6320 0.00801 -0.02231 -0.99972 0.653969 0.258347
38.1700 19.2460 -18.7870 0.14196 -0.02088 -0.98965 0.652009 0.251954
38.8740 18.8620 -18.6790 0.08975 -0.00994 -0.99591 0.654715 0.253520
41.3530 17.3440 -18.5320 0.07070 -0.00634 -0.99748 0.664112 0.259639
39.3010 20.3040 -18.6020 0.10519 0.00296 -0.99445 0.656536 0.248015
48.2230 8.6150 -17.5610 0.11748 -0.02849 -0.99267 0.689830 0.294057
48.0070 10.5540 -17.6020 0.12444 -0.02229 -0.99198 0.689208 0.286566
45.2530 12.4890 -17.9920 0.10864 -0.02324 -0.99381 0.678729 0.278789
43.3520 12.0490 -18.1670 0.12208 -0.02317 -0.99225 0.671324 0.280267
43.1440 13.6440 -18.2490 0.14490 -0.03266 -0.98891 0.670688 0.274101
48.5590 7.4790 -17.4430 0.11013 -0.04472 -0.99291 0.691034 0.298480
50.1550 8.7820 -17.3730 0.09508 -0.01411 -0.99537 0.697318 0.293638
49.8280 11.0590 -17.3750 0.10190 -0.01715 -0.99465 0.696326 0.284834
47.7930 13.3190 -17.7440 0.12107 -0.02700 -0.99228 0.688639 0.275883
50.1430 13.0800 -17.3930 0.10219 -0.03455 -0.99416 0.697754 0.277084
49.2740 14.1150 -17.5690 0.13094 -0.03220 -0.99087 0.694472 0.272988
43.5410 16.4210 -18.2660 0.13073 -0.01651 -0.99128 0.672506 0.263449
42.2580 18.4780 -18.5230 0.08067 -0.01855 -0.99657 0.667720 0.255372
46.1830 16.2490 -17.9610 0.10741 -0.01783 -0.99405 0.682721 0.264415
41.6210 19.7820 -18.5310 0.04859 0.01180 -0.99875 0.665412 0.250284
41.9430 21.2100 -18.5010 0.04824 -0.00300 -0.99883 0.666813 0.244821
44.8020 19.0230 -18.1400 0.12673 -0.01922 -0.99175 0.677681 0.253577
43.1100 19.8120 -18.4330 0.11600 -0.00435 -0.99324 0.671161 0.250335
48.8630 18.6240 -17.7420 0.11617 -0.02532 -0.99291 0.693338 0.255569
43.8670 21.2340 -18.3410 0.13523 -0.02923 -0.99038 0.674263 0.244950
43.3550 22.3980 -18.4900 0.09739 -0.02661 -0.99489 0.672366 0.240399
45.3230 21.8290 -18.1320 0.11715 -0.01599 -0.99298 0.679989 0.242830
48.3780 22.0010 -17.8540 0.10406 -0.02046 -0.99436 0.691813 0.242507
31.1380 22.9060 -19.4100 0.07056 0.02724 -0.99714 0.625221 0.237052
32.5730 24.7440 -19.2890 0.09075 0.00925 -0.99583 0.630969 0.230150
33.5830 23.1300 -19.1760 0.06013 0.01172 -0.99812 0.634696 0.236473
32.4860 26.9060 -19.2490 0.07484 0.01433 -0.99709 0.630888 0.221820
33.9480 25.1710 -19.1390 0.05728 0.01252 -0.99828 0.636342 0.228662
34.4610 26.8510 -19.0980 0.06987 0.01354 -0.99746 0.638513 0.222259
35.3670 24.9170 -19.1220 0.06688 0.02139 -0.99753 0.641771 0.229811
33.2820 20.9600 -19.2260 0.07478 -0.00067 -0.99720 0.633289 0.244789
31.2740 21.8650 -19.4660 0.06404 0.01366 -0.99785 0.625615 0.241081
32.7720 21.8030 -19.2930 0.11499 0.00912 -0.99333 0.631403 0.241487
35.6280 22.1460 -19.1610 0.09905 0.00103 -0.99508 0.642444 0.240499
36.6940 21.3410 -18.9640 0.11231 -0.00800 -0.99364 0.646520 0.243718
37.9980 21.8460 -18.8770 0.12216 -0.00990 -0.99246 0.651599 0.241923
36.7120 23.4820 -18.9650 0.11013 0.01040 -0.99386 0.646828 0.235483
38.1060 23.9650 -18.8610 0.11068 0.00180 -0.99385 0.652257 0.233783
37.5240 26.6590 -18.8630 0.07478 0.01239 -0.99712 0.650317 0.223349
29.9430 29.6330 -19.3910 0.06457 0.01844 -0.99774 0.621392 0.211038
32.9860 33.1840 -19.1180 0.06436 0.02326 -0.99766 0.633553 0.197725
29.0370 33.4220 -19.3540 0.05504 0.03281 -0.99794 0.618350 0.196350
32.1290 36.0820 -19.0830 0.05630 0.03462 -0.99781 0.630594 0.186476
36.1570 30.1740 -18.9510 0.07204 0.01055 -0.99735 0.645441 0.209668
39.8130 22.3910 -18.5760 0.09766 -0.00483 -0.99521 0.658743 0.240036
40.3940 25.4750 -18.5230 0.08479 -0.00518 -0.99639 0.661325 0.228233
42.6390 23.8140 -18.4800 0.03000 0.01046 -0.99950 0.669780 0.234874
38.9680 27.6550 -18.7600 0.10198 -0.00268 -0.99478 0.656004 0.219677
41.5770 27.6550 -18.5000 0.04239 0.01054 -0.99905 0.666120 0.219975
40.4190 28.1230 -18.5780 0.11558 -0.00049 -0.99330 0.661690 0.218042
41.1150 28.6920 -18.4600 0.07965 0.00373 -0.99682 0.664466 0.215934
45.2190 23.7060 -18.1640 0.13286 -0.02149 -0.99090 0.679794 0.235592
44.1640 25.0290 -18.3980 0.12212 -0.00264 -0.99251 0.675795 0.230374
45.0790 25.9510 -18.2470 0.12309 -0.00990 -0.99235 0.679463 0.226927
43.5790 27.0350 -18.4240 0.06628 0.00017 -0.99780 0.673765 0.222587
45.0520 28.4800 -18.3240 0.10567 -0.01759 -0.99425 0.679610 0.217186
43.8400 28.9350 -18.3990 0.04356 0.00474 -0.99904 0.674984 0.215301
41.5340 30.4940 -18.4600 0.07859 0.00209 -0.99690 0.666273 0.209044
40.3380 31.4540 -18.6130 0.10037 0.00098 -0.99495 0.661735 0.205215
38.2380 33.9960 -18.7570 0.06984 0.01645 -0.99742 0.653911 0.195201
35.8190 37.7720 -18.8040 0.05694 0.02348 -0.99810 0.645030 0.180392
41.2960 35.0790 -18.5110 0.09485 0.00530 -0.99548 0.665842 0.191377
42.1460 33.5080 -18.4040 0.07734 0.00196 -0.99700 0.668970 0.197513
40.5180 37.5070 -18.5350 0.06881 0.01204 -0.99756 0.663119 0.181949
42.7560 36.9860 -18.3530 0.06089 0.00236 -0.99814 0.671707 0.184202
41.8850 38.8950 -18.4360 0.07234 0.00427 -0.99737 0.668541 0.176765
43.8890 31.5800 -18.3540 0.02708 0.01164 -0.99957 0.675469 0.205125
53.1850 10.5750 -17.0870 0.10239 -0.03376 -0.99417 0.709237 0.287085
52.4540 8.9950 -17.1060 0.09382 -0.01596 -0.99546 0.706251 0.293086
52.3290 11.4310 -17.2420 0.08695 -0.03718 -0.99552 0.706002 0.283679
53.0910 12.4290 -17.1300 0.08329 -0.03670 -0.99585 0.709068 0.279930
54.8030 12.0640 -16.9690 0.13651 -0.04457 -0.98964 0.715644 0.281531
50.6810 14.6260 -17.4030 0.09851 -0.01276 -0.99505 0.699984 0.271183
51.7740 13.5580 -17.3390 0.08278 -0.02092 -0.99635 0.704078 0.275419
53.3360 14.4500 -17.0960 0.07209 -0.03443 -0.99680 0.710247 0.272166
53.5700 13.0580 -17.1670 0.08923 -0.03438 -0.99542 0.710964 0.277548
52.8320 15.1050 -17.2140 0.09256 -0.05418 -0.99423 0.708352 0.269570
52.4440 17.1010 -17.2960 0.08948 -0.02199 -0.99575 0.707060 0.261845
55.7080 13.0230 -16.8500 0.11431 -0.06074 -0.99159 0.719269 0.277949
55.2950 14.3780 -17.0090 0.09824 -0.02108 -0.99494 0.717784 0.272663
54.5490 16.8330 -17.0690 0.08629 -0.03053 -0.99580 0.715181 0.263127
56.7960 15.0290 -16.8180 0.10587 0.02612 -0.99404 0.723676 0.270325
57.6060 13.8790 -16.7970 0.11044 -0.04498 -0.99286 0.726658 0.274842
50.8620 16.8420 -17.3920 0.10289 -0.02007 -0.99449 0.700932 0.262669
50.9350 18.6520 -17.4520 0.10310 -0.04355 -0.99372 0.701388 0.255706
52.2550 18.4630 -17.3540 0.08000 -0.05403 -0.99533 0.706466 0.256578
53.0770 19.4730 -17.3680 0.08566 -0.03213 -0.99581 0.709722 0.252765
51.2990 20.2570 -17.4870 0.09740 -0.01286 -0.99516 0.702950 0.249557
52.0950 22.3960 -17.3980 0.09058 -0.01759 -0.99573 0.706270 0.241410
49.8120 24.7820 -17.7700 0.10953 -0.02507 -0.99367 0.697650 0.231957
54.2230 17.8580 -17.1150 0.07994 -0.03580 -0.99616 0.714022 0.259134
54.7420 19.4910 -17.2050 0.11685 -0.03686 -0.99247 0.716157 0.252878
55.5870 17.6230 -17.0980 0.09035 -0.05818 -0.99421 0.719233 0.260171
57.4850 17.1300 -16.7440 0.12304 -0.04462 -0.99140 0.726581 0.262327
57.3390 17.9540 -16.8560 0.20042 -0.04600 -0.97863 0.726051 0.259116
55.6000 18.9450 -17.0140 0.11501 -0.04438 -0.99237 0.719462 0.255095
55.5930 20.7380 -17.0520 0.08784 0.00990 -0.99609 0.719614 0.248175
53.1510 21.2470 -17.3150 0.08784 0.00298 -0.99613 0.710219 0.245945
56.4980 20.1380 -17.0310 0.08825 -0.01147 -0.99603 0.723029 0.250595
52.2800 24.4330 -17.4340 0.09412 -0.03527 -0.99494 0.707198 0.233586
55.8880 21.8390 -17.0870 0.08897 -0.03471 -0.99543 0.720863 0.243968
55.3250 24.0750 -17.1600 0.08382 -0.03846 -0.99574 0.718928 0.235304
53.0530 23.9250 -17.3910 0.06929 -0.01832 -0.99743 0.710120 0.235622
54.2830 25.0420 -17.3160 0.09591 -0.03040 -0.99493 0.714985 0.231458
58.9380 15.3370 -16.5980 0.10181 -0.00209 -0.99480 0.731999 0.269393
59.9890 17.2610 -16.5180 0.07939 -0.02765 -0.99646 0.736269 0.262105
57.7560 18.9010 -16.7970 0.10261 -0.06693 -0.99247 0.727794 0.255527
58.6880 19.5140 -16.7910 0.09577 -0.07752 -0.99238 0.731436 0.253248
57.7300 21.2710 -16.8890 0.09196 -0.01011 -0.99571 0.727921 0.246373
59.9830 18.8660 -16.5710 0.09917 -0.05800 -0.99338 0.736402 0.255919
60.7720 20.2280 -16.6120 0.12681 -0.02626 -0.99158 0.739558 0.250746
59.5260 21.2330 -16.7470 0.10162 -0.00779 -0.99479 0.734854 0.246726
56.8430 23.7110 -17.0500 0.09455 -0.02811 -0.99512 0.724743 0.236870
58.5690 23.8090 -16.8470 0.10125 -0.03236 -0.99433 0.731447 0.236696
56.6310 25.1410 -17.1220 0.07525 -0.03989 -0.99637 0.724069 0.231338
59.3800 25.8280 -16.8760 0.10294 -0.03890 -0.99393 0.734771 0.229005
61.8000 19.2440 -16.3700 0.11200 -0.06498 -0.99158 0.743484 0.254677
61.3300 17.9270 -16.4810 0.10207 -0.01976 -0.99458 0.741493 0.259687
62.2900 19.8390 -16.4230 0.13634 -0.07794 -0.98759 0.745400 0.252413
60.4860 21.1390 -16.6130 0.13474 0.00480 -0.99087 0.738572 0.247198
60.5230 23.2540 -16.6460 0.10224 -0.02164 -0.99452 0.738945 0.239063
61.5410 21.0880 -16.4470 0.10324 -0.04659 -0.99356 0.742669 0.247530
62.2200 21.7870 -16.4640 0.10340 -0.04012 -0.99383 0.745348 0.244906
63.1780 20.6530 -16.2710 0.12005 -0.03888 -0.99201 0.748969 0.249401
63.5350 23.3490 -16.3800 0.08456 -0.01866 -0.99624 0.750596 0.239051
58.0550 25.8700 -17.0400 0.11060 -0.05562 -0.99231 0.729636 0.228684
62.1660 24.1190 -16.4790 0.09086 -0.03119 -0.99537 0.745401 0.235924
60.9030 25.7620 -16.7100 0.09382 -0.04754 -0.99445 0.740662 0.229439
43.1860 45.5040 2.2160 -0.00376 0.99904 -0.04366 0.678805 0.078789
45.7950 45.4320 2.0210 0.00387 0.99881 -0.04855 0.688802 0.080148
46.8950 45.3040 0.1500 0.00544 0.99909 -0.04224 0.692621 0.087609
46.1020 45.3180 -0.9650 0.01193 0.99918 -0.03862 0.689313 0.091708
47.3680 45.4620 2.0870 -0.01152 0.99873 -0.04897 0.694875 0.080251
48.2840 45.5020 3.3550 -0.03245 0.99864 -0.04092 0.698686 0.075583
48.5650 45.4140 0.9120 -0.02333 0.99823 -0.05471 0.699218 0.085046
49.4300 45.6060 4.0770 -0.03804 0.99785 -0.05333 0.703259 0.073051
47.4410 45.2670 -1.4720 0.00048 0.99941 -0.03442 0.694355 0.093969
48.6710 45.2690 -1.6550 -0.01048 0.99852 -0.05344 0.699047 0.094958
53.0250 45.4200 -0.3430 -0.01626 0.99817 -0.05827 0.716090 0.090894
47.6900 24.8720 -17.9790 0.09305 -0.01532 -0.99554 0.689456 0.231372
46.4970 27.4600 -18.0920 0.10648 -0.01375 -0.99422 0.685128 0.221281
48.0110 28.0500 -17.9850 0.08475 -0.01306 -0.99632 0.691034 0.219175
46.7570 30.9960 -18.1240 0.11515 -0.01593 -0.99322 0.686505 0.207695
45.0030 30.6210 -18.3680 0.07080 0.00654 -0.99747 0.679647 0.208940
49.0140 31.7590 -17.9320 0.08211 -0.01436 -0.99652 0.695307 0.205005
52.5960 26.5190 -17.5200 0.10451 -0.02596 -0.99418 0.708603 0.225578
52.2770 30.1390 -17.6410 0.11802 -0.01872 -0.99284 0.707737 0.211601
51.6290 32.8860 -17.7620 0.09597 -0.02339 -0.99511 0.705517 0.200949
53.9050 28.4540 -17.3670 0.09403 -0.02130 -0.99534 0.713897 0.218276
53.6630 29.9090 -17.4200 0.08532 -0.02180 -0.99612 0.713114 0.212646
43.6660 34.8900 -18.3400 0.02276 0.01067 -0.99968 0.674979 0.192365
45.3190 36.7920 -18.2790 0.03192 0.01138 -0.99943 0.681564 0.185228
43.8910 38.2960 -18.3040 0.03505 0.01005 -0.99933 0.676230 0.179291
46.2600 38.0210 -18.2490 0.04991 -0.00285 -0.99875 0.685324 0.180601
45.8620 39.8260 -18.2420 0.02315 0.00522 -0.99972 0.683988 0.173615
45.6070 31.6250 -18.3000 0.09392 -0.00991 -0.99553 0.682093 0.205142
45.7430 34.0250 -18.3420 0.07275 -0.00262 -0.99735 0.682870 0.195923
47.4420 34.5890 -18.1050 0.10868 -0.01396 -0.99398 0.689539 0.193938
46.8740 36.5240 -18.2060 0.09305 0.00195 -0.99566 0.687529 0.186431
51.9340 35.6000 -17.7840 0.07836 -0.01882 -0.99675 0.706986 0.190527
48.0220 37.2590 -18.0770 0.08877 -0.00807 -0.99602 0.692062 0.183722
47.2570 39.2540 -18.2090 0.07671 -0.00855 -0.99702 0.689298 0.175961
50.8760 38.1340 -17.8800 0.06431 -0.01036 -0.99788 0.703166 0.180656
48.6640 39.8920 -18.0410 0.09395 -0.01821 -0.99541 0.694821 0.173653
50.6300 40.8770 -17.9290 0.05971 -0.03270 -0.99768 0.702504 0.170069
55.7160 25.6150 -17.1450 0.05944 -0.00372 -0.99822 0.720600 0.229410
54.8890 26.5200 -17.2750 0.08239 -0.02895 -0.99618 0.717488 0.225829
56.1710 26.6810 -17.2250 0.06340 -0.03759 -0.99728 0.722447 0.225345
55.9960 29.1610 -17.2750 0.07172 -0.04108 -0.99658 0.722034 0.215784
57.9940 27.4630 -17.0440 0.09878 -0.01988 -0.99491 0.729586 0.222545
55.0250 30.7530 -17.4380 0.03822 -0.03071 -0.99880 0.718441 0.209535
53.8160 32.1770 -17.4520 0.07295 -0.02074 -0.99712 0.713934 0.203933
55.0440 32.4700 -17.4400 0.03328 -0.01577 -0.99932 0.718696 0.202928
60.2410 27.5060 -16.8460 0.08842 -0.02795 -0.99569 0.738271 0.222642
57.7170 29.4790 -17.1650 0.09274 -0.04628 -0.99461 0.728706 0.214746
62.2230 26.5860 -16.6420 0.08155 -0.02709 -0.99630 0.745836 0.226410
59.8520 29.4150 -16.9140 0.09401 -0.04079 -0.99474 0.736971 0.215246
62.5490 29.4730 -16.6990 0.09196 -0.02817 -0.99536 0.747391 0.215323
61.5930 30.8350 -16.8510 0.09166 -0.05507 -0.99427 0.743825 0.209961
60.2680 31.4890 -17.0020 0.09169 -0.05013 -0.99453 0.738766 0.207288
57.1910 33.0990 -17.3240 0.07641 -0.01258 -0.99700 0.727040 0.200738
56.7650 31.8170 -17.3650 0.08170 -0.01901 -0.99648 0.725251 0.205628
57.7630 30.9850 -17.2300 0.09367 -0.04393 -0.99463 0.729031 0.208944
59.5150 33.0890 -17.1450 0.09457 -0.02441 -0.99522 0.736008 0.201035
58.7230 34.0570 -17.2130 0.07620 -0.01404 -0.99699 0.733055 0.197219
54.6540 35.4430 -17.5230 0.07606 -0.03228 -0.99658 0.717483 0.191435
54.0660 34.0760 -17.4950 0.07869 -0.04904 -0.99569 0.715091 0.196648
55.1770 34.3390 -17.4990 0.04215 -0.01676 -0.99897 0.719389 0.195745
54.4590 37.7110 -17.6600 0.07306 -0.03380 -0.99675 0.716945 0.182666
52.8670 41.5160 -17.8180 0.05695 -0.06133 -0.99649 0.711203 0.167841
57.2700 36.0960 -17.3520 0.07082 -0.02955 -0.99705 0.727655 0.189205
56.5410 37.4120 -17.4620 0.07923 -0.05541 -0.99532 0.724968 0.184051
60.1530 36.2130 -17.1650 0.06800 -0.03903 -0.99692 0.738793 0.189067
59.4620 37.4240 -17.2710 0.06516 -0.03389 -0.99730 0.736239 0.184324
57.6270 38.9460 -17.4810 0.07151 -0.05588 -0.99587 0.729300 0.178249
55.7790 41.2860 -17.6380 0.05325 -0.06721 -0.99632 0.722409 0.169026
58.8720 38.4580 -17.3250 0.06882 -0.07273 -0.99497 0.734067 0.180281
56.2080 9.9610 -16.7700 0.10665 0.00358 -0.99429 0.720868 0.289791
56.0000 11.6900 -16.7670 0.11138 -0.01902 -0.99360 0.720273 0.283115
58.2000 11.6170 -16.5640 0.09268 -0.02052 -0.99548 0.728766 0.283643
58.5090 13.2300 -16.6220 0.12347 -0.05830 -0.99063 0.730107 0.277460
60.8390 11.4880 -16.3520 0.08790 0.00747 -0.99610 0.738938 0.284452
59.2710 12.8890 -16.4860 0.12092 -0.04913 -0.99145 0.733045 0.278873
61.0230 12.7170 -16.2660 0.08733 -0.01112 -0.99612 0.739818 0.279736
62.9020 13.1950 -16.1340 0.09653 -0.07330 -0.99263 0.747115 0.278119
60.7910 14.2970 -16.4130 0.08822 -0.03486 -0.99549 0.739048 0.273604
62.7110 13.8260 -16.2900 0.10625 -0.06848 -0.99198 0.746395 0.275621
62.8620 14.5940 -16.2230 0.09462 0.02388 -0.99523 0.747083 0.272683
61.7360 16.9530 -16.3690 0.10641 -0.03402 -0.99374 0.742983 0.263488
63.6940 11.6740 -16.1520 0.09711 -0.02420 -0.99498 0.749972 0.284058
64.8730 12.2180 -16.0280 0.07642 -0.00982 -0.99703 0.754599 0.282096
64.6200 14.1760 -16.0600 0.04993 -0.01603 -0.99862 0.753832 0.274515
66.0210 12.5870 -15.9250 0.13447 -0.00698 -0.99089 0.759074 0.280803
65.3190 13.6800 -16.0480 0.07265 -0.02687 -0.99700 0.756469 0.276502
65.9090 15.6700 -16.0490 0.07718 -0.02584 -0.99668 0.758963 0.268904
62.7300 17.2520 -16.2460 0.11033 -0.01016 -0.99384 0.746873 0.262447
63.0060 19.0370 -16.2090 0.10035 -0.03079 -0.99448 0.748143 0.255611
64.2180 16.6780 -16.1220 0.05464 -0.01486 -0.99840 0.752559 0.264832
65.6510 17.3760 -16.1040 0.05656 -0.01287 -0.99832 0.758148 0.262303
64.0350 18.8430 -16.1630 0.05290 -0.01140 -0.99853 0.752087 0.256474
20.9630 44.8690 -4.6150 0.01006 0.99840 -0.05570 0.591723 0.100175
21.2620 44.7610 -6.5040 -0.04050 0.99765 -0.05529 0.592449 0.107517
22.9250 44.9470 -3.6200 -0.05971 0.99674 -0.05426 0.599511 0.096772
22.2120 44.5630 -8.9140 -0.02661 0.99655 -0.07861 0.595567 0.117023
22.7180 44.8400 -6.5120 0.01808 0.99937 -0.03052 0.598053 0.107861
23.2160 44.7000 -8.4540 -0.02613 0.99772 -0.06216 0.599544 0.115440
23.3000 44.7620 -5.2840 0.00468 0.99875 -0.04985 0.600575 0.103279
26.0310 44.8200 -4.0080 0.02655 0.99756 -0.06452 0.611405 0.098968
27.6780 45.0290 -2.6310 -0.02600 0.99864 -0.04522 0.618058 0.094004
27.2700 44.8120 -6.2460 -0.04800 0.99735 -0.05472 0.615685 0.107830
25.0620 44.8420 -5.5140 0.02131 0.99707 -0.07347 0.607321 0.104524
26.1720 44.6480 -7.4090 0.00189 0.99855 -0.05381 0.611178 0.112083
24.5310 44.6420 -7.4650 -0.01748 0.99949 -0.02657 0.604834 0.111935
25.3450 44.6810 -8.1970 0.03656 0.99891 -0.02903 0.607815 0.114925
24.1240 44.6040 -9.7390 -0.02390 0.99895 -0.03899 0.602746 0.120588
25.1260 44.7260 -10.3290 0.01475 0.99750 -0.06911 0.606495 0.123042
26.0770 44.5230 -10.0190 0.07315 0.99650 -0.04055 0.610276 0.122103
27.2820 44.5860 -9.9510 -0.03544 0.99811 -0.05014 0.614912 0.122097
26.1910 44.4210 -12.3540 0.02163 0.99783 -0.06224 0.610158 0.131116
27.3940 44.4620 -12.9980 -0.02681 0.99337 -0.11177 0.614645 0.133833
29.4120 44.4720 -13.0160 -0.01783 0.99272 -0.11913 0.622403 0.134355
28.5490 44.3390 -13.6000 -0.01157 0.99401 -0.10871 0.618948 0.136454
21.0760 44.6550 -8.8070 -0.00503 0.99662 -0.08200 0.591219 0.116329
21.3590 44.4870 -11.5770 -0.03788 0.99801 -0.05039 0.591709 0.127069
22.4620 44.4470 -10.7940 -0.01025 0.99932 -0.03555 0.596121 0.124306
23.1400 44.4920 -12.8120 0.00115 0.99653 -0.08323 0.598291 0.132197
23.6250 44.3650 -13.8750 -0.01537 0.99825 -0.05703 0.599927 0.136428
23.8850 44.2980 -15.7830 -0.02568 0.99941 -0.02302 0.600525 0.143837
24.4330 44.3560 -12.8860 -0.01578 0.99813 -0.05909 0.603250 0.132800
25.9260 44.2950 -15.2470 -0.00672 0.99996 0.00540 0.608487 0.142190
25.2530 44.4010 -13.6910 0.00738 0.99859 -0.05249 0.606244 0.136055
25.3010 44.5600 -11.7300 0.02910 0.99646 -0.07888 0.606854 0.128497
24.1430 44.2830 -16.8420 -0.02060 0.99492 -0.09849 0.601292 0.147975
24.6520 43.3490 -18.9670 0.01545 0.49715 -0.86753 0.602709 0.157414
26.4260 44.3660 -16.6790 -0.01784 0.99744 -0.06929 0.610102 0.147800
27.6020 44.1740 -18.0030 0.00429 0.93326 -0.35918 0.614334 0.153170
26.5120 44.3100 -13.7880 0.00916 0.99828 -0.05788 0.611071 0.136717
28.7340 44.3070 -15.2760 -0.00678 0.99997 0.00233 0.619289 0.142930
29.6100 44.3650 -16.6000 -0.02066 0.99843 -0.05197 0.622373 0.148214
30.4950 44.2430 -17.7030 -0.01221 0.94702 -0.32095 0.625513 0.152694
30.7790 44.3920 -15.3180 -0.02494 0.99967 0.00634 0.627142 0.143536
29.2500 44.8670 -5.1170 -0.00439 0.99861 -0.05245 0.623548 0.103927
29.9520 44.7720 -7.5310 -0.01331 0.99863 -0.05054 0.625710 0.113361
32.4530 44.8850 -5.7900 -0.01665 0.99867 -0.04879 0.635711 0.107217
33.0750 44.7270 -9.1290 -0.02014 0.99847 -0.05146 0.637350 0.120197
35.1110 45.0420 -3.6700 -0.01090 0.99868 -0.05025 0.646408 0.099645
35.9150 45.1810 -1.2780 -0.01858 0.99885 -0.04416 0.650036 0.090620
34.9120 44.8310 -8.0230 -0.01094 0.99903 -0.04259 0.644661 0.116346
35.6840 44.9240 -6.1420 -0.00591 0.99813 -0.06084 0.648053 0.109282
31.4590 44.5860 -11.4690 -0.01620 0.99870 -0.04829 0.630615 0.128849
31.9590 44.4140 -13.6570 -0.01320 0.99663 -0.08095 0.632037 0.137406
32.0230 44.5360 -12.8880 -0.01128 0.99502 -0.09907 0.632466 0.134429
34.7770 44.5770 -12.5300 -0.02634 0.99537 -0.09241 0.643126 0.133658
35.1640 44.4590 -13.4020 -0.03637 0.99689 -0.06990 0.644407 0.137129
33.3840 44.4030 -15.1290 -0.02379 0.99971 0.00341 0.637195 0.143378
34.5520 44.4780 -14.4870 -0.02732 0.99935 -0.02357 0.641829 0.141169
32.1260 44.4500 -16.5940 -0.01616 0.99778 -0.06459 0.632041 0.148730
35.4980 44.5130 -16.2380 -0.01895 0.99894 -0.04194 0.645081 0.148111
35.3480 44.4540 -15.0910 -0.02906 0.99930 -0.02377 0.644750 0.143668
35.2960 44.7520 -10.0440 -0.01249 0.99843 -0.05454 0.645684 0.124201
36.3670 44.8560 -6.6700 -0.02059 0.99526 -0.09509 0.650555 0.111480
37.5170 44.8040 -8.9100 -0.01274 0.99847 -0.05388 0.654479 0.120340
36.7670 44.6430 -11.2570 0.02471 0.99876 -0.04313 0.651066 0.129197
36.2440 44.6680 -11.7000 0.01515 0.99958 -0.02480 0.648950 0.130775
37.2370 44.5750 -14.6090 -0.01956 0.99707 -0.07401 0.652118 0.142209
37.6560 44.5890 -11.9620 -0.02311 0.99973 -0.00036 0.654316 0.132108
36.5160 44.6560 -12.8550 -0.02208 0.99349 -0.11173 0.649747 0.135267
38.1140 44.6670 -12.7290 -0.02101 0.99852 -0.05020 0.655911 0.135164
37.5090 44.5600 -13.4170 -0.01689 0.99694 -0.07633 0.653421 0.137695
39.1090 44.5820 -14.3080 -0.04564 0.99874 -0.02099 0.659370 0.141475
28.0190 37.3290 -19.2380 0.05201 0.04057 -0.99782 0.614905 0.181190
28.9170 41.3530 -19.0380 0.04629 0.04098 -0.99809 0.618860 0.165806
26.2260 41.6010 -19.2120 0.05763 0.02826 -0.99794 0.608503 0.164529
27.3800 43.0160 -19.0280 0.04589 0.27220 -0.96115 0.613143 0.159228
30.1720 43.0520 -18.9000 0.03449 0.27265 -0.96150 0.623907 0.159393
33.2770 40.6420 -18.8590 0.04651 0.00517 -0.99890 0.635567 0.169061
31.1450 41.8050 -18.9770 0.03495 0.03054 -0.99892 0.627488 0.164332
33.0590 43.1220 -18.7660 0.03427 0.28944 -0.95658 0.635030 0.159486
26.8480 43.7560 -18.6610 0.01169 0.68713 -0.72644 0.611261 0.155965
29.0120 43.7240 -18.6010 0.03296 0.66899 -0.74254 0.619582 0.156356
30.8770 43.8030 -18.4760 0.01175 0.69474 -0.71916 0.626779 0.156208
34.2160 41.7340 -18.8450 0.04653 0.02395 -0.99863 0.639310 0.164969
33.0390 43.9220 -18.3320 0.01086 0.70465 -0.70948 0.635126 0.156000
36.9810 41.8490 -18.6930 0.05180 0.03319 -0.99811 0.649976 0.164839
33.9600 44.2870 -17.7020 0.00353 0.93902 -0.34385 0.638836 0.153437
36.0940 42.9430 -18.6780 0.04247 0.18791 -0.98127 0.646691 0.160514
35.1560 43.5140 -18.5170 0.04500 0.48759 -0.87192 0.643184 0.158082
36.1800 44.0270 -18.0440 0.02535 0.76290 -0.64602 0.647265 0.155610
39.3870 41.1050 -18.5610 0.05331 -0.00880 -0.99854 0.659164 0.167977
37.0560 43.4400 -18.4800 0.01642 0.45625 -0.88970 0.650481 0.158621
37.1780 44.3840 -17.3770 -0.00670 0.94712 -0.32081 0.651271 0.152918
38.0970 44.5040 -15.0930 -0.01161 0.99919 -0.03858 0.655310 0.144279
37.8940 44.5660 -16.3360 -0.01080 0.99848 -0.05398 0.654256 0.149015
38.4530 43.9550 -18.1390 0.01463 0.69780 -0.71614 0.655979 0.156548
39.1830 44.4150 -17.3380 -0.00524 0.94775 -0.31896 0.658988 0.153165
40.1980 44.2220 -17.7200 0.02116 0.85696 -0.51495 0.662788 0.155032
40.9050 43.9440 -18.0610 0.03511 0.68282 -0.72974 0.665412 0.156866
39.3090 43.2530 -18.4780 0.03658 0.27983 -0.95935 0.659125 0.159692
41.6660 42.0580 -18.4830 0.06411 0.01211 -0.99787 0.668043 0.164572
37.0430 45.0430 -3.5800 -0.01735 0.99851 -0.05171 0.653855 0.099733
39.5900 45.2910 -0.7690 -0.01505 0.99885 -0.04545 0.664293 0.089474
38.1150 45.1480 -2.2980 -0.03066 0.99771 -0.06035 0.658270 0.095035
37.4690 44.9690 -6.2870 -0.02368 0.99832 -0.05295 0.654887 0.110231
38.9820 44.9650 -6.2300 -0.03491 0.99820 -0.04872 0.660720 0.110359
39.7630 45.1300 -4.1530 -0.02125 0.99849 -0.05067 0.664198 0.102535
41.3790 45.2790 -0.6250 -0.02361 0.99871 -0.04485 0.671207 0.089328
43.3160 45.3980 -0.2900 0.01192 0.99880 -0.04748 0.678742 0.088461
40.1020 45.0010 -6.9320 -0.02132 0.99846 -0.05119 0.664874 0.113300
41.7340 45.1430 -3.5690 -0.02518 0.99818 -0.05477 0.671903 0.100738
42.1780 45.0520 -5.6070 -0.01832 0.99849 -0.05175 0.673159 0.108681
42.5130 45.3180 -1.5990 -0.04376 0.99811 -0.04320 0.675360 0.093320
43.5900 45.3100 -2.8620 0.04515 0.99770 -0.05051 0.679212 0.098414
43.7540 45.1430 -5.0390 -0.00160 0.99891 -0.04674 0.679354 0.106840
44.3580 45.1750 -3.1710 0.06844 0.99637 -0.05066 0.682122 0.099807
38.7780 44.8870 -7.7520 -0.03014 0.99805 -0.05466 0.659585 0.116164
40.3450 44.8570 -9.9480 -0.01384 0.99832 -0.05618 0.665121 0.124956
39.1760 44.7100 -11.0760 -0.04079 0.99776 -0.05309 0.660364 0.129047
41.8070 44.8700 -8.5920 -0.01210 0.99872 -0.04906 0.671051 0.120089
39.6550 44.6320 -13.0940 -0.03236 0.99893 -0.03309 0.661745 0.136924
40.5030 44.6780 -12.7720 -0.01025 0.99917 -0.03946 0.665076 0.135873
42.0380 44.6700 -12.3150 -0.03319 0.99824 -0.04915 0.671075 0.134470
43.2870 44.9890 -7.6610 -0.02155 0.99849 -0.05051 0.676963 0.116832
43.8720 45.1340 -6.4800 -0.03321 0.99787 -0.05610 0.679496 0.112402
45.3120 44.9950 -6.6960 0.02946 0.99786 -0.05834 0.684990 0.113595
43.1100 44.8470 -11.1320 -0.08128 0.99505 -0.05713 0.675489 0.130141
43.9780 45.0020 -9.2170 0.01936 0.99954 -0.02347 0.679271 0.122972
43.9120 44.9230 -10.7210 0.04352 0.99770 -0.05198 0.678669 0.128735
45.3040 44.8730 -8.9330 0.02790 0.99865 -0.04385 0.684452 0.122199
44.4710 44.8210 -10.9040 0.09930 0.99395 -0.04686 0.680808 0.129587
46.6050 44.6790 -12.8670 0.01295 0.99863 -0.05078 0.688550 0.137641
46.7090 44.7630 -10.9500 0.00213 0.99864 -0.05204 0.689388 0.130291
44.0690 44.8210 -12.6570 0.05496 0.99759 -0.04232 0.678829 0.136216
44.4590 45.3360 0.1640 0.02504 0.99880 -0.04210 0.683250 0.086991
44.0380 45.3020 -1.2610 0.02857 0.99862 -0.04397 0.681311 0.092375
45.6460 45.2090 -2.5600 -0.00990 0.99822 -0.05880 0.687208 0.097748
45.9880 45.1000 -4.8150 0.01270 0.99839 -0.05531 0.688004 0.106507
46.8340 45.2370 -2.5760 -0.00184 0.99854 -0.05390 0.691774 0.098077
47.4200 45.1110 -4.3030 0.00451 0.99768 -0.06792 0.693632 0.104867
47.4130 44.9390 -7.1650 0.00749 0.99903 -0.04350 0.692961 0.115887
48.7630 45.0510 -5.2250 -0.03997 0.99736 -0.06063 0.698584 0.108730
48.9310 44.9050 -8.1090 -0.03943 0.99819 -0.04535 0.698578 0.119869
47.3460 44.8710 -9.6420 -0.00034 0.99844 -0.05575 0.692142 0.125395
49.0440 44.7700 -11.0010 -0.03350 0.99809 -0.05193 0.698355 0.131029
49.5850 45.0540 -6.2780 -0.04288 0.99772 -0.05206 0.701518 0.112965
53.4890 45.1930 -4.5330 -0.01092 0.99843 -0.05489 0.716924 0.107141
52.2720 44.9770 -8.3660 -0.00401 0.99863 -0.05218 0.711376 0.121623
49.8310 44.9270 -9.1980 -0.04360 0.99785 -0.04889 0.701805 0.124257
43.3060 39.2100 -18.2770 0.03305 -0.00197 -0.99945 0.674080 0.175707
42.1060 41.0970 -18.4060 0.08082 -0.00921 -0.99669 0.669645 0.168320
43.4480 40.0950 -18.3130 0.05635 0.01082 -0.99835 0.674721 0.172321
43.8400 41.6190 -18.2220 0.04904 -0.01579 -0.99867 0.676408 0.166500
43.4280 42.5460 -18.3420 0.11958 -0.00780 -0.99279 0.674889 0.162880
40.0680 44.6440 -14.6130 -0.02431 0.99919 -0.03198 0.662997 0.142851
40.1510 44.5520 -16.3370 -0.00492 0.99678 -0.08002 0.662931 0.149506
42.0300 44.4670 -17.1300 -0.00406 0.95845 -0.28522 0.669976 0.153004
42.2660 44.5760 -15.2800 -0.02177 0.99847 -0.05077 0.671290 0.145922
44.1380 44.5730 -16.9470 -0.00557 0.96687 -0.25522 0.678123 0.152706
41.0220 43.3390 -18.4090 0.03476 0.29997 -0.95331 0.665726 0.159564
42.6780 43.3610 -18.3200 0.04624 0.30563 -0.95103 0.672113 0.159647
43.7750 43.1560 -18.2890 0.05307 0.10002 -0.99357 0.676309 0.160576
44.2190 44.1260 -17.7780 -0.00589 0.76140 -0.64825 0.678209 0.156335
46.8350 41.3130 -18.2120 0.06012 0.00742 -0.99816 0.687904 0.167997
45.8330 41.6150 -18.2740 0.02329 -0.00394 -0.99972 0.684072 0.166734
46.5010 43.2100 -18.2110 0.05909 0.19938 -0.97814 0.686809 0.160686
48.3160 43.2950 -18.0650 0.05143 0.25109 -0.96660 0.693828 0.160468
48.2720 41.2630 -18.1200 0.07223 -0.00187 -0.99739 0.693441 0.168324
43.9350 44.7910 -13.6260 0.02609 0.99859 -0.04614 0.678091 0.139906
44.2330 44.7100 -14.6130 0.05192 0.99707 -0.05619 0.679015 0.143772
44.9620 44.5800 -15.6040 0.04355 0.99828 -0.03938 0.681605 0.147765
44.5390 44.7140 -13.2440 0.09431 0.99447 -0.04612 0.680527 0.138594
47.3280 44.5930 -15.4640 0.00027 0.99986 -0.01660 0.690731 0.147807
46.7680 44.5480 -16.6350 -0.00061 0.99429 -0.10669 0.688296 0.152168
45.0940 43.7540 -18.0900 0.02038 0.47863 -0.87778 0.681481 0.158366
46.5080 43.9450 -17.8960 0.04571 0.60496 -0.79495 0.686965 0.157622
46.7980 44.4200 -17.2900 0.01337 0.90613 -0.42279 0.688250 0.154737
48.6690 44.2020 -17.5470 0.01586 0.74317 -0.66892 0.695372 0.156481
47.7960 44.7250 -12.3820 -0.00229 0.99841 -0.05625 0.693238 0.136043
47.7810 44.5420 -14.4200 0.00697 0.99998 0.00094 0.692715 0.143895
49.1600 44.6100 -14.0190 -0.06348 0.99750 -0.03094 0.698101 0.142671
50.0460 44.7690 -12.4010 -0.04130 0.99813 -0.04507 0.701894 0.136639
49.8770 44.6960 -14.1060 -0.08754 0.99572 -0.02959 0.700850 0.143162
49.3510 42.2930 -18.0680 0.05046 0.01644 -0.99859 0.697699 0.164468
49.3520 44.6070 -15.9150 -0.03087 0.99914 -0.02762 0.698399 0.150008
49.7970 43.5500 -17.9600 0.03316 0.33450 -0.94181 0.699569 0.159671
50.8310 44.7100 -15.2320 -0.01504 0.99886 -0.04526 0.704259 0.147704
50.3630 44.6020 -16.7780 -0.00805 0.96490 -0.26251 0.702093 0.153543
51.2090 44.2690 -17.4050 0.01054 0.75142 -0.65974 0.705174 0.156457
52.5270 43.6110 -17.8490 0.04279 0.34131 -0.93898 0.710091 0.159748
48.2270 44.5670 -16.7240 0.00105 0.97905 -0.20363 0.693896 0.152888
54.8470 44.8060 -11.4450 -0.00611 0.99890 -0.04651 0.720562 0.134082
53.4510 44.7050 -14.1170 0.00254 0.99953 -0.03047 0.714584 0.144044
57.3980 44.7480 -13.5740 -0.00646 0.99929 -0.03709 0.729878 0.142866
53.8820 44.3140 -17.2710 0.04511 0.77261 -0.63327 0.715496 0.156537
52.7420 44.5490 -16.9110 0.00949 0.94637 -0.32294 0.711201 0.154636
54.7310 44.6350 -16.3290 -0.00248 0.98577 -0.16806 0.718978 0.152869
56.2230 44.5050 -16.8620 0.01057 0.92404 -0.38216 0.724591 0.155305
51.3050 42.2420 -17.9770 0.05061 -0.00713 -0.99869 0.705230 0.164884
53.8660 42.3750 -17.8560 0.05283 -0.01470 -0.99850 0.715130 0.164609
55.0150 43.5620 -17.6890 0.02989 0.30302 -0.95251 0.719690 0.160086
56.1060 42.4080 -17.7620 0.03899 -0.02803 -0.99885 0.723758 0.164698
58.0060 41.8680 -17.5720 0.04979 -0.11495 -0.99212 0.731047 0.167033
58.2110 43.5810 -17.6400 0.03954 0.24774 -0.96802 0.732008 0.160436
56.8730 44.1960 -17.3210 0.01644 0.67992 -0.73311 0.726966 0.157572
66.1410 21.7880 -16.1340 0.06978 -0.03290 -0.99702 0.760500 0.245358
65.5790 23.1510 -16.1820 0.03530 -0.03153 -0.99888 0.758475 0.240051
64.7140 24.8600 -16.3010 0.08057 -0.07053 -0.99425 0.755316 0.233368
63.2070 25.7210 -16.5530 0.08467 -0.06013 -0.99459 0.749550 0.229850
66.1890 23.7920 -16.2330 0.06681 -0.01587 -0.99764 0.760884 0.237642
66.8590 24.6560 -16.1250 0.10221 -0.02123 -0.99454 0.763577 0.234389
65.4940 26.0830 -16.3810 0.08271 -0.04743 -0.99544 0.758416 0.228714
65.0520 26.9570 -16.4010 0.08366 -0.00629 -0.99647 0.756806 0.225300
66.4600 27.7830 -16.2720 0.03757 -0.01561 -0.99917 0.762333 0.222278
66.5250 26.8790 -16.3190 0.05958 -0.01421 -0.99812 0.762477 0.225767
67.7880 28.0160 -16.2910 0.07425 -0.04437 -0.99625 0.767458 0.221516
57.1530 45.5690 1.0310 -0.02537 0.99755 -0.06523 0.732276 0.086538
56.7970 45.8270 5.0900 -0.03020 0.99708 -0.07020 0.731831 0.070813
59.9860 45.7870 2.7400 -0.03322 0.99675 -0.07334 0.743565 0.080577
59.6880 45.5390 -0.6380 -0.02579 0.99744 -0.06665 0.741645 0.093537
57.7050 45.3250 -2.9160 -0.01770 0.99790 -0.06229 0.733498 0.101880
56.7040 44.9590 -8.8980 -0.01106 0.99850 -0.05368 0.728286 0.124705
59.0720 45.1790 -5.7320 -0.02032 0.99730 -0.07052 0.738114 0.113050
59.3380 45.3350 -3.3250 -0.01760 0.99768 -0.06580 0.739685 0.103821
59.8720 45.2890 -4.8640 -0.03772 0.99777 -0.05503 0.741395 0.109873
59.6450 45.0620 -7.6730 -0.00358 0.99900 -0.04447 0.739872 0.120666
58.7320 44.9490 -9.9010 -0.01586 0.99852 -0.05211 0.735857 0.129036
61.2080 45.3010 -3.3280 -0.00661 0.99369 -0.11199 0.746870 0.104285
61.4270 45.2310 -5.9970 -0.02786 0.99392 -0.10649 0.747116 0.114600
61.5610 45.0330 -7.5710 -0.01617 0.99859 -0.05064 0.747259 0.120726
60.4000 46.1340 7.1310 -0.04415 0.99579 -0.08035 0.746168 0.063731
61.7420 45.9800 4.7930 -0.03885 0.99716 -0.06446 0.750791 0.073048
62.3860 46.1530 6.3940 -0.03796 0.99411 -0.10155 0.753639 0.067009
63.3690 46.0220 3.5440 -0.03125 0.99683 -0.07312 0.756774 0.078208
61.9320 45.7990 2.1980 -0.02983 0.99250 -0.11857 0.750926 0.083104
63.3690 46.3640 9.5520 -0.02729 0.99578 -0.08760 0.758138 0.055057
63.3470 46.3810 8.3510 -0.04678 0.99825 -0.03607 0.757797 0.059661
65.1570 46.4660 7.8480 -0.03645 0.99666 -0.07301 0.764655 0.061975
65.5900 46.5170 9.8420 -0.04579 0.99685 -0.06478 0.766757 0.054395
64.4750 46.0750 5.3520 -0.04693 0.99586 -0.07781 0.761423 0.071510
63.3410 45.7190 1.3480 -0.03472 0.99594 -0.08304 0.756143 0.086717
65.3180 46.0650 3.5720 -0.04524 0.99584 -0.07909 0.764275 0.078536
66.0880 46.3340 6.7500 -0.04236 0.99211 -0.11800 0.767971 0.066442
66.6780 46.2730 5.2670 -0.04787 0.99643 -0.06950 0.769908 0.072288
67.8530 46.2020 4.3860 -0.02656 0.99425 -0.10375 0.774215 0.075968
61.4750 45.6370 0.8120 -0.02000 0.99762 -0.06595 0.748840 0.088359
62.6860 45.6290 -0.6960 -0.03274 0.99780 -0.05761 0.753165 0.094429
61.8130 45.4440 -2.7120 -0.01922 0.98948 -0.14336 0.749342 0.102002
64.1120 45.5120 -2.5730 -0.03677 0.99616 -0.07951 0.758212 0.101999
64.4540 45.7040 -0.5480 -0.04257 0.99712 -0.06276 0.760004 0.094252
62.0670 45.3570 -4.7570 -0.01217 0.99916 -0.03911 0.749860 0.109959
63.7420 45.3750 -4.4660 -0.03544 0.99785 -0.05516 0.756362 0.109215
65.6630 45.8440 1.3640 -0.05752 0.99565 -0.07330 0.765081 0.087153
67.7090 46.1240 2.9470 -0.03467 0.99378 -0.10580 0.773334 0.081474
68.0460 46.0140 2.2530 -0.03139 0.99451 -0.09984 0.774459 0.084254
67.0740 45.9500 0.8680 -0.05419 0.99646 -0.06432 0.770417 0.089362
66.2900 45.7900 -0.2480 -0.04523 0.99726 -0.05856 0.767132 0.093501
69.4610 45.8690 -1.0840 -0.01220 0.99656 -0.08196 0.779143 0.097421
66.9230 45.7630 -1.4840 -0.04566 0.99529 -0.08546 0.769291 0.098397
68.8580 45.6760 -2.9420 -0.03547 0.99847 -0.04252 0.776388 0.104458
66.0490 45.5900 -2.4490 -0.04801 0.99509 -0.08659 0.765694 0.101947
66.1290 45.4990 -4.2010 -0.04390 0.99736 -0.05789 0.765608 0.108712
64.8150 45.2990 -6.2920 -0.04206 0.99610 -0.07756 0.760075 0.116494
68.4400 45.6620 -3.9710 -0.04652 0.99693 -0.06306 0.774561 0.108317
63.7270 28.3370 -16.5470 0.08464 -0.04274 -0.99549 0.751825 0.219840
64.5230 29.4030 -16.5680 0.09251 -0.00359 -0.99571 0.754992 0.215818
66.0780 29.2770 -16.3920 0.07094 -0.03187 -0.99697 0.760999 0.216474
64.6220 30.4260 -16.4780 0.08305 -0.01865 -0.99637 0.755516 0.211888
61.7310 33.3470 -16.9720 0.08347 -0.00258 -0.99651 0.744589 0.200294
60.3810 34.3440 -17.0850 0.08462 -0.02926 -0.99598 0.739486 0.196295
62.3230 34.0910 -16.8580 0.05696 -0.00092 -0.99838 0.746971 0.197485
63.8000 32.1450 -16.7260 0.08403 -0.08534 -0.99280 0.752472 0.205151
64.1010 33.7300 -16.8240 0.07822 -0.04418 -0.99596 0.753775 0.199060
62.2360 35.6120 -17.0060 0.06487 -0.05499 -0.99638 0.746774 0.191599
67.4850 29.3140 -16.2790 0.05269 -0.01803 -0.99845 0.766434 0.216488
65.6710 31.6150 -16.4940 0.07730 -0.08397 -0.99347 0.759664 0.207420
67.8310 30.8210 -16.3460 0.05972 -0.03797 -0.99749 0.767912 0.210712
68.7620 29.3010 -16.2590 0.08352 -0.03790 -0.99579 0.771344 0.216673
67.2600 32.3490 -16.4140 0.05908 -0.05269 -0.99686 0.765867 0.204763
69.2850 32.2250 -16.3460 0.09370 -0.06195 -0.99367 0.773647 0.205449
64.9620 32.6040 -16.7030 0.09485 -0.07780 -0.99245 0.756987 0.203495
65.4330 36.0250 -16.7980 0.07091 -0.05521 -0.99595 0.759152 0.190365
65.7380 33.7510 -16.6100 0.09952 -0.04590 -0.99398 0.760133 0.199178
68.1200 33.4110 -16.4580 0.04799 -0.06478 -0.99675 0.769278 0.200750
67.5540 36.2590 -16.6890 0.07606 -0.05065 -0.99582 0.767354 0.189694
62.1450 45.0600 -9.4450 -0.01250 0.99906 -0.04147 0.749090 0.128063
63.7640 44.9270 -11.6050 -0.00395 0.99843 -0.05590 0.754825 0.136769
60.5150 44.8070 -12.1760 -0.01243 0.99815 -0.05950 0.742194 0.138227
63.5630 44.8030 -13.7890 -0.02291 0.99779 -0.06239 0.753558 0.145157
61.2030 37.9580 -17.1750 0.06186 -0.05607 -0.99651 0.743010 0.182454
63.9820 38.0560 -17.0040 0.06591 -0.05887 -0.99609 0.753746 0.182376
60.3160 39.2550 -17.3240 0.05645 -0.06693 -0.99616 0.739706 0.177352
60.8490 41.9760 -17.4340 0.04997 -0.13801 -0.98917 0.742020 0.166920
59.0140 42.5970 -17.6630 0.04653 -0.06960 -0.99649 0.734995 0.164290
66.7510 38.1730 -16.8300 0.07042 -0.05942 -0.99575 0.764440 0.182225
64.2430 41.9440 -17.2510 0.06526 -0.13299 -0.98897 0.755105 0.167397
62.0240 42.6220 -17.5270 0.04606 -0.09317 -0.99458 0.746586 0.164484
64.2920 42.6530 -17.3940 0.06564 -0.10112 -0.99271 0.755336 0.164614
63.7920 43.5520 -17.4210 0.05341 0.20409 -0.97749 0.753501 0.161111
70.7940 31.3770 -16.0950 0.10026 -0.05447 -0.99347 0.779426 0.208914
69.0110 34.6090 -16.4750 0.08868 -0.05426 -0.99458 0.772830 0.196224
70.8880 35.9020 -16.3500 0.08704 -0.06239 -0.99425 0.780213 0.191456
75.7080 34.3570 -15.8430 0.06120 -0.05905 -0.99638 0.798686 0.197978
73.3090 39.7880 -16.4510 0.06437 -0.08528 -0.99428 0.789921 0.176710
63.8270 45.1060 -8.4350 -0.01060 0.99765 -0.06766 0.755786 0.124550
66.6570 45.2410 -7.5330 -0.02794 0.99522 -0.09359 0.766875 0.121689
64.5790 45.0270 -8.9260 0.00378 0.99669 -0.08126 0.758567 0.126635
65.9470 45.0380 -10.1330 -0.03101 0.99716 -0.06867 0.763558 0.131575
64.1980 44.9840 -10.2720 0.00216 0.99881 -0.04864 0.756794 0.131727
65.1030 44.8890 -12.1790 -0.01977 0.99963 -0.01891 0.759845 0.139286
67.2970 44.8860 -12.2880 -0.02854 0.99940 0.01941 0.768251 0.140202
65.8660 44.9880 -13.3230 -0.03096 0.99836 -0.04812 0.762540 0.143870
67.5490 44.9580 -10.7300 -0.03076 0.98989 -0.13843 0.769578 0.134281
66.6150 45.4210 -6.2330 -0.02222 0.99499 -0.09750 0.767016 0.116637
67.9550 45.2250 -8.2130 -0.06137 0.99504 -0.07825 0.771708 0.124594
68.2160 45.3350 -6.4640 -0.01893 0.99477 -0.10033 0.773117 0.117927
68.9370 45.4600 -5.6200 -0.04204 0.99457 -0.09520 0.776086 0.114816
70.1710 45.3730 -8.1960 -0.04028 0.99854 -0.03588 0.780264 0.124994
70.3740 45.5180 -6.3370 -0.03514 0.99690 -0.07040 0.781469 0.117878
68.9710 45.2940 -9.7860 -0.04627 0.98690 -0.15453 0.775298 0.130824
70.0890 45.1020 -10.4450 -0.05029 0.98460 -0.16745 0.779405 0.133755
69.7470 45.0760 -12.1390 -0.05520 0.99846 -0.00470 0.777724 0.140177
72.0550 45.4110 -9.7210 -0.03659 0.99753 -0.05998 0.787164 0.131295
69.1010 41.9140 -16.9120 0.07002 -0.11367 -0.99105 0.773855 0.168045
66.6530 44.8030 -14.4230 -0.03253 0.99072 -0.13199 0.765295 0.148355
65.5610 44.0540 -17.1080 0.04167 0.52851 -0.84790 0.760417 0.159195
66.2220 43.5450 -17.2680 0.06796 0.19983 -0.97747 0.762876 0.161367
67.3270 44.6430 -16.2680 -0.03407 0.95273 -0.30190 0.767471 0.155629
67.0600 44.3210 -16.8420 -0.00236 0.71052 -0.70367 0.766281 0.158107
64.7730 44.6280 -16.2130 -0.00048 0.96762 -0.25242 0.757642 0.154827
67.7810 45.0050 -13.4920 -0.04308 0.99797 -0.04683 0.769862 0.144955
67.6110 42.8040 -17.1670 0.07296 -0.07669 -0.99438 0.768151 0.164406
69.0190 44.0190 -17.0320 0.04976 0.36113 -0.93119 0.773740 0.159920
75.5690 41.7370 -16.4870 0.05206 -0.10066 -0.99356 0.798822 0.169406
71.6990 42.9850 -16.8890 0.06255 -0.04700 -0.99693 0.783968 0.164158
69.7880 45.0460 -13.9440 -0.05478 0.99647 -0.06359 0.777496 0.147107
69.5630 44.8430 -15.9510 -0.03843 0.96298 -0.26683 0.776188 0.154782
69.0110 44.5230 -16.6060 0.00594 0.79367 -0.60832 0.773870 0.157404
71.9030 45.0480 -15.3150 -0.04569 0.98495 -0.16670 0.785347 0.152848
71.3200 43.8450 -16.9020 0.06602 0.23775 -0.96908 0.782594 0.160792
71.1120 44.8030 -16.0520 0.00424 0.90540 -0.42454 0.782112 0.155635
73.8390 44.0900 -16.7230 0.05727 0.34264 -0.93772 0.792359 0.160160
72.0170 44.5100 -16.4900 0.01604 0.69279 -0.72096 0.785446 0.157923
73.0070 44.9980 -15.7590 -0.02375 0.93577 -0.35181 0.789490 0.154807
86.3640 31.0600 15.5370 0.99897 0.03040 0.03372 0.859540 0.926270
86.4920 31.3200 11.4960 0.99908 0.03103 0.02970 0.875026 0.927924
86.6760 28.2820 7.8330 0.99929 0.03235 0.01926 0.889572 0.916804
86.5380 32.7900 7.6440 0.99934 0.03153 0.01800 0.889583 0.934207
86.3970 38.0500 5.1010 0.99927 0.03442 0.01655 0.898468 0.954904
86.5590 34.1010 3.1750 0.99834 0.03687 0.04423 0.906533 0.939964
86.9600 25.2390 2.0100 0.99633 0.03926 0.07609 0.912444 0.905957
86.8230 28.3630 2.2430 0.99674 0.03469 0.07284 0.911051 0.917966
87.2310 27.3870 -1.5290 0.99482 0.03278 0.09626 0.925779 0.914731
86.6530 30.6320 4.2050 0.99893 0.03351 0.03194 0.903142 0.926422
86.7650 31.1020 1.8410 0.99605 0.03740 0.08050 0.912163 0.928584
87.0870 31.2480 -1.3000 0.99416 0.03302 0.10270 0.924280 0.929581
87.4860 25.8600 -3.7700 0.99811 0.02589 0.05574 0.934676 0.909158
87.4860 24.4480 -7.7610 0.99635 0.00223 -0.08531 0.950253 0.904312
87.1860 21.5970 -10.0710 0.98844 0.00683 -0.15144 0.959651 0.893677
87.5300 26.5150 -6.4730 0.99993 0.00764 -0.00885 0.944978 0.912079
87.4790 29.8630 -5.9750 0.99960 0.01752 0.02219 0.942547 0.924903
87.4920 28.8650 -7.5400 0.99848 0.00644 -0.05474 0.948722 0.921292
86.9000 24.7040 -11.7330 0.98504 0.00127 -0.17230 0.965665 0.905912
87.2470 27.8770 -9.6740 0.98991 -0.00274 -0.14168 0.957140 0.917820
87.3610 29.4780 -3.5010 0.99660 0.02788 0.07748 0.933074 0.923062
86.7310 34.2880 0.8630 0.99431 0.04087 0.09841 0.915416 0.941012
86.6030 36.7520 0.9620 0.99421 0.04407 0.09800 0.914620 0.950508
87.1860 34.0690 -2.9710 0.99434 0.02949 0.10211 0.930296 0.940678
86.4290 38.9590 2.0840 0.99779 0.03707 0.05519 0.909927 0.958871
86.6530 40.0620 -0.7700 0.99211 0.04902 0.11539 0.920785 0.963515
86.9980 37.6100 -2.4510 0.99225 0.04279 0.11667 0.927709 0.954257
87.3080 37.1690 -5.2590 0.99736 0.03193 0.06527 0.938640 0.952919
87.0510 40.8130 -4.0900 0.99351 0.04753 0.10338 0.933549 0.966799
87.3360 31.0270 -9.1360 0.99242 -0.00505 -0.12282 0.954555 0.929865
87.4440 31.5370 -7.9750 0.99871 0.00637 -0.05037 0.949983 0.931647
87.3650 32.9280 -4.6480 0.99754 0.02173 0.06657 0.936957 0.936511
87.4200 34.8870 -6.8900 0.99979 0.01794 0.00983 0.945280 0.944373
87.3640 35.4980 -8.9360 0.99706 0.00503 -0.07641 0.953060 0.947032
87.1000 33.7140 -10.9370 0.98850 -0.01023 -0.15087 0.961120 0.940497
70.4910 46.6700 10.6000 0.02524 0.99968 -0.00161 0.785785 0.052525
72.0630 46.6260 11.6710 -0.00449 0.99891 -0.04643 0.792076 0.048787
73.4090 46.7420 12.5340 0.00660 0.99998 -0.00151 0.797448 0.045766
72.9060 46.6500 10.8900 -0.02588 0.99957 -0.01371 0.795136 0.051980
72.9240 46.6440 9.9850 0.01086 0.99684 -0.07867 0.795000 0.055460
70.8940 46.7260 9.6330 0.00614 0.99705 -0.07652 0.787113 0.056327
73.2360 46.4790 9.1250 -0.00117 0.99591 -0.09033 0.795998 0.058895
71.8300 46.5560 8.8390 0.03512 0.99691 -0.07024 0.790525 0.059647
67.1880 46.4600 7.3470 -0.02006 0.99530 -0.09473 0.772347 0.064350
67.2410 46.5520 8.8610 -0.02724 0.99782 -0.06014 0.772893 0.058525
67.8780 46.6530 10.2480 -0.02358 0.99619 -0.08392 0.775656 0.053315
69.1870 46.5430 8.9260 -0.02206 0.99694 -0.07499 0.780384 0.058711
67.8540 46.3070 5.9650 -0.01017 0.99948 -0.03053 0.774580 0.069858
67.8870 46.3350 5.0650 -0.02502 0.99524 -0.09419 0.774508 0.073320
68.7650 46.5230 7.3830 -0.02604 0.98872 -0.14746 0.778424 0.064538
68.9610 46.3330 6.7380 -0.01020 0.98971 -0.14272 0.779014 0.067163
69.7950 46.3490 5.4780 -0.01143 0.99764 -0.06767 0.781937 0.072188
70.7440 46.2520 4.8060 -0.01589 0.99425 -0.10588 0.785423 0.075009
70.9140 46.3660 6.7740 -0.02295 0.98977 -0.14079 0.786518 0.067461
72.1320 46.5630 7.3710 0.00642 0.99008 -0.14038 0.791346 0.065348
71.9120 46.4030 5.3540 -0.02201 0.99075 -0.13392 0.790051 0.073114
73.7070 46.5230 7.2140 0.00615 0.99919 -0.03979 0.797365 0.066349
74.1160 46.3890 5.1860 -0.01758 0.99923 -0.03520 0.798484 0.074261
70.1180 46.2340 3.0840 -0.00326 0.99318 -0.11656 0.782631 0.081470
69.8850 46.0640 1.2360 -0.01092 0.99807 -0.06117 0.781302 0.088571
69.4980 45.9080 0.1980 -0.02680 0.99568 -0.08886 0.779569 0.092506
72.0830 46.2190 3.5290 -0.03370 0.99487 -0.09536 0.790282 0.080225
70.7510 46.0750 2.3710 0.00606 0.99485 -0.10122 0.784887 0.084416
71.6190 45.9360 -0.1870 -0.05744 0.99643 -0.06182 0.787645 0.094457
69.8700 45.7410 -1.7260 -0.01847 0.99093 -0.13314 0.780563 0.100028
69.8030 45.7140 -3.5300 -0.00836 0.99756 -0.06934 0.779899 0.106927
71.6050 45.8190 -2.8310 -0.05097 0.99559 -0.07869 0.787000 0.104628
70.7560 45.6060 -3.8790 -0.01184 0.99379 -0.11060 0.783484 0.108528
71.1760 45.8280 -1.8170 -0.06275 0.99633 -0.05814 0.785572 0.100635
72.6550 46.1010 0.8230 -0.04833 0.99745 -0.05259 0.791878 0.090783
72.4740 45.9700 -1.2280 -0.04640 0.99706 -0.06090 0.790713 0.098640
72.1130 46.2890 4.9180 -0.02918 0.98868 -0.14715 0.790719 0.074890
72.4190 46.0950 2.7450 -0.06878 0.99120 -0.11312 0.791375 0.083357
74.0070 46.3830 3.7500 -0.04361 0.99759 -0.05406 0.797755 0.079765
73.9510 46.2220 2.2430 -0.05357 0.99559 -0.07705 0.797185 0.085582
75.9360 46.4090 3.4900 -0.01670 0.99815 -0.05847 0.805103 0.081190
74.2850 46.0510 -0.2050 -0.05235 0.99617 -0.07004 0.797906 0.095099
73.2290 45.8020 -3.5430 -0.04662 0.99653 -0.06896 0.793088 0.107735
75.3580 46.0910 -0.9270 -0.05298 0.99695 -0.05727 0.801877 0.098100
74.6760 46.7210 10.9930 0.01647 0.99958 -0.02405 0.801964 0.051991
76.1120 46.6560 10.7020 0.00562 0.99968 -0.02463 0.807418 0.053449
75.1200 46.6670 12.2540 0.02250 0.99963 0.01542 0.803966 0.047243
77.1470 46.6950 12.6700 -0.01012 0.99994 -0.00425 0.811851 0.046113
74.9420 46.5930 9.2130 -0.01499 0.99829 -0.05652 0.802579 0.058923
75.2310 46.4570 7.0960 -0.01516 0.99876 -0.04741 0.803200 0.067155
76.8560 46.5640 7.4920 -0.02592 0.99892 -0.03868 0.809542 0.065983
81.2980 46.7400 13.8370 0.00503 0.99991 -0.01244 0.828083 0.042590
79.2860 46.6700 10.3800 -0.01146 0.99974 -0.01946 0.819547 0.055419
81.4220 46.6140 6.8170 0.00206 0.99946 -0.03289 0.826947 0.069608
77.5770 46.4880 5.4490 -0.01633 0.99897 -0.04241 0.811854 0.074014
81.4780 46.7060 10.4230 0.00490 0.99984 -0.01741 0.827982 0.055754
81.0800 46.5270 4.7260 -0.00947 0.99928 -0.03665 0.825162 0.077579
77.2330 46.3240 2.1790 -0.02522 0.99817 -0.05493 0.809796 0.086539
82.7950 46.6240 8.2480 0.08095 0.99645 -0.02314 0.832542 0.064421
83.2910 46.5170 5.0850 0.13705 0.99040 -0.01806 0.833751 0.076698
83.4690 46.4830 3.2640 0.16222 0.98650 -0.02246 0.834006 0.083737
81.6040 46.3900 0.3460 -0.02117 0.99916 -0.03518 0.826195 0.094547
83.5210 46.3980 1.2460 0.14980 0.98845 -0.02294 0.833770 0.091512
83.4140 46.3740 -1.6160 0.11367 0.99326 -0.02243 0.832713 0.102491
75.6370 46.4350 5.0590 -0.03074 0.99924 -0.02415 0.804308 0.075086
79.2710 46.0990 -3.6060 -0.04642 0.99748 -0.05372 0.816323 0.109264
77.0420 38.6290 -16.1790 0.09201 -0.09540 -0.99118 0.804200 0.181566
70.1290 45.5870 -4.7100 -0.01392 0.99759 -0.06790 0.780887 0.111570
71.9020 45.6430 -4.8120 -0.05048 0.99607 -0.07280 0.787693 0.112349
71.9200 45.4340 -7.1070 -0.03164 0.99744 -0.06407 0.787232 0.121214
74.7660 45.7810 -5.5690 -0.05935 0.99591 -0.06806 0.798554 0.115865
74.1500 45.5770 -7.7370 -0.07307 0.99453 -0.07465 0.795686 0.124107
72.5360 45.2200 -11.8750 -0.05727 0.99648 -0.06118 0.788525 0.139735
73.5960 45.3760 -11.2460 0.01393 0.99709 -0.07500 0.792753 0.137508
73.3690 45.3920 -9.2680 -0.02978 0.99858 -0.04408 0.792325 0.129850
77.4640 45.7680 -7.7530 -0.05020 0.99632 -0.06949 0.808429 0.124863
75.7040 45.4250 -11.1110 -0.05922 0.99633 -0.06183 0.800913 0.137467
79.0340 42.6980 -16.4730 0.11555 -0.07792 -0.99024 0.812280 0.166001
72.0550 45.2010 -13.5740 -0.03145 0.99879 -0.03789 0.786322 0.146163
73.3890 45.2100 -12.3890 -0.03485 0.99793 -0.05404 0.791705 0.141898
73.4410 45.1490 -14.8380 -0.03633 0.99496 -0.09348 0.791376 0.151325
74.4320 45.3000 -11.5090 -0.03960 0.99795 -0.05024 0.795914 0.138727
74.7350 45.3030 -13.4190 -0.04614 0.99805 -0.04194 0.796684 0.146139
77.0540 45.2910 -14.6740 -0.00536 0.99084 -0.13495 0.805348 0.151515
75.9410 45.2930 -13.3670 -0.01756 0.99922 -0.03547 0.801331 0.146222
74.4520 42.9450 -16.7300 0.06164 -0.05372 -0.99665 0.794602 0.164603
76.3620 43.3040 -16.6210 0.05843 0.01507 -0.99818 0.802023 0.163392
75.6640 44.0350 -16.6000 0.04747 0.30145 -0.95230 0.799412 0.160501
74.3650 44.7870 -16.1550 0.02892 0.77328 -0.63340 0.794600 0.156860
75.1930 45.1650 -15.3210 -0.01999 0.96932 -0.24499 0.798021 0.153565
77.3450 44.3670 -16.3810 0.02846 0.49020 -0.87114 0.805983 0.159319
79.1340 44.0820 -16.4330 0.06948 0.28942 -0.95468 0.812853 0.160693
78.1060 45.4600 -12.6250 0.00279 0.99676 -0.08041 0.809829 0.143836
79.5430 45.7290 -9.5710 0.00570 0.99488 -0.10085 0.816006 0.132321
77.5250 45.0630 -15.6260 0.00799 0.88624 -0.46316 0.806931 0.155405
78.8670 45.1790 -15.1650 0.00543 0.97485 -0.22280 0.812244 0.153900
80.3830 45.4480 -11.1980 0.00210 0.99618 -0.08734 0.818872 0.138854
79.4950 44.9120 -15.8490 0.01586 0.77892 -0.62692 0.814495 0.156903
81.1820 45.2570 -15.1580 -0.03552 0.92866 -0.36924 0.821223 0.154447
80.6470 44.6750 -15.9950 0.05776 0.64007 -0.76615 0.818928 0.158278
81.8250 44.2490 -16.1240 0.00289 0.24983 -0.96828 0.823459 0.160311
84.3990 46.1320 -0.1900 0.51230 0.85874 -0.01118 0.836946 0.097256
85.2470 45.1870 -3.3710 0.74974 0.66173 -0.00124 0.840961 0.109828
85.2470 45.1870 -3.3710 0.19348 0.98069 -0.02857 0.929531 0.987723
84.4570 46.0750 -1.8440 0.53287 0.84618 -0.00453 0.836823 0.103630
85.1110 45.3690 -1.0640 0.73223 0.68103 -0.00518 0.840732 0.100892
85.1110 45.3690 -1.0640 0.25984 0.96500 -0.03556 0.920685 0.987370
84.6700 45.8470 -4.8960 0.64507 0.76410 -0.00483 0.837162 0.115435
86.6360 44.9290 -4.3030 0.64613 0.76166 0.04891 0.933734 0.982810
86.7690 44.8920 -5.6500 0.62792 0.77765 0.03132 0.938932 0.982841
85.2980 45.1010 -5.7470 0.16553 0.98580 -0.02825 0.938791 0.988584
85.2980 45.1010 -5.7470 0.75246 0.65858 -0.00866 0.840664 0.118979
87.2940 40.9540 -7.4960 0.99906 0.03336 0.02762 0.946652 0.967772
87.3370 39.0770 -8.7350 0.99897 0.01570 -0.04256 0.951713 0.960748
87.0610 38.8370 -11.4440 0.99237 -0.00349 -0.12325 0.962228 0.960276
86.7370 36.5980 -13.4830 0.98661 -0.02217 -0.16158 0.970555 0.952033
87.1460 44.2870 -7.3080 0.97343 0.22400 0.04759 0.945443 0.980557
87.2170 41.9970 -9.8300 0.99783 0.01315 -0.06450 0.955442 0.972125
87.1870 44.1210 -9.6110 0.98842 0.14862 -0.03058 0.954250 0.980234
86.8620 41.5760 -13.2960 0.99153 -0.01680 -0.12882 0.968859 0.971149
86.9010 44.1110 -13.1500 0.96825 0.21158 -0.13314 0.967774 0.980898
80.3430 46.0020 -6.3660 -0.02755 0.99660 -0.07766 0.819823 0.120121
81.9800 45.8020 -8.1830 -0.08806 0.99346 -0.07273 0.825690 0.127509
82.4570 46.2280 -4.3540 -0.03443 0.99775 -0.05761 0.828418 0.112823
83.9630 46.2560 -3.8300 0.23872 0.97048 -0.03427 0.834316 0.111127
83.6910 46.1780 -6.2080 0.07404 0.99570 -0.05565 0.832785 0.120215
84.5600 45.9260 -6.4930 0.53373 0.84552 -0.01492 0.836200 0.121529
85.9760 44.9300 -7.1670 0.19847 0.97995 -0.01769 0.944560 0.986318
81.2760 45.4940 -11.4270 -0.13690 0.98991 -0.03653 0.822244 0.139889
83.2820 46.0040 -10.2890 -0.10043 0.99428 -0.03644 0.830373 0.135806
82.4070 45.7140 -12.4860 -0.17184 0.98417 -0.04337 0.826455 0.144105
83.8280 45.9490 -12.3240 0.06710 0.99425 -0.08351 0.832000 0.143675
80.8810 45.4340 -13.6280 -0.11007 0.99164 -0.06734 0.820332 0.148366
83.0320 45.7340 -13.6500 -0.07284 0.98583 -0.15107 0.828640 0.148630
84.2950 45.6900 -13.8350 0.20771 0.96138 -0.18058 0.833416 0.149537
83.2840 45.4180 -15.0350 -0.01903 0.92503 -0.37941 0.829349 0.154086
84.5280 45.2920 -15.1410 0.18799 0.92062 -0.34222 0.834119 0.154718
83.8870 45.1030 -15.6140 0.01093 0.82118 -0.57057 0.831631 0.156577
81.9920 44.7610 -15.8810 -0.01807 0.64938 -0.76025 0.824196 0.158112
84.2370 46.0000 -9.3000 0.23000 0.97270 -0.03089 0.834259 0.132223
84.6020 45.8060 -11.3740 0.45733 0.88863 -0.03454 0.835270 0.140257
84.6000 45.8370 -9.5320 0.57239 0.81997 -0.00424 0.835729 0.133217
85.2830 45.0950 -9.6720 0.32409 0.94601 0.00585 0.954302 0.989555
85.2830 45.0950 -9.6720 0.73856 0.67330 0.03459 0.839564 0.134049
85.4460 45.0740 -11.0850 0.67139 0.74102 0.01087 0.839651 0.139569
85.4460 45.0740 -11.0850 0.20679 0.97839 0.00008 0.959973 0.988901
85.2870 45.1300 -8.1350 0.73174 0.68152 -0.00903 0.839893 0.128127
85.2870 45.1300 -8.1350 0.30827 0.95107 -0.02064 0.948196 0.989311
85.6850 44.9560 -9.4650 0.23714 0.97148 0.00156 0.953511 0.987908
86.8900 44.8070 -6.8880 0.61173 0.79098 0.01162 0.943711 0.982690
87.0000 44.7590 -8.7800 0.66270 0.74882 0.00983 0.950995 0.982678
86.7950 44.8380 -9.3820 0.21668 0.97612 0.01554 0.953279 0.983579
86.9820 44.7590 -10.5160 0.69995 0.71287 -0.04341 0.957618 0.982905
84.8110 45.5730 -13.1620 0.46822 0.88017 -0.07794 0.835712 0.147204
85.6020 44.9550 -13.3670 0.61208 0.78887 -0.05514 0.839420 0.148503
85.6020 44.9550 -13.3670 0.24580 0.96679 -0.06997 0.969062 0.987445
85.5050 44.7800 -15.7700 0.27020 0.92649 -0.26194 0.978697 0.986123
85.5050 44.7800 -15.7700 0.23759 0.88093 -0.40929 0.837962 0.157665
86.8320 44.7570 -12.1090 0.68203 0.72535 -0.09329 0.963703 0.983213
86.5210 44.6790 -13.5320 0.59375 0.79866 -0.09794 0.969280 0.983598
86.6430 44.4330 -14.1950 0.89923 0.42424 -0.10678 0.971770 0.982365
86.4310 44.6090 -15.2820 0.68364 0.70461 -0.19015 0.975987 0.983061
67.1380 13.1700 -15.7340 0.08763 -0.02813 -0.99576 0.763497 0.278693
69.1120 13.0980 -15.7150 0.04078 -0.01012 -0.99912 0.771076 0.279182
67.1820 15.2060 -15.8810 0.10664 -0.03750 -0.99359 0.763851 0.270843
67.9990 13.9970 -15.7790 0.03634 -0.04168 -0.99847 0.766886 0.275592
68.5460 17.2480 -15.7830 0.08694 -0.02006 -0.99601 0.769345 0.263134
71.3420 15.9330 -15.6170 0.03033 -0.00711 -0.99951 0.779983 0.268506
67.0090 17.6740 -15.9770 0.10929 -0.02816 -0.99361 0.763429 0.261312
66.0310 19.6930 -16.0460 0.04187 -0.01614 -0.99899 0.759868 0.253424
67.1460 19.5170 -16.0170 0.07809 -0.02068 -0.99673 0.764145 0.254224
69.7650 19.6460 -15.7290 0.06797 -0.01941 -0.99750 0.774302 0.254032
68.0560 21.8180 -15.9720 0.10383 -0.01965 -0.99440 0.767903 0.245462
74.3210 19.2190 -15.6160 -0.01038 -0.00891 -0.99991 0.791800 0.256171
67.3750 23.5720 -16.0790 0.10898 -0.01708 -0.99390 0.765455 0.238625
69.2340 22.8470 -15.8500 0.08725 -0.02239 -0.99594 0.772582 0.241636
68.7980 25.4680 -15.9550 0.09650 -0.04703 -0.99422 0.771163 0.231488
78.4210 21.4820 -15.8060 -0.05725 0.00009 -0.99836 0.807839 0.247885
72.8790 23.4950 -15.6630 0.03069 -0.01263 -0.99945 0.786697 0.239541
74.9290 22.3410 -15.6560 -0.02321 -0.00384 -0.99972 0.794469 0.244206
82.9310 19.2930 -16.1370 -0.11901 -0.01375 -0.99280 0.825035 0.256792
71.1150 27.5380 -15.8550 0.08322 -0.04398 -0.99556 0.780306 0.223768
74.6480 27.0120 -15.6460 0.00788 -0.01397 -0.99987 0.793866 0.226182
74.8770 30.8830 -15.7250 0.03971 -0.03193 -0.99870 0.795141 0.211289
76.4210 27.3000 -15.7100 -0.02999 -0.00225 -0.99955 0.800717 0.225257
80.1420 27.7850 -15.8250 -0.05837 0.01560 -0.99817 0.815086 0.223777
77.5490 33.1960 -15.7480 0.00651 -0.01181 -0.99991 0.805649 0.202655
85.3670 18.0510 -16.7020 0.02075 -0.05868 -0.99806 0.834549 0.261829
85.0670 19.4210 -16.7390 -0.11744 -0.05692 -0.99145 0.833656 0.256505
83.8210 20.3640 -16.3200 -0.29554 -0.04289 -0.95437 0.828649 0.252758
82.8580 23.7230 -16.1230 -0.19802 -0.00032 -0.98020 0.825185 0.239707
84.7670 22.4950 -16.9330 -0.19312 -0.06437 -0.97906 0.833100 0.244595
83.6580 23.2170 -16.3860 -0.42325 -0.05514 -0.90433 0.828380 0.241737
86.3040 19.6930 -15.0360 0.97419 0.03039 -0.22368 0.979348 0.887115
85.6440 19.3990 -16.6540 0.55859 -0.00477 -0.82943 0.835927 0.256711
85.9980 20.2610 -16.0350 0.95955 0.02352 -0.28054 0.983276 0.889476
85.9980 20.2610 -16.0350 0.85483 0.01727 -0.51861 0.838918 0.253602
86.5030 21.4780 -13.9500 0.97973 0.01151 -0.19998 0.974826 0.893824
86.1630 25.7210 -15.3990 0.92775 0.00624 -0.37315 0.842875 0.232714
86.1630 25.7210 -15.3990 0.97857 0.00247 -0.20592 0.979896 0.910407
86.8480 28.6520 -12.0630 0.98325 -0.00626 -0.18216 0.966343 0.921178
85.5060 21.3090 -16.8260 0.51107 -0.02448 -0.85919 0.835689 0.249311
85.9880 22.6630 -16.0220 0.96951 0.00413 -0.24500 0.982856 0.898720
85.9880 22.6630 -16.0220 0.84878 0.01127 -0.52863 0.839652 0.244374
85.4120 22.9420 -16.8860 0.52665 -0.03125 -0.84951 0.835710 0.243024
84.2500 24.5580 -16.8990 -0.43621 -0.05165 -0.89836 0.831438 0.236605
84.9600 24.8940 -17.1140 0.09145 -0.03453 -0.99521 0.834318 0.235407
85.4490 24.3940 -16.8580 0.67385 -0.00047 -0.73887 0.836300 0.237460
85.7640 25.2030 -16.3880 0.87017 0.01605 -0.49249 0.838654 0.234474
82.5200 27.3800 -16.0390 -0.22602 -0.00404 -0.97411 0.824228 0.225583
80.9890 30.9330 -15.8140 -0.08689 0.00722 -0.99619 0.818655 0.211740
83.2970 25.8240 -16.2760 -0.43982 -0.01899 -0.89789 0.827183 0.231657
85.2760 26.5440 -16.9980 0.59398 -0.00051 -0.80448 0.835941 0.229141
84.1640 27.1190 -16.9140 -0.47650 -0.03158 -0.87861 0.831441 0.226765
84.8230 27.0910 -17.1670 -0.00097 -0.02278 -0.99974 0.834167 0.226953
83.4580 28.9610 -16.4630 -0.50809 -0.00572 -0.86129 0.828359 0.219608
85.8330 27.4540 -16.2460 0.88665 -0.01130 -0.46230 0.839743 0.225834
86.1600 28.9890 -15.3590 0.94853 -0.02283 -0.31585 0.843697 0.220105
86.1600 28.9890 -15.3590 0.97926 -0.01041 -0.20233 0.979249 0.922996
85.3810 28.4030 -16.9670 0.64344 -0.02170 -0.76519 0.836659 0.222011
84.9110 28.9390 -17.1880 0.13185 -0.00518 -0.99126 0.834761 0.219864
82.6920 31.1370 -16.0880 -0.30271 0.00461 -0.95307 0.825314 0.211146
84.2790 28.8320 -17.0750 -0.40456 -0.01259 -0.91442 0.832284 0.220198
83.4000 31.6140 -16.4260 -0.50672 0.00142 -0.86211 0.828382 0.209397
84.3390 30.7210 -17.0960 -0.37572 0.00271 -0.92673 0.832745 0.212957
84.8800 30.5880 -17.1780 0.11094 -0.00549 -0.99381 0.834848 0.213528
85.4000 29.9840 -16.9610 0.63160 -0.01012 -0.77522 0.836972 0.215917
85.9390 30.6410 -16.1970 0.89992 -0.03814 -0.43438 0.840702 0.213552
84.4110 32.8270 -17.1230 -0.33372 -0.00234 -0.94267 0.833230 0.204868
85.5290 31.6720 -16.9440 0.65520 -0.04012 -0.75439 0.837619 0.209432
85.0290 32.1890 -17.1920 0.16145 -0.01549 -0.98676 0.835547 0.207376
86.5720 33.2310 -13.8190 0.98266 -0.02406 -0.18384 0.972471 0.939109
86.2400 34.1350 -15.7290 0.98285 -0.03218 -0.18158 0.979793 0.942906
86.2400 34.1350 -15.7290 0.91928 -0.05643 -0.38953 0.843458 0.200148
85.7370 33.3740 -16.7590 0.76406 -0.02368 -0.64471 0.838911 0.202904
85.0970 33.6580 -17.1900 0.20761 -0.00063 -0.97821 0.835966 0.201741
78.1670 35.7550 -15.7670 0.05047 -0.04383 -0.99776 0.808299 0.192860
80.5290 34.7310 -15.7690 -0.04890 0.00437 -0.99879 0.817273 0.197070
79.6020 38.6030 -15.7770 0.07756 -0.05431 -0.99551 0.814149 0.182053
82.0160 34.1400 -15.9210 -0.19504 0.00317 -0.98079 0.822960 0.199513
80.6610 38.0360 -15.7650 -0.04226 -0.00890 -0.99907 0.818142 0.184366
81.4360 36.7920 -15.8330 -0.13141 0.00481 -0.99132 0.820987 0.189242
83.0620 34.6550 -16.2450 -0.43567 0.01554 -0.89997 0.827236 0.197655
82.9760 37.1140 -16.1350 -0.38741 0.00961 -0.92186 0.827042 0.188190
82.2790 39.5510 -15.9230 -0.19509 -0.00698 -0.98076 0.824552 0.178723
84.2240 34.3730 -17.0440 -0.38279 0.01464 -0.92372 0.832624 0.198913
80.9700 41.5100 -15.8550 0.05849 -0.10847 -0.99238 0.819792 0.170995
82.0820 42.3190 -15.9710 -0.11204 -0.11698 -0.98679 0.824159 0.167987
81.4220 43.2590 -16.1350 0.05303 -0.10412 -0.99315 0.821753 0.164133
84.1930 35.8240 -16.9350 -0.43805 0.02903 -0.89848 0.832496 0.193328
86.3450 37.9950 -16.0390 0.83548 -0.02663 -0.54888 0.842933 0.185130
86.3450 37.9950 -16.0390 0.98126 -0.02829 -0.19061 0.980268 0.957881
86.0480 35.0470 -16.3660 0.87758 -0.05241 -0.47655 0.841023 0.196520
85.7470 36.0830 -16.9000 0.60971 -0.01351 -0.79251 0.838776 0.192455
86.4360 40.6130 -15.8910 0.95365 -0.01556 -0.30053 0.979201 0.967974
85.5650 34.6740 -16.9720 0.58368 -0.00388 -0.81198 0.837992 0.197865
84.9110 36.3520 -17.1520 0.01097 0.00924 -0.99990 0.835442 0.191379
84.2530 37.6900 -16.9950 -0.37406 0.01840 -0.92722 0.832994 0.186172
83.1130 39.5310 -16.1980 -0.43419 0.00475 -0.90081 0.827909 0.178913
85.0140 39.0650 -17.0770 0.04934 0.03837 -0.99804 0.836026 0.180964
82.9610 41.1530 -16.1320 -0.34730 -0.00516 -0.93774 0.827453 0.172626
84.1800 39.8840 -16.8620 -0.38492 0.02754 -0.92254 0.832769 0.177744
85.7660 38.0660 -16.8840 0.57592 0.00068 -0.81751 0.838982 0.184835
86.1750 39.9250 -16.4310 0.69248 0.03051 -0.72080 0.841245 0.177641
86.1750 39.9250 -16.4310 0.90191 -0.00315 -0.43191 0.981621 0.965415
85.8140 39.7340 -16.8020 0.54133 0.03710 -0.83999 0.839269 0.178409
84.4920 41.3080 -16.9170 -0.22971 0.04364 -0.97228 0.834080 0.172324
85.5180 40.8620 -16.9040 0.30765 0.02652 -0.95113 0.838040 0.174087
85.1990 42.5100 -16.9130 0.09325 0.05716 -0.99400 0.836822 0.167800
86.0780 41.6980 -16.5960 0.82553 -0.03986 -0.56294 0.982052 0.972349
86.0780 41.6980 -16.5960 0.41540 0.02083 -0.90940 0.840449 0.170847
86.6540 43.8590 -15.0660 0.97922 0.10367 -0.17428 0.975146 0.980192
83.4790 43.3180 -16.3500 -0.24875 0.06209 -0.96658 0.829868 0.164299
84.5340 43.3220 -16.7630 -0.20629 0.19570 -0.95872 0.834257 0.164650
85.7750 43.5390 -16.7480 0.08561 0.20615 -0.97477 0.839075 0.163889
85.7750 43.5390 -16.7480 0.60851 0.14921 -0.77939 0.982807 0.979858
83.8560 44.0880 -16.2990 -0.15147 0.35479 -0.92260 0.831452 0.161334
84.8250 44.7500 -16.0160 0.01717 0.75632 -0.65398 0.835282 0.158601
85.1220 44.1610 -16.5710 -0.05860 0.47957 -0.87555 0.836530 0.161510
86.3510 42.8170 -16.3120 0.84765 0.01356 -0.53038 0.980303 0.976613
86.4010 43.9580 -16.1700 0.81556 0.21786 -0.53610 0.979365 0.980888
85.7770 44.3630 -16.3930 0.09013 0.62371 -0.77644 0.839042 0.160459
85.7770 44.3630 -16.3930 0.43430 0.59430 -0.67690 0.981043 0.983357
86.2530 44.4180 -16.0160 0.59558 0.64327 -0.48113 0.978829 0.982686
57.5370 44.6700 -16.0870 -0.00408 0.99300 -0.11805 0.729823 0.152553
58.4340 44.7410 -14.7270 0.00635 0.99974 -0.02194 0.733598 0.147545
60.5000 44.6890 -14.8200 0.00082 0.99894 -0.04609 0.741524 0.148404
58.0530 43.9570 -17.4860 0.02121 0.56604 -0.82411 0.731458 0.158859
58.3980 44.5360 -16.7560 0.01221 0.91025 -0.41388 0.732975 0.155371
60.2350 44.6240 -16.3010 0.01351 0.97715 -0.21214 0.740157 0.154052
60.3090 44.2970 -17.0700 0.02085 0.75932 -0.65038 0.740241 0.157296
60.8820 43.5250 -17.5250 0.01823 0.26431 -0.96427 0.742288 0.160870
61.1160 44.0930 -17.2570 0.00375 0.63079 -0.77595 0.743297 0.158495
61.8990 44.6030 -16.4530 0.00262 0.95135 -0.30810 0.746521 0.155017
62.5330 43.9030 -17.3360 0.03655 0.50954 -0.85967 0.748709 0.159521
63.6000 44.3270 -16.8910 0.02197 0.80836 -0.58828 0.752954 0.157397
85.5500 32.1180 21.2760 0.94728 0.02367 0.31953 0.836973 0.929516
86.1250 31.2410 19.1210 0.96833 0.03604 0.24704 0.845677 0.926409
85.6760 32.7520 20.3120 0.97177 0.03201 0.23375 0.840644 0.932055
86.1900 33.4000 18.3000 0.99494 0.02861 0.09626 0.848583 0.934795
85.6150 35.9440 20.0870 0.97025 0.02706 0.24059 0.841087 0.944279
86.0460 34.9210 18.9540 0.96998 0.03189 0.24108 0.845833 0.940524
86.0510 38.3850 18.5560 0.98620 0.01182 0.16511 0.846830 0.953843
86.1170 36.4290 18.2620 0.99618 0.01997 0.08506 0.848277 0.946410
86.2520 35.5730 15.1930 0.99923 0.02365 0.03128 0.860167 0.943674
86.3440 33.9890 13.1600 0.99908 0.02880 0.03167 0.868211 0.937927
86.2820 36.9790 12.6890 0.99935 0.02562 0.02542 0.869522 0.949531
86.4140 34.5700 10.8570 0.99912 0.03074 0.02845 0.876954 0.940550
86.1870 38.9080 15.1450 0.99942 0.01778 0.02890 0.859770 0.956523
86.0720 41.4490 17.6460 0.99787 0.01272 0.06391 0.849689 0.965760
86.1530 41.9460 14.4710 0.99972 0.01524 0.01803 0.861701 0.968392
86.2230 40.5240 11.4670 0.99956 0.02520 0.01541 0.873543 0.963433
86.1160 45.1610 11.3390 0.97737 0.21111 -0.01373 0.873058 0.981330
85.9750 40.4110 18.9060 0.97556 0.02435 0.21839 0.845108 0.961520
86.1040 45.3480 15.6330 0.97853 0.20613 -0.00062 0.856307 0.981296
86.3660 37.5000 8.7310 0.99931 0.03254 0.01794 0.884612 0.952211
86.2640 40.7740 7.8820 0.99935 0.03389 0.01240 0.887286 0.964989
86.1490 44.1030 8.6820 0.99794 0.06344 0.00989 0.883568 0.977720
83.8820 46.5010 12.4950 0.34449 0.93879 -0.00285 0.837778 0.048362
83.0380 46.6740 11.0100 0.12913 0.99155 -0.01243 0.834108 0.053859
84.8240 45.9950 13.7720 0.19899 0.97974 -0.02272 0.863383 0.987607
84.8240 45.9950 13.7720 0.47348 0.88080 -0.00170 0.842199 0.043716
86.1060 45.3440 12.8160 0.95749 0.28848 0.00130 0.867282 0.981785
84.8260 45.9770 11.8860 0.49854 0.86687 -0.00201 0.841777 0.050969
84.8260 45.9770 11.8860 0.22285 0.97423 -0.03488 0.870796 0.987764
84.1050 46.4020 10.6520 0.40246 0.91540 -0.00814 0.838258 0.055503
84.9710 45.8120 9.4640 0.55994 0.82833 -0.01856 0.841991 0.060334
84.9710 45.8120 9.4640 0.27020 0.96165 -0.04718 0.880264 0.986950
85.8730 45.7390 11.7540 0.61985 0.78355 -0.04286 0.871343 0.983664
85.7140 45.6640 10.3260 0.37640 0.92344 -0.07466 0.876905 0.984063
84.0200 46.4440 8.4760 0.37784 0.92565 -0.02037 0.837357 0.063837
86.1080 45.7160 17.0530 0.88371 0.46803 -0.00025 0.850681 0.982159
85.8640 45.8790 16.5220 0.48855 0.87023 -0.06337 0.852623 0.983397
85.5690 45.9080 15.4830 0.27052 0.96188 -0.03995 0.856643 0.984579
85.9590 45.6750 14.8270 0.75847 0.65170 -0.00367 0.859350 0.982855
85.7950 45.7970 13.9800 0.51024 0.85932 -0.03483 0.862649 0.983747
85.9670 45.4360 9.6160 0.86022 0.50885 -0.03316 0.879695 0.982782
86.0880 45.0960 7.8120 0.95226 0.30520 0.00771 0.886771 0.981671
85.8180 45.5320 8.7060 0.56765 0.82212 -0.04348 0.883222 0.983534
85.8490 45.4820 7.2790 0.61271 0.78992 -0.02463 0.888767 0.983493
84.8520 45.8110 7.6370 0.59971 0.80008 -0.01520 0.841138 0.067343
84.8520 45.8110 7.6370 0.30364 0.95222 -0.03300 0.887289 0.987484
86.1140 45.0320 5.6450 0.95830 0.28572 0.00602 0.895167 0.981746
86.2310 42.6770 4.7460 0.99908 0.03834 0.01942 0.899042 0.972807
86.2020 44.7300 2.7810 0.97794 0.20795 0.01959 0.906286 0.981006
86.3550 42.5970 0.8600 0.99653 0.04435 0.07040 0.914065 0.973089
84.2570 46.2510 5.5720 0.46748 0.88382 -0.01807 0.837731 0.075070
85.0000 45.6250 4.1580 0.30604 0.95151 -0.03104 0.900731 0.987088
85.0000 45.6250 4.1580 0.64683 0.76262 -0.00388 0.841086 0.080760
85.9300 45.3490 5.2970 0.63434 0.77290 -0.01530 0.896452 0.983221
85.9470 45.3300 4.0210 0.65254 0.75738 -0.02376 0.901382 0.983302
86.0210 45.2140 2.2320 0.69923 0.71475 -0.01433 0.908303 0.983094
85.0370 45.5470 2.0550 0.67411 0.73812 -0.02740 0.840850 0.088858
85.0370 45.5470 2.0550 0.31412 0.94875 -0.03478 0.908813 0.987117
84.3710 46.1600 2.1830 0.50295 0.86408 -0.02004 0.837403 0.088135
86.3360 44.3530 -0.0130 0.98189 0.17433 0.07413 0.917171 0.980000
86.6700 43.0320 -2.1380 0.99031 0.06129 0.12459 0.925639 0.975161
86.0780 45.1440 0.3720 0.69354 0.72041 -0.00327 0.915503 0.983133
86.2000 45.0660 -1.0000 0.68273 0.72972 0.03732 0.920835 0.983029
86.5970 44.3860 -2.3740 0.96673 0.22748 0.11697 0.926370 0.980437
85.0960 45.4100 0.3780 0.71463 0.69944 -0.00934 0.840948 0.095338
85.0960 45.4100 0.3780 0.26088 0.96419 -0.04772 0.915233 0.987062
86.3830 44.9680 -2.5860 0.64480 0.76315 0.04286 0.927033 0.982893
86.9150 44.1410 -4.4060 0.97758 0.18325 0.10370 0.934308 0.979641
23.9700 44.5460 -11.1310 -0.03218 0.99795 -0.05528 0.601854 0.125915
3 0 3 4
3 2 5 6
3 3 7 4
3 8 7 3
3 10 9 2
3 8 11 7
3 12 11 8
3 12 14 11
3 2 6 10
3 9 10 13
3 13 15 16
3 13 10 15
3 18 15 10
3 19 15 18
3 10 6 18
3 18 6 20
3 21 23 17
3 11 14 24
3 25 11 24
3 26 11 25
3 23 25 24
3 27 25 28
3 14 12 17
3 17 23 14
3 23 24 14
3 16 15 29
3 28 25 23
3 21 30 23
3 31 30 21
3 32 34 21
3 31 21 34
3 34 32 36
3 30 31 28
3 30 28 23
3 27 28 37
3 28 31 38
3 38 31 34
3 37 38 39
3 38 37 28
3 15 19 29
3 29 19 40
3 18 41 19
3 19 42 40
3 33 22 29
3 29 22 16
3 43 33 29
3 40 43 29
3 43 40 44
3 33 43 35
3 45 47 48
3 45 48 50
3 51 47 45
3 49 52 46
3 45 54 51
3 51 54 56
3 46 52 53
3 53 52 57
3 38 34 58
3 59 38 58
3 38 60 39
3 38 59 60
3 60 61 39
3 61 60 62
3 36 58 34
3 36 50 58
3 63 35 43
3 35 63 49
3 58 50 48
3 48 64 58
3 52 49 63
3 64 59 58
3 44 63 43
3 44 65 63
3 52 63 65
3 64 48 47
3 47 66 64
3 67 64 66
3 67 59 64
3 66 47 51
3 68 66 51
3 67 66 68
3 60 59 67
3 62 60 67
3 67 69 62
3 69 67 68
3 41 42 19
3 41 70 42
3 42 71 40
3 71 44 40
3 71 42 72
3 72 42 70
3 73 72 70
3 74 72 73
3 75 57 52
3 57 75 77
3 78 77 75
3 71 65 44
3 79 65 71
3 71 72 79
3 79 75 65
3 75 52 65
3 80 75 79
3 79 72 74
3 78 75 80
3 78 80 81
3 73 82 74
3 80 79 74
3 74 82 83
3 83 84 74
3 85 81 80
3 85 80 84
3 86 81 85
3 80 74 84
3 85 84 87
3 85 87 88
3 88 86 85
3 89 84 83
3 83 90 89
3 87 84 89
3 87 91 88
3 88 93 95
3 96 88 91
3 93 88 96
3 87 89 97
3 91 87 97
3 97 96 91
3 96 98 99
3 101 102 103
3 104 101 103
3 105 101 104
3 103 106 104
3 104 107 108
3 107 104 106
3 105 104 108
3 106 109 110
3 111 106 110
3 110 109 112
3 107 106 111
3 112 111 110
3 107 113 108
3 111 114 107
3 115 105 108
3 115 108 113
3 116 113 114
3 113 107 114
3 117 113 116
3 113 117 115
3 116 118 117
3 118 116 119
3 120 115 117
3 121 117 118
3 117 121 120
3 122 115 120
3 112 123 124
3 124 123 125
3 124 126 112
3 114 111 112
3 127 114 112
3 112 126 127
3 124 125 128
3 126 124 128
3 125 129 128
3 129 130 128
3 119 116 114
3 119 114 127
3 131 126 132
3 127 126 131
3 119 133 118
3 127 131 119
3 128 134 126
3 132 126 134
3 134 128 130
3 134 130 135
3 132 134 136
3 137 134 135
3 137 135 138
3 137 138 139
3 140 139 141
3 142 143 144
3 145 142 144
3 146 147 143
3 143 148 146
3 150 144 147
3 147 144 143
3 150 147 151
3 152 150 151
3 153 143 142
3 145 153 142
3 153 145 154
3 149 143 155
3 156 149 155
3 153 155 143
3 157 158 152
3 159 145 144
3 158 144 150
3 160 144 158
3 152 158 150
3 159 144 160
3 157 160 158
3 161 159 160
3 162 145 159
3 162 154 145
3 162 159 163
3 163 159 161
3 164 160 157
3 165 160 164
3 165 166 161
3 166 163 161
3 165 161 160
3 167 153 154
3 167 155 153
3 156 168 169
3 156 155 168
3 168 155 170
3 168 170 171
3 168 171 169
3 171 172 173
3 174 175 176
3 177 176 178
3 176 177 179
3 180 179 177
3 181 167 162
3 162 167 154
3 178 181 162
3 167 181 182
3 167 170 155
3 167 182 170
3 163 178 162
3 178 176 181
3 181 175 182
3 183 170 182
3 176 175 181
3 183 171 170
3 166 178 163
3 177 178 166
3 184 177 166
3 184 180 177
3 174 185 175
3 179 174 176
3 186 174 179
3 185 187 188
3 185 174 189
3 189 187 185
3 190 174 186
3 191 189 190
3 190 189 174
3 188 183 182
3 175 185 188
3 182 175 188
3 192 171 183
3 172 171 192
3 192 183 193
3 193 183 188
3 193 194 192
3 172 192 194
3 195 165 164
3 165 196 166
3 195 196 165
3 197 198 195
3 196 195 199
3 200 196 199
3 198 199 195
3 201 199 198
3 196 184 166
3 202 184 196
3 203 190 186
3 180 186 179
3 180 204 205
3 205 186 180
3 202 180 184
3 204 180 202
3 200 202 196
3 202 200 206
3 207 206 200
3 201 200 199
3 201 207 200
3 201 208 207
3 202 206 204
3 209 204 206
3 210 209 206
3 210 206 207
3 205 204 209
3 211 187 189
3 189 212 211
3 191 212 189
3 213 211 214
3 212 215 211
3 213 194 193
3 216 194 213
3 194 217 172
3 216 217 194
3 187 193 188
3 193 187 213
3 211 213 187
3 214 216 213
3 216 214 218
3 211 215 214
3 215 219 214
3 217 220 221
3 218 217 216
3 217 218 220
3 219 218 214
3 219 222 218
3 218 222 220
3 220 223 221
3 220 222 224
3 225 224 222
3 224 223 220
3 224 226 223
3 227 226 224
3 203 191 190
3 228 203 186
3 229 212 191
3 229 191 203
3 229 215 212
3 230 229 203
3 205 228 186
3 228 230 203
3 231 230 228
3 230 232 229
3 215 229 233
3 232 233 229
3 234 235 233
3 234 233 232
3 233 235 215
3 215 235 219
3 219 235 236
3 231 237 230
3 237 232 230
3 205 238 228
3 238 231 228
3 209 238 205
3 239 238 209
3 240 231 238
3 231 240 241
3 241 237 231
3 242 243 244
3 242 245 243
3 246 247 245
3 242 246 245
3 248 249 244
3 242 244 250
3 249 250 244
3 234 236 235
3 251 225 219
3 236 252 251
3 253 224 225
3 225 251 253
3 219 236 251
3 254 251 252
3 255 234 232
3 237 255 232
3 256 255 237
3 255 257 234
3 257 236 234
3 257 252 236
3 255 256 243
3 243 257 255
3 222 219 225
3 224 253 227
3 253 251 254
3 254 258 253
3 253 258 227
3 227 258 259
3 257 260 252
3 257 243 245
3 245 260 257
3 247 260 245
3 254 252 260
3 254 260 261
3 260 247 262
3 262 261 260
3 258 263 259
3 261 258 254
3 264 226 227
3 256 237 241
3 256 244 243
3 256 241 244
3 265 241 240
3 265 248 241
3 248 244 241
3 208 201 266
3 267 207 208
3 268 208 266
3 208 268 267
3 267 210 207
3 210 269 209
3 210 267 270
3 271 267 268
3 267 271 272
3 273 272 271
3 268 274 271
3 275 274 276
3 275 271 274
3 275 273 271
3 275 277 273
3 278 275 276
3 279 278 276
3 278 277 275
3 279 280 278
3 269 239 209
3 239 269 281
3 270 281 269
3 282 281 270
3 210 270 269
3 239 240 238
3 283 240 239
3 281 283 239
3 283 281 284
3 284 281 282
3 285 283 284
3 272 282 270
3 270 267 272
3 286 282 272
3 286 272 273
3 287 284 282
3 288 287 282
3 288 282 286
3 248 289 249
3 250 249 290
3 289 290 249
3 291 289 292
3 291 293 294
3 240 283 265
3 283 292 265
3 292 248 265
3 283 285 292
3 292 289 248
3 292 293 291
3 287 285 284
3 293 292 285
3 295 293 285
3 288 296 287
3 285 287 295
3 294 293 295
3 297 294 295
3 298 294 297
3 273 299 286
3 277 299 273
3 299 288 286
3 300 288 299
3 301 277 278
3 302 303 277
3 302 277 301
3 301 278 280
3 303 304 300
3 303 299 277
3 300 299 303
3 303 305 304
3 305 303 302
3 288 300 296
3 287 296 295
3 306 296 300
3 297 295 296
3 307 297 308
3 297 307 298
3 296 308 297
3 308 296 306
3 304 306 300
3 304 305 309
3 306 304 309
3 310 308 306
3 307 308 310
3 309 310 306
3 311 310 309
3 311 312 310
3 313 314 156
3 316 318 315
3 318 316 319
3 313 317 314
3 317 313 321
3 147 146 151
3 151 146 322
3 148 315 146
3 146 318 322
3 315 318 146
3 323 151 322
3 323 322 324
3 325 322 318
3 324 322 325
3 156 314 149
3 156 169 313
3 326 327 319
3 316 320 326
3 319 316 326
3 326 320 329
3 329 327 326
3 329 330 327
3 319 327 331
3 319 331 325
3 327 330 331
3 325 318 319
3 324 325 332
3 331 332 325
3 331 333 332
3 152 334 157
3 334 152 335
3 336 335 337
3 338 337 339
3 151 323 152
3 323 335 152
3 323 324 335
3 337 335 324
3 337 324 340
3 340 324 332
3 337 340 339
3 339 340 341
3 342 339 341
3 330 329 0
3 330 0 4
3 333 331 343
3 333 343 344
3 331 330 343
3 4 343 330
3 343 4 345
3 344 343 345
3 344 345 346
3 333 347 332
3 347 333 348
3 348 333 344
3 348 344 346
3 349 348 350
3 348 346 350
3 346 351 350
3 340 332 347
3 347 348 349
3 341 347 352
3 352 347 349
3 341 340 347
3 353 341 352
3 353 342 341
3 354 352 349
3 354 349 350
3 352 354 355
3 354 350 351
3 354 351 356
3 353 352 355
3 355 354 356
3 321 313 357
3 358 357 313
3 359 357 358
3 169 358 313
3 169 173 358
3 171 173 169
3 5 321 357
3 5 328 321
3 359 358 173
3 360 357 359
3 359 173 361
3 362 359 361
3 359 362 360
3 1 328 5
3 2 1 5
3 360 6 5
3 360 5 357
3 4 7 345
3 7 26 345
3 26 7 11
3 26 346 345
3 360 20 6
3 362 20 360
3 18 20 41
3 157 334 363
3 363 334 335
3 364 363 335
3 365 164 157
3 365 366 164
3 365 157 363
3 365 363 367
3 364 335 336
3 364 336 368
3 195 164 366
3 365 367 366
3 369 366 367
3 370 363 364
3 370 364 368
3 367 363 371
3 363 370 371
3 372 367 371
3 336 337 338
3 338 339 342
3 338 368 336
3 373 338 342
3 373 342 374
3 375 338 373
3 375 368 338
3 373 376 375
3 376 373 374
3 372 369 367
3 366 369 377
3 372 378 369
3 378 377 369
3 197 366 377
3 371 370 379
3 372 371 379
3 380 372 379
3 372 381 378
3 382 377 378
3 379 370 375
3 370 368 375
3 383 375 376
3 383 379 375
3 384 379 383
3 380 379 384
3 383 376 385
3 197 195 366
3 197 386 198
3 386 197 377
3 387 374 388
3 374 342 353
3 374 353 388
3 353 355 388
3 388 389 390
3 389 388 355
3 387 376 374
3 385 376 387
3 390 387 388
3 391 387 390
3 391 390 392
3 351 27 393
3 356 351 394
3 395 351 393
3 394 351 395
3 356 394 396
3 394 395 397
3 397 396 394
3 27 26 25
3 27 346 26
3 351 346 27
3 393 27 398
3 398 37 39
3 37 398 27
3 39 399 398
3 395 393 398
3 399 39 61
3 398 399 400
3 398 400 395
3 400 399 61
3 400 61 401
3 61 62 402
3 401 61 402
3 402 62 69
3 402 69 403
3 404 400 401
3 401 402 405
3 405 402 403
3 397 395 400
3 406 397 400
3 404 406 400
3 404 401 405
3 406 404 407
3 404 405 407
3 407 405 408
3 389 355 356
3 389 356 396
3 409 396 397
3 410 389 396
3 410 396 409
3 392 390 411
3 412 392 411
3 390 389 411
3 411 389 410
3 411 410 412
3 413 410 409
3 412 410 413
3 412 413 414
3 409 397 406
3 415 409 406
3 415 406 416
3 415 413 409
3 413 415 417
3 415 416 417
3 417 416 418
3 419 417 418
3 413 417 420
3 419 420 417
3 406 407 416
3 421 361 173
3 422 362 361
3 361 421 422
3 421 172 217
3 173 172 421
3 221 421 217
3 221 423 421
3 221 223 423
3 423 422 421
3 223 424 423
3 425 422 423
3 426 20 362
3 362 422 426
3 20 426 41
3 427 426 422
3 425 427 422
3 428 41 426
3 70 41 428
3 428 429 70
3 427 428 426
3 430 424 223
3 223 226 430
3 425 423 424
3 424 431 425
3 264 430 226
3 424 430 431
3 425 432 427
3 427 432 433
3 433 432 434
3 428 433 429
3 427 433 428
3 433 435 436
3 434 437 433
3 437 434 438
3 433 437 435
3 439 436 435
3 440 441 435
3 435 437 440
3 431 432 425
3 431 434 432
3 434 431 442
3 443 442 431
3 434 442 438
3 73 70 429
3 436 429 433
3 444 429 436
3 429 444 73
3 82 73 444
3 436 439 444
3 444 439 445
3 445 439 441
3 441 446 445
3 441 439 435
3 444 445 447
3 82 444 447
3 445 446 447
3 90 82 447
3 82 90 83
3 380 381 372
3 381 380 448
3 448 380 102
3 386 377 382
3 382 378 381
3 382 381 448
3 449 382 448
3 448 101 449
3 450 382 449
3 451 386 450
3 450 386 382
3 384 383 452
3 102 380 384
3 452 383 385
3 453 452 385
3 454 102 384
3 101 448 102
3 102 454 103
3 454 384 452
3 103 454 106
3 455 452 453
3 454 452 455
3 201 198 386
3 266 201 386
3 386 451 456
3 266 386 456
3 457 449 101
3 457 450 449
3 451 450 458
3 458 450 457
3 459 458 457
3 106 454 455
3 109 106 455
3 457 101 105
3 459 457 105
3 456 460 266
3 268 266 460
3 460 456 451
3 460 451 461
3 461 451 458
3 462 461 458
3 453 385 463
3 463 385 387
3 464 453 463
3 464 463 465
3 465 463 387
3 391 465 387
3 466 465 467
3 467 465 391
3 455 453 109
3 465 466 464
3 453 123 109
3 112 109 123
3 123 453 464
3 123 464 129
3 123 129 125
3 468 467 469
3 466 467 468
3 129 464 466
3 129 466 468
3 460 470 274
3 274 268 460
3 471 472 462
3 105 115 459
3 462 458 459
3 471 462 459
3 472 461 462
3 470 461 472
3 470 460 461
3 472 473 470
3 473 474 470
3 472 471 475
3 471 459 115
3 476 475 471
3 122 471 115
3 122 476 471
3 477 475 476
3 475 473 472
3 478 473 475
3 479 474 478
3 474 473 478
3 475 477 478
3 480 478 477
3 481 479 478
3 470 474 274
3 274 474 276
3 479 276 474
3 279 276 479
3 279 479 481
3 467 391 392
3 482 392 412
3 467 392 482
3 482 469 467
3 412 483 482
3 482 483 469
3 484 469 483
3 483 412 414
3 129 468 485
3 485 468 469
3 485 469 484
3 414 413 420
3 414 486 483
3 414 487 486
3 487 414 420
3 486 484 483
3 484 486 488
3 489 488 486
3 486 487 490
3 491 490 487
3 489 486 490
3 130 129 485
3 485 138 130
3 135 130 138
3 488 485 484
3 138 485 488
3 488 489 492
3 141 488 492
3 490 493 489
3 492 489 493
3 493 490 494
3 495 492 493
3 138 488 141
3 139 138 141
3 141 496 497
3 141 492 496
3 496 492 495
3 121 498 120
3 121 499 498
3 499 121 133
3 120 498 122
3 500 498 499
3 501 498 500
3 501 122 498
3 119 502 133
3 133 121 118
3 502 119 131
3 503 502 504
3 131 505 502
3 504 502 505
3 505 131 132
3 505 132 506
3 503 499 133
3 503 133 502
3 499 503 500
3 136 134 137
3 506 132 136
3 136 507 506
3 507 136 137
3 508 509 504
3 510 508 504
3 509 511 512
3 513 511 509
3 513 509 508
3 510 514 508
3 515 510 516
3 514 510 515
3 515 516 517
3 509 503 504
3 518 501 500
3 503 512 500
3 512 518 500
3 512 503 509
3 504 505 510
3 505 506 510
3 518 512 511
3 519 501 518
3 520 501 519
3 516 510 506
3 507 517 506
3 517 516 506
3 521 520 519
3 513 508 514
3 522 513 514
3 513 523 524
3 523 513 522
3 513 524 511
3 525 511 524
3 524 526 525
3 527 524 523
3 524 527 526
3 522 514 515
3 528 515 517
3 529 522 515
3 515 528 530
3 530 529 515
3 511 519 518
3 525 519 511
3 531 519 525
3 532 519 531
3 531 525 526
3 521 519 533
3 534 519 532
3 519 534 533
3 535 527 523
3 536 526 527
3 536 531 526
3 537 536 527
3 538 531 536
3 535 522 539
3 540 535 539
3 535 523 522
3 529 539 522
3 529 530 541
3 530 542 541
3 543 529 541
3 529 543 539
3 537 527 535
3 543 541 542
3 544 531 538
3 532 531 544
3 534 532 544
3 137 139 545
3 545 507 137
3 546 545 139
3 517 507 547
3 545 547 507
3 548 517 547
3 548 547 549
3 550 545 546
3 550 547 545
3 549 547 550
3 546 139 140
3 550 546 551
3 552 550 551
3 551 553 552
3 551 546 140
3 551 140 554
3 497 554 140
3 555 556 554
3 551 554 556
3 557 528 548
3 530 528 557
3 548 549 557
3 557 549 558
3 548 528 517
3 549 552 558
3 549 550 552
3 553 558 552
3 542 530 557
3 542 557 559
3 559 557 558
3 560 558 553
3 559 558 560
3 561 559 560
3 562 553 551
3 560 553 562
3 562 551 556
3 563 560 564
3 564 560 562
3 564 562 565
3 565 562 566
3 567 564 565
3 568 569 570
3 571 572 568
3 573 571 568
3 568 574 573
3 575 568 570
3 576 536 537
3 538 536 576
3 576 577 578
3 579 540 580
3 537 535 540
3 540 539 580
3 581 540 579
3 576 537 581
3 581 537 540
3 543 580 539
3 580 543 582
3 572 581 579
3 576 581 572
3 569 579 580
3 569 580 582
3 572 579 569
3 569 582 583
3 544 584 585
3 578 544 538
3 538 576 578
3 584 544 578
3 586 578 577
3 587 576 572
3 571 587 572
3 576 587 577
3 588 587 571
3 569 568 572
3 588 571 573
3 589 587 588
3 589 577 587
3 586 577 589
3 586 590 578
3 590 584 578
3 584 590 591
3 592 590 586
3 591 590 593
3 594 588 573
3 574 568 575
3 594 573 574
3 595 574 575
3 596 594 595
3 597 598 594
3 597 594 596
3 599 597 596
3 600 596 595
3 599 596 601
3 602 599 603
3 598 589 588
3 598 588 594
3 592 586 589
3 604 589 598
3 605 589 604
3 605 604 606
3 605 590 592
3 607 590 605
3 593 590 607
3 608 607 605
3 607 608 609
3 605 592 589
3 608 605 606
3 597 604 598
3 602 604 597
3 606 604 602
3 606 610 608
3 602 597 599
3 602 611 606
3 611 610 606
3 612 611 602
3 608 610 609
3 609 610 613
3 583 614 570
3 615 614 616
3 543 542 582
3 582 542 617
3 559 617 542
3 618 559 561
3 559 619 617
3 619 559 618
3 570 569 583
3 583 582 617
3 617 620 583
3 620 617 619
3 583 620 616
3 614 583 616
3 619 618 621
3 616 620 619
3 616 619 621
3 561 560 563
3 563 618 561
3 622 563 564
3 622 564 567
3 563 622 623
3 624 563 623
3 625 622 567
3 626 622 625
3 624 623 626
3 623 622 626
3 618 563 627
3 627 563 624
3 621 618 627
3 628 627 624
3 621 627 628
3 629 624 626
3 628 624 629
3 570 614 575
3 575 614 630
3 631 615 616
3 615 630 614
3 600 595 575
3 632 575 630
3 631 616 633
3 634 615 631
3 630 615 634
3 632 600 575
3 632 635 600
3 601 596 600
3 636 632 630
3 636 630 634
3 637 632 636
3 634 637 636
3 638 601 639
3 603 601 638
3 635 640 639
3 640 635 641
3 641 635 632
3 641 632 637
3 603 599 601
3 631 642 634
3 637 634 642
3 642 643 637
3 642 631 633
3 644 642 645
3 643 642 644
3 645 633 646
3 645 642 633
3 647 644 645
3 648 646 649
3 645 646 648
3 647 645 648
3 616 621 633
3 621 628 646
3 633 621 646
3 649 646 628
3 650 649 628
3 279 651 280
3 652 651 653
3 654 301 280
3 651 654 280
3 654 302 301
3 652 654 651
3 302 655 305
3 655 302 654
3 305 655 656
3 657 655 654
3 657 656 655
3 652 658 654
3 659 658 652
3 657 654 658
3 660 657 658
3 661 658 659
3 658 661 660
3 656 309 305
3 662 309 656
3 311 309 662
3 663 311 662
3 664 656 657
3 660 664 657
3 664 662 656
3 661 665 660
3 664 660 666
3 667 663 662
3 667 662 664
3 666 667 664
3 668 669 667
3 668 667 666
3 670 659 671
3 670 661 659
3 665 661 670
3 672 670 671
3 673 670 672
3 672 674 673
3 665 666 660
3 675 665 676
3 665 670 676
3 675 666 665
3 668 666 675
3 668 675 677
3 673 676 670
3 678 676 673
3 674 678 673
3 678 679 676
3 680 678 674
3 679 678 680
3 677 675 679
3 679 675 676
3 680 674 681
3 682 680 681
3 682 679 680
3 683 679 682
3 684 683 682
3 685 682 681
3 682 685 684
3 686 684 685
3 687 685 688
3 685 687 686
3 687 689 690
3 691 692 476
3 691 476 122
3 501 691 122
3 692 477 476
3 692 480 477
3 520 691 501
3 693 692 691
3 480 692 693
3 480 693 694
3 695 478 480
3 694 695 480
3 691 520 693
3 521 693 520
3 696 694 693
3 521 696 693
3 697 695 694
3 694 696 697
3 698 697 696
3 695 481 478
3 653 481 695
3 481 653 279
3 651 279 653
3 699 652 653
3 699 653 695
3 699 695 697
3 699 700 652
3 700 659 652
3 521 533 696
3 533 701 696
3 696 701 698
3 697 698 702
3 701 703 698
3 704 698 703
3 534 701 533
3 534 585 701
3 534 544 585
3 702 705 697
3 699 697 705
3 698 704 702
3 704 705 702
3 706 705 704
3 707 699 705
3 707 700 699
3 705 708 707
3 706 708 705
3 700 707 671
3 709 704 703
3 708 706 710
3 140 141 497
3 554 497 555
3 671 659 700
3 671 707 708
3 711 671 708
3 711 708 710
3 672 671 711
3 710 712 711
3 674 672 711
3 711 712 674
3 681 674 712
3 585 703 701
3 713 703 585
3 713 709 703
3 585 714 713
3 713 714 715
3 716 713 715
3 717 716 715
3 591 585 584
3 585 591 714
3 591 593 714
3 593 718 714
3 715 714 719
3 720 709 713
3 720 713 716
3 720 721 709
3 704 709 706
3 721 706 709
3 706 721 710
3 722 710 721
3 721 720 723
3 721 723 722
3 724 723 720
3 720 716 724
3 725 723 724
3 607 718 593
3 718 719 714
3 609 726 607
3 607 726 718
3 719 718 726
3 715 719 727
3 728 719 726
3 729 726 609
3 728 726 730
3 730 726 729
3 728 727 719
3 731 727 728
3 732 731 728
3 717 724 716
3 727 717 715
3 733 717 727
3 733 724 717
3 733 725 724
3 734 725 733
3 727 735 733
3 735 727 731
3 734 733 735
3 736 734 735
3 737 734 736
3 722 712 710
3 712 738 681
3 722 723 739
3 739 723 725
3 738 712 722
3 739 738 722
3 738 739 740
3 688 738 740
3 681 738 685
3 688 685 738
3 741 739 725
3 741 740 739
3 734 741 725
3 742 741 734
3 743 688 740
3 744 743 740
3 742 744 741
3 743 744 745
3 741 744 740
3 734 746 742
3 746 734 737
3 742 746 747
3 745 744 742
3 747 745 742
3 689 688 743
3 689 687 688
3 748 743 745
3 749 745 747
3 745 749 748
3 748 689 743
3 748 690 689
3 750 690 748
3 750 751 690
3 750 748 749
3 602 603 752
3 752 753 602
3 602 753 612
3 611 612 754
3 753 754 612
3 755 754 753
3 756 757 754
3 613 610 611
3 754 613 611
3 613 729 609
3 758 729 613
3 613 754 757
3 613 757 758
3 754 755 756
3 755 759 756
3 760 759 761
3 760 757 756
3 759 760 756
3 760 762 757
3 763 758 762
3 762 758 757
3 760 761 762
3 762 761 764
3 765 764 761
3 638 766 603
3 638 639 640
3 767 641 637
3 637 768 767
3 641 767 640
3 767 769 640
3 767 770 769
3 766 752 603
3 638 771 766
3 771 638 769
3 772 766 771
3 638 640 769
3 769 773 771
3 774 753 752
3 768 637 643
3 768 643 775
3 775 643 644
3 776 775 644
3 777 767 768
3 775 777 768
3 778 777 775
3 779 770 780
3 781 773 779
3 781 779 782
3 780 770 777
3 782 779 780
3 783 780 777
3 783 777 778
3 752 766 772
3 773 769 770
3 773 770 779
3 752 772 774
3 784 774 772
3 784 772 785
3 781 771 773
3 771 781 772
3 772 781 785
3 770 767 777
3 778 775 786
3 783 778 786
3 776 644 647
3 776 647 787
3 787 775 776
3 786 775 787
3 787 647 788
3 648 789 647
3 789 648 790
3 788 647 789
3 789 791 788
3 789 790 791
3 788 786 787
3 792 783 786
3 786 788 792
3 788 791 793
3 792 788 793
3 774 755 753
3 794 759 755
3 785 781 795
3 796 785 795
3 797 785 796
3 798 796 795
3 799 796 798
3 782 780 800
3 800 780 783
3 801 782 800
3 795 782 801
3 802 800 783
3 802 783 803
3 795 801 798
3 801 804 798
3 800 804 801
3 802 805 800
3 804 800 805
3 784 785 797
3 794 774 784
3 806 807 784
3 807 794 784
3 784 797 806
3 799 797 796
3 808 797 799
3 809 810 805
3 798 804 799
3 799 804 810
3 811 799 810
3 804 805 810
3 802 803 812
3 805 802 812
3 813 811 810
3 810 809 813
3 814 813 809
3 805 812 815
3 816 809 805
3 805 815 816
3 808 799 811
3 806 797 808
3 817 806 808
3 806 818 807
3 806 817 818
3 819 818 817
3 803 783 792
3 803 792 820
3 792 793 821
3 821 820 792
3 812 803 820
3 822 812 820
3 822 820 821
3 822 821 823
3 824 822 823
3 755 774 794
3 761 759 794
3 807 825 794
3 825 761 794
3 826 761 825
3 826 825 807
3 807 818 826
3 819 826 818
3 827 765 826
3 765 761 826
3 828 829 830
3 828 831 829
3 828 832 831
3 833 834 835
3 829 831 836
3 837 829 836
3 831 838 836
3 838 831 832
3 839 837 836
3 836 840 839
3 841 832 833
3 833 842 841
3 832 841 838
3 836 843 840
3 843 836 838
3 844 839 840
3 845 841 842
3 845 838 841
3 835 842 833
3 846 843 847
3 844 840 848
3 847 843 838
3 849 839 844
3 843 846 848
3 850 844 848
3 851 844 850
3 851 849 844
3 847 838 845
3 847 845 852
3 853 846 847
3 854 846 853
3 852 853 847
3 854 848 846
3 850 848 854
3 850 855 851
3 856 855 850
3 856 850 854
3 845 842 857
3 857 842 858
3 852 845 857
3 859 857 858
3 859 858 860
3 861 811 813
3 861 813 862
3 862 813 814
3 863 814 809
3 864 814 863
3 809 816 863
3 808 811 861
3 865 861 862
3 864 862 814
3 865 862 864
3 830 864 863
3 865 866 861
3 866 808 861
3 866 817 808
3 867 817 866
3 819 817 867
3 867 866 868
3 865 864 869
3 870 865 869
3 869 864 830
3 830 863 828
3 830 829 869
3 869 829 837
3 870 866 865
3 869 837 870
3 866 870 871
3 871 870 872
3 868 873 867
3 873 819 867
3 873 874 875
3 871 868 866
3 874 873 868
3 876 868 871
3 876 874 868
3 874 877 875
3 878 816 815
3 815 879 878
3 822 815 812
3 863 816 878
3 824 879 815
3 815 822 824
3 824 834 879
3 824 823 880
3 828 863 878
3 828 878 832
3 832 878 879
3 832 879 833
3 834 833 879
3 834 824 880
3 827 826 819
3 765 827 881
3 875 819 873
3 819 882 827
3 875 882 819
3 883 882 875
3 882 881 827
3 882 884 881
3 872 870 837
3 849 837 839
3 872 849 885
3 849 872 837
3 885 871 872
3 885 876 871
3 851 885 849
3 876 886 877
3 886 876 885
3 877 874 876
3 886 887 877
3 888 875 877
3 889 877 887
3 889 888 877
3 890 886 851
3 851 886 885
3 887 886 890
3 891 889 887
3 892 893 889
3 890 891 887
3 894 891 890
3 892 889 891
3 891 894 892
3 888 883 875
3 888 893 883
3 895 884 882
3 895 882 883
3 896 895 883
3 897 883 893
3 889 893 888
3 892 898 893
3 899 900 892
3 898 897 893
3 900 898 892
3 897 896 883
3 901 896 897
3 902 897 898
3 898 900 902
3 902 901 897
3 902 903 901
3 904 729 758
3 732 728 730
3 905 730 729
3 904 905 729
3 763 904 758
3 906 907 905
3 906 905 904
3 904 763 908
3 732 909 731
3 909 735 731
3 909 736 735
3 910 736 909
3 909 911 910
3 907 909 732
3 912 909 907
3 911 909 912
3 913 912 914
3 732 730 905
3 907 732 905
3 906 914 907
3 904 908 906
3 906 915 914
3 912 907 914
3 764 763 762
3 908 763 916
3 763 764 916
3 917 764 765
3 917 916 764
3 916 918 908
3 919 916 917
3 915 906 908
3 915 920 914
3 921 915 908
3 921 920 915
3 914 920 922
3 914 922 913
3 923 922 920
3 923 924 922
3 908 918 921
3 918 925 921
3 926 918 916
3 926 925 918
3 920 921 927
3 925 927 921
3 927 923 920
3 928 923 927
3 927 929 928
3 929 927 925
3 929 930 928
3 737 736 910
3 931 746 932
3 910 932 737
3 932 746 737
3 933 747 746
3 931 933 746
3 932 934 931
3 911 932 910
3 912 935 911
3 913 935 912
3 936 934 932
3 936 932 911
3 936 911 935
3 937 934 936
3 938 937 936
3 939 749 933
3 747 933 749
3 931 940 933
3 940 939 933
3 750 749 939
3 939 941 750
3 934 940 931
3 942 940 934
3 942 934 937
3 940 941 939
3 940 943 941
3 944 940 942
3 940 944 943
3 922 924 913
3 913 945 935
3 924 945 913
3 938 936 935
3 935 945 938
3 946 938 945
3 937 938 947
3 947 938 946
3 946 945 948
3 948 945 924
3 949 950 928
3 948 924 951
3 951 928 950
3 952 951 950
3 951 952 948
3 948 952 946
3 950 953 952
3 923 951 924
3 928 951 923
3 942 937 947
3 942 947 954
3 947 946 954
3 954 944 942
3 955 944 954
3 953 946 952
3 953 956 946
3 954 946 956
3 957 954 956
3 956 953 957
3 954 957 955
3 957 958 955
3 881 917 765
3 959 917 881
3 926 916 919
3 917 959 919
3 881 884 959
3 960 919 959
3 960 959 961
3 962 925 926
3 963 962 926
3 964 962 963
3 926 919 963
3 962 929 925
3 930 929 965
3 962 965 929
3 962 964 965
3 966 965 964
3 963 919 960
3 967 963 960
3 967 968 963
3 964 968 966
3 963 968 964
3 961 959 884
3 884 969 961
3 961 970 960
3 971 961 969
3 970 967 960
3 972 970 961
3 971 972 961
3 972 967 970
3 973 967 972
3 967 974 968
3 975 972 971
3 976 975 971
3 975 973 972
3 976 977 975
3 973 974 967
3 978 973 975
3 978 979 973
3 884 895 969
3 896 969 895
3 969 896 980
3 903 896 901
3 903 980 896
3 980 971 969
3 971 980 976
3 981 950 949
3 982 981 949
3 950 981 953
3 949 928 930
3 930 965 983
3 930 983 949
3 949 983 982
3 966 983 965
3 984 983 966
3 985 984 966
3 968 985 966
3 985 968 974
3 986 983 984
3 986 982 983
3 984 987 986
3 988 984 985
3 953 981 989
3 989 957 953
3 989 981 982
3 957 990 991
3 986 989 982
3 989 990 957
3 986 990 989
3 990 986 987
3 992 993 990
3 994 985 974
3 988 987 984
3 988 985 994
3 979 974 973
3 995 994 974
3 995 974 979
3 996 995 979
3 997 994 995
3 995 998 997
3 992 990 987
3 992 987 999
3 1000 992 999
3 999 987 988
3 994 999 988
3 999 994 997
3 574 595 594
3 601 600 639
3 600 635 639
3 781 782 795
3 848 840 843
3 1001 56 1003
3 1003 1004 1001
3 55 57 1005
3 1005 1002 55
3 51 56 1007
3 1001 1007 56
3 1007 1008 51
3 1007 1001 1004
3 57 55 53
3 1009 1004 1010
3 1010 1004 1003
3 1011 1007 1004
3 1011 1004 1009
3 1012 1009 1010
3 1008 68 51
3 68 1008 1013
3 68 1013 1014
3 1013 1008 1007
3 1007 1011 1013
3 1015 1011 1009
3 1015 1009 1012
3 1014 1013 1011
3 1016 1014 1011
3 1016 1011 1015
3 1012 1017 1015
3 69 68 1014
3 1015 1017 1018
3 77 1005 57
3 1019 1003 1006
3 1010 1003 1019
3 1020 1019 1006
3 1010 1019 1021
3 1021 1019 1020
3 1021 1022 1010
3 1006 76 1020
3 1023 1020 76
3 76 1025 1023
3 1020 1023 1021
3 1022 1021 1026
3 1026 1021 1023
3 77 78 1024
3 1022 1012 1010
3 1022 1017 1012
3 1017 1022 1027
3 1028 1022 1026
3 1029 1026 1023
3 1029 1030 1026
3 1028 1026 1030
3 1027 1022 1028
3 1027 1028 1030
3 1027 1031 1017
3 1017 1031 1018
3 1025 1029 1023
3 1032 1030 1029
3 1033 1030 1032
3 1034 1024 78
3 1025 1032 1029
3 1025 1035 1032
3 78 81 1034
3 1035 1036 1032
3 1033 1032 1036
3 1037 1031 1027
3 1030 1037 1027
3 1038 1037 1030
3 1039 1030 1033
3 1038 1030 1039
3 1036 1035 94
3 86 1034 81
3 95 1034 86
3 1040 1033 1036
3 1039 1033 1040
3 95 86 88
3 1036 94 1040
3 1040 94 92
3 1041 1040 92
3 100 1041 92
3 93 96 99
3 1042 403 1043
3 1043 69 1014
3 1016 1043 1014
3 1015 1044 1016
3 69 1043 403
3 1045 1043 1016
3 1046 1016 1044
3 1018 1044 1015
3 1047 1044 1018
3 1048 1046 1044
3 1047 1048 1044
3 1046 1045 1016
3 1047 1049 1048
3 1047 1018 1050
3 408 403 1042
3 405 403 408
3 1042 1043 1051
3 1051 1043 1045
3 407 408 1052
3 1053 407 1052
3 1052 408 1042
3 1051 1045 1054
3 1051 1054 1055
3 1045 1046 1056
3 1054 1045 1056
3 1048 1056 1046
3 1056 1048 1057
3 1049 1058 1057
3 1048 1049 1057
3 1049 1047 1050
3 1059 1049 1050
3 1058 1049 1059
3 1060 1056 1057
3 1060 1054 1056
3 1060 1057 1058
3 1058 1059 1061
3 419 1062 1063
3 1052 1042 1064
3 1064 1042 1051
3 1053 416 407
3 1053 1065 1062
3 1053 1052 1065
3 1065 1052 1064
3 1065 1064 1066
3 1067 1055 1054
3 1055 1064 1051
3 1067 1054 1060
3 1068 1067 1060
3 1069 1064 1055
3 1069 1055 1067
3 1068 1069 1067
3 1068 1060 1070
3 1069 1068 1071
3 1071 1068 1070
3 1070 1060 1058
3 1058 1072 1070
3 1072 1058 1061
3 1073 1072 1061
3 418 416 1053
3 1062 418 1053
3 1062 1065 1066
3 419 418 1062
3 1074 1066 1064
3 1074 1064 1069
3 1075 1074 1069
3 1071 1075 1069
3 1076 1071 1070
3 1077 1062 1066
3 1063 1062 1077
3 1077 1066 1074
3 1078 1074 1075
3 1078 1077 1074
3 1079 1078 1075
3 1079 1075 1080
3 1080 1075 1071
3 1073 1061 1081
3 1082 1071 1076
3 1080 1071 1082
3 1072 1083 1076
3 1083 1082 1076
3 1072 1076 1070
3 1083 1072 1073
3 1084 1083 1073
3 1085 1031 1037
3 1018 1031 1085
3 1085 1050 1018
3 1086 1050 1085
3 1086 1085 1037
3 1086 1037 1087
3 1087 1037 1038
3 1086 1088 1050
3 1088 1059 1050
3 1088 1086 1087
3 1089 1088 1087
3 1038 1039 1090
3 1090 1039 1040
3 1091 1038 1090
3 1092 1091 1090
3 1040 1041 1090
3 1090 1041 1093
3 1093 1041 1094
3 1093 1092 1090
3 1095 1092 1093
3 1096 1093 1094
3 1087 1038 1091
3 1097 1091 1092
3 1097 1087 1091
3 1087 1097 1098
3 1098 1097 1099
3 1099 1092 1095
3 1095 1093 1096
3 1100 1095 1096
3 1097 1092 1099
3 1099 1095 1101
3 1101 1095 1100
3 1059 1088 1061
3 1081 1061 1088
3 1081 1088 1102
3 1102 1088 1089
3 1081 1102 1103
3 1104 1081 1103
3 1102 1089 1105
3 1105 1103 1102
3 1073 1081 1104
3 1089 1087 1098
3 1106 1089 1098
3 1107 1101 1100
3 1098 1099 1101
3 1107 1098 1101
3 1107 1106 1098
3 1105 1089 1106
3 1105 1106 1108
3 1108 1106 1109
3 1105 1108 1110
3 1109 1106 1107
3 491 420 419
3 491 419 1063
3 420 491 487
3 491 1063 1111
3 1078 1111 1077
3 1112 1111 1078
3 1111 1112 1113
3 490 491 1114
3 1114 491 1111
3 494 490 1114
3 1114 1111 1113
3 1113 1112 1115
3 1116 1112 1078
3 1117 1112 1116
3 1118 1114 1119
3 1119 1114 1113
3 1115 1119 1113
3 1115 1112 1117
3 1120 1117 1116
3 1121 1120 1122
3 1117 1120 1121
3 1111 1063 1077
3 1079 1080 1123
3 1124 1079 1123
3 1125 1080 1082
3 1123 1080 1125
3 1125 1082 1083
3 1083 1126 1125
3 1127 1123 1125
3 1127 1124 1123
3 1116 1079 1124
3 1116 1078 1079
3 1127 1128 1124
3 1127 1125 1126
3 1129 1126 1130
3 1129 1127 1126
3 1126 1083 1084
3 1084 1073 1104
3 1104 1131 1084
3 1130 1126 1084
3 1130 1084 1131
3 1120 1116 1124
3 1120 1124 1128
3 1128 1127 1132
3 1127 1129 1132
3 1129 1130 1133
3 1122 1120 1128
3 1132 1134 1128
3 1135 1132 1129
3 1134 1122 1128
3 1133 1135 1129
3 1136 1135 1133
3 1137 1130 1131
3 1133 1130 1137
3 1137 1136 1133
3 1138 1137 1131
3 1137 1138 1139
3 493 494 1140
3 1118 494 1114
3 1141 1118 1119
3 1115 1141 1119
3 1142 1141 1115
3 1143 1118 1141
3 494 1118 1143
3 1144 1141 1142
3 1144 1143 1141
3 495 493 1140
3 1145 496 495
3 495 1140 1145
3 1145 1140 1146
3 1146 1140 1147
3 1140 494 1143
3 1147 1140 1143
3 1147 1143 1144
3 1147 1144 1148
3 1142 1115 1117
3 1149 1121 1122
3 1149 1122 1134
3 1117 1150 1142
3 1150 1117 1121
3 1121 1149 1151
3 1150 1121 1151
3 1134 1152 1149
3 1149 1153 1151
3 1153 1149 1152
3 1154 1144 1142
3 1150 1154 1142
3 1155 1154 1150
3 1155 1150 1151
3 1151 1153 1156
3 1148 1144 1154
3 1155 1151 1156
3 1156 1157 1155
3 1153 1158 1156
3 1152 1158 1153
3 1152 1159 1160
3 1161 1156 1158
3 1162 1158 1160
3 1158 1152 1160
3 1161 1158 1162
3 1163 1160 1159
3 1134 1132 1135
3 1164 1135 1136
3 1164 1134 1135
3 1152 1134 1164
3 1165 1164 1136
3 1137 1166 1136
3 1166 1137 1139
3 1167 1166 1139
3 1165 1136 1166
3 1152 1164 1159
3 1164 1165 1159
3 1165 1167 1168
3 1168 1159 1165
3 1165 1166 1167
3 1169 1167 1139
3 1170 1167 1169
3 1168 1167 1170
3 1171 1105 1110
3 1104 1103 1171
3 1131 1104 1172
3 1171 1172 1104
3 1171 1103 1105
3 1138 1131 1172
3 1139 1138 1173
3 1173 1138 1172
3 1173 1172 1174
3 1174 1172 1171
3 1174 1171 1175
3 1110 1108 1176
3 1108 1109 1177
3 1177 1176 1108
3 1175 1110 1176
3 1175 1176 1178
3 1175 1171 1110
3 1179 1174 1175
3 1139 1173 1180
3 1180 1173 1181
3 1169 1139 1180
3 1182 1180 1181
3 1183 1180 1182
3 1169 1180 1183
3 1184 1183 1182
3 1184 1185 1183
3 1186 1178 1187
3 1181 1174 1179
3 1174 1181 1173
3 1188 1181 1179
3 1186 1179 1175
3 1186 1188 1179
3 1178 1186 1175
3 1189 1186 1190
3 1182 1181 1188
3 1191 1182 1192
3 1188 1192 1182
3 1192 1188 1189
3 1193 1184 1182
3 1193 1182 1191
3 1185 1184 1193
3 1194 1191 1192
3 1195 1192 1189
3 1195 1194 1192
3 1193 1191 1194
3 1196 1193 1194
3 1188 1186 1189
3 1195 1189 1197
3 1189 1190 1197
3 566 562 556
3 566 556 1198
3 1199 1198 1200
3 565 566 1201
3 1201 566 1202
3 565 1201 567
3 1198 1202 566
3 1202 1198 1199
3 1203 1201 1202
3 1204 1202 1199
3 1203 1202 1204
3 1205 1204 1206
3 1206 1207 1208
3 1209 625 1210
3 567 1211 625
3 567 1201 1211
3 1211 1201 1203
3 625 1211 1210
3 1203 1210 1211
3 1212 1210 1203
3 1212 1203 1205
3 1213 1210 1212
3 629 626 625
3 1214 629 625
3 1214 625 1209
3 1214 628 629
3 1215 1209 1213
3 1213 1209 1210
3 1205 1203 1204
3 1212 1205 1216
3 1216 1205 1217
3 1205 1206 1208
3 1218 1205 1208
3 1218 1217 1205
3 1218 1208 1219
3 1220 1218 1219
3 1213 1212 1216
3 1221 1213 1216
3 1216 1217 1221
3 1222 1218 1220
3 1217 1218 1222
3 1223 1222 1220
3 1224 1221 1217
3 1224 1217 1222
3 1224 1222 1225
3 1225 1222 1223
3 628 1214 650
3 1214 1209 1226
3 1214 1226 650
3 650 1226 1227
3 1226 1209 1215
3 1226 1215 1227
3 650 1228 649
3 1229 1228 650
3 648 649 1228
3 1230 1228 1229
3 1229 650 1227
3 1231 1229 1227
3 1232 1229 1231
3 1232 1231 1233
3 1213 1221 1215
3 1215 1221 1234
3 1234 1221 1235
3 1221 1224 1235
3 1235 1224 1225
3 1235 1225 1236
3 1236 1225 1223
3 1235 1236 1237
3 1227 1215 1234
3 1231 1227 1234
3 1231 1234 1238
3 1238 1234 1239
3 1238 1233 1231
3 1239 1240 1238
3 1241 1240 1239
3 1239 1234 1235
3 1239 1235 1237
3 1220 1242 1243
3 1223 1220 1244
3 1244 1220 1243
3 1245 1223 1244
3 1244 1243 1246
3 1246 1243 1247
3 1246 1247 1248
3 1245 1244 1246
3 1248 1249 1246
3 1236 1223 1245
3 1245 1246 1249
3 1236 1245 1250
3 1245 1251 1250
3 1251 1245 1249
3 1251 1249 1252
3 1252 1249 1253
3 1253 1249 1248
3 1237 1236 1250
3 1241 1239 1237
3 1241 1237 1254
3 1250 1254 1237
3 1255 1241 1254
3 1256 1252 1253
3 1256 1253 1257
3 1251 1254 1250
3 1254 1251 1258
3 1259 1251 1252
3 1252 1256 1260
3 1261 1256 1257
3 1260 1259 1252
3 1261 1260 1256
3 1145 497 496
3 1146 1262 1145
3 497 1145 555
3 555 1145 1262
3 1262 1146 1147
3 1262 1147 1263
3 1263 1147 1148
3 1263 1264 1262
3 1265 1264 1263
3 555 1262 1264
3 1198 556 555
3 1198 555 1264
3 1200 1198 1264
3 1200 1264 1265
3 1263 1148 1266
3 1266 1148 1267
3 1266 1267 1268
3 1268 1267 1269
3 1154 1267 1148
3 1267 1154 1155
3 1269 1155 1157
3 1267 1155 1269
3 1157 1156 1161
3 1270 1161 1162
3 1271 1157 1161
3 1271 1161 1270
3 1163 1162 1160
3 1272 1270 1162
3 1272 1162 1163
3 1273 1157 1271
3 1274 1270 1272
3 1272 1163 1275
3 1265 1263 1266
3 1276 1265 1266
3 1277 1266 1268
3 1276 1266 1277
3 1277 1268 1278
3 1265 1279 1200
3 1279 1265 1276
3 1278 1269 1273
3 1278 1268 1269
3 1280 1278 1273
3 1281 1277 1278
3 1273 1282 1280
3 1273 1269 1157
3 1283 1271 1270
3 1273 1271 1283
3 1270 1274 1283
3 1284 1283 1274
3 1274 1285 1284
3 1285 1274 1272
3 1275 1286 1272
3 1272 1286 1285
3 1282 1273 1283
3 1282 1283 1284
3 1287 1284 1285
3 1282 1287 1288
3 1287 1282 1284
3 1275 1163 1159
3 1275 1159 1168
3 1170 1275 1168
3 1170 1289 1290
3 1275 1291 1286
3 1170 1291 1275
3 1290 1292 1170
3 1170 1292 1291
3 1291 1292 1293
3 1279 1276 1294
3 1294 1276 1277
3 1199 1200 1279
3 1199 1279 1295
3 1294 1295 1279
3 1296 1295 1294
3 1294 1277 1281
3 1278 1297 1281
3 1297 1278 1280
3 1280 1282 1288
3 1296 1294 1281
3 1298 1297 1280
3 1288 1298 1280
3 1204 1199 1295
3 1206 1204 1295
3 1207 1295 1296
3 1206 1295 1207
3 1296 1281 1299
3 1299 1281 1297
3 1300 1299 1297
3 1207 1296 1299
3 1208 1207 1299
3 1208 1299 1219
3 1300 1297 1301
3 1219 1299 1300
3 1302 1286 1291
3 1303 1291 1293
3 1288 1287 1304
3 1304 1305 1288
3 1285 1306 1287
3 1306 1285 1307
3 1285 1286 1307
3 1304 1287 1306
3 1308 1306 1307
3 1309 1304 1306
3 1308 1309 1306
3 1305 1298 1288
3 1310 1305 1304
3 1301 1297 1298
3 1305 1301 1298
3 1310 1304 1311
3 1301 1305 1312
3 1313 1301 1312
3 1305 1310 1312
3 1310 1311 1314
3 1311 1304 1309
3 1309 1308 1315
3 1315 1308 1316
3 1317 1315 1316
3 1311 1309 1315
3 1314 1311 1315
3 1302 1307 1286
3 1308 1307 1302
3 1316 1308 1302
3 1291 1303 1302
3 1303 1293 1318
3 1317 1316 1319
3 1316 1302 1303
3 1316 1303 1320
3 1320 1303 1318
3 1289 1170 1169
3 1289 1169 1321
3 1321 1183 1185
3 1321 1169 1183
3 1289 1321 1322
3 1322 1321 1323
3 1323 1321 1185
3 1290 1289 1324
3 1292 1290 1293
3 1293 1290 1324
3 1324 1289 1322
3 1322 1325 1324
3 1325 1326 1327
3 1328 1185 1193
3 1328 1323 1185
3 1329 1194 1330
3 1329 1196 1194
3 1328 1193 1196
3 1331 1196 1329
3 1332 1328 1196
3 1332 1196 1331
3 1332 1331 1333
3 1333 1331 1334
3 1335 1328 1332
3 1335 1332 1333
3 1335 1323 1328
3 1323 1335 1336
3 1330 1194 1195
3 1330 1334 1329
3 1195 1197 1337
3 1330 1195 1337
3 1334 1331 1329
3 1334 1330 1338
3 1334 1338 1339
3 1333 1334 1339
3 1330 1337 1340
3 1338 1330 1340
3 1338 1341 1339
3 1341 1338 1342
3 1343 1335 1333
3 1326 1322 1323
3 1326 1323 1336
3 1325 1322 1326
3 1326 1336 1344
3 1344 1336 1335
3 1343 1344 1335
3 1326 1344 1345
3 1346 1326 1345
3 1345 1344 1343
3 1343 1333 1347
3 1347 1333 1339
3 1347 1339 1348
3 1348 1343 1347
3 1349 1339 1341
3 1349 1341 1350
3 1349 1348 1339
3 1351 1348 1349
3 1352 1349 1350
3 1353 1345 1343
3 1353 1343 1348
3 1353 1348 1351
3 1351 1349 1352
3 1293 1324 1354
3 1318 1293 1354
3 1354 1324 1325
3 1355 1325 1327
3 1354 1325 1355
3 1354 1355 1356
3 1357 1318 1354
3 1357 1354 1356
3 1358 1357 1356
3 1327 1326 1346
3 1359 1327 1346
3 1359 1346 1360
3 1359 1355 1327
3 1361 1355 1359
3 1360 1345 1353
3 1362 1353 1351
3 1362 1360 1353
3 1346 1345 1360
3 1363 1360 1362
3 1362 1351 1352
3 1364 1359 1360
3 1364 1360 1363
3 1365 1363 1362
3 1364 1363 1365
3 1356 1355 1361
3 1366 1356 1361
3 1361 1359 1364
3 1361 1364 1367
3 1364 1365 1368
3 1367 1364 1368
3 1366 1361 1367
3 1369 1366 1367
3 1370 1318 1357
3 1242 1219 1300
3 1300 1301 1313
3 1242 1300 1313
3 1371 1313 1312
3 1371 1312 1310
3 1371 1310 1314
3 1372 1371 1314
3 1220 1219 1242
3 1242 1313 1243
3 1373 1313 1371
3 1374 1371 1372
3 1243 1313 1373
3 1374 1373 1371
3 1375 1374 1372
3 1375 1372 1314
3 1314 1376 1375
3 1315 1317 1314
3 1317 1376 1314
3 1317 1377 1376
3 1377 1317 1319
3 1373 1247 1243
3 1374 1247 1373
3 1374 1375 1378
3 1378 1247 1374
3 1378 1375 1379
3 1380 1378 1379
3 1381 1379 1375
3 1381 1376 1377
3 1375 1376 1381
3 1382 1381 1377
3 1316 1320 1319
3 1383 1319 1320
3 1384 1319 1383
3 1378 1248 1247
3 1253 1248 1378
3 1253 1378 1380
3 1380 1379 1381
3 1380 1257 1253
3 1380 1385 1257
3 1385 1380 1381
3 1381 1382 1385
3 1257 1385 1386
3 1386 1261 1257
3 1386 1385 1387
3 1382 1387 1385
3 1388 1382 1389
3 1388 1387 1382
3 1389 1377 1319
3 1389 1382 1377
3 1389 1319 1384
3 1390 1389 1384
3 1391 1390 1384
3 1389 1390 1388
3 1388 1390 1392
3 1393 1388 1392
3 1394 1390 1391
3 1392 1390 1394
3 1358 1356 1366
3 1369 1358 1366
3 1369 1367 1395
3 1369 1395 1396
3 1397 1396 1395
3 1320 1318 1370
3 1383 1320 1370
3 1358 1370 1357
3 1398 1370 1358
3 1398 1384 1383
3 1398 1383 1370
3 1384 1398 1399
3 1400 1398 1358
3 1400 1358 1369
3 1400 1369 1396
3 1391 1384 1399
3 1399 1398 1400
3 1399 1400 1401
3 1399 1402 1391
3 1394 1391 1402
3 1402 1403 1394
3 1402 1399 1401
3 1401 1404 1402
3 1402 1404 1403
3 1396 1401 1400
3 1401 1396 1405
3 1397 1405 1396
3 1404 1401 1406
3 1406 1401 1405
3 1407 1406 1405
3 790 648 1228
3 1230 790 1228
3 791 790 793
3 793 790 1230
3 1230 1408 793
3 1409 1408 1230
3 1409 1230 1233
3 1408 1409 1410
3 1230 1229 1232
3 1230 1232 1233
3 1233 1238 1240
3 1411 1233 1240
3 1241 1412 1240
3 1411 1240 1412
3 1411 1409 1233
3 1410 1409 1411
3 1413 1410 1411
3 1414 821 793
3 1414 793 1408
3 1414 1408 1415
3 823 821 1414
3 1416 823 1414
3 1416 1414 1415
3 1415 1417 1416
3 1408 1410 1415
3 1410 1418 1415
3 1418 1410 1413
3 1418 1417 1415
3 1417 1418 1419
3 1419 1418 1413
3 1411 1420 1413
3 1421 1241 1255
3 1412 1241 1421
3 1421 1255 1422
3 1255 1254 1258
3 1255 1258 1422
3 1422 1258 1423
3 1258 1251 1259
3 1258 1259 1423
3 1423 1259 1260
3 1424 1423 1260
3 1261 1425 1260
3 1425 1261 1426
3 1422 1423 1427
3 1424 1260 1425
3 1420 1412 1421
3 1412 1420 1411
3 1421 1422 1428
3 1428 1422 1427
3 1428 1420 1421
3 1420 1428 1429
3 1429 1428 1427
3 1430 1429 1427
3 1431 1427 1423
3 1427 1431 1432
3 1431 1423 1424
3 1433 1431 1424
3 1424 1434 1433
3 1424 1425 1434
3 1435 1434 1425
3 1432 1431 1433
3 1433 1436 1432
3 1433 1434 1437
3 1438 1436 1433
3 1437 1438 1433
3 1437 1434 1439
3 1439 1434 1435
3 1419 1413 1440
3 1440 1441 1419
3 1441 1440 1442
3 1413 1420 1443
3 1443 1420 1429
3 1443 1429 1430
3 1430 1444 1443
3 1443 1440 1413
3 1444 1440 1443
3 1442 1440 1444
3 1442 1444 1445
3 1430 1427 1432
3 1446 1430 1432
3 1436 1446 1432
3 1447 1430 1446
3 1447 1444 1430
3 1446 1448 1447
3 1446 1436 1438
3 1448 1446 1438
3 1449 1448 1438
3 1449 1438 1437
3 1450 1448 1449
3 1445 1444 1447
3 1451 1447 1448
3 1452 1450 1449
3 1450 1451 1448
3 1445 1447 1453
3 1451 1453 1447
3 1454 1453 1451
3 1454 1451 1450
3 1455 1450 1452
3 1449 1437 1452
3 1452 1437 1456
3 1439 1456 1437
3 1457 1456 1439
3 1458 1452 1456
3 858 842 835
3 858 835 1459
3 1459 1460 858
3 860 858 1460
3 860 1460 1461
3 1462 1461 1460
3 1463 1462 1460
3 823 1464 880
3 1464 823 1416
3 1464 1416 1465
3 880 1464 1466
3 880 1466 834
3 835 834 1466
3 1466 1464 1467
3 1464 1465 1468
3 1467 1464 1468
3 1469 1467 1468
3 1465 1416 1417
3 1465 1417 1470
3 1470 1417 1419
3 1470 1419 1441
3 1471 1470 1441
3 1468 1465 1470
3 1468 1470 1472
3 1473 1468 1472
3 1472 1470 1471
3 1459 1466 1467
3 835 1466 1459
3 1459 1467 1469
3 1459 1469 1460
3 1468 1473 1469
3 1463 1460 1469
3 1463 1469 1473
3 1473 1472 1474
3 1475 1473 1476
3 1475 1477 1463
3 1463 1473 1475
3 1477 1475 1478
3 1478 1475 1479
3 1480 1477 1478
3 1481 1482 1483
3 1445 1483 1482
3 1441 1442 1482
3 1484 1441 1482
3 1484 1471 1441
3 1472 1471 1474
3 1474 1471 1484
3 1484 1485 1474
3 1484 1482 1481
3 1484 1481 1486
3 1487 1481 1483
3 1487 1483 1488
3 1486 1481 1487
3 1486 1487 1489
3 1489 1487 1490
3 1490 1487 1488
3 1491 1488 1492
3 1482 1442 1445
3 1483 1445 1453
3 1453 1454 1493
3 1494 1454 1450
3 1483 1453 1493
3 1493 1454 1494
3 1494 1450 1455
3 1483 1493 1488
3 1495 1455 1452
3 1494 1455 1496
3 1492 1493 1494
3 1488 1493 1492
3 1494 1496 1492
3 1495 1496 1455
3 1497 1495 1498
3 1497 1498 1499
3 1497 1496 1495
3 1456 1500 1458
3 1495 1452 1458
3 1498 1495 1458
3 1498 1458 1500
3 1498 1500 1501
3 1502 1496 1497
3 1503 1492 1496
3 1503 1496 1502
3 1499 1502 1497
3 1491 1492 1503
3 1504 1503 1502
3 1503 1504 1505
3 1506 1502 1499
3 1504 1502 1506
3 1498 1507 1499
3 1501 1507 1498
3 1508 1499 1507
3 1476 1473 1474
3 1485 1476 1474
3 1486 1485 1484
3 1486 1509 1485
3 1479 1475 1476
3 1476 1485 1510
3 1479 1476 1510
3 1511 1479 1510
3 1510 1485 1509
3 1509 1486 1489
3 1512 1489 1490
3 1509 1489 1512
3 1513 1509 1512
3 1490 1488 1491
3 1514 1512 1490
3 1514 1490 1491
3 1505 1515 1491
3 1516 1515 1505
3 1515 1514 1491
3 1517 1514 1515
3 1516 1517 1515
3 1511 1510 1518
3 1518 1510 1509
3 1518 1509 1513
3 1513 1512 1514
3 1519 1514 1517
3 1517 1516 1520
3 1513 1521 1518
3 1519 1513 1514
3 1521 1513 1519
3 1522 1518 1521
3 1521 1519 1523
3 1519 1524 1523
3 1524 1519 1517
3 1503 1505 1491
3 1525 1504 1506
3 1525 1505 1504
3 1525 1516 1505
3 1526 1525 1506
3 1526 1506 1508
3 1499 1508 1506
3 1507 1527 1508
3 1528 1525 1526
3 1508 1529 1526
3 1529 1508 1530
3 1531 1529 1530
3 1532 1524 1533
3 1516 1528 1520
3 1534 1520 1528
3 1524 1517 1533
3 1517 1520 1533
3 1533 1520 1534
3 1528 1516 1525
3 1535 1528 1526
3 1535 1526 1529
3 1261 1386 1426
3 1426 1386 1387
3 1536 1426 1387
3 1435 1426 1536
3 1536 1387 1388
3 1426 1435 1425
3 1537 1538 1435
3 1537 1435 1536
3 1393 1536 1388
3 1539 1392 1394
3 1393 1392 1539
3 1393 1540 1536
3 1540 1393 1539
3 1540 1539 1541
3 1538 1439 1435
3 1457 1439 1538
3 1537 1536 1540
3 1542 1538 1537
3 1542 1537 1543
3 1500 1456 1457
3 1538 1542 1457
3 1500 1457 1542
3 1544 1500 1542
3 1545 1542 1543
3 1544 1542 1545
3 1541 1546 1540
3 1547 1548 1541
3 1543 1537 1540
3 1540 1546 1543
3 1541 1548 1546
3 1545 1543 1549
3 1549 1543 1546
3 1550 1546 1548
3 1550 1549 1546
3 1394 1403 1539
3 1551 1403 1404
3 1552 1539 1403
3 1539 1552 1553
3 1541 1539 1553
3 1554 1553 1552
3 1552 1403 1551
3 1552 1551 1555
3 1551 1404 1556
3 1557 1555 1551
3 1557 1551 1556
3 1554 1552 1555
3 1558 1555 1557
3 1406 1556 1404
3 1406 1407 1556
3 1559 1407 1405
3 1560 1561 1556
3 1557 1556 1558
3 1558 1556 1561
3 1562 1561 1560
3 1563 1561 1562
3 1560 1556 1407
3 1560 1407 1564
3 1562 1560 1565
3 1566 1560 1564
3 1565 1560 1566
3 1567 1565 1566
3 1563 1562 1565
3 1547 1541 1553
3 1568 1547 1553
3 1553 1554 1569
3 1569 1554 1570
3 1548 1547 1568
3 1569 1568 1553
3 1571 1548 1568
3 1571 1568 1569
3 1570 1554 1555
3 1572 1570 1573
3 1573 1555 1558
3 1573 1558 1574
3 1573 1570 1555
3 1569 1570 1572
3 1575 1569 1572
3 1572 1573 1576
3 1550 1548 1571
3 1571 1569 1575
3 1575 1550 1571
3 1575 1572 1577
3 1577 1572 1576
3 1577 1576 1578
3 1579 1575 1577
3 1575 1580 1550
3 1580 1575 1579
3 1558 1561 1563
3 1574 1558 1563
3 1574 1576 1573
3 1576 1574 1581
3 1582 1574 1563
3 1574 1583 1581
3 1583 1574 1582
3 1567 1584 1565
3 1582 1563 1565
3 1582 1565 1585
3 1585 1565 1584
3 1586 1585 1584
3 1586 1584 1587
3 1588 1581 1583
3 1578 1576 1581
3 1589 1588 1583
3 1577 1578 1590
3 1578 1581 1588
3 1590 1578 1588
3 1590 1588 1589
3 1591 1590 1589
3 1591 1589 1592
3 1589 1583 1582
3 1589 1582 1593
3 1593 1582 1585
3 1586 1593 1585
3 1594 1593 1586
3 1595 1586 1596
3 1592 1589 1593
3 1594 1592 1593
3 1597 1592 1594
3 1501 1500 1544
3 1501 1544 1598
3 1599 1598 1544
3 1545 1599 1544
3 1545 1600 1599
3 1507 1501 1598
3 1601 1599 1602
3 1598 1599 1601
3 1527 1598 1601
3 1545 1549 1600
3 1600 1549 1603
3 1549 1550 1603
3 1600 1603 1604
3 1600 1602 1599
3 1604 1602 1600
3 1605 1602 1604
3 1507 1598 1527
3 1508 1527 1530
3 1527 1601 1606
3 1602 1606 1601
3 1606 1602 1607
3 1608 1530 1527
3 1527 1606 1608
3 1605 1607 1602
3 1605 1604 1609
3 1610 1607 1605
3 1609 1610 1605
3 1607 1611 1606
3 1611 1612 1606
3 1613 1612 1611
3 1611 1607 1610
3 1579 1577 1590
3 1614 1579 1590
3 1550 1580 1603
3 1604 1603 1580
3 1615 1580 1616
3 1616 1580 1579
3 1614 1616 1579
3 1615 1604 1580
3 1604 1615 1609
3 1615 1616 1617
3 1617 1616 1614
3 1615 1617 1618
3 1619 1591 1592
3 1614 1590 1591
3 1620 1614 1591
3 1620 1591 1621
3 1619 1592 1597
3 1597 1594 1622
3 1597 1622 1623
3 1623 1619 1597
3 1621 1591 1619
3 1621 1619 1623
3 1624 1623 1622
3 1620 1625 1626
3 1620 1621 1627
3 1627 1621 1623
3 1625 1620 1627
3 1617 1614 1620
3 1626 1617 1620
3 1615 1618 1609
3 1628 1609 1618
3 1618 1617 1626
3 1609 1629 1610
3 1629 1609 1628
3 1628 1618 1630
3 1629 1628 1630
3 1630 1618 1626
3 1631 1626 1625
3 1631 1630 1626
3 1631 1625 1632
3 1633 1631 1632
3 1634 97 89
3 1635 96 97
3 98 96 1635
3 1636 262 247
3 1637 262 1636
3 246 1636 247
3 242 1638 246
3 1639 246 1638
3 1636 1639 1637
3 1636 246 1639
3 1639 1640 1637
3 250 1638 242
3 1641 1639 1638
3 1642 1639 1641
3 1643 1638 250
3 1643 1641 1638
3 1640 1644 1637
3 1644 1640 1645
3 1645 1646 1644
3 1647 1646 1645
3 1639 1642 1640
3 1648 1640 1642
3 1642 1641 1648
3 1648 1641 1649
3 1650 1648 1649
3 1648 1645 1640
3 1651 1645 1648
3 1637 261 262
3 258 261 263
3 1652 263 261
3 1653 259 263
3 263 1652 1653
3 1654 227 259
3 1654 264 227
3 1655 1654 259
3 1653 1655 259
3 1655 1653 1656
3 1655 1656 1657
3 1657 1658 1655
3 1659 1654 1660
3 1655 1658 1654
3 1658 1660 1654
3 261 1637 1652
3 1637 1644 1652
3 1646 1652 1644
3 1646 1653 1652
3 1656 1653 1646
3 1647 1656 1646
3 1656 1647 1661
3 1645 1662 1647
3 1650 1651 1648
3 1645 1651 1663
3 1645 1663 1662
3 1650 1664 1651
3 1664 1663 1651
3 1665 1663 1664
3 1666 1665 1664
3 1661 1662 1667
3 1662 1663 1667
3 1668 1669 1667
3 1665 1667 1663
3 1665 1668 1667
3 1670 1668 1665
3 1671 1668 1670
3 1671 1669 1668
3 1672 1658 1657
3 1673 1658 1672
3 1658 1673 1660
3 1661 1657 1656
3 1661 1647 1662
3 1661 1674 1672
3 1661 1672 1657
3 1667 1669 1661
3 1669 1674 1661
3 1673 1672 1675
3 1675 1672 1674
3 1676 1675 1674
3 1669 1677 1674
3 1674 1677 1676
3 1673 1675 1678
3 1671 1679 1669
3 1669 1679 1677
3 1676 1677 1680
3 1676 1680 1681
3 1675 1676 1678
3 1681 1678 1676
3 1681 1682 1678
3 1683 1681 1680
3 1681 1683 1684
3 1684 1685 1686
3 1684 1687 1685
3 1687 1684 1688
3 290 1643 250
3 290 289 291
3 1689 290 291
3 290 1689 1690
3 1643 290 1690
3 1691 1641 1643
3 1691 1649 1641
3 1692 1649 1691
3 1692 1650 1649
3 1691 1643 1690
3 1693 1691 1690
3 294 1689 291
3 1694 1689 294
3 298 1694 294
3 1695 1690 1689
3 1690 1696 1693
3 1690 1695 1696
3 1689 1694 1695
3 1697 1698 1695
3 1694 1697 1695
3 1692 1691 1699
3 1692 1700 1650
3 1700 1664 1650
3 1699 1700 1692
3 1699 1701 1700
3 1693 1699 1691
3 1702 1699 1693
3 1701 1699 1702
3 1703 1704 1705
3 1701 1706 1703
3 1700 1666 1664
3 1705 1666 1700
3 1701 1705 1700
3 1704 1670 1666
3 1665 1666 1670
3 1670 1704 1707
3 1666 1705 1704
3 1703 1705 1701
3 1696 1702 1693
3 1708 1702 1696
3 1696 1695 1698
3 1698 1708 1696
3 1709 1708 1698
3 1710 1701 1702
3 1710 1702 1708
3 1710 1708 1711
3 1712 298 307
3 1712 1713 298
3 1713 1694 298
3 1713 1697 1694
3 1714 1713 1712
3 1714 1715 1713
3 1712 312 1716
3 1717 1712 1716
3 1714 1712 1717
3 307 310 1712
3 312 1712 310
3 1698 1697 1718
3 1718 1709 1698
3 1713 1715 1697
3 1715 1718 1697
3 1715 1719 1718
3 1709 1711 1708
3 1720 1711 1709
3 1721 1709 1718
3 1721 1720 1709
3 1718 1719 1721
3 1715 1714 1722
3 1715 1722 1719
3 1714 1717 1723
3 1721 1719 1724
3 1724 1719 1722
3 1725 1726 1727
3 1728 1725 1729
3 1729 1730 1728
3 1729 1731 1730
3 1732 1704 1703
3 1732 1733 1704
3 1734 1732 1703
3 1706 1734 1703
3 1732 1735 1733
3 1733 1735 1736
3 1734 1735 1732
3 1671 1670 1707
3 1671 1707 1737
3 1733 1707 1704
3 1679 1671 1737
3 1738 1677 1679
3 1738 1680 1677
3 1737 1738 1679
3 1738 1737 1739
3 1736 1707 1733
3 1736 1737 1707
3 1740 1735 1734
3 1740 1741 1735
3 1735 1741 1736
3 1736 1741 1742
3 1683 1680 1738
3 1738 1743 1744
3 1738 1744 1683
3 1739 1743 1738
3 1744 1743 1745
3 1737 1736 1739
3 1736 1746 1739
3 1746 1743 1739
3 1742 1746 1736
3 1710 1706 1701
3 1747 1734 1706
3 1710 1748 1706
3 1749 1706 1748
3 1711 1748 1710
3 1747 1740 1734
3 1740 1747 1750
3 1749 1747 1706
3 1749 1750 1747
3 1751 1740 1750
3 1751 1741 1740
3 1752 1750 1749
3 1753 1752 1749
3 1748 1753 1749
3 1754 1683 1744
3 1755 1742 1756
3 1755 1746 1742
3 1743 1746 1755
3 1743 1755 1757
3 1744 1745 1754
3 1745 1743 1757
3 1745 1757 1758
3 1745 1759 1754
3 1745 1758 1759
3 1760 1759 1758
3 1751 1761 1762
3 1741 1751 1762
3 1762 1742 1741
3 1762 1756 1742
3 1756 1763 1755
3 1752 1751 1750
3 1764 1751 1752
3 1765 1766 1752
3 1766 1764 1752
3 1764 1761 1751
3 1761 1764 1767
3 1763 1757 1755
3 1768 1756 1762
3 1756 1768 1769
3 1763 1756 1769
3 1763 1769 1770
3 1770 1771 1763
3 1767 1768 1761
3 1761 1768 1762
3 1727 1767 1764
3 1764 1766 1727
3 1727 1772 1767
3 1772 1768 1767
3 1726 1772 1727
3 1772 1769 1768
3 1773 1770 1769
3 1771 1757 1763
3 1771 1758 1757
3 1758 1771 1774
3 1760 1758 1774
3 1754 1684 1683
3 1754 1688 1684
3 1754 1775 1688
3 1759 1775 1754
3 1759 1760 1775
3 1775 1760 1776
3 1688 1777 1687
3 1687 1777 1778
3 1777 1688 1775
3 1748 1711 1779
3 1780 1711 1720
3 1779 1711 1780
3 1781 1720 1721
3 1781 1780 1720
3 1779 1753 1748
3 1782 1753 1779
3 1783 1779 1780
3 1780 1781 1783
3 1779 1783 1782
3 1784 1782 1783
3 1785 1783 1781
3 1783 1785 1784
3 1724 1781 1721
3 1786 1724 1787
3 1722 1787 1724
3 1786 1781 1724
3 1786 1785 1781
3 1788 1785 1786
3 1752 1753 1765
3 1782 1765 1753
3 1789 1765 1782
3 1789 1766 1765
3 1782 1784 1789
3 1725 1766 1789
3 1725 1727 1766
3 1729 1725 1789
3 1790 1789 1784
3 1790 1729 1789
3 1790 1731 1729
3 1785 1791 1784
3 1791 1790 1784
3 1788 1791 1785
3 1792 1790 1791
3 1793 1791 1788
3 1793 1792 1791
3 1792 1731 1790
3 1794 1792 1793
3 1731 1792 1795
3 1796 264 1659
3 431 1796 443
3 1797 443 1796
3 430 264 1796
3 1796 431 430
3 1796 1798 1797
3 1798 1796 1659
3 1799 1798 1800
3 1801 1802 437
3 1803 1802 1801
3 443 438 442
3 438 443 1804
3 1804 443 1805
3 443 1797 1805
3 1806 1801 1805
3 1806 1805 1797
3 1804 437 438
3 437 1804 1801
3 1804 1805 1801
3 1807 1808 1806
3 1799 1806 1797
3 1799 1797 1798
3 1799 1800 1809
3 1807 1806 1799
3 1799 1809 1807
3 1808 1801 1806
3 1808 1810 1803
3 1803 1801 1808
3 1807 1811 1808
3 1812 1810 1808
3 1808 1811 1812
3 1813 1812 1811
3 1800 1814 1809
3 1813 1815 1816
3 1813 1816 1817
3 1813 1811 1815
3 1809 1811 1807
3 1811 1809 1815
3 1809 1814 1815
3 1814 1818 1815
3 1816 1815 1819
3 1814 1820 1818
3 1819 1815 1818
3 1821 1819 1818
3 1818 1822 1821
3 1818 1823 1822
3 1822 1823 1824
3 264 1654 1659
3 1660 1825 1659
3 1659 1825 1798
3 1660 1673 1825
3 1826 1825 1673
3 1825 1800 1798
3 1826 1800 1825
3 1673 1678 1826
3 1820 1800 1826
3 1826 1827 1820
3 1820 1814 1800
3 1820 1827 1828
3 1820 1829 1818
3 1828 1829 1820
3 440 437 1802
3 1830 441 440
3 1830 446 441
3 1830 440 1802
3 1802 1803 1831
3 1832 1830 1802
3 1830 1832 1833
3 446 1830 1834
3 1834 447 446
3 1834 1830 1835
3 1835 90 447
3 1835 447 1834
3 1830 1833 1835
3 1836 1837 1835
3 1810 1831 1803
3 1832 1838 1833
3 1831 1832 1802
3 1831 1810 1832
3 1832 1810 1838
3 1839 1838 1810
3 1836 1835 1833
3 1833 1838 1836
3 1838 1839 1840
3 1836 1838 1840
3 1837 1836 1841
3 1812 1839 1810
3 1842 89 90
3 90 1835 1842
3 89 1842 1634
3 1842 1835 1837
3 1634 1842 1837
3 1635 1844 98
3 99 98 1844
3 1845 97 1634
3 1845 1635 97
3 1846 1635 1845
3 1844 1635 1847
3 1846 1847 1635
3 1844 1847 1849
3 1850 1843 1848
3 1850 1094 1843
3 1851 1837 1841
3 1851 1634 1837
3 1845 1634 1851
3 1847 1846 1852
3 1853 1846 1845
3 1845 1851 1853
3 1853 1852 1846
3 1850 1848 1854
3 1849 1852 1855
3 1849 1847 1852
3 1854 1848 1856
3 1854 1856 1858
3 1859 1836 1840
3 1859 1860 1841
3 1859 1841 1836
3 1861 1860 1859
3 1812 1817 1839
3 1812 1813 1817
3 1840 1839 1862
3 1819 1817 1816
3 1817 1862 1839
3 1863 1840 1862
3 1862 1817 1819
3 1840 1863 1859
3 1863 1862 1819
3 1821 1863 1819
3 1864 1863 1821
3 1821 1822 1864
3 1824 1864 1822
3 1863 1861 1859
3 1863 1865 1861
3 1863 1864 1865
3 1866 1865 1864
3 1841 1867 1851
3 1851 1867 1853
3 1868 1853 1867
3 1860 1867 1841
3 1868 1867 1869
3 1852 1853 1868
3 1868 1855 1852
3 1870 1855 1868
3 1849 1855 1857
3 1871 1855 1870
3 1857 1855 1871
3 1871 1872 1857
3 1871 1870 1874
3 1875 1860 1861
3 1869 1867 1860
3 1876 1868 1869
3 1875 1869 1860
3 1877 1869 1875
3 1877 1876 1869
3 1876 1870 1868
3 1876 1874 1870
3 1874 1876 1878
3 1872 1871 1874
3 1858 1856 1873
3 1858 1879 1854
3 1880 1858 1881
3 1881 1858 1882
3 1877 1878 1876
3 1883 1877 1875
3 1877 1884 1878
3 1874 1878 1885
3 1885 1872 1874
3 1882 1858 1873
3 1887 1882 1873
3 1888 1881 1882
3 1889 1882 1890
3 1890 1882 1887
3 1890 1887 1891
3 1882 1889 1888
3 1818 1829 1823
3 1829 1892 1823
3 1892 1893 1823
3 1826 1682 1827
3 1827 1682 1894
3 1826 1678 1682
3 1682 1681 1686
3 1686 1894 1682
3 1685 1894 1686
3 1684 1686 1681
3 1892 1829 1828
3 1828 1895 1892
3 1895 1896 1892
3 1828 1827 1895
3 1894 1895 1827
3 1897 1896 1895
3 1894 1897 1895
3 1898 1892 1896
3 1898 1899 1892
3 1897 1894 1685
3 1897 1685 1900
3 1901 1687 1778
3 1900 1685 1901
3 1685 1687 1901
3 1902 1901 1778
3 1897 1903 1896
3 1904 1898 1896
3 1903 1904 1896
3 1905 1904 1903
3 1903 1906 1905
3 1906 1907 1905
3 1900 1903 1897
3 1901 1902 1908
3 1909 1908 1902
3 1900 1901 1908
3 1900 1908 1903
3 1906 1903 1908
3 1908 1909 1906
3 1823 1893 1824
3 1864 1824 1893
3 1910 1864 1893
3 1892 1899 1893
3 1899 1910 1893
3 1866 1864 1910
3 1865 1866 1911
3 1911 1861 1865
3 1861 1911 1875
3 1911 1912 1875
3 1911 1866 1913
3 1913 1912 1911
3 1899 1914 1915
3 1915 1910 1899
3 1914 1916 1915
3 1910 1915 1916
3 1917 1916 1914
3 1917 1918 1916
3 1916 1866 1910
3 1866 1916 1913
3 1918 1913 1916
3 1912 1883 1875
3 1884 1877 1883
3 1885 1878 1884
3 1919 1884 1883
3 1885 1884 1920
3 1919 1920 1884
3 1920 1886 1885
3 1921 1883 1912
3 1921 1919 1883
3 1922 1921 1912
3 1919 1921 1923
3 1920 1919 1923
3 1886 1920 1924
3 1872 1885 1886
3 1926 1887 1925
3 1927 1921 1922
3 1912 1913 1922
3 1923 1921 1927
3 1923 1924 1920
3 1924 1923 1928
3 1927 1928 1923
3 1922 1913 1929
3 1922 1929 1930
3 1930 1927 1922
3 1930 1931 1927
3 1928 1927 1931
3 1931 1932 1928
3 1932 1934 1928
3 1928 1934 1924
3 1918 1935 1929
3 1913 1918 1929
3 1929 1936 1930
3 1937 1931 1930
3 1937 1932 1931
3 1937 1930 1936
3 1899 1898 1914
3 1898 1917 1914
3 1926 1891 1887
3 1938 1890 1891
3 1939 1891 1926
3 1926 1940 1939
3 1941 1925 1933
3 1942 1941 1933
3 1941 1926 1925
3 1940 1926 1943
3 1926 1941 1943
3 1939 1938 1891
3 1939 1944 1938
3 1940 1944 1939
3 1945 1944 1940
3 1946 1947 1943
3 1946 1943 1941
3 1945 1940 1943
3 1943 1947 1945
3 1948 1947 1946
3 1917 1898 1904
3 1904 1949 1917
3 1917 1949 1918
3 1904 1905 1949
3 1918 1949 1950
3 1935 1918 1950
3 1949 1951 1950
3 1952 1950 1951
3 1949 1905 1951
3 1907 1951 1905
3 1929 1935 1953
3 1953 1935 1954
3 1955 1950 1952
3 1955 1935 1950
3 1955 1956 1957
3 1935 1955 1954
3 1934 1932 1958
3 1942 1933 1959
3 1937 1960 1932
3 1960 1937 1936
3 1958 1932 1960
3 1929 1953 1936
3 1953 1960 1936
3 1960 1953 1961
3 1961 1953 1954
3 1958 1960 1962
3 1961 1962 1960
3 1962 1961 1963
3 1958 1962 1965
3 1954 1963 1961
3 1965 1962 1963
3 1942 1959 1966
3 1946 1941 1942
3 1948 1946 1942
3 1966 1948 1942
3 1967 1948 1966
3 1964 1966 1959
3 1964 1968 1966
3 1969 1968 1964
3 1970 1966 1968
3 1967 1966 1970
3 1971 1945 1947
3 1947 1948 1972
3 1971 1947 1972
3 1972 1973 1971
3 1972 1948 1967
3 1974 1972 1967
3 1974 1967 1970
3 1974 1970 1975
3 1970 1968 1975
3 1973 1972 1974
3 1973 1974 1976
3 1974 1975 1977
3 1976 1974 1977
3 1978 1976 1979
3 1980 1726 1725
3 1981 1982 1726
3 1980 1981 1726
3 1728 1980 1725
3 1983 1982 1981
3 1984 1981 1980
3 1984 1983 1981
3 1730 1985 1728
3 1728 1985 1980
3 1980 1985 1986
3 1984 1987 1983
3 1988 1983 1987
3 1986 1984 1980
3 1986 1989 1984
3 1989 1987 1984
3 1989 1990 1987
3 1988 1987 1990
3 1991 1992 1990
3 1988 1990 1992
3 1993 1986 1985
3 1993 1985 1994
3 1995 1989 1986
3 1995 1986 1993
3 1995 1990 1989
3 1996 1997 1993
3 1998 1985 1730
3 1985 1998 1999
3 1795 1730 1731
3 1730 1795 1998
3 1999 1998 2000
3 2000 1998 1795
3 1993 1994 1996
3 1994 2001 1996
3 1994 1985 1999
3 1994 1999 2001
3 2001 1999 2002
3 2003 1991 1990
3 1997 2004 2005
3 1995 2003 1990
3 2005 2003 1995
3 1993 1997 1995
3 1997 2005 1995
3 2003 2005 2006
3 2004 2006 2005
3 2006 2007 2003
3 1991 2003 2007
3 1991 2007 2008
3 2006 2009 2007
3 2008 2007 2009
3 2008 2009 2010
3 2008 2010 2011
3 2012 2013 1997
3 1997 1996 2012
3 2012 1996 2001
3 2013 2004 1997
3 2012 2014 2013
3 2015 2001 2002
3 2001 2015 2016
3 2012 2001 2016
3 2016 2014 2012
3 2004 2009 2006
3 2017 2009 2004
3 2017 2004 2013
3 2014 2018 2013
3 2018 2017 2013
3 2019 2017 2018
3 2017 2020 2009
3 2020 2010 2009
3 2021 2017 2019
3 2021 2020 2017
3 2022 2020 2021
3 2014 2023 2018
3 2014 2016 2023
3 2024 2019 2018
3 2024 2018 2023
3 1771 1770 2025
3 1769 1772 1982
3 1769 1982 1773
3 1726 1982 1772
3 1982 1983 1773
3 2026 1770 1773
3 1773 1983 1992
3 1992 2026 1773
3 1770 2026 2025
3 2025 2026 2027
3 1774 1771 2025
3 1774 2025 2028
3 2028 1760 1774
3 2028 1776 1760
3 2026 1992 2029
3 2025 2027 2030
3 2029 2027 2026
3 2027 2031 2030
3 2028 2032 2033
3 2034 2033 2032
3 2030 2028 2025
3 2028 2030 2032
3 2032 2030 2035
3 1776 2036 1775
3 1775 2036 1777
3 2036 2037 2038
3 2028 2033 1776
3 1776 2033 2036
3 2033 2037 2036
3 2035 2034 2032
3 2035 2030 2031
3 2039 2034 2035
3 2040 2034 2039
3 2041 2038 2037
3 2033 2034 2040
3 2037 2033 2040
3 2040 2041 2037
3 2042 2040 2039
3 2040 2042 2041
3 2041 2042 2043
3 1983 1988 1992
3 1991 2029 1992
3 2031 2027 2029
3 2044 1991 2008
3 1991 2044 2029
3 2044 2031 2029
3 2044 2045 2031
3 2046 2031 2045
3 2046 2035 2031
3 2046 2045 2047
3 2047 2048 2046
3 2008 2011 2044
3 2045 2044 2011
3 2011 2047 2045
3 2035 2046 2039
3 2046 2049 2039
3 2050 2010 2020
3 2051 2022 2021
3 2022 2050 2020
3 2051 2050 2022
3 2011 2010 2052
3 2050 2051 2053
3 2054 2010 2050
3 2052 2010 2054
3 2055 2051 2021
3 2021 2019 2055
3 2056 2055 2019
3 2056 2019 2024
3 2057 2058 2051
3 2058 2053 2051
3 2051 2055 2057
3 2056 2057 2055
3 2054 2059 2052
3 2059 2060 2052
3 2061 2060 2059
3 2053 2062 2050
3 2062 2054 2050
3 2062 2053 2058
3 2063 2062 2058
3 2058 2057 2064
3 2065 2063 2058
3 2064 2065 2058
3 2066 2054 2062
3 2054 2066 2059
3 2063 2066 2062
3 2067 2059 2066
3 2064 2068 2065
3 2068 2063 2065
3 2061 2059 2067
3 2063 2067 2066
3 2067 2063 2069
3 2070 2068 2071
3 2068 2069 2063
3 2068 2070 2072
3 2072 2069 2068
3 2067 2069 2073
3 2061 2067 2074
3 2072 2075 2069
3 2073 2074 2067
3 2069 2076 2073
3 2075 2076 2069
3 2077 2073 2076
3 2077 2076 2078
3 2079 2077 2078
3 2080 2042 2039
3 2080 2081 2042
3 2043 2042 2082
3 2082 2083 2043
3 2081 2082 2042
3 2081 2084 2082
3 2082 2084 2085
3 2081 2086 2084
3 2048 2047 2087
3 2011 2087 2047
3 2011 2052 2087
3 2060 2087 2052
3 2087 2088 2048
3 2088 2087 2060
3 2046 2048 2049
3 2080 2039 2049
3 2049 2089 2080
3 2089 2049 2090
3 2048 2090 2049
3 2090 2048 2088
3 2090 2088 2091
3 2090 2091 2092
3 2089 2090 2092
3 2088 2060 2061
3 2061 2091 2088
3 2089 2086 2080
3 2081 2080 2086
3 2093 2086 2089
3 2093 2094 2086
3 2094 2095 2086
3 2095 2084 2086
3 2096 2092 2097
3 2092 2093 2089
3 2096 2093 2092
3 2061 2074 2091
3 2097 2091 2074
3 2098 2097 2074
3 2099 2098 2100
3 2098 2101 2097
3 2098 2099 2101
3 2074 2073 2098
3 2098 2073 2100
3 2077 2100 2073
3 2097 2092 2091
3 2101 2096 2097
3 2102 2100 2077
3 2079 2102 2077
3 2079 2103 2102
3 2100 2102 2099
3 2104 2103 2079
3 2107 2105 2108
3 2104 2106 2103
3 2109 2101 2099
3 2109 2099 2102
3 2110 2101 2109
3 2110 2111 2101
3 2111 2096 2101
3 2110 2112 2111
3 2110 2113 2112
3 2113 2114 2112
3 2102 2103 2109
3 2113 2109 2103
3 2103 2106 2113
3 2110 2109 2113
3 2116 2113 2106
3 2117 2115 2107
3 2116 2114 2113
3 2118 2115 2117
3 2118 2120 2115
3 2121 2093 2096
3 2121 2094 2093
3 2095 2094 2122
3 2123 2096 2111
3 2124 2123 2111
3 2123 2121 2096
3 2124 2125 2123
3 2126 2125 2124
3 2123 2125 2127
3 2128 2127 2125
3 2126 2128 2125
3 2121 2129 2094
3 2130 2122 2129
3 2122 2094 2129
3 2131 2129 2127
3 2131 2130 2129
3 2129 2121 2127
3 2127 2121 2123
3 2132 2131 2127
3 2132 2127 2128
3 2126 2133 2128
3 2133 2132 2128
3 2134 2131 2132
3 2132 2135 2134
3 2135 2132 2133
3 2112 2124 2111
3 2126 2124 2112
3 2136 2112 2114
3 2126 2112 2136
3 2136 2137 2126
3 2136 2139 2137
3 2139 2136 2114
3 2119 2114 2116
3 2140 2120 2141
3 2141 2120 2118
3 2139 2114 2119
3 2126 2137 2133
3 1778 2142 1902
3 2142 2143 1902
3 2144 2145 2143
3 1906 2146 1907
3 1906 1909 2146
3 1902 2143 1909
3 2143 2147 1909
3 2147 2143 2145
3 2146 1909 2147
3 2148 2146 2147
3 2146 2148 2149
3 2145 2148 2147
3 2145 2150 2151
3 2148 2145 2152
3 2151 2152 2145
3 2150 2153 2151
3 2154 2151 2153
3 2155 2154 2153
3 1952 1951 1907
3 1952 1907 2156
3 1956 1955 1952
3 1955 1957 1954
3 2157 1954 1957
3 2156 1956 1952
3 2158 2157 1957
3 2159 2157 2158
3 2158 1957 1956
3 2146 2149 1907
3 2149 2156 1907
3 2160 1956 2156
3 2160 2158 1956
3 2160 2161 2158
3 2159 2158 2161
3 2161 2162 2159
3 2163 2161 2160
3 2162 2161 2164
3 2149 2160 2156
3 2161 2163 2164
3 1963 1954 2157
3 1963 2157 2159
3 1963 2159 1965
3 1965 2159 2165
3 2165 2159 2162
3 1969 1964 2166
3 1969 2166 2167
3 1975 1968 1969
3 2167 2168 1969
3 2167 2166 2169
3 2149 2148 2152
3 2152 2171 2149
3 2149 2171 2172
3 2160 2149 2163
3 2172 2163 2149
3 2163 2172 2173
3 2162 2164 2174
3 2174 2164 2163
3 2163 2173 2174
3 2165 2162 2170
3 2170 2162 2174
3 2175 2173 2172
3 2170 2174 2176
3 2173 2175 2174
3 2175 2176 2174
3 2177 2171 2154
3 2151 2171 2152
3 2154 2171 2151
3 2177 2154 2178
3 2172 2171 2177
3 2175 2172 2177
3 2175 2177 2179
3 2175 2180 2176
3 2175 2179 2180
3 2170 2176 2182
3 2182 2176 2180
3 2182 2180 2184
3 2185 2169 2181
3 2154 2155 2186
3 2154 2186 2178
3 2187 2178 2186
3 2188 2178 2187
3 2178 2179 2177
3 2180 2179 2189
3 2189 2179 2178
3 2188 2189 2178
3 2180 2189 2184
3 1777 2036 2142
3 1777 2142 1778
3 2036 2038 2142
3 2142 2038 2144
3 2144 2143 2142
3 2190 2038 2041
3 2038 2190 2144
3 2041 2191 2190
3 2190 2191 2192
3 2192 2144 2190
3 2144 2192 2193
3 2041 2043 2191
3 2144 2150 2145
3 2144 2193 2150
3 2193 2194 2150
3 2153 2150 2194
3 2153 2195 2155
3 1975 1969 2168
3 2196 2168 2167
3 2196 1975 2168
3 2197 2196 2167
3 2198 2167 2169
3 2197 2167 2198
3 2196 2197 2199
3 2197 2198 2200
3 2199 2197 2200
3 2200 2198 2201
3 2200 2201 2202
3 2196 2199 1975
3 1977 1975 2199
3 1979 1976 1977
3 2203 1977 2199
3 2199 2200 2204
3 2203 2199 2204
3 2205 2181 2183
3 2198 2169 2185
3 2185 2201 2198
3 2201 2206 2207
3 2201 2185 2206
3 2185 2181 2205
3 2185 2205 2206
3 2208 2209 2206
3 2208 2206 2205
3 2202 2201 2207
3 2202 2204 2200
3 2204 2202 2210
3 2210 2202 2207
3 2211 2210 2207
3 2207 2206 2209
3 2211 2207 2209
3 2212 2211 2213
3 2213 2209 2208
3 2211 2209 2213
3 1979 1977 2203
3 1979 2214 2215
3 2203 2214 1979
3 2214 2203 2216
3 1978 1979 2215
3 2217 2215 2214
3 2217 2214 2218
3 2217 2219 2215
3 2220 2214 2216
3 2220 2218 2214
3 2221 2204 2210
3 2221 2210 2211
3 2221 2211 2212
3 2221 2216 2204
3 2220 2216 2221
3 2216 2203 2204
3 2222 2221 2212
3 2220 2221 2222
3 2220 2222 2223
3 2192 2191 2224
3 2225 2192 2224
3 2225 2224 2226
3 2227 2225 2226
3 2226 2228 2227
3 2083 2191 2043
3 2083 2224 2191
3 2082 2085 2083
3 2224 2083 2229
3 2083 2085 2229
3 2229 2226 2224
3 2230 2085 2084
3 2229 2085 2230
3 2231 2230 2084
3 2231 2084 2095
3 2232 2229 2230
3 2226 2229 2232
3 2231 2232 2230
3 2228 2226 2232
3 2192 2194 2193
3 2194 2192 2225
3 2225 2227 2194
3 2195 2153 2194
3 2195 2194 2227
3 2195 2227 2233
3 2195 2233 2234
3 2234 2155 2195
3 2235 2227 2228
3 2235 2236 2233
3 2235 2237 2236
3 2235 2233 2227
3 2228 2238 2235
3 2238 2228 2232
3 2231 2095 2122
3 2231 2122 2239
3 2240 2232 2239
3 2239 2241 2240
3 2239 2232 2231
3 2241 2239 2242
3 2243 2242 2130
3 2244 2241 2242
3 2245 2235 2238
3 2245 2237 2235
3 2246 2237 2245
3 2245 2247 2246
3 2238 2232 2240
3 2240 2245 2238
3 2248 2245 2240
3 2240 2241 2248
3 2244 2248 2241
3 2248 2247 2245
3 2246 2247 2249
3 2250 2249 2247
3 2122 2130 2239
3 2131 2243 2130
3 2239 2130 2242
3 2155 2234 2186
3 2186 2234 2236
3 2186 2236 2187
3 2252 2184 2189
3 2253 2183 2251
3 2254 2253 2251
3 2205 2183 2253
3 2208 2205 2255
3 2255 2205 2253
3 2253 2254 2255
3 2236 2234 2233
3 2256 2188 2187
3 2257 2187 2236
3 2187 2257 2256
3 2256 2258 2259
3 2260 2256 2257
3 2258 2256 2260
3 2259 2189 2188
3 2252 2189 2259
3 2256 2259 2188
3 2259 2261 2252
3 2263 2251 2262
3 2258 2261 2259
3 2254 2251 2263
3 2258 2265 2261
3 2254 2263 2266
3 2255 2267 2268
3 2267 2255 2254
3 2269 2267 2254
3 2270 2254 2266
3 2270 2269 2254
3 2267 2269 2271
3 2272 2271 2269
3 2272 2269 2270
3 2208 2255 2268
3 2213 2208 2268
3 2273 2213 2268
3 2273 2268 2267
3 2273 2267 2271
3 2258 2260 2265
3 2265 2260 2274
3 2275 2260 2257
3 2237 2257 2236
3 2246 2275 2237
3 2257 2237 2275
3 2274 2260 2275
3 2274 2276 2265
3 2263 2262 2264
3 2263 2264 2266
3 2266 2264 2278
3 2278 2264 2277
3 2266 2278 2279
3 2274 2275 2280
3 2278 2277 2281
3 2280 2276 2274
3 2282 2276 2280
3 2278 2281 2283
3 2249 2275 2246
3 2249 2280 2275
3 2284 2280 2249
3 2280 2284 2282
3 2266 2285 2270
3 2266 2279 2285
3 2286 2285 2279
3 2279 2278 2283
3 2283 2281 2287
3 2279 2283 2288
3 2287 2288 2283
3 2289 2282 2284
3 2287 2281 2290
3 2288 2291 2286
3 2292 2291 2288
3 2286 2279 2288
3 2293 2271 2272
3 2294 2272 2270
3 2272 2294 2295
3 2212 2213 2273
3 2212 2273 2293
3 2293 2273 2271
3 2293 2296 2212
3 2222 2212 2296
3 2293 2272 2295
3 2222 2296 2297
3 2297 2296 2295
3 2296 2293 2295
3 2295 2298 2299
3 2294 2270 2285
3 2300 2294 2285
3 2294 2300 2298
3 2295 2294 2298
3 2286 2300 2285
3 2286 2301 2300
3 2301 2286 2291
3 2298 2300 2301
3 2298 2301 2302
3 2301 2291 2303
3 2302 2301 2303
3 2304 2302 2303
3 2305 2298 2302
3 2302 2306 2305
3 2306 2302 2304
3 2307 2131 2134
3 2308 2133 2137
3 2308 2135 2133
3 2134 2135 2307
3 2140 2138 2120
3 2310 2137 2139
3 2137 2310 2308
3 2311 2309 2138
3 2311 2312 2313
3 2140 2311 2138
3 2312 2311 2140
3 2314 2140 2141
3 2314 2312 2140
3 2315 2312 2314
3 2315 2316 2312
3 2316 2313 2312
3 2317 2242 2243
3 2317 2244 2242
3 2318 2319 2317
3 2244 2317 2320
3 2319 2320 2317
3 2320 2321 2248
3 2248 2244 2320
3 2320 2319 2322
3 2322 2319 2323
3 2324 2322 2325
3 2325 2322 2323
3 2320 2326 2321
3 2321 2326 2327
3 2320 2322 2326
3 2322 2327 2326
3 2328 2327 2322
3 2324 2328 2322
3 2330 2328 2324
3 2321 2247 2248
3 2247 2331 2250
3 2331 2332 2250
3 2321 2331 2247
3 2331 2321 2333
3 2327 2333 2321
3 2332 2331 2334
3 2333 2334 2331
3 2328 2333 2327
3 2328 2335 2333
3 2335 2328 2337
3 2335 2334 2333
3 2335 2339 2334
3 2339 2335 2337
3 2307 2243 2131
3 2307 2340 2243
3 2340 2307 2341
3 2243 2340 2342
3 2343 2342 2340
3 2341 2343 2340
3 2307 2135 2341
3 2341 2308 2344
3 2308 2341 2135
3 2308 2345 2344
3 2345 2348 2344
3 2341 2344 2343
3 2243 2342 2317
3 2318 2317 2342
3 2343 2318 2342
3 2318 2343 2349
3 2343 2344 2349
3 2349 2323 2318
3 2349 2344 2350
3 2318 2323 2319
3 2325 2323 2349
3 2325 2349 2350
3 2348 2350 2344
3 2352 2351 2347
3 2352 2353 2351
3 2310 2345 2308
3 2355 2347 2346
3 2313 2346 2309
3 2313 2355 2346
3 2313 2309 2311
3 2313 2316 2355
3 2316 2356 2355
3 2352 2347 2355
3 2352 2355 2356
3 2357 2316 2315
3 2358 2356 2316
3 2358 2316 2357
3 2359 2352 2356
3 2360 2359 2356
3 2360 2356 2358
3 2324 2325 2354
3 2354 2325 2350
3 2330 2324 2354
3 2361 2353 2352
3 2352 2359 2361
3 2361 2359 2362
3 2359 2363 2362
3 2364 2365 2363
3 2364 2366 2365
3 2361 2329 2353
3 2329 2361 2336
3 2362 2336 2361
3 2330 2337 2328
3 2367 2338 2336
3 2336 2362 2367
3 2368 2370 2338
3 2367 2368 2338
3 2365 2368 2367
3 2371 2368 2365
3 2367 2362 2365
3 2365 2362 2363
3 2359 2360 2372
3 2363 2359 2372
3 2373 2372 2360
3 2372 2373 2374
3 2372 2364 2363
3 2364 2375 2376
3 2372 2375 2364
3 2249 2250 2284
3 2284 2250 2377
3 2289 2284 2377
3 2378 2290 2380
3 2292 2288 2287
3 2287 2290 2378
3 2381 2287 2378
3 2379 2289 2377
3 2250 2332 2377
3 2382 2377 2332
3 2379 2377 2382
3 2381 2380 2383
3 2381 2378 2380
3 2292 2287 2381
3 2292 2385 2291
3 2386 2381 2383
3 2292 2381 2385
3 2385 2381 2386
3 2332 2334 2387
3 2387 2382 2332
3 2382 2384 2379
3 2387 2384 2382
3 2369 2384 2387
3 2370 2388 2383
3 2369 2387 2334
3 2369 2334 2339
3 2368 2388 2370
3 2386 2383 2388
3 2388 2389 2386
3 2390 2291 2385
3 2303 2291 2390
3 2391 2385 2386
3 2391 2386 2389
3 2389 2392 2391
3 2390 2385 2393
3 2385 2391 2393
3 2394 2393 2391
3 2390 2395 2303
3 2394 2391 2392
3 2396 2394 2392
3 2395 2390 2393
3 2394 2395 2393
3 2389 2388 2368
3 2392 2389 2368
3 2392 2368 2371
3 2365 2396 2371
3 2396 2392 2371
3 2396 2365 2366
3 2397 2396 2366
3 2396 2395 2394
3 2397 2395 2396
3 2398 2395 2397
3 2399 2303 2395
3 2400 2399 2398
3 2401 2366 2376
3 2401 2397 2366
3 2366 2364 2376
3 2398 2399 2395
3 2398 2402 2400
3 2398 2397 2402
3 2304 2303 2399
3 1717 1716 2403
3 2404 2405 2403
3 311 2406 312
3 1716 312 2406
3 663 2406 311
3 2404 2403 1716
3 1716 2406 2404
3 663 2404 2406
3 669 663 667
3 669 2407 663
3 663 2407 2404
3 2404 2407 2405
3 2408 2405 2407
3 1714 1723 1722
3 2405 1717 2403
3 1717 2405 1723
3 2409 1723 2405
3 1722 1723 2410
3 2411 2410 1723
3 2409 2411 1723
3 2412 2409 2405
3 2408 2412 2405
3 2412 2408 2413
3 2414 2411 2409
3 2409 2412 2414
3 2415 2414 2412
3 669 2416 2407
3 2416 669 668
3 668 677 2416
3 2417 2407 2416
3 2407 2417 2418
3 677 679 683
3 677 2417 2416
3 2417 2419 2420
3 2419 2417 677
3 2421 2413 2408
3 2412 2413 2415
3 2422 2413 2421
3 2422 2415 2413
3 2423 2424 2422
3 2423 2425 2424
3 2418 2408 2407
3 2421 2408 2418
3 2421 2418 2417
3 2421 2417 2423
3 2423 2422 2421
3 2420 2423 2417
3 2420 2419 2426
3 2425 2423 2420
3 2410 1787 1722
3 2410 2427 1787
3 1787 2427 2428
3 1787 2429 1786
3 2429 1788 1786
3 2429 1787 2428
3 1788 2429 2430
3 2410 2411 2427
3 2414 2427 2411
3 2428 2427 2431
3 2427 2414 2431
3 1793 1788 2430
3 2432 1793 2430
3 2432 1794 1793
3 1794 1795 1792
3 2432 2430 2433
3 2432 2433 2434
3 2428 2430 2429
3 2435 2430 2428
3 2430 2435 2433
3 2436 2428 2437
3 2428 2436 2435
3 2438 2433 2435
3 2415 2431 2414
3 2439 2431 2415
3 2415 2422 2440
3 2424 2440 2422
3 2440 2439 2415
3 2437 2428 2431
3 2439 2437 2431
3 2441 2437 2439
3 2424 2442 2443
3 2440 2424 2443
3 2425 2442 2424
3 2443 2439 2440
3 2441 2439 2443
3 2441 2443 2444
3 2444 2443 2445
3 2436 2437 2446
3 2446 2447 2448
3 2441 2446 2437
3 2441 2447 2446
3 2435 2436 2448
3 2448 2436 2446
3 2448 2438 2435
3 2447 2449 2448
3 2441 2444 2450
3 2447 2441 2450
3 2450 2449 2447
3 677 683 2451
3 2452 2451 683
3 2451 2419 677
3 2453 2419 2451
3 2453 2451 2452
3 2452 683 684
3 2454 2452 684
3 2454 684 686
3 2455 2453 2452
3 2454 2455 2452
3 2455 2456 2457
3 2454 2456 2455
3 2458 2456 2454
3 2426 2459 2420
3 2453 2426 2419
3 2460 2426 2453
3 2425 2420 2459
3 2425 2459 2461
3 2459 2426 2460
3 2462 2459 2460
3 2459 2462 2463
3 2463 2461 2459
3 2455 2457 2453
3 2453 2457 2460
3 2457 2462 2460
3 2457 2464 2465
3 2456 2464 2457
3 2466 2463 2462
3 2465 2462 2457
3 2467 2462 2465
3 690 686 687
3 690 2468 686
3 686 2468 2458
3 2454 686 2458
3 2458 2469 2456
3 751 2468 690
3 2458 2468 2469
3 2470 2468 751
3 2464 2456 2469
3 2471 2464 2469
3 2471 2465 2464
3 2471 2467 2465
3 2470 2469 2468
3 2472 2469 2470
3 2469 2472 2471
3 2473 2472 2470
3 2474 2472 2473
3 2475 2442 2425
3 2475 2425 2461
3 2461 2476 2475
3 2475 2476 2477
3 2477 2442 2475
3 2445 2442 2477
3 2445 2443 2442
3 2476 2478 2477
3 2479 2478 2476
3 2463 2476 2461
3 2476 2463 2466
3 2467 2466 2462
3 2480 2466 2467
3 2480 2476 2466
3 2479 2476 2480
3 2445 2481 2444
3 2445 2477 2482
3 2445 2482 2481
3 2483 2481 2482
3 2450 2444 2481
3 2484 2450 2481
3 2485 2450 2484
3 2483 2484 2481
3 2486 2484 2483
3 2482 2477 2478
3 2487 2482 2478
3 2479 2488 2478
3 2488 2487 2478
3 2487 2488 2489
3 2483 2482 2487
3 2490 2486 2483
3 2483 2487 2490
3 2490 2487 2489
3 2491 2467 2471
3 2467 2479 2480
3 2492 2479 2467
3 2492 2467 2491
3 2492 2488 2479
3 2472 2493 2471
3 2493 2491 2471
3 2492 2491 2494
3 2495 2490 2489
3 2496 2489 2488
3 2496 2497 2489
3 2497 2496 2498
3 2492 2496 2488
3 2494 2499 2492
3 2492 2499 2496
3 2500 2499 2494
3 2501 2496 2499
3 2498 2496 2501
3 2000 1795 2502
3 2434 2502 1795
3 2502 2434 2503
3 2000 2502 1999
3 1999 2502 2504
3 2504 2002 1999
3 2504 2502 2503
3 2002 2505 2015
3 2015 2505 2506
3 2016 2015 2506
3 2016 2506 2507
3 2508 2506 2505
3 2505 2002 2504
3 2509 2505 2504
3 2509 2504 2503
3 2503 2510 2509
3 2509 2508 2505
3 2023 2016 2511
3 2507 2511 2016
3 2506 2508 2507
3 2023 2512 2024
3 2512 2023 2511
3 2513 2511 2507
3 2513 2514 2511
3 2514 2512 2511
3 2515 2507 2508
3 2516 2515 2508
3 2515 2513 2507
3 2515 2517 2513
3 2518 2517 2515
3 2510 2516 2509
3 2516 2510 2519
3 2508 2509 2516
3 2516 2519 2518
3 2518 2515 2516
3 2434 1795 1794
3 1794 2432 2434
3 2520 2434 2433
3 2438 2520 2433
3 2438 2521 2520
3 2522 2520 2521
3 2520 2522 2434
3 2503 2434 2522
3 2523 2503 2522
3 2523 2522 2521
3 2523 2510 2503
3 2449 2438 2448
3 2449 2521 2438
3 2524 2521 2449
3 2525 2523 2521
3 2523 2525 2510
3 2526 2510 2525
3 2524 2525 2521
3 2524 2449 2485
3 2485 2449 2450
3 2485 2527 2524
3 2527 2528 2524
3 2510 2526 2519
3 2529 2530 2519
3 2519 2531 2529
3 2528 2531 2525
3 2528 2525 2524
3 2525 2531 2526
3 2531 2528 2532
3 2531 2519 2526
3 2533 2529 2531
3 2532 2533 2531
3 2512 2056 2024
3 2512 2514 2056
3 2534 2056 2514
3 2534 2057 2056
3 2535 2057 2534
3 2514 2535 2534
3 2536 2535 2514
3 2518 2537 2517
3 2537 2538 2517
3 2536 2514 2517
3 2536 2517 2538
3 2514 2513 2517
3 2057 2539 2064
3 2057 2535 2539
3 2535 2540 2539
3 2540 2064 2539
3 2071 2068 2064
3 2540 2071 2064
3 2541 2071 2540
3 2542 2535 2536
3 2536 2538 2542
3 2542 2540 2535
3 2543 2542 2538
3 2544 2540 2542
3 2540 2544 2541
3 2543 2544 2542
3 2545 2541 2544
3 2537 2546 2538
3 2530 2537 2518
3 2518 2519 2530
3 2530 2547 2537
3 2537 2547 2546
3 2543 2538 2546
3 2548 2543 2546
3 2544 2543 2549
3 2543 2548 2550
3 2550 2549 2543
3 2551 2546 2547
3 2551 2548 2546
3 2550 2548 2551
3 2552 2553 2550
3 2071 2554 2070
3 2555 2072 2070
3 2554 2555 2070
3 2556 2554 2071
3 2541 2556 2071
3 2555 2075 2072
3 2558 2075 2555
3 2558 2559 2075
3 2561 2558 2555
3 2561 2555 2562
3 2559 2076 2075
3 2078 2076 2559
3 2562 2555 2554
3 2560 2563 2557
3 2545 2556 2541
3 2556 2545 2564
3 2556 2562 2554
3 2549 2545 2544
3 2545 2549 2564
3 2562 2556 2564
3 2565 2561 2562
3 2566 2563 2560
3 2567 2563 2566
3 2568 2569 2567
3 2559 2570 2078
3 2558 2570 2559
3 2078 2570 2079
3 2572 2571 2557
3 2572 2573 2571
3 2572 2557 2563
3 2573 2574 2571
3 2575 2574 2573
3 2563 2576 2572
3 2572 2576 2573
3 2577 2573 2576
3 2563 2567 2576
3 2576 2567 2569
3 2553 2564 2549
3 2550 2553 2549
3 2553 2578 2564
3 2553 2579 2578
3 2565 2562 2564
3 2578 2565 2564
3 2566 2580 2568
3 2579 2565 2578
3 2568 2567 2566
3 2553 2581 2579
3 2547 2530 2583
3 2583 2551 2547
3 2550 2551 2584
3 2585 2586 2569
3 2570 2104 2079
3 2574 2105 2571
3 2108 2105 2574
3 2575 2108 2574
3 2577 2575 2573
3 2587 2575 2577
3 2587 2588 2575
3 2588 2108 2575
3 2117 2107 2108
3 2589 2117 2108
3 2108 2588 2589
3 2569 2577 2576
3 2587 2577 2590
3 2569 2590 2577
3 2590 2569 2586
3 2590 2588 2587
3 2588 2591 2589
3 2118 2117 2589
3 2592 2118 2589
3 2592 2589 2591
3 2593 2592 2591
3 2590 2591 2588
3 2591 2590 2586
3 2593 2591 2586
3 2586 2594 2593
3 2593 2594 2595
3 2585 2569 2568
3 2596 2568 2580
3 2585 2568 2596
3 2597 2586 2585
3 2597 2594 2586
3 2597 2598 2594
3 2599 2581 2553
3 2596 2580 2582
3 2601 2585 2596
3 2552 2599 2553
3 2602 2582 2600
3 2582 2602 2596
3 2601 2596 2602
3 2598 2601 2603
3 2604 2598 2605
3 2601 2597 2585
3 2598 2597 2601
3 2606 2594 2598
3 2595 2594 2606
3 2604 2606 2598
3 2607 2606 2604
3 2606 2607 2595
3 2604 2608 2607
3 2118 2609 2141
3 2592 2609 2118
3 2610 2609 2592
3 2314 2141 2609
3 2610 2314 2609
3 2611 2314 2610
3 2593 2595 2612
3 2593 2611 2610
3 2593 2612 2611
3 2611 2612 2613
3 2593 2610 2592
3 2611 2614 2314
3 2613 2614 2611
3 2315 2614 2615
3 2615 2357 2315
3 2607 2612 2595
3 2616 2613 2612
3 2617 2607 2608
3 2617 2612 2607
3 2612 2617 2616
3 2618 2616 2617
3 2618 2619 2620
3 2618 2620 2616
3 2621 2613 2616
3 2621 2614 2613
3 2622 2615 2614
3 2622 2623 2615
3 2622 2614 2621
3 2616 2620 2621
3 2624 2621 2620
3 2624 2622 2621
3 2624 2625 2622
3 2529 2583 2530
3 2552 2550 2584
3 2552 2584 2599
3 2626 2551 2583
3 2626 2627 2551
3 2584 2551 2628
3 2628 2551 2627
3 2630 2599 2584
3 2630 2584 2628
3 2631 2583 2529
3 2533 2631 2529
3 2626 2583 2631
3 2632 2631 2533
3 2631 2633 2626
3 2631 2632 2633
3 2634 2627 2626
3 2635 2627 2634
3 2635 2628 2627
3 2635 2630 2628
3 2637 2638 2629
3 2639 2638 2637
3 2640 2639 2637
3 2633 2634 2626
3 2636 2630 2635
3 2641 2640 2637
3 2643 2636 2635
3 2601 2602 2603
3 2598 2603 2605
3 2629 2602 2600
3 2605 2603 2638
3 2629 2638 2602
3 2602 2638 2603
3 2604 2644 2608
3 2638 2645 2605
3 2604 2605 2645
3 2644 2604 2645
3 2638 2639 2645
3 2639 2646 2645
3 2647 2646 2639
3 2646 2644 2645
3 2640 2647 2639
3 2647 2648 2646
3 2608 2644 2617
3 2644 2619 2617
3 2649 2619 2644
3 2618 2617 2619
3 2624 2620 2619
3 2649 2624 2619
3 2650 2624 2649
3 2650 2651 2624
3 2646 2649 2644
3 2649 2646 2652
3 2652 2650 2649
3 2648 2652 2646
3 2648 2653 2652
3 2654 2655 2650
3 2652 2654 2650
3 2656 2527 2485
3 2485 2484 2656
3 2657 2656 2484
3 2486 2657 2484
3 2527 2656 2658
3 2527 2658 2528
3 2658 2656 2659
3 2656 2657 2659
3 2660 2657 2486
3 2661 2486 2490
3 2486 2661 2660
3 2659 2657 2660
3 2660 2662 2659
3 2663 2662 2660
3 2528 2658 2532
3 2533 2532 2664
3 2532 2665 2664
3 2664 2665 2632
3 2666 2658 2659
3 2666 2532 2658
3 2659 2662 2666
3 2665 2532 2666
3 2667 2665 2666
3 2665 2667 2668
3 2669 2668 2667
3 2495 2661 2490
3 2495 2489 2497
3 2670 2495 2497
3 2671 2661 2495
3 2661 2663 2660
3 2663 2661 2671
3 2670 2671 2495
3 2497 2498 2670
3 2498 2672 2670
3 2673 2672 2498
3 2670 2674 2671
3 2670 2672 2674
3 2674 2672 2675
3 2671 2674 2676
3 2675 2676 2674
3 2498 2501 2673
3 2677 2662 2663
3 2671 2676 2663
3 2677 2663 2676
3 2676 2678 2677
3 2666 2662 2667
3 2677 2667 2662
3 2667 2677 2669
3 2679 2677 2678
3 2679 2669 2677
3 2680 2679 2678
3 2681 2676 2675
3 2676 2681 2678
3 2682 2669 2679
3 2682 2679 2683
3 2679 2680 2683
3 2684 2683 2680
3 2684 2685 2683
3 2664 2632 2533
3 2632 2686 2633
3 2686 2687 2633
3 2643 2635 2634
3 2687 2643 2634
3 2633 2687 2634
3 2643 2642 2636
3 2688 2643 2687
3 2642 2643 2688
3 2640 2689 2647
3 2641 2690 2640
3 2689 2640 2690
3 2641 2692 2690
3 2693 2689 2690
3 2689 2693 2694
3 2668 2632 2665
3 2632 2668 2686
3 2695 2686 2668
3 2686 2696 2687
3 2697 2686 2695
3 2697 2696 2686
3 2698 2688 2696
3 2669 2695 2668
3 2698 2696 2697
3 2699 2697 2695
3 2700 2698 2697
3 2687 2696 2688
3 2698 2691 2688
3 2691 2642 2688
3 2693 2690 2692
3 2702 2691 2698
3 2701 2693 2692
3 2703 2693 2701
3 2703 2704 2693
3 2694 2648 2689
3 2705 2694 2706
3 2704 2706 2693
3 2706 2694 2693
3 2707 2705 2706
3 2648 2647 2689
3 2653 2648 2694
3 2705 2653 2694
3 2654 2652 2653
3 2708 2654 2653
3 2708 2709 2654
3 2709 2655 2654
3 2705 2708 2653
3 2707 2708 2705
3 2710 2707 2706
3 2695 2669 2682
3 2695 2682 2699
3 2699 2700 2697
3 2700 2702 2698
3 2711 2702 2700
3 2712 2699 2682
3 2699 2711 2700
3 2712 2711 2699
3 2714 2702 2711
3 2715 2703 2701
3 2704 2703 2715
3 2715 2701 2713
3 2683 2712 2682
3 2716 2711 2712
3 2715 2713 2717
3 2714 2711 2716
3 2719 2717 2713
3 2716 2712 2683
3 2685 2716 2683
3 2716 2685 2720
3 2716 2718 2714
3 2720 2718 2716
3 2721 2704 2715
3 2722 2706 2704
3 2721 2722 2704
3 2723 2706 2722
3 2710 2706 2723
3 2724 2725 2723
3 2726 2723 2722
3 2726 2724 2723
3 2727 2717 2719
3 2727 2721 2717
3 2727 2722 2721
3 2728 2722 2727
3 2728 2727 2729
3 2717 2721 2715
3 2728 2726 2722
3 2730 2726 2728
3 2217 2218 2731
3 2218 2220 2732
3 2731 2218 2732
3 2732 2220 2223
3 2731 2732 2733
3 2734 2732 2223
3 2735 2734 2223
3 2734 2733 2732
3 2736 2733 2737
3 2737 2734 2738
3 2734 2737 2733
3 2737 2739 2736
3 2737 2740 2739
3 2738 2740 2737
3 2738 2741 2740
3 2742 2739 2740
3 2743 2742 2740
3 2744 2745 2740
3 2743 2740 2745
3 2746 2357 2623
3 2747 2746 2623
3 2625 2623 2622
3 2625 2747 2623
3 2748 2749 2746
3 2748 2746 2747
3 2750 2751 2748
3 2750 2752 2753
3 2651 2625 2624
3 2754 2625 2651
3 2625 2754 2747
3 2655 2651 2650
3 2755 2754 2651
3 2651 2655 2755
3 2754 2748 2747
3 2752 2750 2754
3 2750 2748 2754
3 2755 2756 2752
3 2754 2755 2752
3 2756 2755 2757
3 2655 2757 2755
3 2758 2756 2757
3 2759 2753 2752
3 2760 2753 2759
3 2761 2753 2760
3 2759 2752 2756
3 2756 2758 2759
3 2762 2759 2758
3 2762 2760 2759
3 2762 2763 2760
3 2223 2222 2297
3 2223 2297 2735
3 2764 2735 2297
3 2297 2299 2764
3 2299 2297 2295
3 2738 2735 2764
3 2741 2738 2764
3 2738 2734 2735
3 2299 2765 2764
3 2299 2298 2305
3 2766 2299 2305
3 2766 2305 2767
3 2767 2305 2306
3 2768 2767 2306
3 2768 2306 2769
3 2769 2770 2768
3 2771 2768 2770
3 2766 2767 2768
3 2766 2768 2772
3 2772 2773 2766
3 2768 2771 2772
3 2765 2299 2766
3 2773 2765 2766
3 2741 2744 2740
3 2741 2764 2765
3 2741 2765 2774
3 2744 2741 2774
3 2775 2745 2744
3 2775 2744 2774
3 2776 2777 2778
3 2779 2772 2771
3 2780 2772 2779
3 2781 2773 2772
3 2781 2772 2780
3 2777 2782 2778
3 2782 2777 2783
3 2779 2784 2780
3 2784 2783 2780
3 2785 2780 2783
3 2761 2760 2786
3 2778 2786 2776
3 2763 2786 2760
3 2776 2786 2763
3 2787 2783 2777
3 2783 2787 2788
3 2788 2785 2783
3 2787 2777 2776
3 2776 2789 2787
3 2789 2790 2787
3 2791 2785 2788
3 2788 2787 2790
3 2792 2765 2773
3 2774 2765 2792
3 2781 2792 2773
3 2793 2792 2781
3 2794 2774 2792
3 2794 2792 2793
3 2793 2781 2780
3 2780 2795 2793
3 2795 2780 2785
3 2796 2795 2785
3 2796 2785 2791
3 2797 2743 2745
3 2797 2745 2798
3 2709 2757 2655
3 2707 2709 2708
3 2799 2757 2709
3 2757 2800 2758
3 2799 2800 2757
3 2710 2799 2707
3 2799 2709 2707
3 2725 2799 2710
3 2725 2801 2799
3 2800 2799 2802
3 2801 2802 2799
3 2800 2803 2758
3 2758 2803 2762
3 2804 2763 2762
3 2804 2762 2803
3 2802 2803 2800
3 2805 2803 2802
3 2806 2803 2805
3 2804 2803 2806
3 2710 2723 2725
3 2724 2801 2725
3 2726 2807 2724
3 2801 2724 2807
3 2807 2808 2801
3 2809 2807 2726
3 2726 2730 2809
3 2809 2810 2807
3 2810 2808 2807
3 2811 2808 2810
3 2812 2808 2811
3 2813 2811 2810
3 2814 2815 2811
3 2816 2815 2814
3 2805 2802 2801
3 2808 2805 2801
3 2812 2805 2808
3 2806 2805 2812
3 2817 2818 2806
3 2815 2812 2811
3 2815 2806 2812
3 2815 2817 2806
3 2816 2817 2815
3 2775 2798 2745
3 2774 2794 2819
3 2774 2819 2775
3 2775 2819 2820
3 2820 2798 2775
3 2820 2819 2821
3 2789 2776 2763
3 2804 2789 2763
3 2791 2788 2790
3 2790 2789 2822
3 2823 2791 2790
3 2790 2822 2823
3 2824 2822 2789
3 2804 2806 2825
3 2789 2804 2824
3 2824 2826 2822
3 2804 2825 2824
3 2827 2828 2825
3 2828 2826 2824
3 2824 2825 2828
3 2829 2819 2794
3 2794 2830 2829
3 2794 2793 2795
3 2830 2794 2795
3 2823 2830 2796
3 2830 2795 2796
3 2823 2796 2791
3 2831 2823 2822
3 2831 2830 2823
3 2832 2830 2831
3 2821 2819 2829
3 2821 2829 2832
3 2833 2821 2832
3 2834 2821 2833
3 2826 2831 2822
3 2835 2832 2831
3 2835 2831 2826
3 2830 2832 2829
3 2836 2835 2826
3 2833 2832 2835
3 2837 2833 2835
3 2837 2835 2836
3 2798 2820 2838
3 2820 2839 2838
3 2838 2840 2798
3 2841 2838 2839
3 2842 2840 2838
3 2842 2838 2841
3 2843 2842 2841
3 2818 2825 2806
3 2818 2827 2825
3 2844 2827 2845
3 2845 2827 2818
3 2844 2828 2827
3 2846 2818 2817
3 2816 2846 2817
3 2847 2846 2816
3 2846 2845 2818
3 2848 2849 2845
3 2848 2845 2846
3 2847 2848 2846
3 2834 2833 2837
3 2850 2844 2845
3 2851 2834 2837
3 2839 2820 2821
3 2839 2821 2834
3 2841 2839 2852
3 2839 2834 2852
3 2851 2852 2834
3 2844 2836 2826
3 2844 2826 2828
3 2844 2850 2853
3 2853 2836 2844
3 2851 2837 2836
3 2853 2851 2836
3 2849 2850 2845
3 2854 2851 2853
3 2851 2854 2855
3 2856 2849 2848
3 2849 2853 2850
3 2857 2849 2856
3 2857 2853 2849
3 2857 2854 2853
3 2854 2857 2858
3 2859 2841 2852
3 2859 2852 2855
3 2855 2852 2851
3 2841 2859 2843
3 2860 2843 2859
3 2854 2858 2855
3 2860 2859 2855
3 2470 751 2861
3 751 2862 2861
3 2862 2863 2861
3 2470 2864 2473
3 2864 2470 2861
3 2864 2865 2473
3 2473 2865 2866
3 2863 2864 2861
3 2865 2864 2867
3 2864 2863 2867
3 2868 2867 2863
3 2869 2868 2863
3 2870 2868 2869
3 2871 2867 2868
3 2871 2868 2872
3 2870 2872 2868
3 2873 2872 2874
3 2875 2872 2873
3 2474 2493 2472
3 2876 2493 2474
3 2877 2493 2876
3 2878 2877 2876
3 2866 2876 2474
3 2878 2876 2866
3 2866 2474 2473
3 2877 2491 2493
3 2877 2494 2491
3 2867 2866 2865
3 2866 2879 2878
3 2867 2879 2866
3 2878 2879 2880
3 2881 2880 2879
3 2882 2883 2880
3 2500 2494 2884
3 2877 2884 2494
3 2877 2878 2884
3 2884 2878 2885
3 2884 2886 2500
3 2885 2886 2884
3 2500 2501 2499
3 2501 2500 2886
3 2887 2501 2886
3 2878 2880 2885
3 2883 2888 2885
3 2883 2885 2880
3 2888 2886 2885
3 2888 2887 2886
3 2889 2879 2867
3 2871 2889 2867
3 2879 2889 2881
3 2889 2871 2872
3 2890 2889 2872
3 2882 2880 2881
3 2891 2882 2881
3 2890 2891 2889
3 2891 2881 2889
3 2892 2882 2891
3 2872 2875 2890
3 2893 2890 2875
3 2891 2890 2893
3 2894 2892 2891
3 2893 2894 2891
3 2895 2893 2875
3 2895 2894 2893
3 2883 2882 2896
3 2897 2883 2896
3 2896 2882 2892
3 2883 2897 2888
3 2888 2897 2898
3 2892 2899 2896
3 2899 2892 2894
3 2899 2894 2900
3 2901 2896 2899
3 2901 2897 2896
3 2901 2899 2902
3 2899 2900 2902
3 2903 2875 2873
3 2903 2895 2875
3 2904 2895 2903
3 2904 2905 2895
3 2895 2906 2894
3 2906 2895 2905
3 2900 2894 2906
3 2907 2906 2905
3 2908 2900 2906
3 2908 2902 2900
3 2906 2907 2908
3 2905 2909 2910
3 2910 2907 2905
3 2911 2908 2907
3 2907 2910 2911
3 2912 2910 2909
3 2910 2912 2911
3 2913 2911 2912
3 2862 751 750
3 941 2862 750
3 943 2914 941
3 2914 2862 941
3 944 2915 943
3 2915 2914 943
3 2914 2915 2916
3 2863 2862 2914
3 2916 2863 2914
3 955 2915 944
3 2917 2916 2915
3 2869 2863 2916
3 2918 2917 2915
3 2916 2917 2869
3 955 2918 2915
3 2918 955 958
3 2918 958 2919
3 2918 2920 2917
3 2920 2918 2919
3 2874 2869 2917
3 2874 2870 2869
3 2917 2920 2874
3 2874 2920 2921
3 2872 2870 2874
3 2873 2874 2921
3 991 958 957
3 991 2919 958
3 990 993 991
3 2922 2919 991
3 2923 2922 991
3 2924 2921 2920
3 2919 2924 2920
3 2925 2924 2919
3 2921 2924 2873
3 2873 2924 2926
3 2873 2926 2927
3 2925 2919 2922
3 2925 2926 2924
3 2923 991 993
3 2928 992 1000
3 992 2928 993
3 2929 2928 1000
3 2928 2923 993
3 2928 2930 2923
3 2925 2922 2931
3 2931 2922 2923
3 2926 2925 2932
3 2925 2931 2932
3 2933 2932 2931
3 2930 2931 2923
3 2930 2934 2931
3 2934 2933 2931
3 2927 2903 2873
3 2903 2927 2904
3 2932 2927 2926
3 2927 2935 2904
3 2909 2905 2904
3 2932 2935 2927
3 2936 2935 2932
3 2904 2935 2909
3 2937 2909 2935
3 2936 2937 2935
3 2932 2933 2936
3 2933 2938 2936
3 2939 2912 2909
3 2909 2937 2939
3 2940 2939 2937
3 2912 2939 2941
3 2942 2672 2673
3 2675 2672 2942
3 2942 2943 2675
3 2673 2501 2887
3 2887 2942 2673
3 2942 2887 2944
3 2944 2887 2945
3 2944 2943 2942
3 2945 2887 2898
3 2888 2898 2887
3 2946 2944 2945
3 2943 2681 2675
3 2681 2680 2678
3 2943 2947 2681
3 2681 2947 2948
3 2948 2680 2681
3 2948 2684 2680
3 2949 2684 2948
3 2950 2684 2949
3 2684 2950 2951
3 2952 2948 2947
3 2949 2948 2952
3 2950 2953 2951
3 2946 2943 2944
3 2943 2946 2947
3 2954 2947 2946
3 2945 2954 2946
3 2954 2945 2955
3 2947 2954 2952
3 2956 2952 2954
3 2949 2952 2957
3 2957 2952 2956
3 2957 2950 2949
3 2953 2950 2958
3 2957 2959 2950
3 2959 2958 2950
3 2958 2961 2953
3 2898 2897 2962
3 2962 2963 2898
3 2963 2945 2898
3 2963 2955 2945
3 2963 2962 2964
3 2963 2964 2965
3 2901 2962 2897
3 2966 2901 2902
3 2966 2964 2962
3 2962 2901 2966
3 2964 2967 2965
3 2966 2968 2964
3 2964 2968 2967
3 2954 2955 2956
3 2963 2965 2955
3 2965 2969 2970
3 2970 2956 2955
3 2971 2956 2970
3 2971 2970 2972
3 2970 2955 2965
3 2956 2971 2957
3 2971 2959 2957
3 2973 2958 2959
3 2973 2974 2958
3 2976 2959 2971
3 2971 2972 2976
3 2977 2978 2976
3 2976 2973 2959
3 2978 2973 2976
3 2973 2978 2980
3 2980 2974 2973
3 2981 2975 2979
3 2982 2980 2978
3 2983 2981 2979
3 2972 2970 2984
3 2970 2969 2984
3 2969 2965 2967
3 2977 2976 2972
3 2978 2977 2982
3 2984 2977 2972
3 2985 2980 2982
3 2979 2986 2983
3 2984 2987 2977
3 2987 2982 2977
3 2988 2982 2987
3 2989 2987 2984
3 2985 2982 2988
3 2983 2990 2981
3 2983 2991 2990
3 2992 2993 2983
3 2992 2983 2986
3 2993 2991 2983
3 2994 2991 2993
3 2951 2720 2685
3 2684 2951 2685
3 2720 2951 2953
3 2995 2720 2953
3 2997 2729 2727
3 2996 2997 2727
3 2720 2995 2718
3 2996 2727 2719
3 2998 2997 2996
3 2728 2729 2730
3 2999 2730 2729
3 2999 3000 2730
3 3000 3001 2730
3 2995 2953 2961
3 2998 2996 2960
3 3002 2998 2960
3 3002 2999 2998
3 2997 2998 2729
3 2999 2729 2998
3 2961 2958 2974
3 2999 3002 3003
3 3004 3002 2960
3 3004 3003 3002
3 2999 3003 3000
3 3005 3000 3003
3 2975 3004 2960
3 3004 2975 2981
3 3006 3003 3004
3 3006 3004 2981
3 3005 3003 3006
3 3006 2981 2990
3 2990 3005 3006
3 3005 2990 3007
3 2991 3007 2990
3 2966 2902 3008
3 2908 3008 2902
3 3009 3008 2908
3 3010 3008 3009
3 3011 3012 2967
3 3008 2968 2966
3 2967 2968 3011
3 2968 3008 3010
3 2968 3010 3011
3 3013 3011 3010
3 3011 3013 3012
3 3013 3014 3012
3 2908 2911 3009
3 3009 2911 2913
3 3013 3010 3009
3 3009 3015 3013
3 3015 3014 3013
3 2913 3015 3009
3 3016 3014 3015
3 2967 3012 2969
3 3017 2984 2969
3 3017 2989 2984
3 3017 2969 3012
3 3018 2989 3017
3 3019 3018 3017
3 3012 3019 3017
3 3012 3014 3019
3 2987 2989 2988
3 3018 2988 2989
3 3020 2985 2988
3 3021 2992 2986
3 3022 2988 3018
3 3020 2988 3022
3 3023 2992 3021
3 3024 2993 2992
3 3023 3024 2992
3 3025 3022 3018
3 3018 3019 3025
3 3019 3014 3026
3 3014 3016 3026
3 3016 3027 3026
3 3019 3026 3025
3 3028 3022 3025
3 3029 3025 3026
3 3029 3028 3025
3 3030 3020 3022
3 3028 3030 3022
3 3031 3023 3021
3 3031 3032 3023
3 3033 3023 3032
3 3031 3034 3032
3 3035 3032 3034
3 3035 3034 3031
3 3036 2913 2912
3 3037 2913 3036
3 3015 3037 3016
3 3037 3015 2913
3 3038 3016 3037
3 3016 3038 3027
3 2941 3036 2912
3 3037 3036 3039
3 3036 3040 3039
3 2941 3040 3036
3 3038 3037 3039
3 3039 3041 3038
3 3038 3041 3042
3 3039 3040 3041
3 3043 3042 3041
3 3029 3026 3027
3 3029 3027 3044
3 3046 3028 3047
3 3047 3028 3029
3 3044 3047 3029
3 3046 3030 3028
3 3031 3045 3035
3 3042 3027 3038
3 3042 3044 3027
3 3044 3042 3048
3 3047 3044 3049
3 3046 3047 3051
3 3049 3044 3048
3 3049 3048 3052
3 3001 2809 2730
3 2810 2809 3001
3 3053 2810 3001
3 3053 2813 2810
3 3000 3054 3001
3 3000 3005 3055
3 3054 3000 3055
3 3054 3056 3057
3 3053 3001 3054
3 3057 3053 3054
3 2813 2814 2811
3 3053 3058 2813
3 3059 2816 2814
3 3058 2814 2813
3 3058 3059 2814
3 3059 3058 3060
3 3058 3053 3061
3 3058 3061 3060
3 3062 3060 3061
3 3061 3053 3057
3 3063 3062 3061
3 3056 3054 3055
3 3055 3005 3007
3 3055 3007 3056
3 3056 3007 3064
3 3065 3063 3056
3 2994 3064 2991
3 3007 2991 3064
3 3056 3064 3066
3 3066 3065 3056
3 3067 3064 2994
3 3066 3064 3067
3 3061 3057 3063
3 3063 3057 3056
3 3063 3065 3068
3 3068 3069 3063
3 3070 3069 3068
3 3071 3069 3070
3 3069 3062 3063
3 3069 3072 3062
3 3072 3060 3062
3 3072 3069 3071
3 3073 3065 3066
3 3073 3068 3065
3 3073 3070 3068
3 3074 3059 3060
3 3074 2847 3059
3 3060 3072 3075
3 3075 3074 3060
3 3076 3077 3074
3 3075 3076 3074
3 3077 2847 3074
3 2842 3078 3079
3 2842 2843 3078
3 3080 3078 2843
3 3081 3078 3080
3 3076 3082 3077
3 3083 3082 3076
3 3084 3080 3085
3 3086 3084 3085
3 2816 3059 2847
3 2856 2848 2847
3 2856 2847 3077
3 3087 2857 2856
3 2858 2857 3088
3 3082 3087 2856
3 3089 2843 2860
3 3089 2860 3090
3 3080 2843 3089
3 3091 2860 2855
3 3091 2855 2858
3 3088 3091 2858
3 3090 2860 3091
3 3088 3090 3091
3 3092 3090 3088
3 3088 3087 3093
3 3088 3093 3092
3 3085 3080 3089
3 3092 3089 3090
3 2857 3087 3088
3 3082 2856 3077
3 3094 3087 3082
3 3094 3082 3095
3 3083 3095 3082
3 3087 3094 3093
3 3096 3092 3093
3 3097 3096 3093
3 3085 3089 3098
3 3098 3089 3092
3 3092 3096 3098
3 3099 3085 3098
3 3099 3098 3096
3 3094 3097 3093
3 3100 3094 3095
3 3094 3100 3097
3 3101 3096 3097
3 3099 3096 3101
3 3072 3071 3075
3 3102 3075 3071
3 3102 3076 3075
3 3103 3071 3070
3 3104 3071 3103
3 3104 3102 3071
3 3104 3105 3102
3 3106 3105 3104
3 3102 3083 3076
3 3102 3105 3083
3 3083 3105 3107
3 3086 3085 3099
3 3108 3086 3099
3 3107 3105 3109
3 3110 3107 3109
3 3110 3111 3107
3 3112 3108 3110
3 3105 3113 3109
3 3114 3112 3110
3 3114 3110 3109
3 3113 3115 3109
3 3109 3115 3114
3 3100 3095 3083
3 3107 3100 3083
3 3111 3097 3100
3 3107 3111 3100
3 3111 3101 3097
3 3110 3101 3111
3 3108 3101 3110
3 3101 3108 3099
3 2993 3024 2994
3 3067 2994 3024
3 3033 3067 3024
3 3033 3024 3023
3 3033 3116 3067
3 3032 3035 3033
3 3117 3033 3035
3 3117 3116 3033
3 3116 3118 3067
3 3118 3119 3120
3 3121 3119 3118
3 3121 3118 3116
3 3050 3122 3045
3 3122 3035 3045
3 3035 3122 3117
3 3123 3116 3124
3 3124 3116 3117
3 3122 3124 3117
3 3125 3123 3124
3 3126 3124 3122
3 3116 3123 3127
3 3127 3128 3116
3 3128 3121 3116
3 3127 3123 3125
3 3125 3129 3127
3 3127 3129 3130
3 3050 3131 3122
3 3131 3126 3122
3 3051 3047 3049
3 3133 3051 3049
3 3132 3131 3050
3 3052 3133 3049
3 3134 3131 3132
3 3135 3136 3126
3 3135 3126 3131
3 3134 3135 3131
3 3137 3136 3135
3 3137 3138 3136
3 3136 3124 3126
3 3124 3136 3125
3 3136 3139 3125
3 3139 3129 3125
3 3140 3130 3129
3 3141 3140 3129
3 3141 3129 3139
3 3139 3138 3141
3 3138 3139 3136
3 3138 3142 3141
3 3143 3140 3141
3 3141 3142 3143
3 3144 3121 3128
3 3127 3130 3128
3 3130 3144 3128
3 3145 3144 3130
3 3146 3147 3144
3 3148 3146 3144
3 3144 3145 3149
3 3149 3148 3144
3 3148 3150 3146
3 3151 3152 3148
3 3145 3130 3140
3 3153 3145 3143
3 3143 3145 3140
3 3145 3153 3154
3 3155 3148 3149
3 3155 3151 3148
3 3155 3149 3145
3 3156 3151 3155
3 3154 3155 3145
3 3157 3155 3154
3 3157 3156 3155
3 3158 3156 3157
3 3158 3159 3156
3 3160 3161 3151
3 3156 3160 3151
3 3162 3160 3156
3 3160 3162 3163
3 3164 3162 3159
3 3165 3164 3166
3 3167 3166 3168
3 3167 3165 3166
3 3168 3169 3167
3 3169 3168 3170
3 3067 3120 3066
3 3118 3120 3067
3 3073 3066 3120
3 3120 3171 3073
3 3171 3070 3073
3 3119 3171 3120
3 3171 3119 3172
3 3171 3173 3070
3 3173 3103 3070
3 3173 3171 3172
3 3174 3173 3172
3 3175 3173 3174
3 3119 3121 3172
3 3144 3147 3121
3 3172 3121 3147
3 3147 3174 3172
3 3174 3147 3176
3 3147 3150 3176
3 3147 3146 3150
3 3152 3150 3148
3 3175 3104 3103
3 3173 3175 3103
3 3174 3177 3175
3 3178 3175 3177
3 3178 3106 3175
3 3106 3104 3175
3 3174 3176 3177
3 3176 3179 3177
3 3177 3180 3178
3 3178 3180 3181
3 3179 3180 3177
3 3179 3182 3180
3 3182 3181 3180
3 3106 3113 3105
3 3113 3106 3183
3 3178 3183 3106
3 3183 3115 3113
3 3184 3115 3185
3 3115 3184 3114
3 3184 3186 3114
3 3183 3185 3115
3 3185 3183 3187
3 3188 3184 3185
3 3189 3188 3185
3 3178 3181 3183
3 3181 3182 3190
3 3190 3191 3181
3 3183 3181 3187
3 3185 3187 3189
3 3192 3189 3187
3 3193 3189 3192
3 3193 3188 3189
3 3181 3191 3187
3 3187 3191 3192
3 3150 3152 3176
3 3176 3194 3179
3 3152 3151 3161
3 3152 3194 3176
3 3152 3161 3194
3 3195 3194 3161
3 3196 3182 3179
3 3196 3190 3182
3 3197 3179 3194
3 3197 3196 3179
3 3198 3194 3195
3 3198 3197 3194
3 3198 3199 3197
3 3200 3196 3197
3 3160 3201 3161
3 3161 3201 3195
3 3201 3160 3163
3 3195 3201 3202
3 3198 3195 3203
3 3163 3202 3201
3 3199 3198 3203
3 3199 3200 3197
3 3167 3169 3165
3 3169 3204 3203
3 3169 3170 3204
3 3204 3170 3205
3 3205 3206 3204
3 3207 3205 3170
3 3200 3190 3196
3 3190 3200 3208
3 3200 3209 3210
3 3210 3208 3200
3 3190 3208 3191
3 3191 3208 3211
3 3212 3192 3191
3 3211 3212 3191
3 3212 3211 3213
3 3214 3212 3213
3 3215 3211 3208
3 3216 3215 3208
3 3210 3216 3208
3 3213 3211 3215
3 3217 3214 3213
3 3212 3193 3192
3 3212 3214 3193
3 3199 3209 3200
3 3209 3218 3219
3 3219 3218 3220
3 3221 3210 3219
3 3205 3207 3206
3 3207 3209 3206
3 3207 3218 3209
3 3218 3207 3222
3 3218 3222 3223
3 3220 3218 3223
3 3220 3221 3219
3 3220 3224 3221
3 3225 3226 3227
3 3226 3224 3228
3 3220 3223 3229
3 3229 3224 3220
3 3229 3228 3224
3 3230 3229 3223
3 3229 3230 3228
3 3231 3226 3228
3 2314 2614 2315
3 2623 2357 2615
3 2746 2358 2357
3 2373 2360 2358
3 2746 2749 2358
3 3232 2358 2749
3 2358 3232 2373
3 2749 2748 2751
3 2751 3232 2749
3 2373 3232 2374
3 3232 3233 2374
3 2374 3233 3234
3 2374 2375 2372
3 2375 2374 3234
3 2375 3235 2376
3 3235 2375 3234
3 3235 3234 3236
3 3232 2751 2750
3 3232 2750 3233
3 2750 2753 3233
3 3233 3236 3234
3 3236 3233 3237
3 2761 3233 2753
3 3233 2761 3237
3 2401 2402 2397
3 3238 2400 2402
3 2401 2376 3239
3 2401 3239 3240
3 2401 3238 2402
3 3238 2401 3240
3 3239 3237 3241
3 3235 3236 2376
3 3236 3239 2376
3 3237 3239 3236
3 3241 3240 3239
3 2399 2400 2304
3 2304 2400 2306
3 2400 2769 2306
3 2769 2400 3242
3 2400 3238 3242
3 3241 3238 3240
3 3237 3243 3241
3 3237 3244 3243
3 3241 3242 3238
3 3245 3242 3241
3 2770 2769 3242
3 3241 3243 3245
3 2770 3242 3245
3 3243 3244 3245
3 2770 3246 2771
3 3246 2770 3245
3 3244 3246 3245
3 2761 2778 3237
3 2761 2786 2778
3 2778 3244 3237
3 3246 2779 2771
3 2782 3246 3244
3 2784 3246 2782
3 2784 2779 3246
3 3244 2778 2782
3 2783 2784 2782
3 3157 3154 3247
3 3162 3156 3159
3 3162 3165 3163
3 3162 3164 3165
3 3203 3195 3202
3 3202 3169 3203
3 3204 3199 3203
3 3206 3199 3204
3 3165 3202 3163
3 3202 3165 3169
3 3221 3216 3210
3 3215 3216 3248
3 3215 3248 3213
3 3217 3213 3225
3 3213 3248 3225
3 3209 3199 3206
3 3209 3219 3210
3 3216 3221 3248
3 3224 3248 3221
3 3248 3224 3226
3 3248 3226 3225
3 1094 1041 100
3 1094 100 1843
3 1096 1094 1850
3 3249 1096 1850
3 1096 3249 1100
3 3250 1100 3249
3 3249 3251 3250
3 3249 1850 3251
3 3251 1850 1854
3 1879 3251 1854
3 1880 1879 1858
3 3250 1107 1100
3 3252 1107 3253
3 1107 3250 3253
3 3253 3250 3251
3 3253 3251 1879
3 3253 1879 1880
3 3254 3255 1880
3 3253 1880 3255
3 1107 3252 1109
3 1177 1109 3252
3 3252 3253 3255
3 3256 3255 3257
3 3252 3255 3256
3 3254 1880 1881
3 3254 1881 1888
3 3255 3254 3257
3 3257 3254 1888
3 3257 1888 3258
3 3258 1888 1889
3 1890 3258 1889
3 3258 1890 1938
3 3259 3257 3258
3 3260 3258 1938
3 3259 3258 3260
3 3260 1938 1944
3 1177 3261 3262
3 3252 3261 1177
3 3263 3262 3261
3 3264 3252 3256
3 3264 3261 3252
3 1177 3262 1176
3 1178 1176 3262
3 1187 1178 3262
3 1187 3262 3263
3 3263 3261 3264
3 3265 3263 3264
3 3266 3264 3256
3 3256 3257 3259
3 3266 3256 3259
3 3266 3259 3267
3 3267 3259 3260
3 3267 3260 3268
3 3265 3264 3266
3 3266 3267 3269
3 3265 3266 3269
3 3270 3263 3265
3 3270 1187 3263
3 3271 1187 3270
3 1190 1187 3271
3 3271 3270 3272
3 1190 1186 1187
3 3271 3273 1190
3 1197 1190 3273
3 3274 3273 3271
3 3272 3270 3265
3 3269 3275 3265
3 3275 3269 3276
3 3272 3265 3275
3 3277 3272 3275
3 3260 1944 1945
3 3260 1945 1971
3 3268 3260 1971
3 3269 3267 3268
3 3278 3269 3268
3 3268 1971 1973
3 3278 3268 1973
3 3279 3278 1973
3 3269 3278 3276
3 3280 3276 3281
3 3281 3278 3279
3 3281 3276 3278
3 3280 3275 3276
3 3275 3280 3277
3 3282 3280 3281
3 3283 3282 3281
3 3280 3282 3284
3 3279 1973 1976
3 3279 1976 1978
3 3279 1978 3281
3 3283 3281 1978
3 3283 1978 3285
3 2215 3285 1978
3 1337 1197 3286
3 3287 1197 3273
3 3286 1197 3287
3 1340 1337 3286
3 1340 3286 3288
3 1342 1338 1340
3 1342 1340 3288
3 3289 1342 3288
3 3290 3286 3287
3 3274 3287 3273
3 3290 3291 3288
3 3288 3286 3290
3 3274 3271 3292
3 3287 3274 3293
3 3293 3274 3294
3 3290 3287 3293
3 3291 3290 3293
3 1341 1342 3295
3 1350 1341 3295
3 1342 3296 3295
3 3296 1342 3289
3 1350 3295 3296
3 3296 3289 3291
3 3291 3289 3288
3 3296 3291 3297
3 1350 3296 3298
3 3299 1352 1350
3 3298 3296 3297
3 3299 1350 3298
3 3300 3298 3297
3 3301 3291 3293
3 3291 3301 3297
3 3293 3294 3302
3 3301 3293 3302
3 3297 3301 3303
3 3300 3297 3303
3 3304 3303 3301
3 3272 3292 3271
3 3292 3272 3277
3 3305 3292 3277
3 3277 3306 3305
3 3307 3305 3306
3 3308 3305 3307
3 3294 3274 3292
3 3294 3292 3309
3 3301 3302 3304
3 3302 3294 3309
3 3304 3302 3309
3 3309 3292 3305
3 3308 3309 3305
3 3303 3304 3310
3 3304 3309 3308
3 3307 3311 3308
3 3299 1362 1352
3 3299 3298 3300
3 3312 3299 3300
3 3313 3312 3300
3 1362 3299 3312
3 1365 1362 3312
3 1365 3312 3314
3 3314 1368 1365
3 1368 3314 3315
3 3314 3312 3313
3 3315 3314 3313
3 3300 3303 3316
3 3317 3316 3303
3 3317 3303 3310
3 3313 3300 3316
3 3313 3316 3317
3 3313 3317 3318
3 3319 3317 3320
3 3315 3313 3318
3 3315 3318 3321
3 1368 3315 1367
3 3322 1367 3315
3 3318 3317 3319
3 3323 3318 3319
3 3323 3319 3324
3 3323 3321 3318
3 3322 3315 3321
3 3324 3321 3323
3 3317 3310 3325
3 3308 3310 3304
3 3325 3310 3308
3 3320 3317 3325
3 3326 3320 3325
3 3326 3325 3308
3 3308 3311 3326
3 3311 3307 3327
3 3328 3311 3327
3 3329 3326 3311
3 3328 3327 3330
3 3320 3331 3319
3 3320 3326 3329
3 3324 3319 3331
3 3331 3320 3332
3 3329 3311 3328
3 3333 3328 3330
3 3333 3329 3328
3 3332 3320 3329
3 3333 3332 3329
3 3284 3277 3280
3 3306 3277 3284
3 3334 3284 3282
3 3282 3283 3335
3 3336 3306 3284
3 3337 3306 3336
3 3307 3306 3337
3 3284 3334 3336
3 3307 3337 3338
3 3337 3336 3339
3 3339 3336 3334
3 3334 3340 3339
3 3340 3334 3341
3 3342 3283 3285
3 3335 3283 3342
3 3285 2215 2219
3 2219 3342 3285
3 3342 2219 3343
3 3335 3342 3341
3 3282 3335 3334
3 3334 3335 3341
3 3343 3341 3342
3 3344 3341 3343
3 3327 3307 3338
3 3345 3338 3337
3 3345 3346 3338
3 3347 3346 3345
3 3345 3337 3348
3 3348 3339 3340
3 3348 3337 3339
3 3349 3345 3350
3 3350 3345 3348
3 3350 3348 3351
3 3347 3345 3349
3 3352 3347 3349
3 3349 3350 3353
3 3353 3350 3351
3 3353 3351 3354
3 3355 3349 3353
3 3353 3354 3355
3 3354 3356 3355
3 3338 3346 3327
3 3346 3330 3327
3 3330 3346 3357
3 3357 3346 3358
3 3347 3358 3346
3 3330 3357 3359
3 3359 3357 3358
3 3360 3358 3347
3 3359 3333 3330
3 3359 3358 3360
3 3361 3359 3360
3 3352 3360 3347
3 3352 3349 3355
3 3362 3340 3341
3 3348 3340 3362
3 3363 3362 3341
3 3363 3341 3344
3 3351 3348 3362
3 3351 3362 3364
3 3364 3362 3363
3 3365 3344 3366
3 3363 3344 3365
3 3364 3363 3365
3 3364 3365 3367
3 3351 3364 3368
3 3351 3368 3369
3 3369 3354 3351
3 3368 3364 3367
3 3367 3365 3370
3 3367 3371 3368
3 3371 3367 3372
3 3373 3368 3371
3 3369 3368 3373
3 3373 3371 3374
3 1395 1367 3322
3 3322 3375 1395
3 3321 3324 3376
3 3376 3322 3321
3 1397 1395 3375
3 3376 3375 3322
3 3324 3331 3377
3 3378 3331 3332
3 3378 3377 3331
3 3376 3324 3377
3 3361 3333 3359
3 3379 3332 3333
3 3379 3333 3361
3 3379 3378 3332
3 3380 3378 3381
3 3377 3378 3380
3 3378 3379 3381
3 3376 3377 3382
3 3382 3375 3376
3 3383 3375 3382
3 3382 3377 3380
3 3382 3380 3384
3 3385 1397 3375
3 3385 3375 3383
3 3386 3385 3383
3 3387 3385 3386
3 3383 3382 3384
3 3388 3383 3384
3 3383 3389 3386
3 3389 3383 3388
3 1405 1397 3385
3 1559 1405 3385
3 1559 3385 3387
3 3390 3356 3354
3 3391 3361 3360
3 3379 3361 3391
3 3391 3360 3352
3 3381 3379 3391
3 3356 3352 3355
3 3391 3352 3356
3 3392 3391 3356
3 3392 3356 3393
3 3380 3381 3394
3 3395 3394 3381
3 3380 3394 3384
3 3396 3394 3395
3 3381 3391 3395
3 3395 3391 3392
3 3395 3392 3397
3 3395 3397 3396
3 3390 3354 3369
3 3393 3356 3390
3 3393 3390 3398
3 3398 3390 3369
3 3399 3369 3373
3 3398 3369 3399
3 3400 3373 3374
3 3400 3401 3373
3 3402 3398 3399
3 3399 3373 3403
3 3403 3373 3401
3 3392 3393 3404
3 3393 3398 3404
3 3405 3406 3404
3 3402 3404 3398
3 3405 3404 3402
3 3402 3399 3403
3 3405 3402 3403
3 3405 3403 3407
3 3397 3392 3404
3 3404 3406 3397
3 3384 3394 3408
3 3384 3408 3388
3 3408 3394 3396
3 3409 3408 3396
3 3410 3388 3408
3 3411 3410 3408
3 3411 3408 3409
3 3409 3412 3411
3 3413 3406 3405
3 3414 3413 3415
3 3415 3413 3416
3 3396 3397 3406
3 3409 3396 3406
3 3409 3406 3414
3 3414 3406 3413
3 3409 3414 3412
3 3412 3414 3415
3 3343 2219 2731
3 2731 2219 2217
3 3417 3343 2731
3 2731 2733 2736
3 3417 2731 2736
3 3344 3343 3418
3 3418 3343 3417
3 3366 3344 3418
3 3370 3365 3366
3 3418 3417 3419
3 3366 3418 3419
3 2739 3417 2736
3 3420 3417 2739
3 3417 3420 3419
3 3370 3366 3421
3 3372 3367 3370
3 3372 3370 3422
3 3422 3370 3421
3 3419 3421 3366
3 3423 3421 3419
3 3422 3421 3423
3 3422 3374 3372
3 3422 3424 3374
3 3425 3422 3423
3 3424 3422 3425
3 3424 3425 3426
3 3374 3371 3372
3 3427 3419 3420
3 3423 3419 3427
3 3428 3423 3427
3 3428 3427 3429
3 3425 3423 3428
3 3425 3428 3430
3 3425 3430 3426
3 3429 3427 3420
3 3431 3432 3429
3 3431 3429 3433
3 3432 3428 3429
3 3430 3428 3432
3 3420 2739 2742
3 3429 3420 2742
3 3433 3429 2742
3 2742 2743 3434
3 3434 3433 2742
3 3424 3426 3435
3 3400 3424 3435
3 3374 3424 3400
3 3436 3401 3400
3 3436 3400 3437
3 3436 3403 3401
3 3403 3436 3438
3 3437 3400 3435
3 3435 3439 3437
3 3440 3436 3437
3 3440 3437 3439
3 3435 3426 3430
3 3430 3441 3435
3 3432 3442 3430
3 3431 3443 3432
3 3442 3432 3443
3 3430 3442 3441
3 3442 3443 3444
3 3439 3435 3441
3 3445 3439 3441
3 3441 3442 3444
3 3445 3441 3444
3 3403 3438 3407
3 3438 3436 3440
3 3446 3438 3440
3 3447 3405 3407
3 3407 3438 3446
3 3447 3407 3446
3 3447 3446 3448
3 3449 3447 3448
3 3445 3444 3450
3 3450 3444 3451
3 3452 3450 3451
3 3453 3445 3450
3 3453 3450 3454
3 3452 3454 3450
3 3455 3453 3454
3 3454 3452 3456
3 3440 3439 3445
3 3446 3440 3445
3 3448 3446 3445
3 3448 3445 3453
3 3448 3453 3449
3 3433 3457 3431
3 3458 3443 3431
3 3458 3431 3459
3 3459 3431 3457
3 3457 3433 3434
3 3458 3459 3460
3 3458 3460 3461
3 3444 3443 3458
3 3458 3451 3444
3 3451 3458 3461
3 3460 3459 3457
3 3457 3434 2743
3 3462 3457 2743
3 3463 3451 3461
3 3463 3461 3464
3 3452 3451 3463
3 3464 3461 3460
3 3457 3462 3460
3 3464 3460 3462
3 3452 3463 3464
3 3452 3464 3465
3 3462 2743 2797
3 3464 3462 2797
3 3466 3464 2797
3 3464 3466 3465
3 3466 2797 2798
3 3447 3413 3405
3 3413 3447 3467
3 3467 3447 3449
3 3467 3416 3413
3 3455 3454 3456
3 3455 3449 3453
3 3468 3449 3455
3 3467 3449 3468
3 3468 3455 3469
3 3470 3416 3467
3 3471 3415 3416
3 3471 3416 3470
3 3470 3467 3468
3 3469 3470 3468
3 3472 3470 3469
3 3472 3469 3473
3 3474 3470 3472
3 3455 3456 3475
3 3475 3469 3455
3 3456 3452 3465
3 3456 3465 3475
3 3473 3469 3475
3 3466 3476 3465
3 3476 3475 3465
3 3473 3475 3476
3 3473 3476 3472
3 3476 3477 3472
3 3477 3476 2840
3 2840 3476 3466
3 3079 3477 2840
3 2840 3466 2798
3 2840 2842 3079
3 3478 3386 3389
3 3479 3478 3389
3 3480 3478 3481
3 3481 3478 3479
3 3479 3389 3388
3 3479 3388 3410
3 3482 3479 3410
3 3482 3481 3479
3 3483 3481 3482
3 3484 3483 3482
3 3485 3483 3484
3 3486 1407 1559
3 3387 3486 1559
3 3478 3387 3386
3 1564 1407 3486
3 1564 3486 3487
3 3486 3488 3487
3 3489 3486 3480
3 3486 3387 3480
3 3488 3486 3489
3 3490 3489 3480
3 3480 3387 3478
3 3490 3480 3481
3 3490 3481 3483
3 1567 1566 1564
3 1567 1564 3487
3 1587 1567 3487
3 1587 3487 3491
3 3491 3487 3488
3 1584 1567 1587
3 1587 3491 3492
3 3493 3488 3489
3 3493 3489 3490
3 3494 3493 3490
3 3491 3488 3493
3 3491 3493 3495
3 3492 3491 3495
3 3495 3493 3494
3 3492 1596 1587
3 1595 3492 3496
3 1596 1586 1587
3 1595 1596 3492
3 1586 1595 1594
3 1622 1594 1595
3 3497 1595 3496
3 3498 3492 3495
3 3499 3498 3495
3 3500 3496 3492
3 3497 3496 3500
3 3500 3492 3498
3 3500 3498 3501
3 3494 3490 3502
3 3502 3490 3483
3 3503 3502 3483
3 3503 3483 3485
3 3499 3494 3502
3 3495 3494 3499
3 3499 3502 3504
3 3501 3498 3499
3 3501 3499 3505
3 3505 3499 3504
3 3506 3505 3504
3 3504 3502 3503
3 3485 3507 3503
3 3503 3506 3504
3 3508 3506 3503
3 3507 3508 3503
3 3508 3507 3509
3 3510 3410 3411
3 3511 3411 3412
3 3510 3411 3511
3 3482 3410 3510
3 3512 3482 3510
3 3512 3510 3511
3 3513 3512 3511
3 3514 3412 3415
3 3515 3412 3514
3 3511 3412 3515
3 3515 3513 3511
3 3513 3515 3516
3 3517 3515 3514
3 3516 3515 3517
3 3484 3482 3512
3 3512 3518 3484
3 3485 3484 3519
3 3484 3518 3519
3 3513 3518 3512
3 3507 3485 3519
3 3509 3507 3519
3 3509 3519 3520
3 3520 3519 3518
3 3520 3518 3513
3 3520 3513 3521
3 3522 3509 3520
3 3523 3522 3520
3 3523 3520 3521
3 3524 3513 3516
3 3525 3513 3524
3 3525 3521 3513
3 3525 3526 3521
3 3524 3516 3527
3 3527 3528 3524
3 3497 1622 1595
3 3529 3530 3497
3 3530 1622 3497
3 1624 1622 3530
3 3529 3500 3501
3 3531 3529 3532
3 3529 3497 3500
3 3529 3533 3530
3 3533 3529 3531
3 3534 1624 3530
3 1623 1624 1627
3 1624 3534 1627
3 3535 3534 3530
3 3535 3530 3533
3 3535 3533 3536
3 3531 3537 3533
3 3536 3533 3537
3 3534 3535 3538
3 3538 3535 3536
3 3538 3536 3539
3 3537 3539 3536
3 3532 3505 3540
3 3529 3501 3532
3 3532 3501 3505
3 3540 3505 3506
3 3531 3532 3541
3 3542 3532 3540
3 3540 3506 3542
3 3542 3506 3543
3 3544 3508 3509
3 3508 3544 3506
3 3543 3506 3544
3 3545 3542 3543
3 3541 3532 3542
3 3541 3542 3546
3 3537 3531 3541
3 3547 3537 3541
3 3547 3541 3548
3 3547 3539 3537
3 3549 3546 3542
3 3541 3546 3548
3 3548 3546 3549
3 3549 3542 3545
3 3550 3549 3545
3 3549 3550 3551
3 3548 3549 3551
3 1625 1627 3534
3 3552 1625 3534
3 3552 3534 3538
3 1632 1625 3552
3 3553 3538 3539
3 3554 1632 3552
3 3538 3555 3552
3 3555 3538 3553
3 3547 3553 3539
3 3556 3553 3547
3 3557 3548 3551
3 3547 3557 3556
3 3557 3547 3548
3 3556 3555 3553
3 3558 3555 3556
3 3556 3557 3559
3 3522 3560 3509
3 3523 3521 3526
3 3560 3522 3561
3 3561 3522 3523
3 3562 3561 3523
3 3562 3523 3526
3 3563 3561 3562
3 3561 3563 3564
3 3563 3562 3565
3 3564 3563 3566
3 3566 3563 3565
3 3566 3565 3567
3 3568 3566 3567
3 3525 3569 3526
3 3570 3525 3524
3 3569 3525 3570
3 3562 3526 3569
3 3571 3569 3570
3 3572 3569 3571
3 3570 3524 3528
3 3571 3570 3528
3 3573 3571 3528
3 3574 3562 3569
3 3574 3569 3572
3 3565 3574 3567
3 3565 3562 3574
3 3567 3574 3572
3 3575 3567 3572
3 3576 3572 3571
3 3576 3575 3572
3 3577 3575 3578
3 3578 3579 3577
3 3567 3575 3577
3 3580 3567 3577
3 3578 3571 3573
3 3576 3571 3578
3 3578 3575 3576
3 3581 3578 3573
3 3580 3568 3567
3 3580 3577 3579
3 3579 3578 3582
3 3582 3578 3583
3 3583 3584 3582
3 3580 3579 3582
3 3580 3582 3584
3 3578 3581 3583
3 3585 3584 3583
3 3586 3580 3587
3 3587 3580 3584
3 3588 3584 3585
3 3588 3587 3584
3 3509 3560 3544
3 3589 3543 3544
3 3589 3544 3560
3 3545 3543 3589
3 3589 3550 3545
3 3550 3589 3561
3 3560 3561 3589
3 3550 3561 3564
3 3551 3550 3590
3 3590 3550 3564
3 3591 3551 3590
3 3557 3551 3591
3 3592 3591 3590
3 3592 3557 3591
3 3590 3564 3568
3 3568 3564 3566
3 3593 3590 3568
3 3592 3590 3593
3 3592 3559 3557
3 3592 3594 3559
3 3594 3592 3593
3 3594 3593 3586
3 3586 3593 3568
3 3580 3586 3568
3 3514 3415 3471
3 3470 3474 3471
3 3514 3471 3595
3 3471 3474 3595
3 3474 3596 3595
3 3595 3596 3597
3 3517 3514 3595
3 3477 3474 3472
3 3596 3474 3477
3 3598 3596 3477
3 3079 3598 3477
3 3598 3597 3596
3 3597 3599 3595
3 3599 3597 3600
3 3601 3599 3600
3 3601 3600 3602
3 3517 3595 3603
3 3603 3595 3599
3 3527 3516 3517
3 3527 3517 3603
3 3604 3527 3603
3 3528 3527 3604
3 3604 3603 3601
3 3599 3601 3603
3 3605 3604 3601
3 3606 3597 3598
3 3600 3597 3607
3 3607 3597 3606
3 3607 3608 3600
3 3608 3607 3609
3 3078 3081 3079
3 3079 3610 3598
3 3079 3081 3610
3 3610 3606 3598
3 3610 3611 3606
3 3610 3081 3611
3 3081 3084 3611
3 3612 3611 3084
3 3084 3081 3080
3 3606 3613 3607
3 3613 3606 3611
3 3086 3612 3084
3 3611 3612 3614
3 3614 3612 3615
3 3615 3612 3086
3 3616 3086 3108
3 3615 3086 3616
3 3112 3616 3108
3 3607 3613 3609
3 3611 3614 3613
3 3609 3613 3617
3 3618 3617 3619
3 3619 3614 3620
3 3615 3620 3614
3 3616 3620 3615
3 3616 3621 3620
3 3621 3616 3112
3 3621 3112 3114
3 3622 3619 3620
3 3617 3613 3614
3 3617 3614 3619
3 3621 3114 3186
3 3621 3622 3620
3 3528 3604 3573
3 3604 3605 3623
3 3605 3601 3602
3 3623 3573 3604
3 3624 3573 3623
3 3624 3581 3573
3 3625 3624 3623
3 3600 3608 3602
3 3602 3608 3626
3 3626 3608 3609
3 3627 3602 3626
3 3627 3625 3602
3 3627 3626 3628
3 3623 3605 3602
3 3602 3625 3623
3 3624 3629 3581
3 3585 3581 3629
3 3585 3583 3581
3 3625 3629 3624
3 3625 3630 3629
3 3630 3625 3631
3 3629 3632 3585
3 3588 3585 3632
3 3630 3633 3629
3 3629 3633 3632
3 3631 3627 3634
3 3634 3635 3631
3 3635 3634 3636
3 3635 3636 3637
3 3638 3637 3636
3 3631 3625 3627
3 3633 3630 3639
3 3630 3631 3635
3 3630 3635 3639
3 3637 3639 3635
3 3618 3609 3617
3 3618 3626 3609
3 3640 3622 3621
3 3622 3618 3619
3 3640 3621 3186
3 3188 3641 3184
3 3642 3618 3622
3 3642 3622 3640
3 3640 3643 3642
3 3643 3640 3641
3 3641 3186 3184
3 3641 3640 3186
3 3626 3618 3628
3 3644 3628 3618
3 3645 3644 3618
3 3645 3646 3644
3 3188 3193 3647
3 3647 3641 3188
3 3618 3642 3645
3 3645 3642 3643
3 3193 3648 3647
3 3214 3648 3193
3 3643 3649 3645
3 3649 3643 3641
3 3650 3649 3647
3 3651 3645 3649
3 3651 3646 3645
3 3651 3649 3650
3 3649 3641 3647
3 3217 3225 3652
3 3217 3652 3653
3 3652 3654 3653
3 3655 3648 3653
3 3634 3628 3656
3 3634 3627 3628
3 3656 3644 3646
3 3657 3656 3646
3 3656 3628 3644
3 3651 3658 3646
3 3659 3634 3656
3 3659 3636 3634
3 3657 3659 3656
3 3658 3657 3646
3 3660 3657 3658
3 3660 3661 3657
3 3662 3658 3663
3 3658 3662 3660
3 3217 3648 3214
3 3647 3648 3650
3 3663 3651 3650
3 3653 3648 3217
3 3650 3648 3655
3 3655 3663 3650
3 3658 3651 3663
3 3663 3655 3662
3 3652 3225 3227
3 3227 3654 3652
3 3231 3227 3226
3 3664 3655 3653
3 3653 3654 3664
3 3231 3665 3227
3 3665 3654 3227
3 3666 3665 3231
3 3654 3665 3666
3 3666 3664 3654
3 3661 3659 3657
3 3659 3661 3636
3 3667 3661 3660
3 3662 3655 3664
3 3668 3662 3664
3 3638 3636 3661
3 3669 3661 3667
3 3667 3660 3662
3 3668 3667 3662
3 3670 854 853
3 856 854 3670
3 3671 853 852
3 3672 856 3670
3 3670 3673 3672
3 3673 3670 853
3 856 3674 855
3 3673 853 3671
3 3674 3672 3675
3 856 3672 3674
3 852 857 3676
3 3676 857 859
3 3676 859 3677
3 852 3676 3678
3 852 3678 3671
3 3677 3678 3676
3 3678 3679 3671
3 3680 3681 3682
3 3683 3682 3679
3 3680 3682 3683
3 3684 3683 3679
3 3678 3685 3679
3 3684 3679 3685
3 3672 3673 3681
3 3675 3672 3681
3 3686 3674 3675
3 3674 3686 3687
3 3681 3680 3675
3 3688 3675 3680
3 3688 3686 3675
3 3686 3689 3687
3 3671 3682 3673
3 3681 3673 3682
3 3679 3682 3671
3 3678 3677 3685
3 3690 3680 3683
3 3688 3680 3690
3 3691 3683 3684
3 3690 3683 3691
3 3692 3688 3690
3 3684 3685 3693
3 3692 3690 3694
3 3695 3694 3696
3 3695 3692 3694
3 3693 3691 3684
3 3696 3691 3697
3 3697 3691 3693
3 3697 3693 3698
3 3688 3692 3686
3 3689 3686 3692
3 3699 3689 3692
3 3700 3701 3697
3 3697 3701 3702
3 3703 3701 3700
3 3704 3695 3696
3 3704 3705 3695
3 3705 3706 3695
3 3702 3696 3697
3 3698 3700 3697
3 3707 3708 3709
3 3703 3710 3701
3 3705 3711 3706
3 3702 3708 3704
3 3705 3704 3708
3 3707 3711 3705
3 3707 3705 3708
3 3712 3713 3714
3 3715 3712 3714
3 3695 3699 3692
3 3695 3706 3699
3 3716 3714 3699
3 3714 3689 3699
3 3713 3689 3714
3 3699 3706 3716
3 3706 3711 3716
3 3717 3716 3711
3 3716 3715 3714
3 3717 3715 3716
3 890 3718 894
3 3719 899 894
3 894 3720 3719
3 3721 3719 3720
3 3722 3719 3721
3 3723 3719 3722
3 3724 3722 3721
3 3718 851 855
3 3718 890 851
3 3687 855 3674
3 3725 3718 855
3 3720 894 3718
3 3725 855 3687
3 3725 3687 3726
3 3720 3718 3725
3 3725 3721 3720
3 3689 3726 3687
3 3727 3725 3726
3 3727 3721 3725
3 899 892 894
3 900 3728 902
3 3728 903 902
3 3729 900 899
3 3729 3728 900
3 3723 899 3719
3 3730 3723 3722
3 3729 899 3723
3 3731 3729 3723
3 3731 3723 3730
3 3729 3731 3732
3 3733 3732 3731
3 3713 3726 3689
3 3727 3726 3734
3 3735 3721 3727
3 3727 3734 3735
3 3734 3726 3713
3 3736 3734 3713
3 3737 3735 3734
3 3737 3734 3736
3 3721 3735 3724
3 3737 3738 3735
3 3735 3738 3724
3 3739 3724 3738
3 3740 3739 3738
3 3712 3736 3713
3 3736 3712 3737
3 3715 3741 3712
3 3742 3737 3712
3 3743 3738 3737
3 3738 3743 3740
3 3737 3742 3743
3 3744 3743 3742
3 3745 3722 3724
3 3746 3745 3724
3 3745 3730 3722
3 3739 3746 3724
3 3747 3745 3746
3 3747 3730 3745
3 3730 3733 3731
3 3733 3730 3747
3 3747 3748 3733
3 3749 3746 3740
3 3749 3747 3746
3 3750 3751 3749
3 3751 3747 3749
3 3747 3751 3748
3 3750 3752 3751
3 3753 3752 3750
3 3752 3754 3751
3 3752 3755 3754
3 3740 3746 3739
3 3750 3740 3743
3 3749 3740 3750
3 3707 3756 3757
3 3758 3711 3707
3 3757 3758 3707
3 3756 3710 3759
3 3760 3756 3759
3 3761 3756 3760
3 3762 3756 3761
3 3762 3757 3756
3 3763 3757 3762
3 3764 3711 3758
3 3764 3717 3711
3 3765 3717 3764
3 3764 3757 3765
3 3757 3764 3758
3 3766 3761 3767
3 3766 3762 3761
3 3763 3762 3766
3 3766 3768 3763
3 3768 3769 3763
3 3763 3765 3757
3 3770 3765 3763
3 3770 3763 3769
3 3771 3769 3772
3 3712 3773 3742
3 3773 3712 3741
3 3773 3774 3775
3 3774 3773 3741
3 3776 3774 3777
3 3717 3741 3715
3 3777 3717 3765
3 3717 3777 3741
3 3774 3741 3777
3 3773 3778 3742
3 3778 3744 3742
3 3773 3775 3778
3 3779 3744 3778
3 3774 3776 3775
3 3775 3779 3778
3 3775 3780 3779
3 3775 3781 3780
3 3770 3777 3765
3 3776 3777 3782
3 3770 3769 3782
3 3782 3777 3770
3 3775 3776 3781
3 3783 3781 3776
3 3781 3783 3784
3 3783 3776 3782
3 3785 3752 3753
3 3785 3755 3752
3 3786 3785 3787
3 3744 3788 3743
3 3750 3743 3788
3 3779 3788 3744
3 3753 3750 3788
3 3753 3788 3789
3 3788 3779 3789
3 3780 3789 3779
3 3790 3753 3789
3 3790 3789 3780
3 3780 3791 3790
3 3787 3753 3790
3 3785 3753 3787
3 3781 3791 3780
3 3792 3791 3781
3 3792 3793 3791
3 3781 3784 3792
3 3794 3792 3784
3 3794 3793 3792
3 3791 3787 3790
3 3795 3787 3791
3 3795 3791 3793
3 3786 3787 3795
3 3796 3795 3793
3 3795 3796 3786
3 3782 3769 3797
3 3798 3797 3799
3 3799 3797 3769
3 3783 3800 3784
3 3782 3797 3783
3 3797 3800 3783
3 3798 3800 3797
3 3769 3771 3799
3 3771 3801 3799
3 3798 3802 3800
3 3799 3803 3798
3 3802 3798 3803
3 3801 3803 3799
3 3804 3784 3800
3 3804 3794 3784
3 3805 3804 3800
3 3804 3805 3806
3 3793 3794 3807
3 3806 3807 3794
3 3806 3794 3804
3 3808 3807 3806
3 3806 3809 3808
3 3800 3802 3805
3 3806 3805 3809
3 3810 3805 3802
3 3802 3811 3810
3 3810 3809 3805
3 975 977 3812
3 975 3812 978
3 3813 978 3814
3 3814 978 3812
3 977 3814 3812
3 3815 3814 977
3 3814 3816 3813
3 3817 3814 3815
3 3817 3816 3814
3 3815 3818 3817
3 3819 3817 3818
3 3820 3816 3817
3 3819 3820 3817
3 3729 3821 3728
3 3822 903 3728
3 3823 980 903
3 3823 976 980
3 976 3823 977
3 3822 3823 903
3 3821 3822 3728
3 3732 3821 3729
3 3824 3822 3821
3 3824 3823 3822
3 3732 3825 3821
3 3824 3821 3825
3 3824 977 3823
3 3815 977 3824
3 3818 3824 3826
3 3818 3815 3824
3 3825 3732 3827
3 3733 3827 3732
3 3827 3733 3748
3 3827 3828 3829
3 3824 3825 3826
3 3829 3826 3825
3 3829 3825 3827
3 3748 3828 3827
3 3748 3751 3754
3 3754 3828 3748
3 3754 3830 3828
3 3831 3830 3754
3 3832 3829 3828
3 3830 3832 3828
3 3833 3832 3830
3 3818 3826 3834
3 3829 3835 3826
3 3834 3826 3835
3 3834 3819 3818
3 3836 3819 3834
3 3832 3835 3829
3 3837 3835 3832
3 3838 3834 3835
3 3834 3839 3836
3 3838 3839 3834
3 3838 3840 3839
3 3837 3838 3835
3 3838 3837 3840
3 3841 3839 3840
3 979 978 996
3 978 3813 996
3 3842 3813 3816
3 995 996 998
3 3843 997 998
3 998 996 3813
3 3842 998 3813
3 3820 3842 3816
3 3844 3842 3820
3 3842 3843 998
3 3843 3842 3844
3 3845 999 997
3 3845 1000 999
3 1000 3845 3846
3 3845 3847 3846
3 3848 997 3843
3 997 3848 3845
3 3847 3845 3848
3 3820 3819 3849
3 3820 3849 3844
3 3836 3849 3819
3 3850 3849 3836
3 3850 3844 3849
3 3844 3850 3851
3 3852 3851 3850
3 3853 3854 3850
3 3850 3854 3852
3 3854 3855 3852
3 3856 3855 3854
3 3844 3857 3843
3 3844 3851 3857
3 3858 3843 3857
3 3859 3858 3857
3 3858 3848 3843
3 3858 3860 3848
3 3859 3857 3851
3 3861 3851 3852
3 3851 3861 3859
3 3861 3862 3859
3 3863 3861 3855
3 3861 3852 3855
3 3862 3861 3863
3 3864 3860 3858
3 3862 3858 3859
3 3858 3862 3864
3 3862 3863 3865
3 3865 3864 3862
3 3853 3836 3839
3 3839 3841 3853
3 3853 3850 3836
3 3866 3755 3785
3 3831 3754 3755
3 3755 3867 3831
3 3866 3867 3755
3 3786 3866 3785
3 3868 3867 3866
3 3831 3833 3830
3 3867 3833 3831
3 3867 3868 3869
3 3870 3871 3833
3 3870 3867 3869
3 3870 3833 3867
3 3796 3872 3786
3 3866 3786 3872
3 3868 3866 3872
3 3873 3868 3872
3 3874 3873 3872
3 3874 3872 3796
3 3875 3874 3796
3 3869 3868 3873
3 3876 3870 3869
3 3877 3869 3873
3 3869 3877 3876
3 3878 3873 3874
3 3877 3873 3878
3 3807 3796 3793
3 3875 3796 3807
3 3871 3837 3832
3 3879 3837 3871
3 3880 3879 3871
3 3881 3879 3880
3 3871 3832 3833
3 3870 3880 3871
3 3840 3837 3882
3 3879 3882 3837
3 3883 3841 3840
3 3883 3840 3882
3 3879 3881 3882
3 3883 3882 3881
3 3884 3883 3881
3 3885 3881 3880
3 3880 3870 3876
3 3876 3885 3880
3 3886 3885 3876
3 3877 3886 3876
3 3887 3881 3885
3 3887 3884 3881
3 3887 3888 3884
3 3889 3887 3885
3 3887 3889 3890
3 3891 3878 3874
3 3891 3874 3875
3 3892 3878 3891
3 3893 3891 3875
3 3891 3893 3894
3 3891 3894 3892
3 3894 3895 3896
3 3897 3875 3807
3 3808 3897 3807
3 3893 3875 3897
3 3898 3893 3897
3 3809 3897 3808
3 3809 3898 3897
3 3899 3898 3809
3 3900 3809 3810
3 3900 3899 3809
3 3895 3893 3898
3 3895 3894 3893
3 3895 3898 3901
3 3896 3895 3901
3 3899 3901 3898
3 3878 3886 3877
3 3892 3902 3878
3 3885 3886 3889
3 3902 3886 3878
3 3902 3892 3903
3 3892 3894 3904
3 3904 3903 3892
3 3887 3890 3888
3 3905 3888 3890
3 3886 3902 3889
3 3906 3890 3889
3 3889 3902 3906
3 3903 3906 3902
3 3906 3905 3890
3 3896 3904 3894
3 3896 3907 3904
3 3907 3903 3904
3 3896 3901 3908
3 3907 3896 3909
3 3903 3910 3906
3 3910 3903 3907
3 3907 3909 3911
3 3907 3911 3910
3 3912 3910 3911
3 3854 3913 3914
3 3856 3854 3914
3 3856 3863 3855
3 3863 3856 3865
3 3914 3915 3856
3 3915 3865 3856
3 3916 3917 3865
3 3916 3915 3918
3 3865 3915 3916
3 3919 3914 3920
3 3918 3914 3919
3 3914 3918 3915
3 3919 3921 3918
3 3922 3923 3921
3 3924 3853 3841
3 3924 3854 3853
3 3883 3924 3841
3 3925 3924 3883
3 3913 3854 3924
3 3926 3883 3884
3 3926 3925 3883
3 3884 3888 3926
3 3927 3925 3926
3 3924 3925 3913
3 3913 3920 3914
3 3913 3925 3920
3 3927 3928 3925
3 3928 3920 3925
3 3920 3922 3919
3 3928 3922 3920
3 3929 3926 3888
3 3888 3905 3929
3 3929 3927 3926
3 3930 3905 3906
3 3931 3929 3905
3 3929 3931 3927
3 3930 3931 3905
3 3932 3928 3927
3 3931 3933 3927
3 3934 3932 3935
3 3932 3927 3933
3 3932 3933 3935
3 3936 3930 3937
3 3930 3936 3931
3 3936 3937 3938
3 3930 3906 3910
3 3930 3910 3937
3 3912 3937 3910
3 3911 3939 3912
3 3939 3937 3912
3 3936 3933 3931
3 3933 3936 3940
3 3938 3940 3936
3 3940 3935 3933
3 3941 3935 3940
3 3941 3940 3938
3 3942 3943 3941
3 3942 3941 3938
3 3944 3938 3937
3 3934 3922 3928
3 3932 3934 3928
3 3922 3921 3919
3 3945 3922 3934
3 3923 3922 3945
3 3946 3923 3945
3 3947 3934 3935
3 3947 3948 3934
3 3943 3948 3947
3 3947 3935 3941
3 3948 3945 3934
3 3949 3946 3945
3 3949 3945 3948
3 3943 3947 3941
3 3943 3949 3948
3 3950 3946 3949
3 3950 3949 3951
3 3943 3951 3949
3 3946 3950 3952
3 3953 3801 3771
3 3953 3954 3801
3 3953 3955 3954
3 3956 3954 3955
3 3956 3955 3957
3 3958 3803 3801
3 3958 3811 3803
3 3811 3802 3803
3 3954 3958 3801
3 3954 3959 3958
3 3960 3811 3958
3 3959 3960 3958
3 3811 3961 3810
3 3900 3961 3962
3 3961 3811 3960
3 3954 3956 3959
3 3956 3963 3959
3 3959 3964 3960
3 3963 3964 3959
3 3965 3956 3957
3 3956 3965 3963
3 3963 3965 3966
3 3967 3965 3957
3 3967 3968 3965
3 3810 3961 3900
3 3969 3899 3900
3 3960 3962 3961
3 3962 3969 3900
3 3970 3969 3962
3 3969 3901 3899
3 3971 3901 3969
3 3970 3971 3969
3 3964 3972 3960
3 3972 3970 3962
3 3972 3962 3960
3 3973 3974 3972
3 3964 3973 3972
3 3974 3970 3972
3 3973 3975 3974
3 3896 3908 3909
3 3976 3909 3908
3 3976 3911 3909
3 3976 3977 3911
3 3978 3976 3979
3 3979 3976 3908
3 3901 3971 3908
3 3971 3979 3908
3 3980 3971 3970
3 3970 3974 3980
3 3971 3980 3979
3 3980 3981 3979
3 3975 3980 3974
3 3982 3980 3975
3 3981 3978 3979
3 3981 3983 3978
3 3984 3983 3981
3 3966 3964 3963
3 3966 3973 3964
3 3973 3966 3985
3 3966 3965 3968
3 3985 3975 3973
3 3966 3986 3985
3 3986 3966 3968
3 3986 3968 3987
3 3988 3975 3985
3 3988 3985 3986
3 3988 3982 3975
3 3980 3984 3981
3 3980 3982 3984
3 3984 3989 3983
3 3989 3984 3990
3 3982 3990 3984
3 3991 3982 3988
3 3982 3991 3990
3 3987 3988 3986
3 3987 3992 3988
3 3988 3992 3991
3 3993 3990 3991
3 3992 3993 3991
3 3977 3939 3911
3 3937 3939 3944
3 3994 3944 3939
3 3977 3994 3939
3 3942 3938 3944
3 3995 3942 3944
3 3995 3944 3994
3 3994 3977 3996
3 3994 3996 3995
3 3995 3996 3997
3 3976 3978 3977
3 3996 3977 3998
3 3978 3998 3977
3 3978 3983 3998
3 3999 3998 3983
3 4000 3997 3996
3 3996 3998 4001
3 3999 4001 3998
3 3942 4002 3943
3 4003 4002 3942
3 4004 4002 4003
3 3995 4003 3942
3 4003 3995 3997
3 4005 4003 3997
3 4003 4005 4004
3 3943 4002 3951
3 4006 3951 4002
3 4007 3950 3951
3 4006 4007 3951
3 4006 4008 4007
3 4004 4006 4002
3 4005 4006 4004
3 4006 4005 4009
3 4009 4010 4006
3 4005 3997 4000
3 4005 4000 4011
3 4001 4000 3996
3 4011 4009 4005
3 4012 4001 3999
3 3989 3999 3983
3 3999 3989 4013
3 4014 3999 4013
3 4013 4015 4014
3 4014 4015 4016
3 4013 3989 3990
3 3990 3993 4013
3 4015 4013 3993
3 3993 4017 4015
3 4012 4000 4001
3 4012 4011 4000
3 3999 4018 4012
3 4012 4018 4019
3 4012 4020 4011
3 4019 4020 4012
3 4014 4018 3999
3 4016 4018 4014
3 4018 4021 4019
3 4022 3968 3967
3 4022 3987 3968
3 4023 3987 4022
3 4024 4023 4022
3 4024 4025 4026
3 4027 3992 3987
3 4028 3992 4027
3 3987 4023 4027
3 4026 4023 4024
3 4027 4026 4029
3 4026 4027 4023
3 4027 4029 4028
3 4029 4030 4028
3 4031 4032 4025
3 4032 4026 4025
3 4033 4032 4031
3 4034 4032 4033
3 4026 4032 4035
3 4036 4035 4032
3 4036 4037 4035
3 4026 4035 4029
3 4029 4038 4030
3 4035 4038 4029
3 4035 4037 4038
3 4039 4034 4040
3 4036 4032 4034
3 4039 4036 4034
3 4041 4038 4037
3 4041 4042 4038
3 4039 4037 4036
3 4037 4039 4043
3 4044 4041 4037
3 4037 4043 4044
3 4045 4042 4041
3 4045 4041 4044
3 4046 4047 4045
3 3992 4017 3993
3 3992 4028 4017
3 4028 4048 4017
3 4017 4016 4015
3 4030 4048 4028
3 4049 4048 4030
3 4048 4050 4017
3 4051 4048 4049
3 4050 4052 4016
3 4016 4052 4018
3 4053 4052 4050
3 4052 4021 4018
3 4054 4021 4052
3 4053 4054 4052
3 4050 4016 4017
3 4048 4051 4050
3 4050 4051 4053
3 4055 4030 4038
3 4055 4038 4056
3 4030 4055 4049
3 4049 4057 4058
3 4057 4049 4055
3 4042 4056 4038
3 4056 4059 4060
3 4056 4042 4047
3 4047 4042 4045
3 4059 4056 4047
3 4060 4055 4056
3 4057 4055 4060
3 4060 4061 4057
3 4057 4061 4062
3 4063 4060 4059
3 4063 4061 4060
3 4064 4065 4061
3 4058 4051 4049
3 4058 4066 4051
3 4053 4051 4066
3 4053 4066 4067
3 4066 4068 4067
3 4062 4058 4057
3 4065 4058 4062
3 4058 4065 4069
3 4065 4062 4061
3 4066 4069 4070
3 4058 4069 4066
3 4070 4068 4066
3 4071 4043 4039
3 4071 4044 4043
3 4044 4071 4045
3 4072 4045 4071
3 4072 4073 4045
3 4073 4046 4045
3 4074 4046 4073
3 4075 4074 4073
3 4073 4076 4075
3 4077 4075 4076
3 4076 4078 4077
3 4046 4079 4047
3 4074 4079 4046
3 4079 4059 4047
3 4059 4079 4063
3 4079 4080 4063
3 4081 4079 4074
3 4075 4081 4074
3 4081 4075 4082
3 4081 4082 4083
3 4081 4084 4079
3 4083 4084 4081
3 4080 4061 4063
3 4064 4061 4080
3 4085 4064 4080
3 4079 4084 4080
3 4085 4080 4084
3 4085 4084 4086
3 4086 4084 4083
3 4064 4085 4086
3 4087 4064 4086
3 4087 4086 4088
3 4077 4082 4075
3 4078 4082 4077
3 4082 4078 4089
3 4083 4082 4089
3 4083 4089 4090
3 4091 4089 4078
3 4092 4093 4090
3 4089 4091 4090
3 4090 4093 4083
3 4086 4083 4093
3 4094 4088 4093
3 4086 4093 4088
3 4088 4094 4095
3 4093 4092 4094
3 4096 4094 4092
3 4097 4095 4094
3 4069 4065 4098
3 4098 4099 4069
3 4100 4065 4064
3 4065 4100 4098
3 4101 4098 4100
3 4064 4087 4100
3 4087 4101 4100
3 4101 4102 4098
3 4102 4099 4098
3 4069 4099 4070
3 4099 4103 4070
3 4099 4102 4103
3 4104 4101 4087
3 4088 4104 4087
3 4105 4104 4088
3 4088 4095 4105
3 4101 4104 4102
3 4106 4104 4105
3 4107 4105 4095
3 4106 4105 4107
3 4107 4095 4097
3 4106 4102 4104
3 4108 4106 4107
3 4102 4109 4103
3 4110 4103 4109
3 4109 4102 4106
3 4106 4108 4109
3 4111 4109 4108
3 4109 4111 4112
3 4112 4110 4109
3 4092 4090 4113
3 4114 4092 4113
3 4114 4096 4092
3 4094 4096 4097
3 4097 4115 4116
3 4115 4097 4096
3 4117 4115 4096
3 4118 4116 4115
3 4117 4096 4114
3 4117 4114 4119
3 4120 4117 4119
3 4121 4115 4117
3 4121 4118 4115
3 4120 4121 4117
3 4118 4121 4122
3 4123 4121 4120
3 4123 4122 4121
3 4124 4123 4120
3 4125 4123 4126
3 4123 4125 4127
3 4116 4107 4097
3 4128 4107 4116
3 4129 4108 4107
3 4111 4108 4129
3 4107 4128 4129
3 4128 4116 4118
3 4128 4122 4130
3 4130 4131 4129
3 4129 4128 4130
3 4131 4111 4129
3 4131 4112 4111
3 4130 4132 4131
3 4133 4112 4131
3 4118 4122 4128
3 4134 4130 4122
3 4132 4130 4134
3 4123 4134 4122
3 4127 4134 4123
3 4134 4135 4132
3 4135 4134 4136
3 4131 4132 4135
3 4133 4131 4135
3 4133 4135 4137
3 4126 4127 4125
3 4126 4138 4127
3 4127 4136 4134
3 4127 4138 4136
3 4136 4139 4135
3 4140 4136 4138
3 4140 4138 4141
3 4140 4141 4142
3 4143 4140 4142
3 4139 4136 4140
3 4144 4140 4143
3 4144 4139 4140
3 4135 4139 4145
3 4137 4135 4145
3 4144 4145 4139
3 4144 4146 4145
3 4146 4137 4145
3 4143 4142 4147
3 4143 4147 4144
3 4148 4144 4147
3 4148 4146 4144
3 4148 4149 4146
3 4148 4150 4149
3 4151 4149 4150
3 4152 4151 4150
3 4153 4152 4150
3 4154 4155 4156
3 3694 3690 3691
3 3696 3694 3691
3 3696 3702 3704
3 3701 3708 3702
3 3701 3710 3708
3 3710 3709 3708
3 3756 3709 3710
3 3709 3756 3707
3 4091 4113 4090
3 4126 4141 4138
3 4152 4156 4155
3 4157 4158 4159
3 4157 4160 4158
3 4161 4159 4162
3 4163 4161 4162
3 4162 4159 4158
3 4164 4163 4162
3 4158 4165 4162
3 4166 4167 4168
3 4169 4170 4168
3 4166 4158 4167
3 4158 4166 4165
3 4170 4171 4168
3 4166 4168 4171
3 4172 4162 4165
3 4162 4172 4164
3 4173 4172 4165
3 4174 4164 4172
3 4174 4172 4175
3 4176 4165 4166
3 4173 4165 4177
3 4177 4165 4176
3 4176 4166 4171
3 4175 4172 4173
3 4173 4177 4178
3 4176 4179 4177
3 4179 4176 4180
3 4181 4174 4175
3 4174 4181 4182
3 4183 4182 4181
3 4177 4179 4178
3 4178 4184 4185
3 4184 4178 4179
3 4184 4179 4186
3 4180 4186 4179
3 4178 4175 4173
3 4178 4185 4175
3 4181 4175 4185
3 4184 4187 4185
3 4185 4187 4188
3 4180 4189 4186
3 4188 4181 4185
3 4190 4181 4188
3 4181 4190 4183
3 4191 4171 4170
3 4176 4171 4191
3 4191 4170 4192
3 4191 4180 4176
3 4180 4191 4193
3 4192 4194 4191
3 4193 4191 4194
3 4195 4194 4196
3 4180 4193 4197
3 4189 4180 4197
3 4193 4194 4195
3 4195 4198 4193
3 4199 4195 4200
3 4199 4198 4195
3 4201 4199 4202
3 859 860 4203
3 3677 859 4203
3 4204 3677 4203
3 1461 4203 860
3 4204 4203 4205
3 4205 4203 1461
3 1462 4205 1461
3 3685 3677 4204
3 4206 4205 4207
3 4207 4205 1462
3 4204 4205 4206
3 4208 4204 4206
3 4209 4204 4208
3 4206 4210 4208
3 4211 1462 1463
3 4211 1463 1477
3 4211 4212 4207
3 1462 4211 4207
3 4210 4207 4212
3 4210 4206 4207
3 4213 4212 4211
3 4213 4214 4212
3 4210 4212 4214
3 4215 4214 4213
3 4216 3693 3685
3 4216 3685 4204
3 4209 4216 4204
3 3698 3693 4216
3 3698 4216 4217
3 4216 4209 4217
3 4218 4217 4209
3 4219 4217 4218
3 4218 4209 4220
3 4221 4218 4220
3 4221 4220 4222
3 4209 4208 4223
3 4220 4209 4223
3 4224 3703 3700
3 4224 3698 4217
3 3700 3698 4224
3 4217 4219 4224
3 4225 4219 4218
3 4226 4224 4219
3 4226 4219 4227
3 4225 4227 4219
3 4226 3703 4224
3 4228 3703 4226
3 4229 4226 4227
3 4230 4227 4225
3 4221 4230 4225
3 4225 4218 4221
3 4227 4230 4229
3 4230 4231 4232
3 4230 4232 4233
3 4223 4208 4210
3 4234 4223 4210
3 4234 4210 4235
3 4220 4223 4234
3 4220 4234 4222
3 4222 4234 4235
3 4222 4235 4236
3 4235 4210 4237
3 4237 4210 4214
3 4238 4237 4214
3 4238 4214 4239
3 4240 4237 4238
3 4240 4238 4241
3 4242 4235 4237
3 4236 4235 4242
3 4242 4237 4240
3 4242 4240 4243
3 4231 4221 4222
3 4231 4222 4244
3 4230 4221 4231
3 4244 4245 4232
3 4231 4244 4232
3 4246 4232 4245
3 4247 4232 4246
3 4246 4248 4247
3 4244 4222 4236
3 4236 4245 4244
3 4249 4236 4242
3 4249 4245 4236
3 4245 4249 4246
3 4246 4249 4250
3 4242 4243 4249
3 4251 4249 4243
3 4250 4249 4251
3 4250 4248 4246
3 4239 4214 4215
3 4239 4215 4252
3 4239 4252 4253
3 4241 4238 4239
3 4254 4255 4253
3 4255 4239 4253
3 4241 4239 4255
3 4243 4240 4241
3 4256 4243 4241
3 4256 4241 4255
3 4256 4255 4257
3 4258 4255 4254
3 4259 4255 4258
3 4260 4255 4259
3 4257 4255 4260
3 4261 4260 4259
3 4251 4243 4256
3 4251 4262 4250
3 4262 4251 4257
3 4251 4256 4257
3 4263 4262 4257
3 4263 4257 4260
3 4264 4250 4262
3 4248 4250 4264
3 4265 4248 4264
3 4264 4262 4263
3 4264 4263 4265
3 4265 4263 4266
3 4260 4261 4267
3 4263 4260 4267
3 4263 4267 4266
3 4268 4265 4266
3 4269 4267 4270
3 4266 4267 4269
3 4271 4266 4269
3 4211 1477 1480
3 4213 4211 1480
3 1480 1478 4272
3 1478 1479 4272
3 4272 1479 1511
3 1480 4272 4273
3 4215 1480 4273
3 1511 4273 4272
3 4274 4273 1511
3 4274 1511 4275
3 4215 4213 1480
3 4252 4215 4273
3 4252 4273 4274
3 4276 4274 4275
3 4253 4252 4274
3 4253 4274 4277
3 4254 4253 4277
3 4277 4274 4276
3 1522 1511 1518
3 4275 1511 1522
3 4278 1522 1521
3 4278 1521 4279
3 1521 1523 4279
3 4280 4276 4275
3 4281 4275 1522
3 4280 4275 4281
3 4281 1522 4278
3 4282 4277 4276
3 4276 4280 4283
3 4282 4276 4284
3 4284 4276 4283
3 4280 4281 4283
3 4283 4281 4285
3 4278 4279 4286
3 4281 4278 4286
3 4285 4281 4286
3 4285 4286 4287
3 4284 4283 4288
3 4288 4283 4285
3 4285 4287 4288
3 4289 4287 4290
3 4289 4288 4287
3 4277 4258 4254
3 4258 4277 4282
3 4259 4258 4282
3 4259 4282 4291
3 4292 4282 4284
3 4282 4292 4291
3 4261 4259 4291
3 4291 4270 4261
3 4267 4261 4270
3 4270 4291 4292
3 4292 4293 4270
3 4292 4284 4294
3 4288 4294 4284
3 4289 4294 4288
3 4295 4294 4289
3 4296 4294 4295
3 4294 4296 4292
3 4293 4292 4296
3 4297 4293 4296
3 4269 4293 4297
3 4297 4296 4295
3 4269 4270 4293
3 4271 4269 4297
3 4298 4271 4297
3 4299 4300 4301
3 4301 4302 4299
3 4303 4302 4301
3 4304 4302 4303
3 4305 4303 4301
3 4306 4301 4300
3 4300 4307 4306
3 4305 4301 4306
3 4306 4307 4308
3 4306 4308 4305
3 4309 4308 4307
3 4310 3710 3703
3 4310 3703 4228
3 4310 4228 4311
3 3759 3710 4310
3 4312 4310 4311
3 4228 4226 4311
3 4311 4226 4229
3 4313 4311 4229
3 4312 4311 4313
3 3759 4299 3760
3 4299 3759 4310
3 4310 4300 4299
3 4310 4314 4300
3 4310 4312 4314
3 4312 4315 4314
3 4313 4229 4233
3 4313 4233 4316
3 4316 4233 4317
3 4230 4233 4229
3 4313 4315 4312
3 4316 4315 4313
3 4318 4315 4316
3 3767 3761 3760
3 4302 3760 4299
3 3767 3760 4302
3 4314 4315 4307
3 4314 4307 4300
3 3767 4302 4304
3 3767 4304 3766
3 4307 4315 4318
3 4309 4307 4318
3 4317 4233 4319
3 4319 4233 4247
3 4233 4232 4247
3 4316 4317 4318
3 4318 4317 4319
3 4319 4247 4248
3 4248 4320 4319
3 4320 4248 4321
3 4320 4321 4322
3 4318 4320 4323
3 4320 4318 4319
3 4309 4318 4323
3 4323 4320 4324
3 4324 4320 4322
3 4303 4325 4304
3 4303 4326 4325
3 4305 4326 4303
3 4308 4327 4305
3 4325 4328 4329
3 4326 4305 4327
3 4330 4327 4308
3 4331 4326 4327
3 4331 4325 4326
3 4328 4325 4331
3 4308 4309 4332
3 4330 4308 4332
3 4309 4333 4332
3 4334 4331 4330
3 4335 4331 4334
3 4331 4327 4330
3 4331 4335 4328
3 4336 4328 4335
3 4337 4328 4336
3 4338 4335 4334
3 4334 4339 4338
3 4338 4336 4335
3 4340 4337 4336
3 4340 4341 4337
3 4334 4330 4342
3 4343 4334 4342
3 4342 4330 4332
3 4342 4332 4344
3 4344 4332 4333
3 4333 4345 4344
3 4343 4342 4346
3 4339 4334 4343
3 4347 4342 4344
3 4348 4347 4344
3 4346 4342 4347
3 4349 4344 4345
3 4348 4344 4349
3 4350 4345 4351
3 4349 4345 4350
3 4352 4350 4351
3 4353 4352 4354
3 4349 4350 4355
3 4356 4350 4352
3 4304 3768 3766
3 4304 4325 4329
3 4329 3768 4304
3 3772 3769 3768
3 4337 4329 4328
3 3772 3768 4329
3 4357 3772 4329
3 4357 4329 4337
3 4357 4337 4341
3 4358 3772 4357
3 4333 4309 4323
3 4333 4323 4345
3 4323 4324 4345
3 4324 4351 4345
3 4324 4322 4359
3 4351 4324 4359
3 4352 4351 4354
3 4354 4351 4359
3 4321 4248 4265
3 4360 4321 4268
3 4265 4268 4321
3 4268 4266 4361
3 4361 4266 4271
3 4362 4268 4361
3 4360 4322 4321
3 4360 4268 4362
3 4363 4362 4361
3 4361 4271 4363
3 4271 4298 4364
3 4364 4298 4365
3 4364 4363 4271
3 4362 4363 4366
3 4367 4363 4364
3 4363 4367 4366
3 4366 4367 4368
3 4356 4352 4353
3 4353 4369 4370
3 4371 4322 4360
3 4354 4359 4371
3 4359 4322 4371
3 4360 4362 4372
3 4371 4360 4372
3 4372 4362 4373
3 4374 4371 4372
3 4353 4354 4369
3 4354 4371 4374
3 4369 4354 4374
3 4369 4374 4375
3 4370 4369 4375
3 4376 4374 4372
3 4376 4372 4377
3 4375 4374 4376
3 4378 4375 4376
3 4378 4376 4379
3 4377 4379 4376
3 4362 4366 4373
3 4366 4380 4373
3 4380 4366 4381
3 4382 4380 4381
3 4381 4366 4368
3 4383 4381 4368
3 4384 4377 4385
3 4372 4373 4377
3 4385 4377 4373
3 4385 4373 4380
3 4385 4380 4382
3 4386 4385 4382
3 4384 4385 4386
3 4379 4377 4387
3 4387 4377 4384
3 4384 4386 4388
3 4387 4384 4388
3 4389 4382 4381
3 4383 4390 4381
3 4386 4382 4389
3 4391 4389 4381
3 4388 4386 4389
3 4388 4389 4391
3 4388 4391 4392
3 4390 4391 4381
3 4383 4393 4390
3 4394 4392 4391
3 4391 4390 4394
3 1523 1524 1532
3 1532 1533 4395
3 4395 1533 1534
3 1535 1534 1528
3 4279 1523 1532
3 1532 4396 4279
3 1532 4397 4396
3 4398 4396 4397
3 1532 4395 4397
3 1534 4399 4395
3 1534 4400 4399
3 4400 1534 1535
3 4401 4395 4399
3 4287 4286 4279
3 4279 4290 4287
3 4290 4279 4396
3 4290 4398 4402
3 4289 4290 4402
3 4403 4402 4398
3 4395 4401 4397
3 4404 4398 4397
3 4398 4290 4396
3 4404 4397 4401
3 4399 4400 4405
3 4399 4406 4401
3 4406 4399 4405
3 4407 4404 4401
3 4406 4407 4401
3 4404 4407 4408
3 4403 4398 4404
3 4403 4404 4408
3 4405 4409 4406
3 4410 4409 4405
3 4411 1535 1529
3 4412 1535 4411
3 1531 4411 1529
3 1535 4412 4400
3 4405 4400 4412
3 4405 4412 4413
3 4410 4405 4413
3 4411 1531 4414
3 4415 4413 4412
3 4411 4415 4412
3 4415 4411 4414
3 4295 4289 4416
3 4416 4289 4402
3 4402 4403 4416
3 4416 4403 4417
3 4418 4417 4403
3 4418 4403 4419
3 4408 4419 4403
3 4420 4297 4295
3 4295 4416 4420
3 4420 4416 4417
3 4420 4417 4421
3 4417 4418 4421
3 4422 4418 4419
3 4422 4419 4423
3 4407 4419 4408
3 4409 4407 4406
3 4407 4409 4424
3 4407 4424 4419
3 4409 4410 4425
3 4426 4424 4409
3 4427 4424 4426
3 4426 4409 4425
3 4423 4419 4424
3 4423 4424 4427
3 4298 4297 4420
3 4428 4298 4420
3 4420 4421 4428
3 4421 4418 4422
3 4428 4421 4429
3 4365 4298 4428
3 4429 4421 4422
3 4430 4422 4423
3 4428 4429 4365
3 4431 4365 4429
3 4431 4429 4432
3 4432 4422 4430
3 4432 4429 4422
3 4433 4430 4423
3 4433 4432 4430
3 4423 4427 4434
3 4434 4427 4435
3 4433 4423 4434
3 4433 4434 4436
3 4437 4434 4435
3 4436 4434 4437
3 4438 4425 4410
3 4438 4410 4413
3 4426 4425 4439
3 4426 4439 4435
3 4425 4438 4440
3 4439 4425 4440
3 4438 4413 4415
3 4438 4415 4441
3 4440 4438 4441
3 4441 4415 4442
3 4415 4443 4442
3 4444 4440 4441
3 4441 4442 4445
3 4441 4445 4444
3 4435 4427 4426
3 4446 4439 4440
3 4447 4435 4439
3 4447 4439 4446
3 4448 4437 4435
3 4448 4435 4447
3 4448 4447 4449
3 4444 4446 4440
3 4444 4445 4450
3 4446 4444 4450
3 4447 4446 4450
3 4451 4447 4450
3 4447 4451 4449
3 4364 4365 4452
3 4453 4367 4364
3 4364 4452 4453
3 4454 4453 4452
3 4452 4455 4456
3 4457 4455 4458
3 4453 4368 4367
3 4459 4453 4454
3 4383 4368 4460
3 4368 4453 4460
3 4460 4453 4459
3 4459 4454 4461
3 4454 4452 4456
3 4457 4456 4455
3 4454 4456 4461
3 4462 4456 4457
3 4461 4456 4462
3 4463 4459 4461
3 4394 4390 4393
3 4464 4394 4393
3 4465 4393 4466
3 4393 4383 4460
3 4460 4463 4466
3 4466 4393 4460
3 4460 4459 4463
3 4467 4463 4461
3 4468 4466 4463
3 4468 4463 4467
3 4469 4462 4457
3 4461 4462 4470
3 4470 4462 4469
3 4471 4470 4469
3 4471 4469 4472
3 4472 4469 4473
3 4470 4467 4461
3 4474 4471 4472
3 4467 4470 4475
3 4475 4470 4471
3 4476 4475 4471
3 4476 4471 4474
3 4477 4365 4431
3 4431 4432 4478
3 4452 4365 4477
3 4477 4431 4478
3 4478 4432 4433
3 4479 4478 4433
3 4477 4478 4480
3 4480 4478 4479
3 4433 4481 4479
3 4436 4482 4481
3 4433 4436 4481
3 4437 4483 4436
3 4482 4436 4483
3 4484 4482 4483
3 4452 4477 4455
3 4480 4455 4477
3 4479 4458 4480
3 4458 4479 4485
3 4458 4455 4480
3 4486 4458 4485
3 4485 4479 4481
3 4487 4485 4481
3 4486 4485 4487
3 4473 4486 4488
3 4487 4488 4486
3 4487 4481 4489
3 4489 4481 4482
3 4489 4482 4490
3 4491 4489 4490
3 4490 4482 4484
3 4492 4487 4489
3 4490 4484 4493
3 4494 4490 4495
3 4491 4490 4494
3 4493 4495 4490
3 4483 4437 4448
3 4483 4448 4496
3 4449 4496 4448
3 4496 4484 4483
3 4497 4484 4496
3 4498 4496 4449
3 4449 4451 4499
3 4500 4499 4501
3 4498 4449 4499
3 4498 4499 4500
3 4497 4496 4498
3 4493 4484 4497
3 4497 4498 4502
3 4503 4493 4497
3 4503 4495 4493
3 4502 4498 4500
3 4503 4497 4502
3 4504 4503 4502
3 4505 4500 4506
3 4505 4502 4500
3 4502 4505 4504
3 4457 4458 4486
3 4488 4487 4492
3 4492 4489 4491
3 4492 4491 4507
3 4508 4491 4494
3 4508 4507 4491
3 4509 4494 4495
3 4509 4508 4494
3 4510 4507 4508
3 4509 4510 4508
3 4511 4510 4509
3 4512 4513 4510
3 4512 4510 4511
3 4469 4457 4473
3 4473 4457 4486
3 4514 4473 4488
3 4514 4488 4515
3 4515 4488 4492
3 4516 4514 4515
3 4515 4492 4507
3 4515 4507 4510
3 4517 4515 4510
3 4472 4473 4514
3 4518 4516 4515
3 4519 4472 4514
3 4474 4472 4519
3 4520 4519 4516
3 4521 4519 4520
3 4519 4514 4516
3 4522 4516 4518
3 4516 4522 4520
3 4510 4513 4517
3 4523 4517 4513
3 4518 4515 4517
3 4518 4517 4523
3 4523 4513 4512
3 4524 4523 4512
3 4523 4522 4518
3 4524 4525 4523
3 4495 4511 4509
3 4511 4495 4526
3 4504 4526 4503
3 4495 4503 4526
3 4526 4527 4511
3 4512 4511 4528
3 4528 4511 4527
3 4527 4529 4528
3 4529 4527 4530
3 4527 4526 4504
3 4504 4505 4531
3 4504 4531 4527
3 4530 4527 4532
3 4527 4531 4532
3 4533 4531 4505
3 4534 4531 4533
3 4532 4531 4534
3 4512 4528 4535
3 4536 4512 4535
3 4535 4528 4529
3 4524 4512 4536
3 4536 4535 4537
3 4537 4535 4529
3 4538 4529 4530
3 4538 4537 4529
3 4539 4537 4538
3 4538 4530 4532
3 4532 4540 4538
3 4540 4532 4534
3 4541 4538 4540
3 4539 4538 4541
3 4541 4540 4534
3 4524 4536 4542
3 4542 4536 4537
3 1608 1531 1530
3 1531 1608 4543
3 4414 1531 4543
3 1608 4544 4543
3 1608 1606 1612
3 4544 1608 1612
3 4544 4545 4543
3 4545 4544 4546
3 4547 4545 4546
3 4548 4545 4547
3 4549 1613 1611
3 4544 1612 1613
3 4550 4544 1613
3 4546 4544 4550
3 4551 1613 4549
3 1613 4552 4550
3 4552 1613 4551
3 4549 1611 1610
3 4549 1610 4553
3 4551 4549 4553
3 4554 4551 4555
3 4555 4551 4553
3 4546 4550 4552
3 4554 4552 4551
3 4556 4546 4552
3 4556 4552 4554
3 4547 4546 4556
3 4557 4547 4556
3 4556 4554 4558
3 4559 4556 4558
3 4560 4558 4555
3 4554 4555 4558
3 4561 4562 4547
3 4561 4547 4557
3 4563 4561 4564
3 4564 4561 4557
3 4559 4557 4556
3 4564 4557 4559
3 4564 4559 4565
3 4566 4564 4565
3 4567 4558 4568
3 4559 4558 4567
3 4569 4565 4559
3 4569 4559 4567
3 4569 4567 4568
3 4569 4568 4570
3 4571 4569 4570
3 4572 4565 4569
3 4572 4569 4571
3 4573 4572 4571
3 4574 4572 4573
3 4553 1610 1629
3 4555 4553 4560
3 1629 1630 4575
3 4553 1629 4575
3 4576 4553 4575
3 4553 4576 4560
3 4560 4576 4577
3 4578 4560 4577
3 4560 4568 4558
3 4579 4577 4576
3 4580 4576 4575
3 4581 4576 4580
3 4582 4575 1630
3 4582 1630 1631
3 1633 4582 1631
3 1633 1632 3554
3 4583 4582 1633
3 4575 4582 4580
3 4584 4580 4583
3 4580 4582 4583
3 4584 4583 4585
3 4583 1633 4586
3 4585 4583 4586
3 4568 4560 4578
3 4568 4578 4570
3 4587 4570 4578
3 4587 4578 4577
3 4588 4577 4579
3 4587 4577 4588
3 4589 4587 4588
3 4570 4587 4589
3 4579 4576 4581
3 4590 4588 4579
3 4590 4579 4581
3 4589 4588 4590
3 4570 4591 4571
3 4592 4571 4591
3 4589 4591 4570
3 4593 4591 4589
3 4592 4591 4593
3 4592 4593 4594
3 4573 4571 4592
3 4573 4592 4594
3 4595 4590 4581
3 4596 4590 4595
3 4596 4595 4597
3 4596 4593 4589
3 4596 4589 4590
3 4598 4593 4596
3 4598 4596 4597
3 4597 4599 4598
3 4600 4580 4584
3 4601 4584 4585
3 4600 4584 4602
3 4602 4584 4601
3 4600 4581 4580
3 4595 4581 4600
3 4595 4600 4602
3 4601 4585 4603
3 4597 4595 4604
3 4604 4595 4602
3 4604 4602 4605
3 4604 4599 4597
3 4606 4604 4605
3 4607 4606 4605
3 4605 4602 4601
3 4607 4605 4601
3 4608 4601 4603
3 4601 4608 4609
3 4609 4607 4601
3 4610 4607 4609
3 4611 4609 4608
3 4612 4611 4608
3 4610 4609 4611
3 4613 4607 4610
3 4606 4607 4613
3 4614 4594 4615
3 4574 4573 4616
3 4617 4616 4573
3 4617 4573 4594
3 4617 4618 4616
3 4594 4614 4617
3 4594 4593 4598
3 4615 4594 4598
3 4615 4598 4599
3 4617 4614 4619
3 4619 4614 4615
3 4620 4619 4615
3 4620 4615 4599
3 4621 4619 4620
3 4618 4617 4619
3 4622 4618 4619
3 4623 4618 4622
3 4624 4623 4622
3 4622 4619 4625
3 4619 4621 4625
3 4624 4622 4625
3 4599 4604 4626
3 4626 4604 4627
3 4627 4604 4606
3 4628 4606 4613
3 4627 4606 4628
3 4629 4626 4627
3 4628 4630 4627
3 4620 4599 4626
3 4620 4626 4629
3 4630 4629 4627
3 4631 4610 4611
3 4632 4611 4633
3 4613 4610 4631
3 4628 4613 4631
3 4634 4628 4631
3 4632 4631 4611
3 4630 4628 4635
3 4635 4628 4634
3 4634 4631 4632
3 4636 4630 4635
3 4637 4632 4638
3 4629 4621 4620
3 4621 4629 4639
3 4636 4629 4630
3 4639 4629 4636
3 4640 4625 4621
3 4640 4621 4639
3 4639 4641 4640
3 4641 4639 4636
3 4642 4641 4636
3 4640 4641 4643
3 4641 4644 4643
3 4645 4635 4634
3 4635 4642 4636
3 4642 4635 4645
3 4637 4634 4632
3 4637 4645 4634
3 4645 4637 4646
3 4644 4641 4642
3 4642 4645 4646
3 4644 4642 4646
3 4647 4623 4624
3 4624 4625 4648
3 4649 4624 4648
3 4649 4650 4624
3 4651 4649 4648
3 4648 4625 4640
3 4648 4640 4652
3 4651 4648 4653
3 4648 4652 4653
3 4651 4653 4654
3 4653 4652 4655
3 4652 4640 4643
3 4652 4643 4656
3 4657 4643 4644
3 4644 4646 4658
3 4657 4644 4658
3 4656 4643 4657
3 4655 4652 4656
3 4656 4657 4659
3 4660 4661 4651
3 4654 4653 4655
3 4660 4651 4654
3 4662 4660 4654
3 4663 4661 4660
3 4663 4660 4662
3 4664 4655 4656
3 4654 4655 4664
3 4654 4664 4665
3 4664 4656 4659
3 4666 4664 4659
3 4665 4662 4654
3 4665 4664 4666
3 4667 4414 4543
3 4443 4415 4414
3 4667 4543 4545
3 4667 4545 4548
3 4668 4548 4547
3 4443 4414 4667
3 4669 4443 4667
3 4442 4443 4669
3 4670 4669 4667
3 4442 4669 4671
3 4671 4669 4670
3 4672 4667 4668
3 4668 4667 4548
3 4668 4547 4562
3 4670 4667 4672
3 4672 4673 4670
3 4668 4562 4672
3 4672 4562 4674
3 4445 4442 4671
3 4675 4671 4670
3 4671 4450 4445
3 4676 4450 4671
3 4451 4450 4676
3 4676 4671 4677
3 4677 4671 4675
3 4673 4675 4670
3 4674 4673 4672
3 4673 4674 4678
3 4679 4678 4674
3 4675 4673 4678
3 4680 4681 4675
3 4677 4675 4681
3 4680 4675 4678
3 4562 4561 4563
3 4674 4562 4563
3 4674 4563 4566
3 4566 4563 4564
3 4674 4566 4679
3 4565 4679 4566
3 4572 4679 4565
3 4682 4678 4679
3 4683 4678 4682
3 4680 4678 4683
3 4683 4682 4684
3 4684 4682 4679
3 4684 4679 4572
3 4451 4676 4685
3 4499 4451 4685
3 4499 4685 4501
3 4677 4686 4685
3 4685 4676 4677
3 4687 4686 4688
3 4501 4685 4687
3 4687 4685 4686
3 4689 4501 4687
3 4688 4677 4681
3 4677 4688 4686
3 4688 4681 4690
3 4681 4680 4683
3 4690 4681 4683
3 4691 4687 4688
3 4691 4688 4690
3 4687 4691 4689
3 4692 4691 4690
3 4689 4691 4692
3 4693 4692 4690
3 4694 4695 4501
3 4506 4500 4501
3 4506 4501 4695
3 4694 4501 4689
3 4696 4694 4689
3 4696 4689 4692
3 4683 4684 4697
3 4693 4690 4683
3 4693 4683 4697
3 4697 4684 4698
3 4698 4693 4697
3 4684 4572 4574
3 4684 4574 4698
3 4699 4698 4574
3 4699 4574 4616
3 4692 4693 4700
3 4701 4692 4700
3 4696 4692 4701
3 4702 4693 4703
3 4702 4700 4693
3 4701 4700 4702
3 4696 4701 4704
3 4702 4705 4701
3 4703 4693 4698
3 4699 4703 4698
3 4706 4699 4616
3 4706 4616 4618
3 4703 4699 4707
3 4707 4699 4706
3 4702 4703 4708
3 4705 4702 4708
3 4705 4708 4709
3 4703 4707 4708
3 4709 4708 4707
3 4709 4707 4710
3 4533 4505 4506
3 4711 4506 4695
3 4533 4506 4711
3 4712 4533 4711
3 4704 4694 4696
3 4711 4695 4694
3 4694 4713 4711
3 4713 4694 4704
3 4714 4713 4704
3 4715 4533 4712
3 4715 4534 4533
3 4541 4534 4715
3 4716 4715 4712
3 4717 4711 4713
3 4717 4712 4711
3 4714 4717 4713
3 4718 4717 4714
3 4716 4712 4717
3 4719 4717 4718
3 4716 4717 4719
3 4704 4701 4720
3 4720 4701 4705
3 4714 4704 4720
3 4714 4720 4721
3 4721 4720 4705
3 4709 4722 4705
3 4709 4710 4722
3 4721 4705 4723
3 4724 4721 4723
3 4705 4722 4725
3 4723 4705 4725
3 4714 4721 4726
3 4727 4726 4728
3 4728 4726 4724
3 4718 4714 4726
3 4727 4718 4726
3 4726 4721 4724
3 4729 4724 4723
3 4730 4729 4723
3 4710 4707 4647
3 4623 4706 4618
3 4707 4706 4623
3 4647 4707 4623
3 4722 4710 4731
3 4710 4647 4731
3 4732 4731 4647
3 4732 4647 4650
3 4722 4731 4725
3 4725 4731 4732
3 4650 4647 4624
3 4732 4650 4649
3 4733 4732 4649
3 4734 4723 4725
3 4733 4725 4732
3 4734 4725 4733
3 4730 4723 4734
3 4730 4734 4735
3 4735 4734 4733
3 4736 4733 4649
3 4661 4649 4651
3 4736 4737 4733
3 4737 4735 4733
3 4736 4649 4661
3 4737 4736 4661
3 4339 4738 4338
3 4738 4336 4338
3 4340 4738 4739
3 4738 4340 4336
3 4739 4740 4340
3 4341 4340 4740
3 4346 4741 4343
3 4741 4339 4343
3 4742 4339 4741
3 4346 4743 4741
3 4738 4339 4742
3 4739 4738 4742
3 4744 4347 4348
3 4744 4346 4347
3 4741 4743 4742
3 4745 4742 4743
3 4746 4739 4742
3 4746 4747 4739
3 4746 4742 4745
3 4739 4747 4740
3 4743 4346 4744
3 4744 4748 4743
3 4745 4743 4748
3 4749 4745 4750
3 4745 4749 4746
3 4748 4750 4745
3 4751 4746 4749
3 4747 4746 4751
3 4747 4752 4740
3 4752 4747 4751
3 4752 4753 4740
3 4753 4754 4740
3 4755 4740 4754
3 4744 4348 4756
3 4348 4757 4756
3 4757 4348 4355
3 4355 4348 4349
3 4748 4744 4756
3 4756 4757 4758
3 4759 4758 4760
3 4757 4760 4758
3 4761 4355 4350
3 4761 4350 4356
3 4761 4757 4355
3 4760 4757 4761
3 4760 4761 4762
3 4763 4762 4761
3 4763 4761 4764
3 4765 4748 4766
3 4750 4748 4765
3 4767 4750 4765
3 4767 4765 4768
3 4766 4759 4769
3 4768 4765 4766
3 4768 4766 4769
3 4748 4756 4758
3 4758 4766 4748
3 4766 4758 4759
3 4760 4770 4759
3 4770 4760 4762
3 4771 4759 4770
3 4762 4772 4770
3 4772 4762 4763
3 4772 4771 4770
3 4769 4759 4771
3 4769 4771 4773
3 4341 4358 4357
3 3771 3772 4358
3 3771 4358 3953
3 4341 4755 4358
3 4755 4341 4740
3 4755 4774 4358
3 4774 3953 4358
3 4775 4749 4750
3 4751 4749 4776
3 4752 4751 4776
3 4776 4749 4775
3 4777 4775 4750
3 4776 4775 4777
3 4752 4776 4778
3 4778 4753 4752
3 4776 4779 4780
3 4779 4776 4777
3 4780 4778 4776
3 4781 4753 4778
3 4782 4754 4753
3 4753 4781 4782
3 4783 4754 4782
3 4781 4778 4780
3 4781 4784 4785
3 4782 4781 4785
3 4782 4785 4783
3 4786 4785 4784
3 4787 4783 4785
3 4777 4750 4767
3 4777 4767 4788
3 4768 4769 4789
3 4768 4788 4767
3 4790 4788 4791
3 4790 4777 4788
3 4779 4777 4790
3 4788 4768 4789
3 4791 4788 4792
3 4789 4792 4788
3 4789 4769 4773
3 4792 4789 4793
3 4789 4773 4793
3 4793 4773 4794
3 4794 4773 4795
3 4779 4790 4796
3 4796 4790 4791
3 4797 4796 4791
3 4779 4798 4780
3 4799 4780 4798
3 4798 4779 4796
3 4800 4798 4796
3 4799 4798 4800
3 4801 4799 4800
3 4802 4796 4797
3 4800 4796 4802
3 4799 4781 4780
3 4784 4781 4799
3 4797 4791 4792
3 4792 4793 4803
3 4803 4793 4794
3 4803 4794 4804
3 4805 4797 4803
3 4792 4803 4797
3 4805 4803 4169
3 4755 4754 4806
3 4754 4783 4806
3 4755 4806 4774
3 4807 4774 4806
3 4808 4806 4783
3 4809 4806 4808
3 4783 4787 4808
3 4806 4809 4807
3 4356 4353 4810
3 4761 4356 4810
3 4810 4353 4370
3 4811 4810 4370
3 4811 4370 4812
3 4764 4761 4810
3 4763 4764 4813
3 4764 4810 4811
3 4764 4811 4814
3 4815 4813 4764
3 4815 4764 4814
3 4816 4812 4378
3 4816 4378 4817
3 4814 4811 4816
3 4816 4811 4812
3 4814 4816 4818
3 4818 4816 4819
3 4819 4816 4817
3 4813 4772 4763
3 4772 4813 4820
3 4820 4813 4821
3 4821 4813 4815
3 4822 4772 4820
3 4771 4772 4822
3 4773 4771 4822
3 4822 4820 4823
3 4823 4820 4821
3 4824 4821 4815
3 4823 4821 4824
3 4825 4815 4814
3 4825 4814 4818
3 4825 4818 4819
3 4826 4819 4827
3 4827 4819 4817
3 4824 4815 4825
3 4828 4824 4825
3 4825 4826 4828
3 4825 4819 4826
3 4828 4826 4829
3 4829 4826 4827
3 4827 4817 4830
3 4831 4827 4830
3 4831 4830 4832
3 4833 4827 4831
3 4834 4833 4831
3 4831 4832 4834
3 4834 4832 4835
3 4835 4832 4836
3 4835 4836 4837
3 4835 4837 4838
3 4812 4370 4375
3 4375 4378 4812
3 4817 4378 4379
3 4830 4379 4387
3 4839 4830 4387
3 4839 4387 4840
3 4840 4387 4388
3 4840 4388 4841
3 4817 4379 4830
3 4842 4839 4840
3 4842 4830 4839
3 4843 4842 4840
3 4841 4392 4844
3 4841 4388 4392
3 4845 4394 4464
3 4392 4394 4845
3 4844 4392 4845
3 4846 4840 4841
3 4846 4843 4840
3 4846 4841 4844
3 4847 4844 4845
3 4846 4844 4848
3 4844 4847 4848
3 4836 4830 4842
3 4836 4832 4830
3 4836 4842 4843
3 4849 4843 4846
3 4836 4843 4849
3 4848 4849 4846
3 4850 4848 4851
3 4837 4836 4849
3 4837 4849 4852
3 4852 4849 4848
3 4853 4852 4848
3 4853 4848 4850
3 4854 4853 4850
3 4794 4795 4855
3 4795 4773 4822
3 4795 4822 4823
3 4795 4823 4856
3 4857 4856 4823
3 4855 4795 4856
3 4855 4856 4858
3 4857 4824 4828
3 4823 4824 4857
3 4857 4828 4859
3 4859 4828 4860
3 4828 4829 4860
3 4858 4856 4857
3 4857 4859 4858
3 4861 4858 4859
3 4862 4861 4859
3 4859 4860 4862
3 4855 4804 4794
3 4804 4855 4863
3 4855 4858 4863
3 4863 4858 4861
3 4803 4804 4863
3 4861 4864 4863
3 4860 4829 4865
3 4829 4827 4833
3 4865 4829 4833
3 4833 4834 4865
3 4865 4834 4866
3 4866 4834 4867
3 4862 4860 4865
3 4866 4862 4865
3 4834 4835 4838
3 4834 4838 4867
3 4868 4838 4837
3 4869 4838 4868
3 4868 4837 4852
3 4870 4868 4854
3 4866 4867 4838
3 4869 4866 4838
3 4866 4869 4871
3 4869 4868 4870
3 4871 4869 4870
3 4861 4862 4872
3 4872 4862 4873
3 4873 4862 4866
3 4864 4861 4872
3 4874 4872 4875
3 4873 4866 4871
3 4875 4873 4871
3 4876 4871 4877
3 4875 4871 4876
3 4875 4872 4873
3 4874 4875 4876
3 4852 4853 4854
3 4854 4868 4852
3 4774 3955 3953
3 3955 4774 4807
3 4807 3957 3955
3 3957 4807 4878
3 4809 4878 4807
3 4878 4879 3957
3 4879 3967 3957
3 4785 4786 4787
3 4787 4786 4880
3 4881 4787 4880
3 4882 4801 4800
3 4883 4799 4801
3 4882 4800 4802
3 4884 4784 4799
3 4799 4883 4884
3 4786 4784 4884
3 4885 4786 4884
3 4801 4886 4883
3 4886 4887 4883
3 4802 4157 4882
3 4802 4160 4157
3 4886 4801 4882
3 4886 4882 4157
3 4159 4886 4157
3 4888 4884 4883
3 4885 4884 4888
3 4797 4805 4802
3 4160 4802 4805
3 4805 4889 4160
3 4889 4805 4169
3 4167 4158 4160
3 4167 4160 4889
3 4880 4786 4885
3 4888 4883 4887
3 4887 4890 4888
3 4891 4888 4890
3 4161 4887 4886
3 4161 4886 4159
3 4163 4887 4161
3 4891 4880 4885
3 4891 4885 4888
3 4890 4887 4163
3 4892 4890 4163
3 4892 4163 4164
3 4893 4890 4892
3 4893 4891 4890
3 4168 4889 4169
3 4889 4168 4167
3 4894 4880 4891
3 4895 4880 4894
3 4880 4895 4881
3 4809 4808 4896
3 4881 4808 4787
3 4897 4808 4881
3 4895 4898 4881
3 4898 4897 4881
3 4897 4896 4808
3 4897 4898 4899
3 4174 4892 4164
3 4900 4893 4892
3 4900 4901 4893
3 4182 4892 4174
3 4893 4894 4891
3 4894 4893 4901
3 4182 4183 4902
3 4903 4902 4183
3 4892 4182 4900
3 4902 4900 4182
3 4902 4901 4900
3 4904 4901 4902
3 4901 4904 4905
3 4906 4907 4898
3 4906 4898 4895
3 4895 4894 4901
3 4901 4905 4895
3 4904 4908 4905
3 4906 4895 4905
3 4905 4909 4906
3 4863 4169 4803
3 4169 4863 4864
3 4192 4170 4169
3 4192 4169 4864
3 4910 4192 4864
3 4192 4910 4194
3 4864 4872 4911
3 4911 4872 4874
3 4911 4874 4912
3 4911 4910 4864
3 4913 4910 4911
3 4911 4912 4914
3 4913 4911 4914
3 4194 4910 4196
3 4913 4196 4910
3 4200 4913 4915
3 4195 4196 4200
3 4200 4196 4913
3 4913 4914 4915
3 4915 4914 4916
3 4202 4200 4915
3 4202 4915 4916
3 4202 4916 4917
3 4200 4202 4199
3 4918 4202 4917
3 4201 4202 4918
3 4878 4809 4896
3 4919 4878 4896
3 4879 4878 4919
3 4899 4896 4897
3 4919 4896 4899
3 4919 4899 4920
3 4921 3967 4879
3 4879 4919 4922
3 4921 4879 4922
3 4923 4922 4919
3 4920 4899 4898
3 4907 4920 4898
3 4923 4919 4920
3 4924 4923 4920
3 4920 4907 4925
3 4920 4925 4924
3 4926 4925 4907
3 4926 4906 4909
3 4906 4926 4907
3 4927 4924 4925
3 4928 4922 4923
3 4924 4929 4923
3 4924 4930 4929
3 4928 4923 4929
3 4928 4929 4930
3 4922 4931 4921
3 4931 4922 4928
3 4931 4932 4921
3 4933 4931 4934
3 4934 4931 4928
3 4935 4931 4933
3 4930 4936 4937
3 4936 4930 4924
3 4927 4936 4924
3 4938 4936 4927
3 4939 4937 4936
3 4934 4928 4930
3 4930 4937 4934
3 4940 4934 4937
3 4934 4940 4933
3 4941 4935 4933
3 4940 4937 4942
3 4937 4939 4942
3 4940 4941 4933
3 4943 4941 4940
3 4845 4464 4465
3 4464 4393 4465
3 4465 4466 4944
3 4847 4845 4465
3 4847 4465 4944
3 4945 4847 4944
3 4946 4945 4944
3 4946 4944 4947
3 4468 4944 4466
3 4944 4468 4947
3 4468 4948 4947
3 4847 4851 4848
3 4851 4847 4949
3 4949 4847 4945
3 4949 4945 4950
3 4950 4945 4946
3 4951 4850 4851
3 4851 4949 4951
3 4952 4850 4951
3 4952 4951 4953
3 4949 4954 4951
3 4954 4949 4950
3 4953 4951 4954
3 4954 4950 4955
3 4954 4955 4953
3 4950 4946 4956
3 4946 4947 4957
3 4950 4956 4955
3 4955 4956 4958
3 4956 4957 4958
3 4956 4946 4957
3 4948 4468 4959
3 4468 4467 4959
3 4959 4467 4475
3 4959 4475 4960
3 4960 4475 4476
3 4960 4476 4961
3 4961 4476 4474
3 4962 4961 4474
3 4521 4962 4474
3 4963 4948 4959
3 4963 4959 4960
3 4964 4963 4960
3 4960 4961 4964
3 4965 4964 4961
3 4962 4966 4961
3 4966 4962 4521
3 4967 4966 4521
3 4948 4963 4947
3 4947 4963 4957
3 4957 4963 4968
3 4958 4957 4969
3 4969 4957 4968
3 4968 4963 4964
3 4968 4964 4970
3 4971 4968 4970
3 4972 4970 4973
3 4973 4964 4965
3 4961 4966 4965
3 4970 4964 4973
3 4974 4965 4966
3 4975 4973 4965
3 4974 4975 4965
3 4972 4973 4975
3 4974 4966 4967
3 4976 4974 4967
3 4977 4974 4976
3 4978 4977 4976
3 4871 4870 4979
3 4877 4871 4979
3 4979 4980 4981
3 4982 4877 4979
3 4982 4979 4983
3 4876 4877 4982
3 4984 4982 4983
3 4983 4979 4985
3 4854 4850 4952
3 4870 4854 4952
3 4870 4952 4980
3 4953 4955 4981
3 4980 4952 4953
3 4981 4980 4953
3 4980 4979 4870
3 4981 4955 4958
3 4985 4981 4958
3 4985 4958 4969
3 4979 4981 4985
3 4969 4968 4986
3 4971 4986 4968
3 4985 4969 4986
3 4985 4986 4987
3 4987 4986 4971
3 4988 4970 4972
3 4988 4972 4989
3 4971 4970 4988
3 4971 4988 4990
3 4991 4988 4989
3 4991 4989 4992
3 4975 4989 4972
3 4989 4975 4993
3 4993 4975 4974
3 4993 4974 4977
3 4994 4993 4977
3 4994 4977 4978
3 4978 4976 4995
3 4978 4995 4996
3 4993 4992 4989
3 4992 4993 4994
3 4997 4992 4994
3 4998 4994 4978
3 4998 4978 4996
3 4999 4998 4996
3 4983 4985 4987
3 4983 4987 4984
3 4987 5000 4984
3 4990 4987 4971
3 4987 4990 5001
3 4991 4990 4988
3 4991 5002 4990
3 4992 5003 4991
3 5001 4990 5004
3 5004 4990 5002
3 5005 5002 4991
3 5006 5003 4997
3 5003 5005 4991
3 5003 4992 4997
3 4997 4994 5007
3 5007 4994 4998
3 4999 5007 4998
3 5007 4999 5008
3 5008 4997 5007
3 5006 4997 5008
3 5009 5006 5008
3 4474 4519 4521
3 4520 4522 5010
3 5011 5010 4522
3 5012 4521 4520
3 4967 4521 5012
3 5012 4520 5010
3 5010 5013 5012
3 5013 5010 5014
3 4523 5011 4522
3 4525 5011 4523
3 5015 5011 4525
3 5016 5010 5011
3 5016 5011 5015
3 5014 5010 5016
3 5017 5015 4525
3 5017 4525 5018
3 5016 5015 5019
3 5020 4967 5012
3 5020 5012 5013
3 4976 4967 5020
3 5013 5021 5020
3 5020 4995 4976
3 5021 5013 5022
3 5022 5023 5021
3 5024 5016 5019
3 5016 5024 5014
3 5013 5014 5024
3 5019 5015 5017
3 5025 5019 5017
3 5026 5019 5025
3 5013 5024 5022
3 5027 5022 5024
3 5028 5024 5019
3 5028 5019 5026
3 5028 5027 5024
3 5029 5030 5026
3 5028 5026 5030
3 5031 4539 4541
3 5032 4539 5031
3 5033 5031 4541
3 5034 5031 5033
3 5032 5031 5034
3 5034 5033 5035
3 5032 5034 5036
3 5034 5035 5036
3 4525 4524 4542
3 4525 4542 5018
3 5037 4542 4537
3 5037 4537 4539
3 5038 5018 4542
3 5038 4542 5037
3 5032 5037 4539
3 5032 5039 5037
3 5018 5025 5017
3 5025 5018 5038
3 5029 5025 5038
3 5026 5025 5029
3 5037 5039 5038
3 5029 5038 5039
3 5040 5029 5039
3 5040 5039 5041
3 5039 5032 5041
3 5041 5032 5042
3 5042 5032 5036
3 5043 5044 5036
3 5044 5042 5036
3 4995 5020 5021
3 4995 5021 5023
3 5045 4995 5023
3 5023 5022 5027
3 5045 5023 5046
3 5047 5045 5046
3 4996 4995 5045
3 4996 5045 5047
3 4996 5047 5048
3 5023 5027 5046
3 5049 5027 5028
3 5049 5046 5027
3 5049 5028 5030
3 5050 5046 5049
3 5050 5047 5046
3 5049 5030 5051
3 5050 5049 5052
3 5053 5054 5051
3 5052 5049 5051
3 5052 5051 5054
3 4999 4996 5048
3 5055 5008 4999
3 5055 4999 5056
3 4999 5048 5056
3 5056 5048 5057
3 5048 5047 5050
3 5057 5050 5052
3 5057 5048 5050
3 5057 5052 5054
3 5058 5057 5054
3 5059 5057 5058
3 5060 5059 5058
3 5056 5057 5059
3 5051 5030 5029
3 5029 5040 5051
3 5061 5053 5051
3 5061 5051 5040
3 5061 5040 5062
3 5063 5061 5062
3 5041 5062 5040
3 5044 5041 5042
3 5062 5041 5044
3 5062 5044 5064
3 5065 5044 5043
3 5064 5044 5065
3 5066 5063 5064
3 5064 5063 5062
3 5064 5065 5067
3 5054 5053 5060
3 5058 5054 5060
3 5063 5053 5061
3 5060 5053 5063
3 5060 5063 5066
3 5059 5060 5068
3 5069 5060 5070
3 5070 5066 5064
3 5060 5066 5070
3 5070 5064 5067
3 5069 5070 5071
3 5071 5070 5072
3 5072 5070 5067
3 5072 5067 5073
3 4982 4874 4876
3 4912 4874 4982
3 5074 4982 4984
3 4912 4982 5074
3 5074 4984 5075
3 4914 4912 5076
3 5076 4912 5074
3 5077 5074 5075
3 5076 5074 5077
3 5077 5075 5078
3 5075 4984 5000
3 5079 5000 5001
3 5079 5078 5075
3 5079 5075 5000
3 5080 5081 5082
3 5078 5079 5083
3 5083 5079 5081
3 5081 5080 5084
3 5081 5085 5083
3 5000 4987 5001
3 5004 5002 5005
3 5086 5004 5005
3 5004 5087 5001
3 5087 5004 5086
3 5005 5003 5088
3 5003 5006 5088
3 5089 5088 5006
3 5005 5088 5086
3 5090 5086 5088
3 5082 5079 5001
3 5082 5001 5087
3 5086 5091 5087
3 5082 5087 5091
3 5081 5079 5082
3 5091 5086 5092
3 5090 5088 5089
3 5090 5089 5093
3 5006 5009 5089
3 5094 5089 5009
3 5094 5009 5095
3 5093 5089 5094
3 5091 5080 5082
3 5096 5094 5095
3 5096 5097 5094
3 5076 4916 4914
3 5076 5098 4916
3 5099 4916 5098
3 5098 5076 5077
3 5099 5098 5077
3 5100 5099 5077
3 4917 5099 5101
3 5099 4917 4916
3 5101 4918 4917
3 5101 5099 5100
3 5102 5101 5100
3 5078 5103 5077
3 5100 5077 5103
3 5103 5104 5100
3 5103 5078 5083
3 5084 5085 5081
3 5105 5083 5085
3 5103 5083 5106
3 5104 5103 5106
3 5106 5083 5105
3 5107 5102 5100
3 5104 5107 5100
3 5107 5104 5108
3 5109 5108 5110
3 5110 5108 5111
3 5110 5111 5112
3 5113 5110 5112
3 5111 5104 5106
3 5104 5111 5108
3 5114 5106 5105
3 5111 5106 5114
3 5112 5111 5114
3 5090 5092 5086
3 5080 5091 5092
3 5115 5080 5092
3 5084 5080 5115
3 5116 5092 5090
3 5116 5090 5093
3 5097 5093 5094
3 5115 5092 5116
3 5116 5117 5115
3 5116 5093 5097
3 5097 5117 5116
3 5085 5084 5118
3 5118 5084 5115
3 5119 5118 5115
3 5105 5085 5120
3 5120 5085 5118
3 5121 5118 5119
3 5121 5119 5122
3 5120 5118 5121
3 5122 5119 5123
3 5124 5105 5120
3 5124 5120 5125
3 5114 5124 5112
3 5105 5124 5114
3 5125 5120 5121
3 5126 5125 5121
3 5122 5126 5121
3 5127 5126 5122
3 5123 5128 5122
3 5127 5122 5128
3 5128 5129 5127
3 5130 5112 5124
3 5130 5124 5125
3 5113 5112 5130
3 5130 5125 5132
3 5133 5130 5132
3 5132 5125 5126
3 5126 5127 5135
3 5129 5135 5127
3 5126 5135 5132
3 5117 5119 5115
3 5136 5117 5097
3 5123 5117 5136
3 5123 5119 5117
3 5137 5123 5136
3 5136 5097 5096
3 5138 5136 5096
3 5138 5096 5139
3 5123 5140 5128
3 5140 5123 5137
3 5140 5137 5141
3 5129 5128 5140
3 5142 5140 5141
3 5142 5141 5143
3 5137 5136 5144
3 5141 5137 5144
3 5145 5141 5144
3 5143 5141 5145
3 5140 5142 5129
3 5129 5142 5146
3 5129 5147 5135
3 5147 5129 5146
3 5148 5147 5146
3 5143 5149 5142
3 5146 5142 5149
3 5150 5149 5143
3 5151 5146 5149
3 5150 5151 5149
3 5136 5138 5144
3 5152 5144 5138
3 5144 5152 5145
3 5153 5145 5154
3 5154 5145 5152
3 5150 5143 5153
3 5153 5143 5145
3 5095 5008 5055
3 5009 5008 5095
3 5055 5056 5155
3 5156 5095 5055
3 5156 5055 5155
3 5155 5056 5059
3 5157 5155 5068
3 5157 5156 5155
3 5158 5095 5156
3 5158 5096 5095
3 5158 5156 5159
3 5159 5156 5157
3 5068 5060 5069
3 5069 5160 5068
3 5160 5069 5071
3 5161 5160 5071
3 5155 5059 5068
3 5157 5068 5160
3 5157 5160 5161
3 5072 5162 5071
3 5161 5071 5162
3 5157 5163 5159
3 5157 5161 5163
3 5163 5161 5162
3 5096 5158 5139
3 5164 5139 5158
3 5158 5159 5164
3 5164 5159 5163
3 5163 5162 5165
3 5166 5164 5163
3 5166 5163 5165
3 5164 5166 5167
3 5168 5166 5165
3 5169 5166 5168
3 5152 5138 5139
3 5152 5139 5170
3 5171 5152 5170
3 5170 5139 5164
3 5170 5164 5167
3 5172 4663 4662
3 5172 5173 5174
3 5175 4662 4665
3 4662 5176 5172
3 5175 5176 4662
3 5177 5175 4665
3 5175 5178 5176
3 5172 5176 5173
3 5173 5176 5178
3 5178 5179 5173
3 5173 5180 5174
3 5180 5173 5181
3 5182 5180 5181
3 5182 5181 5183
3 5184 5182 5183
3 4921 4022 3967
3 4022 4921 4024
3 4932 4024 4921
3 4935 4932 4931
3 4935 5185 4932
3 4932 5185 5186
3 4932 4025 4024
3 4025 4932 5186
3 5186 4031 4025
3 5185 4935 4941
3 5187 5186 5185
3 5186 5187 5188
3 5185 5189 5187
3 5185 4941 5189
3 5190 5188 5187
3 5189 5191 5187
3 5187 5191 5192
3 5188 4031 5186
3 5193 4031 5188
3 4031 5193 4033
3 5192 5190 5187
3 5194 5190 5192
3 5190 5195 5193
3 5190 5193 5188
3 4040 4033 5193
3 5193 5195 4040
3 5194 5195 5190
3 5196 4040 5195
3 5197 4040 5196
3 4040 4034 4033
3 5198 4039 4040
3 4715 5033 4541
3 5033 4715 5199
3 5199 4715 4716
3 5035 5033 5199
3 5035 5199 5200
3 5200 5199 4716
3 5200 4716 5201
3 5202 5200 5201
3 4719 5201 4716
3 5203 4719 4718
3 5201 4719 5203
3 5204 5201 5203
3 5204 5203 5205
3 5206 5035 5200
3 5202 5206 5200
3 5036 5035 5043
3 5206 5043 5035
3 5207 5043 5206
3 5043 5207 5208
3 5207 5206 5202
3 5207 5202 5209
3 5210 5207 5209
3 5201 5209 5202
3 5209 5201 5204
3 5204 5205 5211
3 5212 5204 5211
3 5213 5209 5204
3 5210 5209 5213
3 5213 5204 5212
3 5214 4727 4728
3 5214 4718 4727
3 5214 5203 4718
3 5214 5205 5203
3 5215 5205 5214
3 5216 5214 4728
3 5217 5214 5216
3 5215 5214 5217
3 4724 4729 4728
3 4728 4729 5218
3 4729 4730 5218
3 4728 5218 5216
3 5218 5219 5216
3 5219 5218 5220
3 5217 5216 5221
3 5211 5205 5215
3 5222 5211 5215
3 5222 5215 5217
3 5223 5222 5217
3 5217 5221 5223
3 5224 5223 5221
3 5212 5211 5225
3 5222 5225 5211
3 5225 5222 5226
3 5227 5222 5223
3 5227 5223 5224
3 5226 5222 5227
3 5228 5227 5224
3 5220 5229 5219
3 5230 5219 5229
3 5230 5231 5232
3 5219 5221 5216
3 5233 5224 5221
3 5230 5221 5219
3 5233 5221 5230
3 5224 5233 5228
3 5232 5233 5230
3 5234 5208 5207
3 5234 5207 5210
3 5210 5213 5235
3 5235 5234 5210
3 5236 5234 5235
3 5235 5213 5237
3 5237 5213 5212
3 5237 5212 5225
3 5237 5225 5238
3 5235 5237 5239
3 5239 5236 5235
3 5239 5237 5238
3 5239 5238 5240
3 5241 5242 5239
3 5241 5239 5240
3 5241 5240 5243
3 5244 5242 5241
3 5245 5242 5244
3 5208 5065 5043
3 5246 5065 5208
3 5067 5065 5246
3 5073 5067 5246
3 5247 5073 5246
3 5246 5208 5234
3 5246 5234 5236
3 5247 5246 5236
3 5248 5247 5236
3 5248 5236 5242
3 5072 5073 5248
3 5073 5247 5248
3 5242 5236 5239
3 5249 5248 5242
3 5242 5245 5249
3 5225 5226 5250
3 5250 5226 5251
3 5226 5227 5228
3 5252 5226 5228
3 5225 5250 5238
3 5240 5238 5250
3 5253 5250 5251
3 5240 5250 5253
3 5226 5252 5251
3 5252 5253 5251
3 5232 5254 5233
3 5228 5233 5254
3 5255 5232 5231
3 5255 5256 5232
3 5256 5254 5232
3 5243 5240 5253
3 5257 5253 5252
3 5243 5253 5257
3 5244 5241 5243
3 5244 5243 5258
3 5243 5257 5259
3 5252 5228 5254
3 5252 5254 5257
3 5260 5254 5256
3 5257 5254 5260
3 5261 5260 5256
3 5257 5260 5262
3 5262 5259 5257
3 5263 5260 5261
3 5262 5260 5263
3 5264 5263 5261
3 5265 5218 4730
3 5220 5218 5265
3 5265 4730 4735
3 5265 4735 5266
3 5267 4735 4737
3 5266 4735 5267
3 5229 5220 5265
3 5229 5265 5268
3 5268 5231 5229
3 5268 5265 5269
3 5269 5265 5266
3 5269 5266 5270
3 5269 5271 5268
3 5231 5230 5229
3 5272 5231 5273
3 5273 5231 5268
3 5273 5268 5271
3 5274 5269 5270
3 5266 5267 5270
3 5267 5275 5270
3 5274 5271 5269
3 5273 5271 5276
3 5274 5276 5271
3 5275 5274 5270
3 5275 5277 5274
3 4737 4661 4663
3 4737 4663 5172
3 5267 4737 5172
3 5174 5267 5172
3 5267 5174 5278
3 5267 5278 5275
3 5278 5174 5180
3 5279 5275 5278
3 5231 5272 5255
3 5280 5255 5272
3 5272 5273 5276
3 5281 5280 5272
3 5282 5280 5281
3 5256 5255 5280
3 5256 5280 5261
3 5283 5276 5274
3 5277 5283 5274
3 5284 5283 5277
3 5284 5277 5285
3 5281 5272 5276
3 5284 5276 5283
3 5281 5276 5284
3 5286 5284 5285
3 5287 5280 5282
3 5288 5287 5282
3 5288 5282 5289
3 5289 5282 5281
3 5290 5288 5289
3 5287 5261 5280
3 5291 5261 5287
3 5288 5291 5287
3 5288 5292 5291
3 5292 5288 5290
3 5284 5289 5281
3 5289 5284 5286
3 5289 5286 5293
3 5286 5285 5294
3 5295 5293 5286
3 5296 5295 5286
3 5294 5296 5286
3 5290 5289 5293
3 5297 5290 5293
3 5293 5295 5297
3 5298 5295 5296
3 5277 5275 5279
3 5279 5278 5180
3 5299 5279 5180
3 5285 5277 5279
3 5285 5279 5294
3 5300 5294 5279
3 5294 5300 5301
3 5300 5279 5299
3 5300 5299 5302
3 5299 5180 5182
3 5182 5302 5299
3 5182 5184 5303
3 5304 5301 5300
3 5301 5296 5294
3 5305 5301 5304
3 5304 5300 5302
3 5306 5304 5302
3 5306 5302 5307
3 5296 5301 5305
3 5308 5296 5305
3 5309 5308 5305
3 5305 5304 5306
3 5310 5306 5307
3 5306 5310 5311
3 5306 5309 5305
3 5182 5307 5302
3 5303 5307 5182
3 5312 5303 5184
3 5313 5303 5312
3 5307 5303 5314
3 5314 5303 5313
3 5314 5313 5315
3 5245 5244 5316
3 5162 5072 5249
3 5249 5072 5248
3 5317 5249 5245
3 5317 5245 5316
3 5318 5162 5249
3 5318 5249 5317
3 5318 5317 5319
3 5316 5244 5258
3 5258 5243 5259
3 5320 5258 5259
3 5262 5320 5259
3 5316 5258 5320
3 5321 5316 5320
3 5321 5320 5322
3 5323 5321 5322
3 5322 5320 5262
3 5264 5322 5262
3 5323 5322 5264
3 5264 5262 5263
3 5324 5325 5264
3 5323 5264 5325
3 5326 5317 5321
3 5319 5317 5326
3 5321 5323 5326
3 5326 5323 5325
3 5326 5325 5327
3 5326 5327 5328
3 5317 5316 5321
3 5318 5165 5162
3 5165 5318 5329
3 5318 5319 5329
3 5168 5165 5329
3 5329 5330 5331
3 5168 5329 5331
3 5332 5326 5328
3 5319 5326 5332
3 5319 5332 5330
3 5330 5329 5319
3 5332 5333 5330
3 5333 5332 5334
3 5264 5261 5291
3 5324 5264 5291
3 5335 5291 5292
3 5335 5324 5291
3 5292 5290 5336
3 5335 5292 5337
3 5337 5292 5336
3 5324 5335 5337
3 5338 5324 5339
3 5339 5337 5336
3 5337 5339 5324
3 5340 5336 5297
3 5340 5297 5295
3 5340 5295 5298
3 5341 5340 5298
3 5308 5298 5296
3 5298 5342 5341
3 5342 5298 5308
3 5290 5297 5336
3 5339 5336 5340
3 5339 5340 5341
3 5327 5325 5338
3 5338 5325 5324
3 5338 5339 5343
3 5344 5338 5343
3 5327 5338 5344
3 5344 5328 5327
3 5345 5341 5342
3 5346 5345 5342
3 5343 5339 5341
3 5343 5341 5347
3 5344 5343 5347
3 5347 5341 5345
3 5344 5347 5348
3 5349 5347 5345
3 5349 5345 5346
3 5350 5349 5346
3 5349 5348 5347
3 5308 5309 5351
3 5351 5309 5352
3 5353 5311 5310
3 5309 5306 5311
3 5352 5309 5311
3 5351 5342 5308
3 5354 5351 5352
3 5342 5351 5354
3 5346 5342 5354
3 5352 5311 5353
3 5355 5352 5353
3 5314 5310 5307
3 5353 5310 5314
3 5356 5315 5313
3 5313 5312 5357
3 5357 5356 5313
3 5358 5315 5356
3 5359 5356 5357
3 5358 5353 5314
3 5358 5314 5315
3 5355 5353 5358
3 5360 5355 5358
3 5361 5358 5356
3 5361 5356 5362
3 5362 5363 5361
3 5346 5354 5364
3 5364 5352 5355
3 5354 5352 5364
3 5364 5355 5360
3 5365 5346 5364
3 5350 5346 5365
3 5366 5360 5358
3 5366 5358 5367
3 5367 5358 5361
3 5363 5367 5361
3 5367 5363 5368
3 5364 5360 5369
3 5369 5360 5366
3 5369 5366 5367
3 5367 5370 5369
3 5365 5364 5369
3 5371 5365 5369
3 5372 5368 5373
3 5372 5374 5368
3 5370 5367 5374
3 5374 5367 5368
3 5328 5344 5375
3 5376 5328 5375
3 5375 5344 5348
3 5375 5348 5377
3 5378 5375 5377
3 5349 5377 5348
3 5377 5349 5350
3 5376 5375 5378
3 5332 5328 5376
3 5334 5332 5376
3 5378 5379 5376
3 5379 5378 5380
3 5350 5365 5381
3 5371 5381 5365
3 5382 5381 5371
3 5381 5377 5350
3 5380 5377 5381
3 5378 5377 5380
3 5380 5381 5382
3 5371 5369 5370
3 5383 5384 5370
3 5370 5385 5383
3 5374 5385 5370
3 5386 5383 5385
3 5386 5385 5374
3 5384 5371 5370
3 5382 5371 5384
3 5387 5384 5383
3 5388 5384 5387
3 5382 5384 5388
3 5383 5386 5387
3 5389 5387 5386
3 5382 5390 5380
3 5391 5380 5390
3 5392 5380 5391
3 5392 5379 5380
3 5393 5392 5394
3 5394 5392 5391
3 5390 5382 5388
3 5389 5388 5387
3 5395 5388 5389
3 5390 5388 5395
3 5396 5390 5397
3 5391 5390 5396
3 5397 5390 5395
3 5398 5396 5397
3 5398 5397 5395
3 5399 5391 5396
3 5400 4190 4188
3 5401 4188 4187
3 4188 5401 5400
3 5402 4186 4189
3 4187 4184 4186
3 4186 5403 4187
3 5402 5403 4186
3 4183 4190 4903
3 5404 4903 4190
3 5401 4187 5403
3 5405 5401 5403
3 5405 5400 5401
3 4190 5400 5404
3 5406 5407 5408
3 5409 5410 5408
3 5411 5408 5407
3 5409 5408 5411
3 5403 5408 5405
3 5412 5400 5405
3 5403 5406 5408
3 5402 5406 5403
3 5410 5412 5405
3 5405 5408 5410
3 5404 5400 5412
3 5413 5412 5410
3 5414 5404 5412
3 5414 5412 5413
3 5415 5416 5417
3 5418 5413 5419
3 5419 5413 5410
3 5418 5414 5413
3 5420 5414 5418
3 5421 5416 5415
3 5421 5415 5422
3 5423 5421 5422
3 5423 5424 5421
3 5422 5425 5423
3 5423 5425 5426
3 4197 5427 4189
3 4189 5428 5402
3 5427 5428 4189
3 5406 5402 5428
3 5427 5429 5428
3 4198 5430 4197
3 4198 4197 4193
3 5427 4197 5430
3 5428 5429 5406
3 5429 5407 5406
3 5431 5407 5429
3 5407 5432 5411
3 5432 5407 5431
3 5433 5432 5431
3 5429 5427 5434
3 5431 5429 5435
3 5433 5431 5435
3 5435 5429 5434
3 5435 5434 5436
3 5437 5435 5436
3 5434 5427 5430
3 5430 5438 5436
3 5439 5437 5436
3 5434 5430 5436
3 5440 5436 5438
3 5439 5436 5440
3 5441 4199 5442
3 5438 5430 4198
3 5438 4198 5441
3 5441 4198 4199
3 5441 5442 5443
3 5443 5444 5441
3 5442 4199 4201
3 5443 5442 5445
3 5445 4201 5446
3 5445 5442 4201
3 5438 5441 5444
3 5447 5444 5443
3 5444 5440 5438
3 5439 5440 5448
3 5439 5448 5449
3 5440 5444 5447
3 5448 5440 5447
3 5448 5447 5451
3 5453 5454 5448
3 5447 5443 5456
3 5456 5443 5445
3 5457 5456 5445
3 5457 5451 5456
3 5451 5457 5458
3 5451 5447 5456
3 5451 5453 5448
3 5453 5451 5459
3 5461 5452 5460
3 5462 5461 5460
3 5459 5451 5464
3 5462 5460 5463
3 5465 5462 5463
3 5433 5466 5432
3 5411 5432 5466
3 5467 5411 5466
3 5466 5433 5468
3 5468 5435 5437
3 5468 5433 5435
3 5468 5437 5469
3 5470 5466 5468
3 5470 5468 5469
3 5472 5411 5467
3 5467 5466 5470
3 5415 5417 5472
3 5472 5417 5411
3 5415 5472 5473
3 5473 5472 5467
3 5422 5415 5473
3 5473 5467 5474
3 5471 5474 5467
3 5474 5475 5473
3 5471 5476 5474
3 5470 5469 5478
3 5476 5471 5477
3 5476 5477 5479
3 5479 5477 5480
3 5422 5473 5475
3 5481 5475 5474
3 5481 5474 5482
3 5422 5475 5425
3 5482 5474 5476
3 5483 5481 5482
3 5482 5476 5479
3 5479 5484 5482
3 5485 5437 5439
3 5469 5437 5485
3 5439 5449 5485
3 5478 5469 5485
3 5480 5477 5486
3 5479 5480 5487
3 5479 5487 5488
3 5450 5487 5486
3 5480 5486 5487
3 5489 5479 5488
3 5484 5479 5489
3 5481 5425 5475
3 5490 5425 5481
3 5490 5481 5483
3 5449 5448 5454
3 5487 5450 5488
3 5488 5450 5491
3 5488 5491 5492
3 5491 5450 5455
3 5488 5492 5489
3 5489 5492 5493
3 5455 5494 5491
3 5492 5491 5494
3 5494 5455 5452
3 5495 5492 5494
3 5492 5495 5493
3 5461 5494 5452
3 5495 5494 5461
3 5493 5495 5496
3 5462 5495 5461
3 5496 5495 5462
3 5497 5446 5498
3 5499 5497 5498
3 5457 5445 5446
3 5457 5446 5497
3 5458 5457 5497
3 5458 5497 5500
3 5451 5458 5464
3 5458 5501 5464
3 5463 5502 5465
3 4902 5503 4904
3 5404 4902 4903
3 5503 4902 5404
3 4908 4904 5504
3 5404 5414 5505
3 5503 5404 5505
3 4904 5503 5504
3 5506 5504 5503
3 5506 5507 5504
3 4909 4905 4908
3 4909 4908 5508
3 5509 4908 5504
3 5509 5504 5507
3 5508 4908 5509
3 5509 5510 5508
3 5414 5420 5511
3 5505 5414 5511
3 5503 5505 5506
3 5423 5512 5424
3 5424 5512 5513
3 5514 5513 5512
3 5515 5505 5511
3 5516 5505 5515
3 5516 5506 5505
3 5517 5506 5516
3 5506 5517 5507
3 5518 5517 5516
3 5512 5423 5426
3 5426 5519 5512
3 5425 5520 5426
3 5520 5425 5490
3 5519 5426 5520
3 5519 5514 5512
3 5520 5490 5521
3 5520 5522 5519
3 5521 5522 5520
3 5523 5524 5514
3 5519 5523 5514
3 5523 5519 5525
3 5525 5519 5522
3 5526 5524 5523
3 5523 5525 5526
3 5527 5525 5522
3 5528 5522 5521
3 5529 5517 5518
3 5524 5526 5518
3 5529 5518 5526
3 5530 5529 5526
3 5531 5529 5530
3 5528 5527 5522
3 5527 5532 5525
3 5533 5527 5528
3 5528 5534 5533
3 5532 5526 5525
3 5526 5532 5530
3 5535 5532 5527
3 5534 5536 5533
3 5535 5527 5533
3 5537 5507 5517
3 5538 5509 5507
3 5510 5509 5538
3 5538 5507 5539
3 5517 5529 5537
3 5537 5539 5507
3 5540 5539 5537
3 5541 5542 5540
3 5543 5531 5530
3 5543 5530 5532
3 5541 5540 5531
3 5543 5541 5531
3 5543 5532 5535
3 5544 5535 5533
3 5536 5544 5533
3 5535 5545 5543
3 5545 5535 5544
3 5543 5546 5541
3 5536 5547 5544
3 5548 5539 5540
3 5538 5539 5548
3 5541 5549 5542
3 5550 5548 5542
3 5465 5551 5462
3 5483 5482 5484
3 5489 5552 5484
3 5553 5484 5552
3 5521 5490 5483
3 5554 5521 5483
3 5554 5483 5555
3 5483 5484 5555
3 5528 5521 5554
3 5554 5556 5534
3 5555 5556 5554
3 5556 5555 5557
3 5534 5528 5554
3 5534 5556 5536
3 5555 5484 5553
3 5553 5557 5555
3 5496 5558 5493
3 5493 5552 5489
3 5552 5493 5558
3 5551 5496 5462
3 5559 5558 5496
3 5551 5559 5496
3 5552 5558 5560
3 5560 5553 5552
3 5561 5558 5559
3 5561 5559 5562
3 5560 5558 5561
3 5556 5557 5536
3 5563 5536 5557
3 5563 5547 5536
3 5557 5564 5563
3 5557 5553 5565
3 5564 5557 5565
3 5564 5565 5566
3 5564 5567 5563
3 5568 5567 5564
3 5566 5560 5569
3 5569 5560 5561
3 5570 5569 5561
3 5571 5569 5570
3 5571 5566 5569
3 5566 5571 5572
3 5571 5573 5572
3 5560 5565 5553
3 5566 5565 5560
3 5574 4926 4909
3 4925 4926 5575
3 4925 5575 4927
3 5576 4926 5574
3 5577 5576 5574
3 5575 4926 5576
3 5578 5575 5576
3 5579 5574 5508
3 5574 5579 5577
3 5580 5577 5579
3 5580 5579 5581
3 5576 5580 5582
3 5576 5577 5580
3 5583 5582 5580
3 5584 5578 5582
3 5582 5578 5576
3 5581 5583 5580
3 5583 5585 5586
3 5586 5582 5583
3 4909 5508 5574
3 5510 5579 5508
3 5579 5510 5587
3 5588 4927 5575
3 4927 5588 4938
3 4938 4939 4936
3 5588 5575 5578
3 5589 5588 5578
3 4938 5588 5589
3 4938 5589 5590
3 5590 4942 4939
3 4943 4940 4942
3 4943 4942 5591
3 5591 4942 5590
3 5592 5593 5591
3 5592 5594 5593
3 5595 5593 5594
3 5590 4939 4938
3 5596 5591 5590
3 5597 5590 5589
3 5597 5596 5590
3 5594 5596 5597
3 5592 5591 5596
3 5594 5592 5596
3 5589 5578 5584
3 5598 5589 5584
3 5597 5589 5598
3 5597 5598 5599
3 5600 5598 5584
3 5600 5584 5582
3 5586 5600 5582
3 5600 5586 5601
3 5598 5602 5599
3 5603 5598 5600
3 5603 5602 5598
3 5597 5599 5604
3 5594 5597 5604
3 5605 5594 5604
3 5595 5594 5605
3 5602 5604 5599
3 5604 5606 5605
3 5606 5604 5602
3 5581 5585 5583
3 5607 5585 5608
3 5608 5585 5581
3 5609 5607 5608
3 5609 5608 5610
3 5611 5612 5609
3 5581 5579 5587
3 5613 5581 5587
3 5613 5587 5614
3 5614 5587 5510
3 5614 5510 5538
3 5608 5581 5613
3 5610 5608 5613
3 5615 5614 5538
3 5616 5613 5615
3 5615 5613 5614
3 5550 5617 5615
3 5538 5548 5615
3 5550 5615 5548
3 5618 5616 5615
3 5617 5618 5615
3 5616 5610 5613
3 5619 5610 5616
3 5609 5610 5619
3 5618 5619 5616
3 5619 5611 5609
3 5618 5611 5619
3 5620 5611 5618
3 5603 5600 5601
3 5586 5585 5607
3 5607 5601 5586
3 5621 5602 5603
3 5612 5601 5607
3 5612 5607 5609
3 5622 5623 5612
3 5623 5603 5601
3 5621 5623 5624
3 5606 5625 5605
3 5626 5606 5627
3 5606 5628 5625
3 5626 5628 5606
3 5621 5606 5602
3 5627 5606 5621
3 5628 5626 5627
3 5629 5628 5627
3 5628 5629 5630
3 5631 5622 5612
3 5611 5631 5612
3 5623 5622 5624
3 5632 5624 5622
3 5622 5631 5632
3 5633 5631 5611
3 5633 5632 5631
3 5624 5627 5621
3 5629 5627 5624
3 5632 5629 5624
3 5634 5629 5632
3 5634 5630 5629
3 5635 5630 5634
3 5634 5636 5635
3 5568 5564 5566
3 5572 5568 5566
3 5568 5572 5637
3 5638 5568 5637
3 5573 5637 5572
3 5637 5573 5639
3 5638 5637 5640
3 5640 5637 5639
3 5641 5640 5639
3 5642 5640 5641
3 5543 5545 5546
3 5643 5545 5544
3 5644 5542 5549
3 5549 5645 5644
3 5644 5646 5550
3 5644 5550 5542
3 5546 5549 5541
3 5545 5647 5546
3 5647 5545 5643
3 5546 5645 5549
3 5647 5645 5546
3 5544 5547 5643
3 5643 5547 5648
3 5649 5648 5547
3 5647 5650 5645
3 5650 5647 5643
3 5643 5651 5650
3 5648 5651 5643
3 5652 5651 5648
3 5652 5648 5649
3 5563 5649 5547
3 5653 5550 5646
3 5644 5645 5654
3 5654 5645 5650
3 5654 5646 5644
3 5654 5650 5655
3 5656 5653 5646
3 5656 5646 5654
3 5654 5655 5656
3 5655 5657 5656
3 5658 5653 5656
3 5657 5655 5659
3 5655 5650 5651
3 5651 5659 5655
3 5659 5651 5652
3 5649 5660 5652
3 5661 5652 5660
3 5653 5658 5662
3 5620 5618 5662
3 5663 5662 5658
3 5664 5658 5656
3 5656 5657 5664
3 5658 5664 5663
3 5664 5657 5665
3 5665 5657 5666
3 5666 5657 5659
3 5663 5667 5662
3 5668 5620 5662
3 5669 5667 5663
3 5669 5663 5664
3 5669 5664 5665
3 5670 5659 5652
3 5666 5659 5670
3 5670 5652 5661
3 5671 5666 5670
3 5671 5670 5672
3 5672 5670 5661
3 5665 5673 5669
3 5674 5669 5673
3 5666 5673 5665
3 5675 5632 5633
3 5676 5675 5633
3 5633 5668 5676
3 5675 5634 5632
3 5677 5636 5634
3 5677 5634 5675
3 5678 5677 5675
3 5677 5678 5679
3 5680 5681 5682
3 5682 5681 5683
3 5684 5685 5683
3 5681 5684 5683
3 5684 5681 5686
3 5633 5611 5620
3 5668 5633 5620
3 5668 5662 5667
3 5687 5676 5668
3 5688 5671 5672
3 5667 5669 5674
3 5667 5674 5687
3 5673 5689 5674
3 5690 5673 5666
3 5690 5666 5671
3 5671 5691 5690
3 5673 5690 5689
3 5692 5689 5690
3 5692 5690 5691
3 5668 5667 5687
3 5674 5680 5687
3 5676 5687 5682
3 5680 5682 5687
3 5680 5674 5689
3 5680 5689 5693
3 5693 5689 5692
3 5694 5692 5691
3 5695 5671 5688
3 5671 5695 5691
3 5691 5695 5694
3 5696 5695 5688
3 5680 5693 5681
3 5697 5693 5692
3 5692 5694 5697
3 5693 5698 5681
3 5697 5698 5693
3 5698 5686 5681
3 5699 5698 5697
3 5699 5697 5694
3 5699 5694 5700
3 5694 5695 5696
3 5696 5701 5694
3 5701 5696 5702
3 5649 5563 5567
3 5660 5649 5567
3 5703 5660 5567
3 5703 5661 5660
3 5704 5703 5567
3 5568 5704 5567
3 5703 5704 5705
3 5705 5661 5703
3 5672 5661 5705
3 5706 5704 5568
3 5706 5707 5704
3 5705 5704 5707
3 5706 5568 5638
3 5705 5688 5672
3 5707 5688 5705
3 5706 5708 5707
3 5688 5707 5709
3 5709 5707 5710
3 5710 5707 5708
3 5688 5709 5696
3 5702 5696 5709
3 5640 5706 5638
3 5708 5706 5640
3 5642 5708 5640
3 5642 5711 5708
3 5710 5708 5712
3 5712 5708 5711
3 5713 5711 5642
3 5714 5713 5642
3 4201 4918 5446
3 4918 5101 5715
3 5498 4918 5715
3 5498 5446 4918
3 5715 5101 5102
3 5715 5102 5107
3 5715 5107 5716
3 5498 5715 5716
3 5499 5498 5716
3 5499 5716 5717
3 5718 5499 5717
3 5717 5719 5720
3 5717 5720 5718
3 5497 5499 5500
3 5500 5722 5458
3 5465 5502 5723
3 5465 5723 5551
3 5551 5723 5724
3 5458 5722 5501
3 5502 5721 5723
3 5725 5723 5721
3 5727 5725 5721
3 5725 5724 5723
3 5500 5499 5718
3 5722 5500 5726
3 5718 5726 5500
3 5728 5726 5718
3 5731 5728 5718
3 5718 5720 5731
3 5732 5729 5730
3 5732 5730 5733
3 5725 5729 5732
3 5725 5732 5735
3 5729 5725 5727
3 5724 5725 5735
3 5736 5562 5737
3 5735 5736 5737
3 5735 5737 5724
3 5738 5739 5735
3 5739 5736 5735
3 5739 5738 5740
3 5716 5107 5741
3 5742 5741 5107
3 5716 5719 5717
3 5719 5716 5741
3 5743 5720 5719
3 5734 5720 5743
3 5719 5741 5743
3 5741 5744 5743
3 5744 5745 5743
3 5108 5109 5107
3 5742 5107 5109
3 5741 5742 5747
3 5747 5742 5109
3 5109 5748 5747
3 5748 5109 5110
3 5744 5747 5748
3 5748 5110 5113
3 5741 5747 5744
3 5744 5748 5750
3 5750 5748 5751
3 5750 5745 5744
3 5753 5749 5752
3 5753 5754 5749
3 5731 5720 5734
3 5733 5755 5732
3 5733 5746 5755
3 5738 5735 5732
3 5755 5738 5732
3 5734 5743 5745
3 5755 5746 5756
3 5754 5746 5749
3 5756 5746 5754
3 5757 5738 5755
3 5756 5757 5755
3 5740 5738 5757
3 5756 5754 5758
3 5759 5758 5754
3 5753 5759 5754
3 5756 5758 5757
3 5760 5757 5758
3 5761 5758 5759
3 5740 5762 5739
3 5740 5763 5762
3 5740 5757 5760
3 5760 5763 5740
3 5761 5759 5764
3 5761 5760 5758
3 5765 5761 5764
3 5765 5766 5761
3 5766 5767 5760
3 5760 5761 5766
3 5760 5767 5763
3 5768 5766 5765
3 5769 5766 5768
3 5766 5769 5767
3 5724 5559 5551
3 5737 5559 5724
3 5737 5562 5559
3 5770 5562 5736
3 5570 5561 5562
3 5770 5570 5562
3 5770 5571 5570
3 5762 5770 5736
3 5762 5736 5739
3 5573 5571 5770
3 5771 5573 5770
3 5762 5771 5770
3 5771 5762 5763
3 5763 5772 5771
3 5772 5763 5773
3 5767 5773 5763
3 5748 5113 5751
3 5113 5130 5133
3 5774 5113 5133
3 5751 5113 5774
3 5776 5775 5134
3 5776 5134 5777
3 5777 5134 5131
3 5777 5131 5778
3 5779 5132 5135
3 5779 5135 5147
3 5753 5752 5775
3 5753 5775 5776
3 5777 5780 5776
3 5776 5780 5753
3 5780 5759 5753
3 5780 5764 5759
3 5147 5782 5779
3 5782 5147 5148
3 5781 5777 5778
3 5781 5783 5777
3 5148 5146 5151
3 5151 5785 5148
3 5148 5786 5782
3 5784 5782 5786
3 5785 5786 5148
3 5780 5783 5787
3 5783 5780 5777
3 5787 5783 5788
3 5785 5151 5150
3 5790 5150 5153
3 5791 5150 5790
3 5785 5150 5791
3 5786 5785 5792
3 5153 5154 5793
3 5790 5153 5793
3 5790 5793 5791
3 5792 5785 5791
3 5793 5794 5791
3 5795 5786 5792
3 5789 5784 5795
3 5795 5784 5786
3 5792 5791 5796
3 5796 5791 5794
3 5796 5797 5792
3 5795 5792 5798
3 5798 5792 5797
3 5780 5787 5764
3 5765 5764 5787
3 5787 5788 5799
3 5765 5787 5799
3 5795 5800 5789
3 5768 5799 5802
3 5799 5768 5765
3 5798 5800 5795
3 5801 5800 5798
3 5769 5773 5767
3 5167 5166 5169
3 5803 5167 5169
3 5803 5804 5167
3 5805 5803 5169
3 5806 5573 5771
3 5806 5807 5573
3 5806 5771 5772
3 5808 5806 5772
3 5808 5807 5806
3 5639 5573 5807
3 5809 5639 5807
3 5808 5810 5807
3 5807 5810 5809
3 5808 5772 5773
3 5808 5773 5811
3 5812 5811 5773
3 5773 5769 5812
3 5811 5812 5813
3 5811 5810 5808
3 5814 5810 5811
3 5811 5813 5814
3 5816 5812 5818
3 5816 5813 5812
3 5641 5639 5809
3 5819 5641 5809
3 5714 5641 5819
3 5810 5814 5820
3 5819 5809 5810
3 5819 5810 5820
3 5820 5814 5821
3 5642 5641 5714
3 5714 5819 5822
3 5823 5714 5822
3 5820 5821 5824
3 5822 5819 5820
3 5822 5824 5825
3 5822 5825 5823
3 5820 5824 5822
3 5826 5821 5814
3 5826 5816 5828
3 5816 5826 5813
3 5826 5814 5813
3 5829 5826 5828
3 5831 5821 5826
3 5832 5830 5833
3 5832 5833 5834
3 5832 5834 5835
3 5834 5805 5835
3 5829 5831 5826
3 5836 5831 5839
3 5839 5831 5829
3 5838 5830 5832
3 5832 5840 5838
3 5840 5832 5835
3 5840 5835 5841
3 5837 5838 5840
3 5837 5840 5841
3 5842 5824 5821
3 5831 5842 5821
3 5154 5152 5171
3 5154 5171 5843
3 5793 5154 5843
3 5843 5794 5793
3 5844 5796 5794
3 5797 5796 5844
3 5845 5794 5843
3 5845 5844 5794
3 5846 5843 5171
3 5845 5843 5846
3 5804 5171 5170
3 5846 5171 5804
3 5768 5802 5848
3 5849 5797 5844
3 5798 5797 5849
3 5801 5798 5850
3 5849 5850 5798
3 5847 5801 5850
3 5849 5844 5845
3 5845 5851 5849
3 5845 5846 5851
3 5852 5849 5851
3 5850 5849 5852
3 5852 5853 5850
3 5768 5854 5769
3 5848 5854 5768
3 5855 5847 5853
3 5818 5812 5769
3 5818 5769 5854
3 5850 5853 5847
3 5856 5846 5804
3 5851 5846 5856
3 5852 5851 5857
3 5857 5851 5856
3 5857 5856 5804
3 5858 5852 5859
3 5859 5852 5857
3 5853 5852 5858
3 5855 5853 5858
3 5858 5817 5855
3 5858 5859 5860
3 5860 5861 5858
3 5860 5859 5857
3 5860 5857 5862
3 5804 5862 5857
3 5863 5860 5862
3 5861 5860 5863
3 5804 5170 5167
3 5862 5804 5803
3 5864 5861 5863
3 5863 5862 5865
3 5865 5862 5834
3 5834 5862 5803
3 5805 5834 5803
3 5817 5858 5861
3 5815 5817 5864
3 5817 5861 5864
3 5863 5865 5864
3 5865 5866 5864
3 5815 5864 5866
3 5827 5815 5866
3 5865 5833 5866
3 5827 5866 5830
3 5830 5866 5833
3 5833 5865 5834
3 5713 5714 5823
3 5713 5823 5867
3 5868 4941 4943
3 5868 5189 4941
3 5191 5189 5868
3 5869 5191 5868
3 5591 5868 4943
3 5870 5192 5191
3 5593 5868 5591
3 5869 5868 5593
3 5871 5869 5593
3 5869 5871 5872
3 5869 5872 5873
3 5873 5191 5869
3 5191 5873 5870
3 5874 5873 5872
3 5192 5875 5194
3 5192 5870 5875
3 5195 5194 5196
3 5196 5194 5875
3 5876 5197 5196
3 5874 5870 5873
3 5875 5870 5874
3 5876 5196 5875
3 5877 5875 5878
3 5877 5876 5875
3 5871 5593 5595
3 5879 5872 5871
3 5872 5880 5874
3 5880 5872 5879
3 5879 5881 5880
3 5882 5879 5871
3 5879 5882 5883
3 5605 5882 5871
3 5605 5871 5595
3 5605 5625 5882
3 5874 5880 5878
3 5875 5874 5878
3 5878 5880 5884
3 5877 5878 5884
3 5881 5884 5880
3 5885 5884 5881
3 5886 5877 5884
3 5885 5886 5884
3 5887 5886 5885
3 5198 4040 5197
3 5198 5197 5888
3 4071 4039 5198
3 4071 5198 5888
3 5197 5876 5888
3 5889 5888 5876
3 5888 5890 4071
3 5888 5889 5890
3 5890 4072 4071
3 5891 4072 5890
3 4073 4072 5891
3 5876 5877 5889
3 5892 5889 5877
3 5892 5893 5889
3 5893 5890 5889
3 5887 5894 5892
3 5886 5892 5877
3 5894 5893 5892
3 5895 5891 5890
3 4073 5891 4076
3 5895 5890 5893
3 5894 5895 5893
3 4076 5891 5895
3 4076 5896 4078
3 5897 4078 5896
3 5896 5895 5894
3 5896 5894 5898
3 5896 4076 5895
3 5898 5897 5896
3 5881 5879 5883
3 5881 5883 5899
3 5883 5900 5899
3 5901 5882 5625
3 5901 5625 5628
3 5902 5901 5628
3 5882 5901 5883
3 5900 5883 5901
3 5630 5902 5628
3 5900 5901 5902
3 5900 5903 5899
3 5899 5885 5881
3 5904 5887 5885
3 5885 5899 5905
3 5906 5885 5905
3 5907 5906 5905
3 5635 5902 5630
3 5908 5902 5635
3 5908 5900 5902
3 5908 5903 5900
3 5908 5635 5909
3 5909 5903 5908
3 5636 5910 5635
3 5635 5910 5909
3 5903 5909 5911
3 5911 5909 5910
3 5912 5906 5907
3 5913 5912 5914
3 5915 5912 5913
3 5907 5905 5903
3 5903 5914 5907
3 5914 5912 5907
3 5914 5903 5911
3 5913 5914 5911
3 5887 5916 5894
3 5917 5894 5916
3 5887 5904 5916
3 5916 5904 5918
3 5919 5917 5916
3 5918 5920 5916
3 5920 5919 5916
3 5917 5898 5894
3 5921 5898 5917
3 5922 5897 5898
3 5917 5919 5921
3 5921 5919 5923
3 5924 5922 5898
3 5924 5898 5921
3 5921 5923 5924
3 5904 5906 5925
3 5906 5912 5925
3 5918 5904 5925
3 5925 5926 5918
3 5926 5920 5918
3 5920 5927 5919
3 5920 5926 5927
3 5912 5915 5925
3 5915 5926 5925
3 5926 5915 5928
3 5928 5927 5926
3 5923 5919 5927
3 5923 5929 5924
3 5930 5924 5929
3 5927 5931 5923
3 5927 5928 5931
3 5931 5929 5923
3 5929 5931 5932
3 4091 4078 5897
3 5922 4091 5897
3 4113 4091 5922
3 4113 5922 5933
3 5934 5922 5924
3 5933 5922 5934
3 4113 5933 4114
3 4119 4114 5933
3 5930 5934 5924
3 5934 5935 5936
3 5930 5935 5934
3 5934 5936 5933
3 4119 5933 5936
3 4120 4119 5936
3 5935 5937 5936
3 5936 5937 4120
3 5929 5932 5930
3 5935 5930 5932
3 5938 5937 5935
3 4124 4120 5937
3 5939 4124 5937
3 4126 4123 4124
3 5677 5910 5636
3 5940 5910 5677
3 5940 5911 5910
3 5941 5911 5940
3 5942 5940 5677
3 5942 5677 5679
3 5943 5942 5679
3 5940 5942 5941
3 5911 5941 5913
3 5915 5913 5944
3 5913 5941 5944
3 5944 5941 5945
3 5943 5946 5942
3 5685 5947 5943
3 5947 5685 5684
3 5947 5684 5686
3 5948 5686 5698
3 5949 5950 5947
3 5951 5949 5947
3 5951 5947 5686
3 5951 5686 5948
3 5951 5948 5952
3 5942 5946 5941
3 5953 5941 5946
3 5941 5953 5945
3 5954 5949 5955
3 5951 5955 5949
3 5956 5698 5699
3 5698 5956 5948
3 5699 5700 5956
3 5700 5701 5957
3 5700 5958 5956
3 5957 5958 5700
3 5700 5694 5701
3 5702 5959 5701
3 5948 5956 5960
3 5957 5701 5959
3 5961 5959 5962
3 5928 5915 5963
3 5944 5963 5915
3 5964 5963 5944
3 5965 5931 5928
3 5965 5932 5931
3 5965 5928 5963
3 5964 5965 5963
3 5964 5944 5945
3 5966 5964 5945
3 5967 5964 5966
3 5965 5964 5968
3 5964 5967 5968
3 5965 5968 5969
3 5960 5952 5948
3 5955 5970 5971
3 5955 5951 5970
3 5970 5951 5952
3 5952 5960 5972
3 5952 5973 5970
3 5973 5952 5972
3 5974 5973 5972
3 5956 5958 5960
3 5975 5960 5958
3 5975 5958 5957
3 5976 5957 5959
3 5972 5960 5975
3 5977 5972 5975
3 5976 5975 5957
3 5976 5977 5975
3 5976 5959 5961
3 5978 5971 5970
3 5978 5966 5971
3 5979 5978 5970
3 5979 5970 5973
3 5973 5980 5979
3 5980 5973 5974
3 5977 5981 5974
3 5979 5980 5982
3 5978 5979 5982
3 5983 5967 5978
3 5983 5978 5982
3 5980 5974 5984
3 5984 5974 5981
3 5968 5985 5969
3 5986 5987 5967
3 5986 5967 5983
3 5988 5987 5986
3 5988 5989 5987
3 5988 5986 5990
3 5980 5991 5982
3 5980 5984 5991
3 5990 5986 5983
3 5982 5992 5983
3 5983 5992 5990
3 5991 5992 5982
3 5993 5991 5984
3 5981 5994 5984
3 5993 5984 5994
3 5990 5992 5988
3 5995 5991 5993
3 5992 5991 5995
3 5996 5995 5993
3 5996 5993 5997
3 5994 5997 5993
3 5997 5994 5998
3 5972 5977 5974
3 5976 5999 5977
3 5999 5981 5977
3 5999 5976 6000
3 6000 5976 5961
3 5999 5994 5981
3 5999 5998 5994
3 6000 5998 5999
3 6001 5998 6000
3 6001 6000 6002
3 6003 5710 5712
3 5702 5709 5962
3 5709 6004 5962
3 5962 5959 5702
3 6004 5709 5710
3 6004 5710 6003
3 5962 6004 6005
3 5961 5962 6005
3 6004 6003 6006
3 6006 6005 6004
3 6007 6005 6006
3 5712 5711 6008
3 5712 6009 6003
3 6010 5711 5713
3 6010 5713 5867
3 6008 5711 6010
3 6011 6012 6010
3 6008 6010 6013
3 6013 6010 6012
3 6008 6009 5712
3 6014 6009 6008
3 6013 6014 6008
3 6015 6009 6014
3 6013 6016 6014
3 6015 6014 6017
3 6018 6014 6016
3 6017 6014 6018
3 6006 6003 6009
3 6009 6015 6006
3 6019 5961 6005
3 6006 6020 6007
3 6007 6019 6005
3 6021 6019 6007
3 6021 6007 6020
3 6022 6019 6021
3 6023 6021 6020
3 6021 6024 6022
3 6022 6024 6025
3 6024 6021 6023
3 6017 6018 6026
3 6027 6017 6026
3 6028 6029 6027
3 6020 6006 6015
3 6020 6015 6030
3 6015 6029 6030
3 6029 6015 6017
3 6029 6017 6027
3 6031 6030 6032
3 6023 6020 6030
3 6023 6030 6031
3 6023 6031 6033
3 6032 6030 6029
3 6031 6032 6028
3 6028 6032 6029
3 6034 6031 6028
3 6031 6034 6033
3 6028 6035 6034
3 6019 6000 5961
3 6002 6000 6019
3 6002 6019 6022
3 5938 5935 5932
3 5939 5937 5938
3 6036 5932 5965
3 5938 5932 5939
3 6036 5939 5932
3 6036 6037 5939
3 5939 6038 4124
3 6037 6038 5939
3 6038 4126 4124
3 6039 6038 6037
3 4141 4126 6038
3 6038 6039 4141
3 5965 5969 6036
3 6040 6036 5969
3 6041 6037 6036
3 6037 6041 6039
3 6042 4142 6039
3 6039 6041 6042
3 6039 4142 4141
3 4142 6042 4147
3 4147 6042 4148
3 6040 5969 5985
3 5989 6040 5985
3 5989 5988 6043
3 6044 6043 5988
3 6044 5988 6045
3 6046 6043 6044
3 6043 6046 6047
3 6043 6047 6048
3 5992 6045 5988
3 6036 6040 6049
3 6049 6041 6036
3 6048 6049 6040
3 6050 6051 6049
3 6045 6046 6044
3 6046 6045 6052
3 6052 6045 6053
3 5992 5995 6045
3 5995 6054 6045
3 6054 5995 5996
3 6045 6054 6053
3 6053 6054 6055
3 6055 6054 5996
3 6055 5996 6056
3 6056 5996 5997
3 6057 6056 5997
3 6052 6047 6046
3 6050 6048 6047
3 6058 6050 6047
3 6059 6052 6053
3 6047 6052 6058
3 6052 6060 6058
3 6060 6052 6059
3 6061 6060 6059
3 6050 6058 6051
3 6062 6051 6058
3 6058 6060 6062
3 6061 6063 6060
3 6061 6059 6064
3 6065 6061 6064
3 6055 6059 6053
3 6056 6066 6055
3 6059 6055 6064
3 6066 6064 6055
3 6066 6056 6067
3 6057 6067 6056
3 6065 6064 6066
3 6068 6065 6066
3 6067 6068 6066
3 6057 5998 6069
3 6069 5998 6001
3 6070 6057 6069
3 6071 6069 6001
3 6072 6071 6001
3 6071 6072 6073
3 6074 6073 6072
3 6075 6074 6072
3 5997 5998 6057
3 6067 6057 6070
3 6071 6070 6069
3 6070 6076 6067
3 6076 6070 6073
3 6070 6071 6073
3 6049 6042 6041
3 6077 6042 6049
3 6077 4148 6042
3 4150 4148 6077
3 6049 6078 6077
3 6078 6049 6051
3 4150 6077 4153
3 6062 6079 6051
3 6062 6060 6063
3 6080 6081 6062
3 6077 6082 4153
3 6063 6080 6062
3 6061 6083 6063
3 6083 6061 6065
3 6080 6063 6084
3 6082 6080 6084
3 6084 6063 6083
3 6065 6085 6083
3 6083 6086 6084
3 6085 6086 6083
3 6085 6065 6068
3 6068 6067 6076
3 6087 6068 6088
3 6085 6068 6087
3 6068 6076 6088
3 6089 4152 6082
3 6082 6084 6090
3 6089 6082 6090
3 6084 6091 6090
3 6086 6091 6084
3 6092 4156 6089
3 6090 6092 6089
3 6093 6086 6085
3 6093 6085 6087
3 6092 6090 6091
3 4154 4156 6092
3 6087 6088 6094
3 6094 6088 6095
3 6096 6076 6073
3 6076 6097 6088
3 6097 6076 6096
3 6096 6073 6074
3 6098 6097 6096
3 6095 6088 6097
3 6095 6097 6099
3 6100 6098 6096
3 6098 6100 6101
3 6100 6102 6101
3 6098 6099 6097
3 6099 6098 6101
3 6103 6104 6024
3 6024 6023 6105
3 6105 6023 6033
3 6024 6105 6103
3 6033 6106 6105
3 6103 6105 6106
3 6033 6034 6106
3 6035 6107 6034
3 6034 6107 6106
3 6108 6103 6109
3 6103 6110 6109
3 6110 6103 6106
3 6106 6107 6110
3 6111 6110 6107
3 6111 6107 6112
3 6113 6109 6110
3 6113 6110 6111
3 6114 6113 6111
3 6111 6115 6114
3 6114 6115 6116
3 6002 6022 6025
3 6072 6002 6025
3 6072 6001 6002
3 6104 6025 6024
3 6025 6117 6075
3 6072 6025 6075
3 6117 6025 6104
3 6118 6117 6104
3 6103 6118 6104
3 6118 6119 6117
3 6108 6119 6118
3 6108 6118 6103
3 6113 6108 6109
3 6075 6117 6119
3 6119 6074 6075
3 6120 6074 6119
3 6121 6119 6108
3 6120 6119 6121
3 6120 6121 6122
3 6100 6074 6120
3 6100 6120 6123
3 6123 6120 6122
3 6100 6096 6074
3 6100 6123 6102
3 6121 6108 6113
3 6114 6121 6113
3 6121 6124 6125
3 6124 6126 6125
3 6125 6122 6121
3 6124 6121 6114
3 6124 6114 6116
3 6127 5169 5168
3 6127 5168 5331
3 6128 6127 5331
3 5169 6127 6129
3 5805 5169 6129
3 6129 6127 6128
3 5330 5333 5331
3 6128 5331 6130
3 5331 5333 6130
3 6130 5333 6131
3 6128 6130 6132
3 6133 6129 6128
3 6133 6128 6132
3 6131 6132 6130
3 6134 6132 6131
3 6011 5823 6135
3 5825 6135 5823
3 6136 6135 5825
3 6136 6137 6135
3 6138 6137 6136
3 5835 5805 6139
3 5805 6129 6139
3 5835 6139 6140
3 5835 6140 5841
3 6140 6141 5841
3 5841 6142 5837
3 6142 5841 6141
3 6140 6139 6144
3 6144 6141 6140
3 6145 6139 6129
3 6145 6129 6133
3 6144 6139 6145
3 6146 6141 6144
3 6147 6144 6145
3 5842 6148 5824
3 5824 6136 5825
3 6136 5824 6148
3 5836 5842 5831
3 6143 5842 5836
3 5842 6143 6148
3 6148 6143 6149
3 6142 6141 6150
3 6150 6141 6146
3 6151 6148 6149
3 6136 6148 6153
3 6138 6136 6153
3 6148 6151 6153
3 6155 6153 6151
3 6150 6146 6152
3 6147 6146 6144
3 6152 6146 6147
3 6156 6147 6145
3 6152 6147 6157
3 6157 6154 6152
3 6145 6133 6156
3 6133 6132 6156
3 6158 6156 6132
3 6132 6134 6159
3 6160 6138 6153
3 6161 6153 6155
3 6153 6161 6160
3 6156 6163 6147
3 6157 6147 6163
3 6164 6157 6163
3 6163 6156 6158
3 6154 6157 6164
3 6164 6162 6154
3 6163 6165 6164
3 6162 6164 6165
3 6166 6159 6167
3 6168 6161 6170
3 6172 6168 6170
3 6158 6132 6159
3 6158 6159 6166
3 6158 6165 6163
3 6165 6158 6173
3 6173 6158 6166
3 6165 6174 6162
3 6174 6165 6173
3 6169 6162 6174
3 6175 6176 6173
3 6173 6176 6174
3 6176 6169 6174
3 6177 6131 5334
3 5379 5334 5376
3 5379 6177 5334
3 6177 5379 6178
3 5334 6131 5333
3 6179 6131 6177
3 6177 6180 6179
3 5393 5379 5392
3 5379 5393 6181
3 6181 5393 5394
3 6178 5379 6181
3 5391 5399 5394
3 6181 5394 6182
3 6182 5394 5399
3 6177 6178 6183
3 6178 6181 6184
3 6184 6181 6182
3 6184 6182 6185
3 6186 5396 5398
3 6187 5398 5395
3 6188 6189 6186
3 6188 6186 5398
3 6188 5398 6187
3 6190 6191 6188
3 6190 6188 6192
3 6186 5399 5396
3 6189 5399 6186
3 6185 6182 5399
3 6185 5399 6189
3 6189 6193 6185
3 6193 6184 6185
3 6194 6184 6193
3 6193 6189 6191
3 6189 6188 6191
3 6190 6193 6191
3 6184 6183 6178
3 6177 6183 6180
3 6183 6184 6194
3 6194 6193 6195
3 6195 6193 6190
3 6195 6190 6196
3 6197 6196 6190
3 6198 6194 6195
3 6198 6195 6196
3 6183 6194 6198
3 6199 6196 6197
3 6198 6196 6199
3 6134 6131 6179
3 6167 6159 6134
3 6200 6167 6134
3 6200 6134 6179
3 6180 6201 6179
3 6200 6179 6201
3 6175 6166 6202
3 6175 6203 6176
3 6204 6175 6202
3 6203 6175 6204
3 6166 6167 6202
3 6175 6173 6166
3 6200 6201 6205
3 6206 6167 6200
3 6206 6202 6167
3 6207 6202 6206
3 6206 6200 6205
3 6201 6180 6208
3 6208 6180 6183
3 6198 6208 6183
3 6209 6208 6210
3 6210 6208 6198
3 6210 6198 6211
3 6209 6210 6212
3 6213 6212 6210
3 6214 6212 6213
3 6208 6205 6201
3 6205 6208 6209
3 6206 6205 6215
3 6205 6209 6212
3 6215 6205 6212
3 5867 6011 6010
3 6011 5867 5823
3 6012 6011 6135
3 6016 6013 6012
3 6012 6216 6016
3 6012 6135 6216
3 6216 6135 6217
3 6018 6016 6216
3 6026 6018 6216
3 6135 6137 6217
3 6138 6217 6137
3 6218 6216 6217
3 6026 6216 6218
3 6219 6218 6220
3 6026 6218 6221
3 6221 6218 6219
3 6221 6027 6026
3 6220 6218 6217
3 6138 6220 6217
3 6160 6220 6138
3 6027 6222 6028
3 6221 6222 6027
3 6220 6223 6219
3 6223 6221 6219
3 6221 6223 6222
3 6224 6222 6223
3 6225 6224 6223
3 6222 6035 6028
3 6224 6035 6222
3 6220 6160 6223
3 6168 6160 6161
3 6160 6168 6223
3 6223 6168 6225
3 6171 6169 6176
3 6176 6203 6171
3 6226 6224 6225
3 6227 6224 6226
3 6228 6226 6229
3 6229 6226 6230
3 6229 6230 6232
3 6035 6227 6107
3 6035 6224 6227
3 6107 6227 6112
3 6227 6226 6228
3 6112 6227 6228
3 6228 6233 6112
3 6225 6168 6172
3 6225 6172 6235
3 6171 6203 6234
3 6230 6225 6235
3 6230 6235 6237
3 6204 6238 6203
3 6234 6203 6238
3 6238 6204 6207
3 6207 6204 6202
3 6230 6226 6225
3 6238 6207 6239
3 6207 6240 6239
3 6236 6234 6238
3 6236 6238 6231
3 6206 6240 6207
3 6231 6238 6239
3 6241 6239 6240
3 6231 6239 6241
3 6230 6237 6232
3 6242 6229 6244
3 6233 6115 6111
3 6233 6111 6112
3 6233 6245 6115
3 6115 6245 6116
3 6233 6228 6242
3 6228 6229 6242
3 6233 6242 6245
3 6116 6245 6246
3 6247 6116 6246
3 6245 6242 6248
3 6245 6248 6246
3 6249 6246 6248
3 6250 6248 6253
3 6250 6249 6248
3 6240 6206 6215
3 6240 6254 6241
3 6254 6240 6215
3 6255 6215 6212
3 6255 6254 6215
3 6232 6257 6229
3 6241 6256 6231
3 6256 6241 6258
3 6258 6241 6254
3 6254 6259 6258
3 6244 6229 6257
3 6258 6243 6256
3 6243 6258 6259
3 6255 6212 6214
3 6259 6254 6255
3 6259 6255 6260
3 6260 6255 6214
3 6244 6248 6242
3 6243 6259 6252
3 6252 6259 6261
3 6253 6248 6244
3 6259 6260 6261
3 6260 6214 6262
3 6262 6214 6263
3 6261 6260 6262
3 6261 6264 6252
3 6251 6252 6264
3 6086 6265 6091
3 6265 6086 6093
3 6266 6092 6091
3 6266 4154 6092
3 6266 6091 6265
3 6265 6267 6266
3 6267 6265 6268
3 6087 6269 6093
3 6265 6093 6268
3 6093 6269 6268
3 6269 6087 6094
3 6269 6094 6270
3 5419 5410 5409
3 5409 5411 6271
3 6271 5419 5409
3 5417 6271 5411
3 6271 5417 5419
3 5416 5419 5417
3 5419 5416 5418
3 6272 5418 5416
3 6272 5420 5418
3 5421 6272 5416
3 5420 6272 5424
3 6272 5421 5424
3 5511 5420 5424
3 5511 5513 5515
3 5514 5515 5513
3 5424 5513 5511
3 5516 5515 5524
3 5518 5516 5524
3 5514 5524 5515
3 5531 5537 5529
3 5531 5540 5537
3 5540 5542 5548
3 5612 5623 5601
3 5623 5621 5603
3 5550 5653 5617
3 5653 5618 5617
3 5653 5662 5618
3 5676 5678 5675
3 5682 5678 5676
3 5678 5682 5683
3 5678 5683 5685
3 5886 5887 5892
3 5905 5899 5903
3 5904 5885 5906
3 5678 5943 5679
3 5943 5678 5685
3 5943 5950 5946
3 5943 5947 5950
3 5946 5950 5953
3 5953 5950 5949
3 5954 5953 5949
3 5953 5954 5945
3 5954 5971 5945
3 5954 5955 5971
3 5966 5945 5971
3 5967 5966 5978
3 5987 5985 5968
3 5967 5987 5968
3 5989 5985 5987
3 6040 5989 6043
3 6043 6048 6040
3 6050 6049 6048
3 6078 6051 6079
3 6079 6081 6078
3 6062 6081 6079
3 6081 6077 6078
3 6082 6077 6081
3 6080 6082 6081
3 6082 4152 4153
3 4156 4152 6089
3 2928 2929 6273
3 6273 2929 6274
3 6274 6275 6273
3 3846 2929 1000
3 3847 6274 3846
3 6274 2929 3846
3 6274 3847 6276
3 6276 6277 6274
3 6274 6277 6275
3 6278 6275 6277
3 6277 6279 6278
3 2928 6273 2930
3 2930 6273 6280
3 2934 2930 6280
3 2934 6280 6281
3 6275 6280 6273
3 6282 6280 6275
3 6278 6282 6275
3 6282 6281 6280
3 6283 6282 6278
3 6284 6282 6283
3 6284 6281 6282
3 6276 3847 3860
3 3860 3847 3848
3 6285 6276 3860
3 6285 6279 6276
3 6279 6277 6276
3 6279 6285 6286
3 6285 3860 3864
3 3917 6285 3864
3 6287 6285 3917
3 3917 3864 3865
3 6286 6285 6287
3 6286 6287 6288
3 6283 6278 6289
3 6290 6283 6289
3 6291 6292 6290
3 6289 6278 6279
3 6279 6286 6289
3 6291 6289 6286
3 6288 6291 6286
3 6288 6293 6291
3 6289 6291 6290
3 2933 6294 2938
3 6294 2933 2934
3 6294 2934 6281
3 2937 2936 2938
3 2940 2937 2938
3 6295 6294 6281
3 6284 6296 6281
3 6281 6296 6295
3 2938 6295 6297
3 6295 2938 6294
3 2938 6297 2940
3 2941 2939 2940
3 2940 6298 2941
3 6298 2940 6297
3 6299 6298 6297
3 6283 6300 6284
3 6296 6284 6300
3 6295 6296 6301
3 6302 6296 6300
3 6296 6302 6301
3 6303 6301 6302
3 6290 6300 6283
3 6290 6302 6300
3 6302 6290 6304
3 6292 6304 6290
3 6305 6303 6302
3 6304 6305 6302
3 6295 6301 6297
3 6306 6297 6301
3 6306 6301 6303
3 6306 6299 6297
3 6307 6306 6303
3 6303 6305 6307
3 6308 6309 6306
3 6306 6307 6308
3 6310 6309 6308
3 6308 6307 6310
3 3916 6311 3917
3 6312 6287 3917
3 6313 6312 3917
3 6313 3917 6311
3 3918 6311 3916
3 6314 6311 3918
3 6314 6313 6311
3 6315 6312 6313
3 6316 6313 6314
3 6316 6315 6313
3 6317 6288 6287
3 6317 6293 6288
3 6312 6317 6287
3 6312 6315 6318
3 6291 6293 6292
3 6319 6292 6293
3 6320 6317 6312
3 6320 6293 6317
3 6312 6318 6320
3 6321 6318 6315
3 6293 6320 6322
3 6323 6322 6320
3 6323 6320 6318
3 6324 6323 6318
3 3921 6325 3918
3 6325 6314 3918
3 6314 6325 6326
3 6327 6326 6325
3 6325 3921 3923
3 3923 6328 6325
3 6327 6325 6328
3 6314 6326 6316
3 6329 6316 6326
3 6327 6329 6326
3 6329 6321 6316
3 6327 6328 6330
3 6329 6331 6321
3 6327 6330 6329
3 3952 6328 3923
3 3952 3923 3946
3 3952 6330 6328
3 6330 3952 6332
3 6329 6330 6333
3 6334 6333 6330
3 6332 6334 6330
3 6335 6332 3952
3 6336 6334 6332
3 6321 6324 6318
3 6316 6321 6315
3 6331 6324 6321
3 6337 6331 6338
3 6337 6324 6331
3 6324 6339 6323
3 6324 6337 6340
3 6324 6340 6339
3 6333 6331 6329
3 6338 6331 6333
3 6333 6334 6341
3 6341 6338 6333
3 6342 6341 6334
3 6340 6337 6343
3 6344 6345 6343
3 6337 6338 6343
3 6341 6343 6338
3 6342 6343 6341
3 6346 6343 6342
3 6344 6343 6346
3 3952 3950 6335
3 6335 3950 4007
3 6319 6304 6292
3 6347 6305 6304
3 6347 6348 6305
3 6349 6348 6347
3 6347 6304 6319
3 6319 6293 6322
3 6322 6347 6319
3 6322 6349 6347
3 6350 6322 6323
3 6349 6322 6350
3 6305 6351 6307
3 6305 6348 6351
3 6352 6307 6353
3 6352 6310 6307
3 6351 6353 6307
3 6349 6354 6348
3 6355 6351 6348
3 6355 6348 6354
3 6355 6353 6351
3 6356 6353 6355
3 6356 6357 6353
3 6357 6352 6353
3 6358 6355 6354
3 6358 6356 6355
3 6323 6339 6350
3 6359 6350 6339
3 6339 6360 6359
3 6350 6359 6349
3 6361 6349 6359
3 6361 6359 6360
3 6340 6360 6339
3 6343 6345 6340
3 6360 6362 6361
3 6363 6362 6360
3 6363 6360 6340
3 6363 6340 6345
3 6363 6364 6362
3 6364 6363 6365
3 6366 6356 6358
3 6366 6367 6356
3 6366 6368 6367
3 6354 6349 6361
3 6354 6369 6358
3 6369 6354 6361
3 6370 6358 6369
3 6371 6369 6361
3 6370 6366 6358
3 6372 6366 6370
3 6362 6371 6361
3 6371 6370 6369
3 6370 6371 6372
3 6373 6371 6362
3 6364 6373 6362
3 6374 6371 6373
3 6371 6374 6375
3 6366 6372 6368
3 6375 6372 6371
3 6376 6368 6372
3 3043 3048 3042
3 6377 3052 3048
3 6378 3040 2941
3 3041 3040 6378
3 6379 6378 2941
3 6379 2941 6298
3 3043 3041 6380
3 3041 6378 6380
3 6378 6379 6380
3 6379 6298 6381
3 6382 6379 6381
3 6382 6380 6379
3 6298 6299 6381
3 6383 6382 6381
3 3043 6380 6384
3 6385 3043 6384
3 6386 6385 6384
3 6386 6387 6385
3 6380 6382 6384
3 6388 6386 6384
3 6389 6386 6388
3 6386 6389 6387
3 6377 3048 3043
3 3052 6377 3133
3 6390 6392 6377
3 6391 3134 3132
3 6377 6392 3133
3 3134 3137 3135
3 6393 6394 3134
3 6394 3137 3134
3 6385 6377 3043
3 6387 6377 6385
3 6387 6390 6377
3 6390 6395 6392
3 6393 3134 6391
3 6394 6393 6397
3 3137 3142 3138
3 6398 3142 3137
3 6398 6399 3142
3 6398 6400 6399
3 6401 3137 6394
3 6401 6398 3137
3 6397 6401 6394
3 6401 6402 6398
3 6403 6400 6398
3 6404 6398 6402
3 6404 6403 6398
3 3142 6405 3143
3 3142 6399 6405
3 6405 6399 6400
3 6396 6393 6391
3 6396 6406 6393
3 6395 6390 6387
3 6389 6395 6387
3 6407 6395 6389
3 6408 6406 6396
3 6408 6409 6406
3 6402 6401 6397
3 6404 6402 6397
3 6406 6397 6393
3 6397 6406 6410
3 6404 6397 6411
3 6397 6410 6411
3 6406 6409 6410
3 6412 6411 6410
3 6403 6413 6400
3 6413 6403 6414
3 6403 6404 6415
3 6415 6414 6403
3 3153 3143 6405
3 6413 6416 6400
3 6416 6417 3154
3 6414 6416 6413
3 6418 6416 6414
3 6415 6418 6414
3 6417 3247 3154
3 6419 3158 3247
3 6418 6417 6416
3 6417 6418 3247
3 3247 6418 6419
3 6420 6419 6418
3 3158 6419 6421
3 6421 6419 6420
3 3157 3247 3158
3 6422 6418 6415
3 6422 6420 6418
3 6421 6420 6423
3 6422 6423 6420
3 6424 6404 6411
3 6424 6415 6404
3 6425 6424 6411
3 6424 6425 6426
3 6427 6424 6426
3 6415 6424 6427
3 6415 6427 6422
3 6428 6422 6427
3 6299 6383 6381
3 6429 6382 6383
3 6430 6382 6429
3 6383 6299 6431
3 6299 6306 6431
3 6309 6431 6306
3 6431 6309 6432
3 6433 6430 6429
3 6431 6429 6383
3 6431 6432 6429
3 6429 6432 6433
3 6430 6384 6382
3 6388 6384 6430
3 6434 6388 6430
3 6434 6389 6388
3 6435 6434 6430
3 6430 6433 6435
3 6436 6434 6437
3 6436 6389 6434
3 6436 6407 6389
3 6436 6438 6407
3 6435 6437 6434
3 6440 6436 6437
3 6440 6438 6436
3 6441 6442 6439
3 6443 6433 6432
3 6444 6309 6310
3 6309 6444 6432
3 6432 6444 6443
3 6445 6443 6444
3 6443 6445 6446
3 6437 6435 6433
3 6447 6440 6437
3 6433 6443 6437
3 6443 6447 6437
3 6447 6443 6446
3 6447 6438 6440
3 6449 6438 6447
3 6450 6451 6441
3 6450 6441 6448
3 6448 6441 6439
3 6450 6452 6453
3 6448 6452 6450
3 6453 6452 6454
3 6455 6412 6410
3 6409 6455 6410
3 6456 6411 6412
3 6457 6456 6455
3 6455 6456 6412
3 6425 6411 6456
3 6442 6409 6408
3 6442 6455 6409
3 6439 6442 6408
3 6451 6455 6442
3 6451 6458 6455
3 6458 6457 6455
3 6459 6457 6458
3 6451 6459 6458
3 6441 6451 6442
3 6450 6459 6451
3 6460 6425 6456
3 6460 6426 6425
3 6456 6457 6460
3 6460 6457 6459
3 6461 6460 6462
3 6460 6461 6426
3 6461 6463 6426
3 6463 6427 6426
3 6461 6464 6463
3 6459 6465 6460
3 6460 6465 6462
3 6462 6465 6459
3 6453 6459 6450
3 6453 6462 6459
3 6466 6461 6462
3 6462 6453 6466
3 6467 6464 6461
3 6466 6467 6461
3 6421 3159 3158
3 6421 6468 3159
3 6468 3164 3159
3 6421 6423 6469
3 6469 6468 6421
3 3168 6468 6469
3 3164 6468 3166
3 3166 6468 3168
3 6470 3168 6469
3 6470 6469 6428
3 6423 6422 6428
3 6469 6423 6428
3 6471 3170 3168
3 3168 6470 6471
3 6472 6471 6470
3 6473 6471 6472
3 6474 6472 6470
3 6470 6428 6475
3 6475 6428 6463
3 6474 6470 6475
3 6475 6476 6474
3 6477 6474 6476
3 6478 6472 6474
3 6479 6480 6478
3 6477 6478 6474
3 6477 6479 6478
3 6479 6481 6480
3 6482 6481 6479
3 6483 6481 6482
3 6484 6463 6464
3 6485 6486 6484
3 6428 6427 6463
3 6486 6475 6463
3 6475 6486 6476
3 6463 6484 6486
3 6477 6476 6487
3 6488 6476 6486
3 6486 6485 6488
3 6488 6487 6476
3 6484 6464 6485
3 6489 6464 6467
3 6464 6489 6485
3 6488 6485 6489
3 6490 6488 6489
3 6490 6491 6488
3 6477 6487 6492
3 6492 6493 6477
3 6477 6493 6479
3 6487 6494 6492
3 6492 6494 6495
3 6479 6493 6482
3 6495 6493 6492
3 6495 6482 6493
3 6496 6482 6495
3 6496 6497 6482
3 6494 6487 6488
3 6491 6494 6488
3 6498 6494 6491
3 6495 6494 6498
3 6495 6498 6496
3 6499 6496 6498
3 6496 6499 6500
3 6471 3207 3170
3 6473 3207 6471
3 6473 3222 3207
3 6501 3223 3222
3 3222 6473 6501
3 6473 6472 6478
3 6478 6501 6473
3 3223 6501 3230
3 3230 6501 6502
3 6480 6502 6501
3 3228 3230 6502
3 6502 6503 6504
3 6504 3228 6502
3 6504 3231 3228
3 6478 6480 6501
3 6503 6502 6480
3 6481 6503 6480
3 6483 6505 6481
3 6506 6444 6310
3 6506 6310 6352
3 6444 6506 6445
3 6357 6506 6352
3 6357 6507 6506
3 6507 6445 6506
3 6507 6446 6445
3 6507 6508 6446
3 6446 6509 6447
3 6509 6449 6447
3 6510 6452 6448
3 6448 6512 6510
3 6446 6508 6509
3 6513 6509 6508
3 6511 6449 6509
3 6509 6513 6511
3 6514 6511 6513
3 6510 6512 6516
3 6357 6517 6507
3 6518 6513 6508
3 6518 6508 6507
3 6357 6356 6517
3 6518 6507 6517
3 6518 6519 6513
3 6516 6512 6515
3 6515 6520 6516
3 6519 6514 6513
3 6521 6453 6454
3 6521 6466 6453
3 6516 6452 6510
3 6516 6522 6452
3 6454 6452 6522
3 6523 6524 6454
3 6524 6521 6454
3 6520 6522 6516
3 6525 6522 6520
3 6523 6454 6522
3 6523 6526 6524
3 6527 6520 6515
3 6527 6529 6520
3 6529 6525 6520
3 6525 6523 6522
3 6530 6523 6525
3 6526 6523 6530
3 6521 6524 6531
3 6531 6532 6521
3 6526 6531 6524
3 6531 6533 6532
3 6534 6531 6526
3 6534 6535 6531
3 6535 6533 6531
3 6521 6467 6466
3 6532 6467 6521
3 6367 6517 6356
3 6367 6536 6517
3 6536 6518 6517
3 6537 6519 6518
3 6537 6528 6519
3 6536 6367 6538
3 6367 6368 6538
3 6536 6537 6518
3 6538 6537 6536
3 6519 6528 6514
3 6539 6528 6537
3 6529 6530 6525
3 6529 6541 6530
3 6541 6529 6527
3 6527 6540 6541
3 6541 6542 6530
3 6530 6534 6526
3 6542 6534 6530
3 6535 6534 6543
3 6534 6542 6543
3 6544 6543 6542
3 6543 6545 6535
3 6546 6538 6368
3 6547 6537 6538
3 6539 6537 6547
3 6549 6541 6540
3 6550 6547 6538
3 6551 6547 6550
3 6548 6547 6551
3 6547 6548 6539
3 6368 6376 6546
3 6546 6550 6538
3 6552 6550 6546
3 6549 6553 6541
3 6554 6553 6549
3 6555 6553 6554
3 6555 6556 6553
3 6553 6542 6541
3 6544 6542 6553
3 6544 6545 6543
3 6557 6545 6544
3 6556 6557 6544
3 6558 6545 6557
3 6544 6553 6556
3 6559 6557 6556
3 6560 6533 6535
3 6560 6561 6533
3 6467 6562 6489
3 6563 6490 6562
3 6489 6562 6490
3 6467 6532 6562
3 6562 6532 6561
3 6561 6563 6562
3 6532 6533 6561
3 6564 6563 6561
3 6560 6564 6561
3 6565 6563 6564
3 6491 6490 6563
3 6491 6563 6566
3 6567 6498 6491
3 6566 6567 6491
3 6567 6566 6568
3 6569 6568 6566
3 6568 6498 6567
3 6570 6568 6569
3 6570 6571 6568
3 6570 6569 6572
3 6498 6568 6571
3 6571 6499 6498
3 6573 6499 6571
3 6571 6570 6574
3 6575 6566 6563
3 6563 6565 6575
3 6575 6569 6566
3 6569 6575 6576
3 6572 6569 6576
3 6576 6577 6572
3 6576 6575 6578
3 6579 6576 6578
3 6579 6577 6576
3 6580 6560 6535
3 6535 6545 6580
3 6581 6560 6580
3 6582 6583 6580
3 6581 6564 6560
3 6583 6581 6580
3 6581 6583 6584
3 6583 6582 6584
3 6585 6584 6582
3 6585 6586 6584
3 6587 6580 6545
3 6545 6558 6587
3 6588 6587 6558
3 6580 6587 6582
3 6589 6582 6587
3 6557 6588 6558
3 6588 6557 6559
3 6587 6588 6590
3 6591 6588 6559
3 6590 6588 6592
3 6591 6592 6588
3 6591 6593 6592
3 6594 6585 6582
3 6582 6589 6594
3 6595 6585 6594
3 6590 6589 6587
3 6592 6589 6590
3 6589 6592 6594
3 6586 6585 6595
3 6595 6596 6586
3 6597 6596 6595
3 6598 6597 6595
3 6599 6594 6593
3 6598 6595 6594
3 6599 6598 6594
3 6600 6597 6598
3 6598 6601 6600
3 6564 6581 6565
3 6565 6581 6584
3 6584 6586 6565
3 6602 6575 6565
3 6602 6578 6575
3 6586 6602 6565
3 6596 6602 6586
3 6602 6596 6578
3 6578 6603 6604
3 6604 6579 6578
3 6578 6596 6603
3 6603 6605 6604
3 6597 6603 6596
3 6606 6605 6603
3 6597 6600 6603
3 6600 6606 6603
3 6335 6607 6336
3 6336 6332 6335
3 6608 6336 6607
3 6609 6334 6336
3 6608 6609 6336
3 6610 6608 6611
3 6334 6609 6342
3 6612 6609 6608
3 6609 6612 6613
3 6612 6608 6610
3 6342 6613 6614
3 6613 6342 6609
3 6614 6613 6615
3 6614 6346 6342
3 6616 6614 6615
3 6616 6346 6614
3 6617 6612 6610
3 6615 6613 6612
3 6612 6618 6615
3 6617 6618 6612
3 6619 6618 6617
3 6620 6618 6619
3 6618 6616 6615
3 6620 6616 6618
3 6620 6619 6621
3 6622 6619 6623
3 6622 6621 6619
3 6624 6621 6622
3 6625 6624 6622
3 4008 6335 4007
3 4008 6607 6335
3 4010 4008 4006
3 4010 6611 4008
3 6611 6607 4008
3 6626 4010 4009
3 4011 6626 4009
3 6627 6628 6626
3 4010 6626 6629
3 6611 4010 6629
3 6630 6611 6629
3 6610 6611 6630
3 6628 6629 6626
3 6631 6630 6629
3 6617 6610 6630
3 6623 6617 6630
3 6619 6617 6623
3 4011 6627 6626
3 6627 4011 4020
3 6627 4020 6632
3 6628 6631 6629
3 6623 6630 6631
3 6627 6632 6628
3 6632 6631 6628
3 6632 6633 6631
3 6634 6632 4020
3 6635 6634 6636
3 6634 4020 4019
3 4021 6634 4019
3 6634 4021 6636
3 6635 6632 6634
3 6633 6632 6635
3 6637 6633 6635
3 6638 6637 6635
3 6636 6638 6635
3 6639 6623 6631
3 6639 6622 6623
3 6622 6639 6625
3 6639 6631 6633
3 6637 6639 6633
3 6625 6639 6640
3 6640 6639 6637
3 6345 6344 6641
3 6344 6346 6642
3 6643 6346 6616
3 6642 6641 6344
3 6644 6641 6642
3 6345 6641 6363
3 6363 6641 6365
3 6641 6645 6646
3 6365 6641 6646
3 6644 6645 6641
3 6643 6642 6346
3 6647 6643 6616
3 6647 6616 6620
3 6643 6648 6642
3 6642 6648 6644
3 6647 6648 6643
3 6648 6647 6649
3 6620 6621 6650
3 6650 6647 6620
3 6649 6647 6650
3 6651 6645 6644
3 6652 6645 6651
3 6653 6652 6651
3 6651 6644 6648
3 6651 6648 6649
3 6654 6651 6649
3 6655 6654 6649
3 6654 6653 6651
3 6365 6373 6364
3 6373 6365 6656
3 6656 6365 6646
3 6373 6656 6374
3 6656 6657 6374
3 6657 6656 6646
3 6374 6657 6375
3 6645 6652 6646
3 6657 6646 6652
3 6658 6376 6375
3 6375 6376 6372
3 6657 6658 6375
3 6376 6658 6659
3 6657 6660 6658
3 6661 6659 6658
3 6657 6652 6660
3 6662 6660 6652
3 6653 6662 6652
3 6663 6662 6653
3 6663 6664 6662
3 6654 6663 6653
3 6665 6658 6660
3 6658 6665 6661
3 6661 6666 6659
3 6664 6665 6660
3 6664 6660 6662
3 6664 6661 6665
3 6624 6650 6621
3 6667 6650 6624
3 6650 6655 6649
3 6667 6655 6650
3 6668 6654 6655
3 6669 6655 6667
3 6668 6655 6669
3 6625 6667 6624
3 6667 6625 6670
3 6640 6670 6625
3 6640 6671 6670
3 6670 6669 6667
3 6672 6669 6670
3 6672 6673 6669
3 6663 6654 6668
3 6669 6674 6668
3 6668 6675 6663
3 6668 6674 6675
3 6676 6675 6674
3 6677 6678 6664
3 6680 6682 6678
3 6679 6683 6681
3 6684 6663 6675
3 6684 6664 6663
3 6664 6684 6677
3 6676 6684 6675
3 6685 6686 6677
3 6680 6678 6677
3 6687 6680 6677
3 6689 6683 6679
3 6689 6679 6690
3 6686 6687 6677
3 6691 6674 6669
3 6669 6673 6691
3 6676 6674 6691
3 6691 6692 6676
3 6673 6692 6691
3 6693 6692 6673
3 6676 6692 6684
3 6685 6684 6692
3 6685 6677 6684
3 6688 6695 6690
3 6689 6690 6696
3 6696 6690 6695
3 6697 6689 6696
3 6698 6696 6695
3 6699 6697 6696
3 6685 6692 6700
3 6700 6701 6694
3 6692 6693 6700
3 6703 6701 6700
3 6698 6695 6702
3 6699 6696 6698
3 6699 6704 6697
3 6705 6704 6699
3 6706 6707 6704
3 6708 4021 4054
3 6709 6708 4054
3 6709 6710 6708
3 6638 6636 6708
3 6708 6710 6638
3 6636 4021 6708
3 4053 6709 4054
3 4053 4067 6709
3 4067 6711 6709
3 6711 6710 6709
3 6637 6638 6712
3 6713 6640 6637
3 6637 6712 6713
3 6714 6713 6712
3 6712 6638 6710
3 6715 6712 6710
3 6714 6712 6715
3 4068 6711 4067
3 6716 6710 6711
3 4068 6717 6711
3 6718 6715 6716
3 6718 6719 6715
3 6716 6715 6710
3 6717 6716 6711
3 6716 6717 6720
3 6716 6721 6718
3 6721 6716 6720
3 6672 6670 6671
3 6722 6673 6672
3 6673 6722 6693
3 6693 6723 6703
3 6724 6722 6672
3 6723 6693 6722
3 6703 6700 6693
3 6725 6701 6703
3 6726 6698 6702
3 6727 6699 6698
3 6726 6727 6698
3 6728 6703 6723
3 6725 6703 6728
3 6729 6726 6730
3 6732 6722 6724
3 6733 6722 6732
3 6723 6722 6733
3 6733 6728 6723
3 6734 6728 6733
3 6735 6733 6732
3 6735 6734 6733
3 6736 6734 6735
3 6732 6738 6735
3 6731 6725 6728
3 6734 6731 6728
3 6730 6737 6729
3 6731 6734 6736
3 6640 6713 6671
3 6739 6671 6713
3 6672 6671 6739
3 6714 6739 6713
3 6715 6719 6714
3 6719 6740 6714
3 6739 6724 6672
3 6741 6724 6739
3 6714 6741 6739
3 6740 6741 6714
3 6705 6699 6727
3 6704 6705 6706
3 6727 6726 6729
3 6742 6705 6727
3 6727 6743 6742
3 6705 6742 6706
3 6742 6744 6706
3 6745 6746 6747
3 6744 6745 6706
3 6745 6747 6706
3 6748 6745 6744
3 6749 6746 6745
3 6741 6732 6724
3 6750 6732 6741
3 6735 6751 6736
3 6743 6727 6729
3 6737 6753 6729
3 6753 6743 6729
3 6754 6743 6753
3 6755 6744 6742
3 6754 6742 6743
3 6754 6755 6742
3 6756 6754 6753
3 6757 6756 6753
3 6757 6753 6737
3 6756 6758 6754
3 6755 6754 6758
3 6748 6749 6745
3 6755 6759 6744
3 6744 6759 6748
3 6748 6760 6749
3 6758 6759 6755
3 6748 6759 6760
3 6761 6759 6758
3 6759 6761 6760
3 6762 6760 6761
3 6746 6749 6763
3 6764 6765 6763
3 6764 6763 6749
3 6765 6764 6766
3 6766 6764 6749
3 6766 6767 6765
3 6766 6749 6760
3 6762 6766 6760
3 6762 6768 6766
3 6769 6768 6762
3 6768 6767 6766
3 6768 6770 6767
3 6771 6770 6768
3 6772 6770 6771
3 6750 6741 6740
3 6773 6750 6740
3 6718 6721 6774
3 6774 6719 6718
3 6721 6775 6774
3 6773 6719 6774
3 6773 6740 6719
3 6776 6773 6774
3 6775 6776 6774
3 6773 6776 6777
3 6750 6738 6732
3 6752 6757 6737
3 6778 6738 6750
3 6773 6778 6750
3 6735 6738 6751
3 6779 6780 6752
3 6782 6751 6738
3 6779 6752 6781
3 6783 6780 6779
3 6752 6780 6757
3 6784 6756 6757
3 6784 6758 6756
3 6780 6785 6757
3 6785 6784 6757
3 6785 6786 6784
3 6787 6786 6785
3 6783 6785 6780
3 6783 6787 6785
3 6784 6761 6758
3 6788 6784 6786
3 6788 6761 6784
3 6788 6762 6761
3 6789 6769 6788
3 6788 6769 6762
3 6790 6788 6786
3 6787 6791 6786
3 6791 6790 6786
3 6792 6790 6791
3 6790 6789 6788
3 6792 6789 6790
3 6789 6792 6793
3 6778 6773 6777
3 6738 6778 6782
3 6794 6779 6781
3 6794 6783 6779
3 6795 6783 6794
3 6795 6796 6783
3 6798 6782 6778
3 6798 6778 6777
3 6799 6797 6801
3 6797 6794 6781
3 6802 6795 6794
3 6799 6802 6797
3 6797 6802 6794
3 6803 6796 6795
3 6795 6804 6803
3 6804 6795 6802
3 6805 6803 6804
3 6805 6806 6803
3 6805 6807 6808
3 6796 6787 6783
3 6796 6791 6787
3 6803 6791 6796
3 6806 6791 6803
3 6791 6793 6792
3 6806 6793 6791
3 6809 6793 6806
3 6806 6805 6809
3 6810 6809 6805
3 6808 6810 6805
3 6811 6769 6789
3 6771 6768 6769
3 6769 6811 6812
3 6812 6771 6769
3 6813 6811 6789
3 6793 6814 6789
3 6814 6813 6789
3 6813 6812 6811
3 6815 6812 6813
3 6816 6813 6814
3 6816 6815 6813
3 6817 6772 6771
3 6772 6817 6818
3 6817 6771 6812
3 6819 6818 6817
3 6815 6817 6812
3 6817 6815 6819
3 6815 6816 6819
3 6820 6819 6816
3 6819 6820 6821
3 6819 6822 6818
3 6821 6822 6819
3 6822 6821 6823
3 6809 6814 6793
3 6824 6816 6814
3 6824 6814 6809
3 6820 6816 6824
3 6825 6820 6824
3 6810 6824 6809
3 6826 6810 6808
3 6810 6825 6824
3 6826 6825 6810
3 6827 6821 6820
3 6828 6823 6821
3 6821 6827 6828
3 6820 6825 6829
3 6820 6829 6827
3 6826 6829 6825
3 6829 6830 6831
3 6831 6827 6829
3 6546 6376 6552
3 6552 6551 6550
3 6659 6552 6376
3 6832 6551 6552
3 6833 6551 6832
3 6548 6551 6833
3 6834 6554 6549
3 6659 6832 6552
3 6835 6833 6832
3 6666 6832 6659
3 6837 6834 6836
3 6834 6555 6554
3 6555 6838 6556
3 6559 6556 6838
3 6839 6559 6838
3 6555 6834 6840
3 6841 6555 6840
3 6555 6841 6838
3 6835 6832 6666
3 6682 6835 6666
3 6836 6842 6837
3 6837 6841 6840
3 6837 6840 6834
3 6841 6843 6838
3 6844 6843 6841
3 6842 6836 6681
3 6845 6837 6842
3 6837 6845 6841
3 6683 6842 6681
3 6846 6842 6683
3 6846 6845 6842
3 6841 6845 6844
3 6844 6845 6847
3 6847 6845 6846
3 6844 6847 6848
3 6848 6849 6844
3 6850 6846 6683
3 6850 6847 6846
3 6689 6850 6683
3 6850 6851 6847
3 6697 6850 6689
3 6850 6697 6851
3 6704 6851 6697
3 6852 6839 6838
3 6839 6852 6853
3 6839 6591 6559
3 6591 6839 6853
3 6853 6854 6591
3 6593 6594 6592
3 6855 6599 6593
3 6593 6591 6855
3 6854 6855 6591
3 6855 6854 6856
3 6843 6852 6838
3 6843 6853 6852
3 6857 6854 6853
3 6843 6858 6859
3 6859 6853 6843
3 6859 6857 6853
3 6849 6843 6844
3 6858 6843 6849
3 6860 6859 6858
3 6859 6854 6857
3 6859 6856 6854
3 6861 6856 6859
3 6861 6862 6856
3 6861 6859 6860
3 6863 6861 6860
3 6864 6862 6861
3 6865 6862 6864
3 6863 6864 6861
3 6866 6865 6864
3 6855 6856 6867
3 6862 6867 6856
3 6865 6868 6862
3 6598 6599 6869
3 6869 6599 6870
3 6870 6599 6855
3 6871 6870 6855
3 6855 6867 6871
3 6872 6869 6870
3 6870 6871 6872
3 6873 6872 6871
3 6872 6874 6869
3 6598 6869 6601
3 6874 6601 6869
3 6872 6875 6874
3 6874 6875 6876
3 6868 6871 6867
3 6862 6868 6867
3 6868 6873 6871
3 6877 6873 6878
3 6868 6865 6873
3 6879 6877 6878
3 6878 6873 6865
3 6880 6878 6865
3 6878 6880 6881
3 6881 6879 6878
3 6877 6872 6873
3 6882 6872 6877
3 6882 6883 6872
3 6883 6875 6872
3 6879 6882 6877
3 6879 6881 6884
3 6885 6886 6882
3 6882 6879 6885
3 6886 6885 6887
3 6879 6884 6885
3 6884 6888 6885
3 6888 6889 6885
3 6888 6890 6889
3 6891 6848 6847
3 6892 6891 6847
3 6847 6851 6892
3 6892 6893 6891
3 6892 6851 6894
3 6704 6894 6851
3 6895 6893 6892
3 6894 6895 6892
3 6896 6897 6864
3 6864 6863 6896
3 6897 6896 6893
3 6864 6897 6898
3 6899 6898 6897
3 6893 6895 6897
3 6897 6895 6899
3 6707 6895 6894
3 6704 6707 6894
3 6895 6707 6747
3 6707 6706 6747
3 6900 6899 6895
3 6747 6900 6895
3 6901 6900 6747
3 6866 6864 6898
3 6898 6880 6866
3 6865 6866 6880
3 6881 6880 6898
3 6902 6881 6898
3 6899 6902 6898
3 6903 6902 6899
3 6902 6884 6881
3 6890 6888 6884
3 6884 6902 6890
3 6902 6904 6890
3 6903 6899 6900
3 6905 6902 6903
3 6901 6903 6900
3 6902 6905 6904
3 6904 6905 6906
3 6906 6907 6904
3 6908 6906 6905
3 6746 6901 6747
3 6901 6905 6903
3 6909 6905 6901
3 6905 6909 6908
3 6765 6909 6901
3 6763 6901 6746
3 6901 6763 6765
3 6765 6910 6909
3 6767 6910 6765
3 6911 6906 6908
3 6909 6912 6908
3 6909 6910 6912
3 6913 6908 6912
3 6914 6908 6913
3 6914 6913 6915
3 6915 6913 6916
3 6770 6917 6767
3 6917 6910 6767
3 6917 6912 6910
3 6912 6917 6913
3 6916 6913 6917
3 6917 6770 6918
3 6918 6916 6917
3 6772 6918 6770
3 4070 4103 6919
3 6919 4068 4070
3 4103 6920 6919
3 6919 6921 4068
3 6922 6919 6920
3 6922 6921 6919
3 6717 4068 6921
3 4110 6920 4103
3 6922 6923 6924
3 6720 6717 6925
3 6926 6721 6720
3 6925 6926 6720
3 6927 6926 6925
3 6925 6717 6921
3 6924 6925 6921
3 6925 6924 6927
3 6924 6921 6922
3 6928 6920 4110
3 6929 6930 6928
3 6929 4110 4112
3 6929 6928 4110
3 4133 6929 4112
3 6922 6920 6928
3 6923 6922 6928
3 6930 6923 6928
3 6930 6929 4133
3 6931 6930 4133
3 6932 6931 4133
3 6931 6933 6930
3 6924 6923 6934
3 6934 6923 6930
3 6935 6924 6934
3 6936 6927 6924
3 6924 6935 6936
3 6935 6937 6936
3 6933 6934 6930
3 6938 6934 6933
3 6934 6938 6935
3 6939 6938 6933
3 6935 6938 6940
3 6775 6721 6926
3 6776 6775 6941
3 6941 6943 6776
3 6944 6941 6775
3 6945 6775 6926
3 6927 6945 6926
3 6944 6775 6945
3 6927 6936 6945
3 6947 6943 6941
3 6947 6941 6944
3 6948 6944 6945
3 6948 6945 6949
3 6947 6944 6948
3 6951 6947 6948
3 6952 6953 6946
3 6954 6798 6777
3 6954 6777 6776
3 6800 6798 6954
3 6800 6954 6943
3 6801 6955 6799
3 6804 6802 6799
3 6799 6955 6804
3 6943 6954 6776
3 6956 6801 6942
3 6805 6804 6807
3 6807 6804 6957
3 6955 6957 6804
3 6958 6807 6957
3 6958 6808 6807
3 6959 6830 6808
3 6955 6801 6956
3 6960 6956 6942
3 6961 6957 6955
3 6957 6961 6958
3 6961 6955 6956
3 6956 6962 6961
3 6808 6958 6959
3 6960 6942 6946
3 6946 6953 6960
3 6960 6962 6956
3 6953 6962 6960
3 6961 6962 6963
3 6963 6958 6961
3 6958 6963 6959
3 6964 6962 6953
3 6962 6964 6963
3 6965 6966 6963
3 6967 6830 6959
3 6830 6826 6808
3 6826 6830 6829
3 6831 6830 6967
3 6831 6967 6968
3 6969 6968 6967
3 6963 6966 6959
3 6966 6967 6959
3 6966 6965 6970
3 6971 6967 6966
3 6971 6969 6967
3 6949 6945 6936
3 6972 6948 6949
3 6952 6946 6950
3 6973 6952 6950
3 6972 6951 6948
3 6974 6951 6972
3 6976 6974 6972
3 6950 6975 6973
3 6977 6952 6973
3 6977 6978 6979
3 6936 6980 6949
3 6976 6972 6949
3 6980 6976 6949
3 6976 6981 6983
3 6983 6974 6976
3 6978 6977 6973
3 6973 6975 6984
3 6978 6973 6984
3 6985 6979 6978
3 6976 6980 6981
3 6984 6975 6982
3 6985 6978 6984
3 6985 6984 6986
3 6985 6987 6979
3 6986 6984 6982
3 6985 6988 6987
3 6980 6936 6937
3 6937 6935 6940
3 6940 6980 6937
3 6981 6980 6940
3 6988 6985 6986
3 6989 6990 6987
3 6977 6953 6952
3 6977 6964 6953
3 6991 6964 6977
3 6964 6965 6963
3 6992 6964 6991
3 6992 6965 6964
3 6991 6977 6979
3 6992 6991 6979
3 6993 6992 6979
3 6979 6987 6993
3 6965 6992 6970
3 6970 6992 6994
3 6994 6971 6970
3 6970 6971 6966
3 6995 6969 6971
3 6996 6971 6994
3 6996 6995 6971
3 6996 6997 6995
3 6993 6998 6992
3 6998 6994 6992
3 6990 6994 6998
3 6987 6990 6993
3 6993 6990 6998
3 6990 6999 6994
3 7000 6996 6994
3 7000 7001 6996
3 6996 7001 7002
3 7002 6997 6996
3 7000 6994 6999
3 6932 4133 4137
3 7003 6931 6932
3 7003 6933 6931
3 7003 6932 7004
3 4146 7005 4137
3 7005 6932 4137
3 4149 7005 4146
3 7005 7006 7007
3 6932 7005 7004
3 7004 7005 7007
3 7008 7003 7004
3 7008 7004 7007
3 6939 6933 7003
3 6939 7003 7009
3 7010 6938 6939
3 7011 6940 6938
3 7011 6938 7010
3 7010 6939 7009
3 7008 7009 7003
3 7006 7005 4149
3 4149 4151 7006
3 7012 7008 7007
3 7006 7012 7007
3 7013 7006 4151
3 4155 4151 4152
3 7014 7013 4151
3 7013 7012 7006
3 7015 7013 7014
3 7013 7015 7016
3 7008 7017 7009
3 7008 7012 7018
3 7018 7017 7008
3 7009 7017 7019
3 7017 7020 7019
3 7020 7017 7018
3 7013 7021 7012
3 7022 7021 7013
3 7021 7018 7012
3 7023 7020 7018
3 7023 7024 7020
3 7024 7023 7025
3 7026 7025 7023
3 7023 7018 7021
3 7011 6981 6940
3 6981 7011 7027
3 7027 7028 6981
3 7011 7029 7027
3 7028 7027 7030
3 7032 6983 6981
3 7032 6981 7028
3 7031 6986 6982
3 7033 6986 7031
3 7033 6988 6986
3 6987 6988 6989
3 7034 6989 7033
3 7033 6989 6988
3 7035 7032 7028
3 7036 7033 7031
3 7030 7035 7028
3 7033 7036 7037
3 7037 7034 7033
3 7034 7038 6989
3 7039 6989 7038
3 7040 7038 7034
3 7038 7040 7041
3 7042 7038 7041
3 7029 7011 7010
3 7043 7029 7010
3 7030 7027 7029
3 7044 7030 7029
3 7009 7019 7010
3 7019 7043 7010
3 7044 7029 7043
3 7045 7044 7043
3 7046 7048 7044
3 7045 7046 7044
3 7048 7035 7030
3 7037 7036 7050
3 7030 7044 7048
3 7050 7036 7049
3 7051 7052 7050
3 7050 7034 7037
3 7052 7034 7050
3 7034 7052 7040
3 7047 7050 7049
3 7051 7050 7047
3 7053 7040 7052
3 7053 7041 7040
3 7054 7042 7041
3 7055 7054 7041
3 7056 7041 7053
3 7041 7056 7055
3 7055 7057 7054
3 7058 7055 7056
3 6989 7039 6990
3 7039 6999 6990
3 7038 6999 7039
3 7059 7001 7000
3 7000 6999 7059
3 7042 6999 7038
3 6999 7042 7059
3 7054 7059 7042
3 7059 7054 7060
3 7061 7043 7019
3 7043 7061 7045
3 7061 7019 7024
3 7063 7046 7045
3 7062 7064 7047
3 7045 7065 7063
3 7024 7019 7020
3 7025 7045 7061
3 7025 7061 7024
3 7065 7045 7025
3 7066 7064 7062
3 7068 7066 7062
3 7066 7069 7064
3 7047 7064 7051
3 7070 7052 7051
3 7070 7053 7052
3 7070 7051 7064
3 7069 7070 7064
3 7058 7056 7053
3 7071 7070 7069
3 7071 7053 7070
3 7071 7058 7053
3 7072 7055 7058
3 7055 7072 7073
3 7058 7071 7074
3 7074 7072 7058
3 7067 7065 7025
3 7026 7067 7025
3 7065 7067 7063
3 7075 7066 7068
3 7069 7066 7075
3 7026 7077 7067
3 7076 7075 7068
3 7075 7076 7078
3 7079 7069 7080
3 7078 7080 7075
3 7080 7069 7075
3 7081 7080 7078
3 7079 7082 7083
3 7082 7079 7080
3 7071 7069 7079
3 7079 7074 7071
3 7084 7085 7074
3 7079 7084 7074
3 7084 7079 7083
3 4154 7086 4155
3 7086 4154 7087
3 7088 7089 7086
3 7088 7086 7087
3 7087 7090 7088
3 7087 7091 7090
3 7088 7092 7089
3 7093 7092 7088
3 7090 7093 7088
3 7093 7094 7092
3 7095 7093 7090
3 7095 7090 7091
3 7094 7093 7095
3 7095 7091 7096
3 7094 7097 7098
3 7097 7099 7098
3 7097 7094 7095
3 7100 7099 7097
3 7096 7097 7095
3 7097 7096 7101
3 7013 7016 7022
3 7102 7021 7022
3 7103 7021 7102
3 7104 7099 7100
3 7101 7100 7097
3 7105 7101 7096
3 7104 7100 7101
3 7106 7104 7101
3 7096 7107 7105
3 7108 7102 7104
3 7106 7108 7104
3 7021 7109 7023
3 7103 7109 7021
3 7026 7023 7110
3 7023 7109 7110
3 7111 7109 7103
3 7110 7112 7113
3 7110 7109 7111
3 7114 7108 7115
3 7115 7108 7106
3 7101 7105 7106
3 7106 7105 7116
3 7116 7105 7117
3 7117 7105 7107
3 7116 7115 7106
3 7115 7116 7114
3 7114 7118 7108
3 7118 7111 7108
3 7114 7119 7120
3 7114 7120 7118
3 7119 7114 7116
3 7119 7116 7117
3 7117 7121 7119
3 7112 7122 7123
3 7122 7118 7123
3 7118 7120 7123
3 7123 7120 7124
3 7120 7119 7121
3 7120 7121 7125
3 7120 7125 7124
3 7126 7121 7127
3 7126 7125 7121
3 7128 7125 7126
3 7113 7077 7026
3 7026 7110 7113
3 7113 7130 7077
3 7076 7129 7078
3 7129 7081 7078
3 7131 7082 7080
3 7131 7080 7081
3 7131 7083 7082
3 7132 7113 7112
3 7113 7134 7130
3 7129 7133 7081
3 7133 7135 7081
3 7136 7131 7081
3 7137 7131 7136
3 7135 7136 7081
3 7138 7136 7135
3 7112 7123 7132
3 7139 7134 7132
3 7140 7135 7133
3 7123 7139 7132
3 7141 7139 7123
3 7141 7143 7139
3 7124 7141 7123
3 7140 7142 7135
3 7135 7142 7138
3 7144 7146 7138
3 7141 7124 7125
3 7148 7141 7125
3 7145 7143 7141
3 7148 7145 7141
3 7148 7125 7128
3 7148 7149 7145
3 7144 7138 7142
3 7138 7150 7136
3 3153 6405 6400
3 6416 3153 6400
3 3154 3153 6416
3 6608 6607 6611
3 6661 6682 6666
3 6661 6664 6678
3 6678 6682 6661
3 6690 6679 6688
3 6686 6685 6700
3 6694 6686 6700
3 6686 6694 6687
3 6848 6891 6849
3 6891 6858 6849
3 6891 6893 6858
3 6858 6893 6860
3 6860 6893 6896
3 6863 6860 6896
3 6882 6886 6883
3 6886 6875 6883
3 7014 4151 4155
3 7014 4155 7089
3 7089 4155 7086
3 7014 7089 7015
3 7089 7092 7015
3 7015 7092 7016
3 7092 7094 7098
3 7016 7092 7098
3 7099 7016 7098
3 7016 7099 7022
3 7099 7102 7022
3 7099 7104 7102
3 7111 7103 7102
3 7111 7102 7108
3 7111 7112 7110
3 7122 7111 7118
3 7112 7111 7122
3 7132 7134 7113
3 3554 3552 3555
3 3554 3555 7151
3 7151 3555 3558
3 4586 7151 7152
3 7152 7151 3558
3 1633 3554 4586
3 4586 3554 7151
3 4585 4586 7153
3 3558 3556 3559
3 7154 3558 3559
3 7155 7152 3558
3 7155 3558 7154
3 7156 7155 7154
3 7153 4603 4585
3 7153 4586 7152
3 7157 7153 7152
3 7158 4608 4603
3 7153 7158 4603
3 7158 7153 7157
3 7159 4612 4608
3 7158 7159 4608
3 4611 4612 7159
3 7160 7159 7158
3 7158 7157 7160
3 7161 7159 7160
3 7160 7157 7162
3 7157 7152 7155
3 7157 7155 7163
3 7155 7156 7164
3 7163 7155 7164
3 7165 7157 7163
3 7166 3587 7167
3 3587 3588 7167
3 7168 7166 7167
3 3559 3594 7154
3 7169 3594 3586
3 7156 7154 7169
3 7154 3594 7169
3 7170 7169 7171
3 7166 3586 3587
3 7169 3586 7166
3 7171 7169 7166
3 7168 7171 7166
3 7168 7172 7171
3 7164 7156 7173
3 7169 7170 7156
3 7156 7170 7173
3 7171 7172 7170
3 7172 7168 7174
3 7175 7173 7170
3 7170 7172 7175
3 7176 7175 7172
3 4633 4611 7159
3 7159 7161 7177
3 7177 4633 7159
3 4638 4632 4633
3 4638 4633 7177
3 7177 7161 7178
3 7178 7179 7177
3 7178 7161 7160
3 7178 7160 7162
3 7180 7178 7162
3 7181 7180 7162
3 7178 7180 7182
3 7182 7180 7181
3 4638 7183 4637
3 7183 4638 7177
3 7179 7183 7177
3 7179 7184 7183
3 7185 4637 7183
3 7186 7183 7184
3 7185 7183 7186
3 7185 7186 7187
3 7185 4646 4637
3 4658 4646 7187
3 7187 4646 7185
3 7182 7179 7178
3 7188 7182 7181
3 7184 7179 7182
3 7182 7189 7184
3 7186 7184 7189
3 7189 7182 7188
3 7190 7189 7188
3 7191 7189 7190
3 7163 7192 7165
3 7193 7165 7192
3 7194 7193 7195
3 7165 7162 7157
3 7162 7165 7181
3 7196 7181 7165
3 7188 7181 7196
3 7197 7165 7193
3 7197 7196 7165
3 7198 7196 7197
3 7199 7188 7196
3 7190 7188 7199
3 7199 7196 7198
3 7198 7197 7193
3 7198 7193 7194
3 7200 7187 7201
3 4658 7187 7200
3 7186 7201 7187
3 7201 7186 7202
3 4657 4658 7200
3 7200 4659 4657
3 7200 7201 7202
3 7203 4659 7200
3 7200 7204 7203
3 7204 7200 7202
3 7205 7186 7189
3 7205 7202 7186
3 7191 7205 7189
3 7205 7191 7206
3 7206 7191 7207
3 7208 7202 7205
3 7205 7206 7208
3 7209 7208 7206
3 7209 7206 7207
3 4666 4659 7210
3 4659 7203 7210
3 7204 7211 7203
3 4665 4666 7210
3 7210 7203 7211
3 7212 7210 7211
3 7213 7204 7208
3 7213 7208 7209
3 7214 7213 7215
3 7204 7202 7208
3 7211 7204 7214
3 7214 7204 7213
3 7211 7214 7216
3 7190 7207 7191
3 7207 7190 7199
3 7207 7199 7217
3 7217 7199 7218
3 7218 7199 7198
3 7209 7207 7219
3 7219 7207 7217
3 7218 7198 7220
3 7220 7198 7194
3 7221 7220 7194
3 7221 7194 7222
3 7218 7220 7217
3 7217 7220 7223
3 7224 7220 7221
3 7220 7224 7223
3 7221 7225 7224
3 7225 7221 7222
3 7226 7224 7225
3 7209 7215 7213
3 7219 7227 7209
3 7219 7217 7223
3 7227 7219 7223
3 7215 7209 7227
3 7228 7227 7223
3 7229 7230 7215
3 7227 7229 7215
3 7229 7227 7228
3 7229 7228 7231
3 7228 7223 7224
3 7228 7224 7232
3 7224 7226 7232
3 7233 7228 7232
3 7231 7228 7233
3 7234 7232 7226
3 7235 7233 7232
3 7235 7232 7234
3 7192 7163 7164
3 7192 7164 7236
3 7195 7192 7236
3 7236 7164 7173
3 7237 7236 7173
3 7193 7192 7195
3 7195 7236 7238
3 7222 7194 7195
3 7238 7236 7237
3 7237 7173 7175
3 7237 7175 7239
3 7176 7239 7175
3 7238 7237 7239
3 7240 7238 7239
3 7241 7239 7176
3 7240 7239 7241
3 7242 7222 7195
3 7243 7244 7195
3 7244 7242 7195
3 7244 7245 7242
3 7244 7246 7247
3 7243 7195 7238
3 7246 7244 7243
3 7247 7246 7248
3 7249 7243 7238
3 7246 7243 7249
3 7250 7246 7249
3 7245 7244 7247
3 7248 7251 7247
3 7248 7246 7250
3 7250 7249 7252
3 7248 7253 7251
3 7253 7248 7254
3 7254 7248 7250
3 7254 7255 7253
3 7225 7222 7242
3 7256 7225 7242
3 7256 7226 7225
3 7256 7242 7245
3 7234 7256 7251
3 7256 7234 7226
3 7256 7245 7251
3 7247 7251 7245
3 7234 7251 7257
3 7258 7234 7257
3 7257 7251 7253
3 7259 7238 7240
3 7249 7238 7259
3 7260 7240 7241
3 7260 7259 7240
3 7252 7249 7259
3 7252 7254 7250
3 7261 7254 7252
3 7262 7252 7259
3 7259 7260 7262
3 7263 7262 7260
3 7167 3588 3632
3 7167 3632 7264
3 7265 7264 3632
3 3632 3633 7265
3 7174 7167 7264
3 7174 7168 7167
3 7174 7264 7266
3 6483 7267 6505
3 3639 7265 3633
3 3639 7268 7265
3 3639 3637 7268
3 7269 3637 3638
3 3638 7270 7269
3 7269 7268 3637
3 7271 7268 7269
3 7270 7272 7269
3 7264 7265 7273
3 7268 7273 7265
3 7273 7268 7271
3 7269 7272 7271
3 7272 7274 7271
3 7275 7274 7272
3 7276 7172 7174
3 7266 7276 7174
3 7264 7273 7266
3 7276 7266 7277
3 7277 7266 7278
3 7176 7276 7277
3 6482 6497 6483
3 6497 7267 6483
3 7279 7267 6497
3 7267 7279 7280
3 7281 7279 6497
3 7280 7279 7282
3 7282 7279 7281
3 7282 7283 7280
3 7284 7285 7283
3 7286 7285 7284
3 7287 7285 7286
3 6497 6496 7281
3 6500 7281 6496
3 7288 7281 6500
3 6573 6500 6499
3 6573 7289 6500
3 7289 7288 6500
3 7284 7283 7282
3 7282 7281 7290
3 7281 7288 7290
3 7282 7290 7284
3 7291 7284 7290
3 7284 7292 7286
3 7293 7291 7290
3 7293 7290 7288
3 7288 7289 7293
3 7292 7284 7291
3 7294 7291 7293
3 7294 7292 7291
3 7295 7292 7294
3 7296 7273 7271
3 7273 7296 7278
3 7297 7278 7296
3 7278 7266 7273
3 7271 7274 7296
3 7298 7296 7274
3 7298 7274 7299
3 7287 7300 7301
3 7299 7275 7300
3 7302 7300 7287
3 7299 7274 7275
3 7277 7278 7303
3 7303 7278 7297
3 7304 7303 7297
3 7297 7296 7298
3 7304 7297 7298
3 7304 7298 7305
3 7287 7286 7292
3 7306 7287 7292
3 7295 7306 7292
3 7306 7302 7287
3 7305 7298 7299
3 7302 7299 7300
3 7299 7302 7305
3 7307 7304 7305
3 7308 7305 7302
3 7302 7306 7308
3 7307 7305 7308
3 7172 7276 7176
3 7309 3231 6504
3 3231 7309 3666
3 7310 3664 3666
3 6504 6503 7309
3 7310 3666 7311
3 7311 3666 7309
3 7312 3669 3667
3 3638 3661 3669
3 3669 7270 3638
3 7313 3669 7312
3 3664 7314 3668
3 7312 3667 3668
3 3668 7314 7312
3 7314 3664 7310
3 7310 7311 7315
3 7315 7314 7310
3 7316 7313 7314
3 7270 3669 7313
3 7313 7312 7314
3 6503 6481 6505
3 7317 7309 6503
3 6505 7317 6503
3 7309 7317 7311
3 7311 7317 7318
3 7267 7317 6505
3 7317 7267 7318
3 7283 7318 7267
3 7267 7280 7283
3 7318 7315 7311
3 7316 7314 7315
3 7315 7318 7319
3 7320 7313 7316
3 7320 7270 7313
3 7283 7319 7318
3 7283 7285 7319
3 7315 7319 7316
3 7321 7316 7319
3 7321 7320 7316
3 7321 7322 7320
3 7322 7321 7301
3 7272 7270 7320
3 7322 7272 7320
3 7272 7322 7275
3 7319 7285 7321
3 7301 7321 7285
3 7301 7285 7287
3 7300 7322 7301
3 7300 7275 7322
3 7323 7277 7324
3 7325 7323 7324
3 7323 7325 7326
3 7326 7325 7327
3 6574 6573 6571
3 7328 6573 6574
3 7328 7289 6573
3 6574 7329 7328
3 7330 7293 7289
3 7331 7330 7289
3 7328 7331 7289
3 7293 7330 7294
3 7329 7331 7328
3 7332 7333 7294
3 7330 7332 7294
3 7334 7332 7330
3 7330 7331 7334
3 6574 6570 6572
3 6574 6572 6577
3 6577 7329 6574
3 7335 7329 6577
3 6579 7335 6577
3 7335 7336 7329
3 7336 7337 7329
3 7331 7329 7337
3 7334 7331 7337
3 7338 7334 7339
3 7339 7334 7337
3 7340 7303 7304
3 7324 7303 7340
3 7324 7277 7303
3 7333 7295 7294
3 7341 7306 7295
3 7341 7308 7306
3 7342 7308 7341
3 7307 7308 7342
3 7343 7342 7341
3 7344 7295 7333
3 7307 7342 7345
3 7344 7343 7295
3 7346 7342 7343
3 7295 7343 7341
3 7307 7340 7304
3 7307 7345 7340
3 7347 7340 7345
3 7348 7345 7342
3 7349 7324 7340
3 7340 7347 7349
3 7327 7325 7349
3 7347 7350 7349
3 7351 7349 7350
3 7349 7325 7324
3 7338 7333 7334
3 7332 7334 7333
3 7338 7344 7333
3 7352 7344 7338
3 7344 7346 7343
3 7346 7348 7342
3 7339 7353 7338
3 7352 7338 7354
3 7338 7353 7354
3 7352 7346 7344
3 7355 7348 7346
3 7346 7352 7355
3 7345 7348 7347
3 7356 7347 7348
3 7350 7347 7356
3 7355 7356 7348
3 7357 7356 7355
3 6579 6604 6605
3 7358 6579 6605
3 7358 7335 6579
3 7359 6605 6606
3 7360 7359 6606
3 7358 6605 7359
3 7358 7336 7335
3 7359 7361 7358
3 7361 7336 7358
3 7362 7339 7337
3 7362 7337 7336
3 7362 7353 7339
3 7362 7336 7363
3 7362 7363 7353
3 7361 7359 7364
3 7361 7363 7336
3 7361 7364 7363
3 7365 7363 7364
3 7365 7366 7363
3 7360 6606 6600
3 7360 6600 7367
3 7367 6600 6601
3 7368 7367 6601
3 7369 7367 7368
3 7360 7364 7359
3 7370 7360 7367
3 7370 7364 7360
3 7370 7365 7364
3 7371 7365 7370
3 7372 7365 7371
3 7370 7367 7369
3 7373 7372 7371
3 7374 7353 7363
3 7375 7354 7353
3 7353 7374 7375
3 7374 7363 7366
3 7376 7375 7374
3 7376 7374 7366
3 7375 7377 7354
3 7378 7377 7375
3 7379 7375 7376
3 7380 7379 7376
3 7375 7379 7378
3 7349 7381 7327
3 7349 7351 7381
3 7382 7351 7350
3 7327 7381 7383
3 7384 7382 7357
3 7384 7357 7385
3 7378 7385 7377
3 7378 7386 7385
3 7385 7386 7384
3 7387 7381 7351
3 7382 7387 7351
3 7383 7381 7387
3 7377 7355 7352
3 7354 7377 7352
3 7385 7355 7377
3 7357 7350 7356
3 7382 7350 7357
3 7385 7357 7355
3 7372 7376 7366
3 7366 7365 7372
3 7388 7379 7380
3 7378 7379 7388
3 7389 7378 7388
3 7373 7390 7380
3 7372 7373 7380
3 7376 7372 7380
3 7390 7388 7380
3 7388 7390 7391
3 7392 7383 7387
3 7393 7383 7392
3 7378 7389 7386
3 7382 7394 7387
3 7394 7382 7384
3 7394 7392 7387
3 7394 7384 7386
3 7391 7389 7388
3 7386 7389 7395
3 7395 7394 7386
3 7396 7397 7395
3 7394 7395 7397
3 7397 7392 7394
3 7277 7323 7176
3 7241 7176 7323
3 7326 7241 7323
3 7260 7241 7326
3 7326 7398 7260
3 7399 7326 7327
3 7263 7260 7398
3 7398 7326 7399
3 7398 7399 7400
3 7383 7399 7327
3 7393 7399 7383
3 7400 7399 7393
3 7392 7401 7393
3 5177 4665 7210
3 5177 7210 7402
3 5177 5178 5175
3 7402 7210 7212
3 5178 5177 7403
3 5179 5178 7403
3 5177 7402 7403
3 7214 7230 7216
3 7212 7211 7216
3 7404 7212 7216
3 7402 7212 7404
3 7230 7405 7216
3 7406 7405 7230
3 7405 7402 7404
3 7407 7403 7402
3 7407 7402 7405
3 7404 7216 7405
3 7407 7405 7408
3 7408 7405 7409
3 5181 5173 7410
3 5173 5179 7410
3 7410 7403 7411
3 7410 5179 7403
3 5181 7410 7412
3 7403 7407 7411
3 7410 7411 7413
3 7413 7411 7414
3 7414 7411 7407
3 7414 7407 7415
3 7230 7214 7215
3 7230 7231 7406
3 7231 7230 7229
3 7409 7405 7406
3 7406 7231 7416
3 7409 7406 7417
3 7406 7416 7417
3 7418 7233 7235
3 7258 7235 7234
3 7419 7235 7258
3 7419 7418 7235
3 7418 7231 7233
3 7416 7231 7418
3 7418 7419 7420
3 7416 7418 7421
3 7421 7418 7420
3 7408 7409 7422
3 7422 7409 7417
3 7423 7408 7422
3 7415 7408 7423
3 7424 7415 7423
3 7408 7415 7407
3 7425 7414 7415
3 7425 7415 7424
3 7426 7422 7417
3 7427 7416 7421
3 7426 7417 7416
3 7426 7416 7427
3 7423 7422 7426
3 7426 7428 7423
3 7429 7423 7428
3 7426 7427 7428
3 7428 7427 7430
3 7412 7410 7413
3 5183 5181 7412
3 5183 7412 7431
3 7431 7412 7432
3 7413 7433 7412
3 7413 7434 7433
3 7414 7434 7413
3 7434 7414 7435
3 7432 7412 7433
3 5183 7436 5184
3 5312 5184 7436
3 7436 5183 7431
3 7436 7431 7437
3 7437 5312 7436
3 7432 7438 7431
3 7437 7431 7438
3 7439 7432 7433
3 7439 7438 7432
3 7438 7439 7440
3 7440 7439 7441
3 7435 7414 7425
3 7435 7425 7424
3 7433 7434 7435
3 7442 7424 7429
3 7435 7424 7442
3 7442 7429 7443
3 7444 7435 7442
3 7444 7433 7435
3 7429 7424 7423
3 7445 7443 7429
3 7428 7445 7429
3 7445 7428 7430
3 7445 7430 7446
3 7447 7442 7448
3 7443 7445 7448
3 7448 7445 7446
3 7443 7448 7442
3 7433 7444 7439
3 7447 7444 7442
3 7441 7439 7444
3 7441 7444 7449
3 7447 7448 7450
3 7446 7450 7448
3 7450 7446 7451
3 7452 7447 7450
3 7449 7444 7447
3 7449 7447 7452
3 7449 7452 7453
3 7454 7253 7255
3 7455 7454 7255
3 7255 7254 7261
3 7456 7454 7455
3 7457 7455 7255
3 7458 7455 7457
3 7459 7460 7458
3 7459 7458 7457
3 7419 7258 7257
3 7419 7257 7461
3 7257 7462 7463
3 7461 7257 7463
3 7462 7454 7463
3 7420 7419 7461
3 7461 7463 7456
3 7420 7461 7464
3 7464 7461 7456
3 7462 7257 7253
3 7462 7253 7454
3 7463 7454 7456
3 7465 7420 7464
3 7465 7421 7420
3 7466 7421 7465
3 7467 7465 7464
3 7427 7421 7466
3 7430 7427 7466
3 7466 7465 7467
3 7468 7466 7467
3 7456 7460 7464
3 7455 7458 7456
3 7460 7456 7458
3 7467 7464 7460
3 7469 7467 7460
3 7468 7467 7469
3 7460 7459 7469
3 7261 7252 7470
3 7252 7262 7470
3 7261 7457 7255
3 7261 7470 7457
3 7457 7470 7471
3 7262 7472 7470
3 7472 7262 7263
3 7471 7470 7472
3 7472 7473 7471
3 7474 7459 7457
3 7474 7469 7459
3 7471 7474 7457
3 7475 7430 7466
3 7475 7466 7468
3 7475 7468 7476
3 7475 7446 7430
3 7477 7451 7446
3 7446 7475 7477
3 7477 7475 7476
3 7478 7476 7468
3 7478 7468 7469
3 7477 7476 7479
3 7479 7476 7480
3 7480 7476 7478
3 7480 7481 7479
3 7482 7450 7451
3 7452 7450 7482
3 7483 7451 7477
3 7482 7451 7483
3 7484 7482 7483
3 7477 7479 7485
3 7483 7477 7485
3 7484 7483 7485
3 7484 7485 7486
3 7485 7487 7486
3 7487 7485 7479
3 7488 7487 7479
3 7478 7469 7474
3 7489 7478 7474
3 7489 7474 7490
3 7474 7471 7490
3 7491 7490 7471
3 7492 7489 7490
3 7493 7489 7492
3 7494 7492 7490
3 7492 7494 7495
3 7494 7496 7495
3 7480 7478 7489
3 7481 7480 7488
3 7488 7480 7489
3 7479 7481 7488
3 7488 7497 7487
3 7493 7488 7489
3 7497 7488 7493
3 7498 7437 7438
3 7499 7437 7498
3 7498 7438 7500
3 7501 7502 7500
3 7500 7438 7440
3 7501 7500 7440
3 7503 7440 7441
3 7504 7440 7503
3 7504 7503 7505
3 7504 7501 7440
3 7506 7501 7504
3 7505 7506 7504
3 7505 7503 7507
3 7507 7503 7508
3 7502 7501 7506
3 7509 7502 7506
3 7510 7506 7505
3 7509 7506 7510
3 7510 7505 7507
3 7510 7507 7511
3 7512 7510 7511
3 7513 7509 7510
3 7514 7441 7449
3 7503 7441 7514
3 7515 7514 7449
3 7508 7503 7514
3 7508 7514 7516
3 7516 7514 7515
3 7517 7516 7515
3 7515 7449 7518
3 7518 7449 7453
3 7518 7453 7519
3 7519 7453 7520
3 7511 7507 7508
3 7511 7508 7521
3 7521 7508 7516
3 7516 7517 7522
3 7521 7523 7511
3 7524 7512 7511
3 7524 7511 7523
3 7523 7525 7524
3 7523 7521 7526
3 7525 7523 7526
3 7521 7516 7522
3 7526 7521 7522
3 7527 7522 7528
3 7529 7522 7527
3 7517 7515 7518
3 7528 7518 7519
3 7528 7517 7518
3 7530 7519 7520
3 7528 7522 7517
3 7531 7527 7528
3 7531 7528 7532
3 7528 7533 7532
3 7519 7533 7528
3 7533 7519 7530
3 7533 7534 7532
3 7524 7535 7512
3 7536 7535 7524
3 7537 7525 7526
3 7526 7522 7529
3 7537 7526 7529
3 7538 7529 7539
3 7538 7537 7529
3 7539 7529 7527
3 7537 7524 7525
3 7540 7536 7524
3 7540 7524 7537
3 7540 7537 7538
3 7540 7538 7541
3 7538 7539 7542
3 7541 7538 7542
3 7543 7531 7532
3 7539 7527 7531
3 7539 7531 7543
3 7544 7539 7543
3 7542 7539 7544
3 7545 7543 7532
3 7544 7543 7545
3 7544 7545 7546
3 7547 7548 7540
3 7547 7540 7541
3 7549 7547 7541
3 7550 7541 7542
3 7551 7550 7542
3 7550 7552 7541
3 7541 7552 7549
3 7550 7553 7552
3 7553 7550 7551
3 7549 7552 7553
3 7554 7549 7553
3 7553 7551 7555
3 7551 7542 7544
3 7546 7545 7556
3 7551 7544 7546
3 7555 7551 7557
3 7558 7551 7546
3 7551 7558 7557
3 6818 6822 7559
3 7560 7559 6822
3 6823 7560 6822
3 7561 7562 7560
3 6828 7560 6823
3 7560 6828 7563
3 7563 7561 7560
3 7563 7564 7565
3 7564 6828 6827
3 7566 7564 6827
3 7566 6827 6831
3 7564 7563 6828
3 7566 7565 7564
3 7561 7563 7565
3 7561 7565 7567
3 7568 7567 7565
3 7569 7568 7565
3 7453 7452 7570
3 7570 7452 7482
3 7482 7484 7570
3 7570 7484 7571
3 7520 7570 7572
3 7520 7453 7570
3 7571 7484 7486
3 7573 7486 7574
3 7571 7486 7573
3 7571 7573 7572
3 7572 7570 7571
3 7572 7573 7575
3 7576 7520 7572
3 7530 7520 7576
3 7576 7572 7577
3 7533 7530 7534
3 7576 7534 7530
3 7577 7572 7575
3 7577 7575 7578
3 7579 7576 7577
3 7580 7579 7577
3 7495 7493 7492
3 7581 7493 7495
3 7582 7581 7583
3 7581 7495 7583
3 7582 7583 7584
3 7583 7585 7584
3 7574 7486 7487
3 7574 7487 7497
3 7586 7574 7497
3 7497 7493 7581
3 7587 7497 7581
3 7573 7574 7586
3 7587 7573 7586
3 7586 7497 7587
3 7588 7573 7587
3 7587 7581 7582
3 7589 7587 7582
3 7575 7573 7588
3 7575 7588 7590
3 7588 7587 7589
3 7591 7588 7589
3 7584 7589 7582
3 7591 7589 7584
3 7591 7584 7592
3 7588 7593 7590
3 7593 7588 7591
3 7594 7591 7592
3 7593 7591 7594
3 7593 7594 7595
3 7596 7534 7597
3 7545 7532 7534
3 7597 7534 7576
3 7545 7534 7596
3 7596 7597 7598
3 7597 7576 7579
3 7597 7579 7598
3 7598 7579 7599
3 7545 7596 7598
3 7556 7545 7598
3 7600 7556 7598
3 7600 7598 7599
3 7579 7580 7601
3 7602 7580 7577
3 7601 7580 7602
3 7603 7601 7602
3 7599 7579 7601
3 7546 7556 7600
3 7604 7546 7600
3 7605 7600 7599
3 7558 7546 7604
3 7606 7558 7604
3 7604 7600 7607
3 7607 7600 7605
3 7608 7604 7607
3 7609 7607 7610
3 7611 7612 7603
3 7605 7599 7613
3 7613 7599 7601
3 7612 7613 7601
3 7611 7613 7612
3 7612 7601 7603
3 7613 7607 7605
3 7607 7613 7610
3 7613 7611 7614
3 7611 7615 7614
3 7610 7613 7614
3 7578 7575 7590
3 7616 7578 7590
3 7602 7577 7578
3 7602 7578 7617
3 7618 7602 7617
3 7618 7603 7602
3 7616 7617 7578
3 7619 7616 7590
3 7620 7619 7593
3 7590 7593 7619
3 7620 7593 7595
3 7611 7603 7618
3 7618 7617 7616
3 7621 7611 7618
3 7622 7616 7619
3 7621 7618 7616
3 7622 7621 7616
3 7615 7611 7621
3 7623 7615 7621
3 7624 7621 7622
3 7619 7625 7622
3 7626 7625 7619
3 7620 7626 7619
3 7627 7622 7625
3 5357 5312 7437
3 5357 7437 7499
3 5357 7499 5359
3 5359 7499 7498
3 5362 5356 5359
3 7498 7500 7502
3 7628 5363 5362
3 7628 5362 5359
3 5373 5363 7628
3 7628 5359 7498
3 7628 7498 7629
3 7629 7498 7502
3 5368 5363 5373
3 5373 7628 7630
3 7630 7628 7629
3 7509 7629 7502
3 7509 7630 7629
3 7631 7630 7509
3 7631 7509 7513
3 7512 7513 7510
3 5374 5373 7630
3 5374 5372 5373
3 7632 5374 7630
3 7633 7630 7631
3 7633 7632 7630
3 7632 7633 7634
3 7632 5389 5386
3 7635 7632 7634
3 5386 5374 7632
3 7636 7634 7633
3 7635 7634 7637
3 7637 7634 7636
3 7535 7631 7513
3 7513 7512 7535
3 7636 7631 7535
3 7633 7631 7636
3 7637 7636 7638
3 7636 7535 7536
3 7639 7636 7536
3 7536 7540 7548
3 7640 5389 7632
3 5395 5389 7641
3 5389 7640 7641
3 7641 7640 7635
3 7640 7632 7635
3 7635 7637 7642
3 7642 7637 7638
3 7641 7635 7642
3 7641 7643 5395
3 6187 5395 7643
3 7643 7641 7644
3 7644 7642 7645
3 7642 7644 7641
3 7638 7636 7639
3 7646 7638 7639
3 7548 7639 7536
3 7646 7639 7548
3 7647 7646 7548
3 7642 7638 7648
3 7648 7638 7646
3 7648 7645 7642
3 7645 7648 7649
3 7650 7646 7647
3 7648 7646 7650
3 7647 7548 7547
3 7647 7547 7549
3 7554 7647 7549
3 7650 7647 7554
3 7368 6601 7651
3 7651 6601 6874
3 7651 7652 7368
3 6876 7651 6874
3 7653 6876 6875
3 7651 6876 7652
3 7654 7652 7655
3 7655 7656 7654
3 6876 7655 7652
3 7653 6875 6886
3 6887 7653 6886
3 6876 7653 7657
3 7653 6887 7657
3 6885 6889 6887
3 6889 7658 6887
3 6889 7659 7658
3 7660 7658 7659
3 6887 7658 7661
3 7662 7661 7658
3 7660 7662 7658
3 7656 7663 7664
3 7662 7664 7661
3 7663 7657 7661
3 7664 7663 7661
3 7665 7656 7664
3 7664 7666 7665
3 7664 7662 7667
3 7667 7666 7664
3 7662 7668 7667
3 7660 7668 7662
3 7667 7668 7669
3 7668 7670 7669
3 7671 7670 7668
3 7671 7672 7670
3 7652 7369 7368
3 7371 7370 7369
3 7673 7371 7369
3 7369 7652 7673
3 7673 7652 7654
3 7654 7674 7371
3 7674 7373 7371
3 7654 7371 7673
3 7674 7654 7675
3 7373 7674 7676
3 7676 7390 7373
3 7676 7674 7675
3 7677 7390 7676
3 7678 7391 7677
3 7677 7391 7390
3 7676 7679 7677
3 7680 7678 7677
3 7681 7680 7677
3 7681 7677 7679
3 7682 7681 7679
3 7683 7391 7678
3 7683 7395 7389
3 7391 7683 7389
3 7684 7392 7397
3 7395 7683 7396
3 7683 7678 7685
3 7678 7680 7685
3 7683 7685 7396
3 7396 7685 7686
3 7666 7667 7682
3 7667 7669 7682
3 7669 7681 7682
3 7687 7680 7681
3 7681 7669 7687
3 7670 7687 7669
3 7672 7687 7670
3 7672 7680 7687
3 7685 7680 7672
3 7688 7689 7685
3 7685 7689 7686
3 7688 7685 7672
3 7690 7686 7689
3 7691 7688 7672
3 7659 6889 6890
3 6890 6904 7659
3 7660 7659 7692
3 7659 6904 6907
3 7692 7693 7660
3 7668 7660 7693
3 7694 7693 7692
3 7694 7692 6907
3 7659 6907 7692
3 7693 7694 7695
3 6906 7696 6907
3 7697 7696 6906
3 6907 7696 7694
3 7698 7695 7694
3 7699 7698 7694
3 7694 7696 7699
3 7700 7671 7668
3 7700 7668 7693
3 7695 7700 7693
3 7691 7672 7701
3 7702 7671 7700
3 7701 7672 7671
3 7702 7701 7671
3 7703 7702 7700
3 7703 7704 7702
3 7704 7701 7702
3 7691 7701 7705
3 7705 7701 7706
3 7691 7705 7707
3 7708 7707 7705
3 7704 7706 7701
3 7706 7709 7705
3 7709 7708 7705
3 7695 7698 7710
3 7699 7711 7698
3 7710 7698 7712
3 7710 7712 7713
3 7695 7703 7700
3 7695 7710 7703
3 7703 7710 7714
3 7715 7709 7706
3 7714 7710 7713
3 7716 7717 7714
3 7714 7713 7716
3 7718 7719 7717
3 7718 7717 7716
3 7717 7704 7703
3 7714 7717 7703
3 7704 7717 7719
3 7715 7704 7719
3 7704 7715 7706
3 7719 7720 7715
3 7689 7688 7691
3 7689 7691 7707
3 7721 7472 7263
3 7721 7263 7398
3 7473 7472 7721
3 7721 7398 7400
3 7722 7721 7400
3 7722 7400 7723
3 7721 7722 7473
3 7722 7723 7724
3 7722 7724 7725
3 7726 7473 7722
3 7722 7725 7727
3 7727 7726 7722
3 7728 7727 7725
3 7684 7401 7392
3 7723 7400 7393
3 7723 7393 7401
3 7724 7723 7401
3 7724 7401 7684
3 7729 7684 7397
3 7729 7397 7396
3 7729 7724 7684
3 7396 7686 7729
3 7730 7724 7729
3 7725 7724 7730
3 7686 7730 7729
3 7731 7725 7730
3 7690 7730 7686
3 7731 7730 7690
3 7471 7473 7491
3 7473 7726 7491
3 7726 7727 7732
3 7728 7732 7727
3 7725 7731 7728
3 7731 7733 7728
3 7734 7726 7732
3 7735 7707 7708
3 7736 7732 7728
3 7737 7728 7733
3 7736 7734 7732
3 7738 7733 7735
3 7733 7738 7737
3 7728 7737 7736
3 7491 7726 7734
3 7494 7490 7491
3 7491 7739 7494
3 7496 7494 7739
3 7740 7736 7737
3 7735 7741 7738
3 7737 7738 7740
3 7735 7708 7741
3 7742 7708 7709
3 7709 7715 7742
3 7720 7742 7715
3 7742 7743 7708
3 7740 7738 7744
3 7743 7741 7708
3 7744 7738 7741
3 7741 7745 7744
3 7745 7741 7743
3 7746 7744 7745
3 7747 7744 7746
3 7739 7491 7734
3 7736 7740 7748
3 7748 7734 7736
3 7739 7734 7749
3 7749 7734 7748
3 7744 7748 7740
3 7747 7748 7744
3 7689 7707 7690
3 7733 7731 7690
3 7735 7690 7707
3 7735 7733 7690
3 6906 6911 7697
3 6914 6911 6908
3 7697 7750 7696
3 6915 7697 6911
3 6915 6911 6914
3 6916 7751 6915
3 6915 7751 7697
3 7752 7750 7697
3 7697 7751 7752
3 7750 7699 7696
3 7753 7699 7750
3 7754 7753 7750
3 7755 7750 7752
3 7750 7755 7754
3 7753 7711 7699
3 7751 6916 6918
3 7756 7751 6918
3 7756 6918 6772
3 7559 7756 6772
3 7559 7757 7756
3 7752 7751 7755
3 7758 7754 7755
3 7755 7759 7760
3 7758 7755 7760
3 7759 7751 7756
3 7761 7759 7756
3 7761 7756 7757
3 7762 7759 7761
3 7759 7755 7751
3 7763 7759 7762
3 7763 7762 7764
3 7758 7765 7754
3 7711 7712 7698
3 7753 7712 7711
3 7765 7712 7753
3 7754 7765 7753
3 7766 7765 7758
3 7767 7712 7765
3 7766 7767 7765
3 7768 7766 7758
3 7767 7716 7713
3 7716 7767 7718
3 7767 7713 7712
3 7718 7769 7719
3 7718 7767 7769
3 7719 7769 7720
3 7766 7770 7767
3 7771 7770 7766
3 7768 7771 7766
3 7770 7769 7767
3 7760 7768 7758
3 7772 7760 7763
3 7763 7760 7759
3 7772 7763 7773
3 7774 7772 7773
3 7768 7760 7772
3 7775 7771 7768
3 7772 7775 7768
3 7776 7775 7772
3 7777 7775 7776
3 7776 7772 7778
3 7779 7776 7778
3 7777 7776 7779
3 7780 7779 7781
3 7782 7771 7775
3 7777 7782 7775
3 7777 7779 7782
3 6818 7559 6772
3 7783 7757 7559
3 7560 7783 7559
3 7757 7784 7761
3 7784 7762 7761
3 7783 7784 7757
3 7784 7764 7762
3 7785 7764 7784
3 7764 7785 7786
3 7562 7784 7783
3 7783 7560 7562
3 7561 7567 7562
3 7785 7784 7562
3 7562 7787 7785
3 7562 7567 7787
3 7568 7787 7567
3 7786 7763 7764
3 7786 7774 7763
3 7774 7773 7763
3 7787 7786 7785
3 7786 7787 7788
3 7786 7788 7774
3 7774 7788 7789
3 7788 7790 7789
3 7789 7790 7791
3 7774 7778 7772
3 7778 7774 7792
3 7792 7774 7789
3 7781 7779 7778
3 7792 7781 7778
3 7789 7791 7792
3 7793 7792 7791
3 7787 7790 7788
3 7787 7568 7790
3 7568 7794 7790
3 7794 7568 7795
3 7795 7796 7794
3 7794 7791 7790
3 7797 7791 7794
3 7797 7793 7791
3 7796 7797 7794
3 7583 7495 7496
3 7798 7583 7496
3 7496 7799 7800
3 7739 7799 7496
3 7800 7798 7496
3 7801 7585 7800
3 7583 7798 7800
3 7585 7583 7800
3 7801 7800 7799
3 7801 7799 7749
3 7801 7749 7802
3 7769 7803 7720
3 7720 7803 7742
3 7804 7742 7803
3 7742 7804 7743
3 7745 7743 7804
3 7805 7746 7745
3 7770 7803 7769
3 7804 7803 7806
3 7803 7770 7806
3 7770 7771 7806
3 7804 7806 7805
3 7806 7807 7805
3 7745 7804 7805
3 7799 7739 7749
3 7808 7749 7748
3 7747 7808 7748
3 7809 7749 7808
3 7809 7802 7749
3 7805 7747 7746
3 7809 7808 7747
3 7810 7802 7809
3 7811 7747 7805
3 7807 7811 7805
3 7811 7809 7747
3 7812 7585 7813
3 7584 7585 7592
3 7813 7585 7801
3 7810 7801 7802
3 7810 7813 7801
3 7592 7585 7812
3 7812 7813 7814
3 7812 7815 7816
3 7815 7812 7814
3 7817 7806 7771
3 7817 7818 7806
3 7817 7771 7782
3 7806 7818 7807
3 7807 7818 7819
3 7782 7779 7820
3 7817 7782 7820
3 7820 7818 7817
3 7779 7780 7820
3 7820 7819 7818
3 7820 7780 7819
3 7821 7819 7780
3 7822 7819 7821
3 7823 7810 7809
3 7823 7809 7811
3 7813 7810 7814
3 7814 7810 7823
3 7819 7822 7807
3 7824 7811 7825
3 7825 7811 7807
3 7822 7825 7807
3 7824 7823 7811
3 7824 7814 7823
3 7826 7824 7825
3 7815 7814 7824
3 7824 7826 7815
3 7816 7592 7812
3 7594 7592 7816
3 7827 7780 7781
3 7828 7821 7780
3 7827 7828 7780
3 7829 7821 7828
3 7793 7827 7781
3 7793 7781 7792
3 7793 7829 7827
3 7797 7830 7793
3 7793 7830 7829
3 7831 7829 7830
3 7827 7829 7828
3 7594 7816 7832
3 7833 7821 7829
3 7832 7816 7815
3 7834 7832 7815
3 7826 7834 7815
3 7833 7829 7831
3 7835 7836 7833
3 7831 7835 7833
3 7837 7826 7836
3 7834 7837 7838
3 7837 7834 7826
3 7822 7821 7839
3 7825 7822 7839
3 7821 7833 7839
3 7836 7839 7833
3 7839 7826 7825
3 7836 7826 7839
3 7797 7796 7830
3 7830 7796 7840
3 7841 7840 7842
3 7830 7840 7841
3 7835 7831 7830
3 7841 7835 7830
3 7843 7838 7837
3 7844 7837 7836
3 7844 7843 7837
3 7844 7836 7835
3 7835 7841 7845
3 7843 7844 7845
3 7844 7835 7845
3 7846 7843 7845
3 7595 7594 7832
3 7847 7595 7832
3 7620 7595 7847
3 7847 7848 7620
3 7847 7832 7834
3 7847 7834 7838
3 7838 7848 7847
3 7620 7848 7626
3 7849 7848 7838
3 7850 7626 7848
3 7850 7848 7849
3 7851 7626 7850
3 7849 7852 7850
3 7849 7838 7843
3 7853 7849 7843
3 7843 7846 7853
3 7555 7554 7553
3 7854 7555 7855
3 7856 7555 7557
3 7855 7555 7856
3 7856 7557 7857
3 7558 7857 7557
3 7857 7558 7606
3 7858 7855 7856
3 7859 7858 7856
3 7859 7856 7860
3 7860 7856 7857
3 7860 7857 7861
3 7861 7857 7606
3 7862 7860 7861
3 7863 7860 7862
3 7864 7863 7862
3 6968 7566 6831
3 6968 7569 7566
3 7566 7569 7565
3 7569 6968 7865
3 6969 6995 7866
3 6968 6969 7866
3 7865 6968 7866
3 7867 7868 7865
3 7568 7569 7795
3 7869 7795 7569
3 7870 7795 7871
3 7865 7869 7569
3 7868 7869 7865
3 7872 7869 7868
3 7869 7871 7795
3 7871 7869 7872
3 7872 7873 7871
3 7871 7874 7870
3 7875 7870 7874
3 7876 7873 7872
3 7877 7871 7873
3 7874 7871 7878
3 7878 7871 7877
3 7866 6995 7879
3 6997 7879 6995
3 7880 7866 7879
3 7879 7881 7880
3 7880 7867 7866
3 7882 7867 7880
3 7867 7882 7883
3 7867 7865 7866
3 6997 7002 7884
3 7885 7879 6997
3 7879 7885 7881
3 7885 7886 7881
3 7887 7002 7001
3 7887 7884 7002
3 7886 7885 7884
3 6997 7884 7885
3 7888 7880 7881
3 7883 7882 7889
3 7888 7882 7880
3 7890 7889 7882
3 7888 7881 7886
3 7891 7888 7886
3 7891 7892 7888
3 7890 7882 7888
3 7892 7890 7888
3 7893 7890 7892
3 7894 7867 7883
3 7867 7894 7868
3 7895 7868 7894
3 7868 7895 7896
3 7889 7894 7883
3 7896 7895 7897
3 7889 7895 7894
3 7898 7897 7895
3 7872 7896 7876
3 7896 7872 7868
3 7899 7873 7876
3 7900 7877 7899
3 7873 7899 7877
3 7900 7876 7897
3 7897 7876 7896
3 7900 7899 7876
3 7889 7890 7901
3 7901 7898 7889
3 7902 7901 7890
3 7903 7901 7902
3 7903 7904 7901
3 7905 7898 7901
3 7904 7905 7901
3 7906 7907 7905
3 7908 7909 7907
3 7898 7895 7889
3 7909 7900 7897
3 7897 7898 7909
3 7907 7909 7898
3 7910 7900 7909
3 7900 7910 7911
3 7898 7905 7907
3 7908 7910 7909
3 7908 7912 7910
3 7606 7604 7608
3 7913 7606 7608
3 7608 7607 7609
3 7861 7606 7913
3 7914 7913 7608
3 7861 7913 7915
3 7915 7913 7914
3 7916 7608 7609
3 7914 7608 7916
3 7917 7609 7610
3 7918 7610 7614
3 7918 7614 7615
3 7917 7610 7918
3 7919 7917 7918
3 7920 7609 7917
3 7920 7916 7609
3 7921 7920 7917
3 7921 7917 7919
3 7921 7919 7922
3 7915 7862 7861
3 7916 7915 7914
3 7864 7862 7915
3 7864 7915 7923
3 7915 7916 7924
3 7924 7916 7920
3 7915 7924 7925
3 7925 7923 7915
3 7926 7864 7923
3 7926 7923 7925
3 7927 7925 7924
3 7925 7927 7928
3 7929 7924 7920
3 7921 7929 7920
3 7930 7921 7922
3 7931 7929 7921
3 7927 7924 7929
3 7927 7929 7931
3 7932 7927 7931
3 7932 7931 7933
3 7931 7921 7930
3 7930 7933 7931
3 7878 7934 7874
3 7934 7875 7874
3 7935 7936 7934
3 7935 7937 7936
3 7624 7623 7621
3 7624 7622 7627
3 7938 7623 7624
3 7627 7938 7624
3 7918 7615 7623
3 7623 7922 7918
3 7919 7918 7922
3 7922 7623 7938
3 7939 7922 7938
3 7940 7627 7625
3 7625 7626 7851
3 7625 7851 7940
3 7938 7627 7940
3 7941 7940 7851
3 7941 7851 7942
3 7930 7922 7939
3 7939 7938 7940
3 7933 7930 7943
3 7943 7930 7939
3 7944 7943 7939
3 7939 7940 7944
3 7944 7940 7941
3 7945 7941 7942
3 7944 7941 7945
3 7946 7944 7945
3 7946 7945 7947
3 7948 7926 7925
3 7948 7925 7928
3 7928 7927 7932
3 7949 7932 7933
3 7932 7949 7928
3 7948 7928 7949
3 7949 7950 7948
3 7949 7933 7950
3 7951 7948 7950
3 7952 7951 7950
3 7953 7934 7878
3 7877 7900 7911
3 7911 7878 7877
3 7911 7953 7878
3 7954 7953 7911
3 7955 7953 7954
3 7954 7956 7955
3 7953 7955 7957
3 7935 7934 7957
3 7957 7934 7953
3 7958 7937 7935
3 7958 7935 7957
3 7958 7957 7956
3 7956 7957 7955
3 7959 7958 7956
3 7960 7937 7958
3 7959 7956 7961
3 7960 7958 7959
3 7910 7962 7911
3 7956 7954 7963
3 7911 7962 7954
3 7964 7954 7962
3 7910 7912 7965
3 7910 7965 7962
3 7964 7962 7965
3 7966 7963 7954
3 7965 7967 7964
3 7964 7967 7966
3 7966 7954 7964
3 7968 7956 7963
3 7968 7961 7956
3 7969 7961 7968
3 7969 7970 7961
3 7959 7961 7970
3 7969 7968 7971
3 7972 7943 7944
3 7950 7933 7943
3 7960 7973 7937
3 7947 7974 7975
3 7976 7977 7978
3 7979 7960 7959
3 7979 7973 7960
3 7978 7973 7976
3 7947 7975 7946
3 7980 7944 7946
3 7980 7946 7975
3 7972 7944 7980
3 7975 7974 7977
3 7980 7975 7981
3 7981 7975 7977
3 7950 7943 7952
3 7952 7943 7972
3 7982 7952 7983
3 7973 7979 7984
3 7959 7970 7979
3 7973 7984 7976
3 7985 7976 7984
3 7985 7986 7976
3 7970 7984 7979
3 7985 7984 7987
3 7972 7980 7983
3 7986 7981 7977
3 7976 7986 7977
3 7983 7980 7981
3 7988 7983 7981
3 7989 7986 7985
3 7983 7952 7972
3 7983 7988 7990
3 7991 7988 7981
3 7991 7981 7986
3 7987 7989 7985
3 7989 7991 7986
3 7992 7989 7987
3 6094 6095 7993
3 7994 6095 6099
3 6101 7995 6099
3 7995 7994 6099
3 7994 7995 7996
3 7997 7996 7998
3 6123 6122 7999
3 6125 7999 6122
3 6102 7995 6101
3 6102 7999 8000
3 6102 6123 7999
3 6125 8001 7999
3 7995 6102 8002
3 8002 6102 8000
3 8002 8000 8003
3 7996 7995 8002
3 7998 7996 8002
3 7999 8001 8000
3 8001 8004 8000
3 8005 6125 6126
3 6247 6126 6124
3 6116 6247 6124
3 8006 6247 8007
3 6247 8006 6126
3 8001 6125 8005
3 8005 8008 8009
3 8006 8008 6126
3 6126 8008 8005
3 8008 8006 8010
3 8011 8012 8006
3 8012 8010 8006
3 8001 8013 8004
3 8001 8005 8013
3 8005 8009 8013
3 8002 8003 7998
3 7998 8003 8014
3 8015 7998 8014
3 8004 8003 8000
3 8004 8014 8003
3 8014 8004 8016
3 8017 7997 7998
3 8017 7998 8015
3 8018 8017 8015
3 8015 8014 8019
3 8019 8014 8016
3 8018 8015 8019
3 8020 8021 8019
3 8009 8008 8010
3 8022 8010 8012
3 8023 8010 8022
3 8013 8024 8004
3 8024 8013 8009
3 8024 8016 8004
3 8009 8025 8024
3 8009 8023 8025
3 8023 8009 8010
3 8016 8024 8020
3 8019 8016 8020
3 8020 8024 8025
3 8026 8023 8022
3 8026 8025 8023
3 8022 8027 8026
3 7057 7060 7054
3 7057 8028 7060
3 8028 7057 8029
3 7073 8030 7055
3 8030 7057 7055
3 8030 8029 7057
3 8031 8028 8029
3 8032 8033 8028
3 8031 8032 8028
3 8034 8035 8032
3 7001 7059 7887
3 7884 7887 7886
3 7886 8036 7891
3 8036 7886 7887
3 8037 8036 7887
3 8038 7887 7059
3 7060 8038 7059
3 8037 7887 8038
3 8039 8036 8037
3 8039 8037 8038
3 8040 7891 8036
3 7891 8040 7892
3 7890 7893 7902
3 8041 7892 8040
3 7892 8041 7893
3 8036 8039 8042
3 8043 8040 8036
3 8036 8042 8043
3 8044 8041 8040
3 8044 7893 8041
3 8044 8045 7893
3 8043 8044 8040
3 8028 8038 7060
3 8033 8038 8028
3 8038 8033 8039
3 8046 8043 8042
3 8039 8033 8035
3 8035 8047 8039
3 8047 8042 8039
3 8042 8047 8046
3 8044 8043 8046
3 8048 8045 8044
3 8048 8044 8046
3 8033 8032 8035
3 8034 8047 8035
3 8049 8047 8034
3 8049 8046 8047
3 8049 8048 8046
3 8050 8048 8049
3 7902 8051 7903
3 8052 7904 7903
3 8053 7905 7904
3 8052 8053 7904
3 8051 7893 8045
3 8051 8054 8055
3 7902 7893 8051
3 7903 8051 8055
3 8055 8052 7903
3 8056 8052 8055
3 8053 7906 7905
3 7906 7908 7907
3 7908 7906 8057
3 7908 8057 8058
3 8057 8059 8058
3 8058 8059 8060
3 8056 8053 8052
3 8053 8056 7906
3 8061 7906 8056
3 8055 8062 8056
3 7906 8061 8057
3 8057 8061 8059
3 8063 8061 8056
3 8059 8061 8063
3 8058 7912 7908
3 8064 8045 8048
3 8045 8054 8051
3 8064 8054 8045
3 8054 8065 8055
3 8065 8062 8055
3 8064 8048 8050
3 8066 8054 8064
3 8050 8066 8064
3 8054 8066 8067
3 8067 8065 8054
3 8068 8067 8066
3 8067 8062 8065
3 8067 8069 8062
3 8062 8063 8056
3 8069 8063 8062
3 8063 8070 8059
3 8063 8069 8070
3 8069 8071 8070
3 8071 8069 8067
3 7085 7073 7072
3 8029 8030 8031
3 8030 8072 8031
3 8032 8031 8072
3 7072 7074 7085
3 8073 8074 8075
3 8075 8074 7085
3 8030 7073 7085
3 8030 7085 8074
3 8074 8072 8030
3 8073 8072 8074
3 8076 8034 8032
3 8072 8076 8032
3 8076 8049 8034
3 8077 8049 8076
3 8072 8073 8076
3 8078 8077 8076
3 8076 8073 8078
3 7084 8075 7085
3 8079 8080 7084
3 8075 7084 8080
3 8075 8080 8073
3 8080 8078 8073
3 8078 8081 8082
3 8081 8078 8080
3 8079 8083 8080
3 8084 8085 8082
3 8084 8082 8081
3 8086 8081 8083
3 8081 8080 8083
3 8087 8084 8081
3 8087 8088 8084
3 8084 8088 8089
3 8090 8089 8088
3 8091 8089 8090
3 8077 8050 8049
3 8092 8050 8077
3 8068 8066 8050
3 8050 8092 8068
3 8092 8077 8078
3 8078 8082 8092
3 8067 8068 8085
3 8068 8092 8082
3 8085 8068 8082
3 8071 8067 8085
3 8089 8071 8085
3 8093 8071 8089
3 8089 8085 8084
3 8094 7951 7952
3 8060 8095 8058
3 8096 7967 8095
3 8096 8060 8059
3 8096 8095 8060
3 8096 8059 8070
3 8097 7967 8096
3 8098 8097 8096
3 8099 8097 8098
3 8095 7965 7912
3 7912 8058 8095
3 7967 7965 8095
3 8097 7966 7967
3 7963 7966 7968
3 7966 7971 7968
3 8097 7971 7966
3 7971 8100 7969
3 8101 8100 7971
3 8102 7971 8097
3 8099 8102 8097
3 8098 8096 8070
3 8098 8070 8071
3 8098 8071 8093
3 8099 8098 8103
3 8104 8099 8103
3 8093 8103 8098
3 8099 8104 8102
3 7952 7982 8094
3 8094 7982 8105
3 8106 7970 8100
3 8100 7970 7969
3 8106 8100 8107
3 8108 8106 8107
3 8106 7984 7970
3 7987 7984 8106
3 8108 7987 8106
3 8101 8107 8100
3 8109 8107 8101
3 8109 8101 8102
3 8102 8101 7971
3 8109 8102 8104
3 8110 8107 8109
3 8110 8109 8104
3 8110 8108 8107
3 8111 8110 8112
3 7988 7991 7990
3 8113 7982 7983
3 8113 7983 7990
3 8114 7982 8113
3 7990 8115 8113
3 7992 7991 7989
3 7992 8116 7991
3 7987 8108 7992
3 8117 7992 8108
3 8116 7990 7991
3 8117 8108 8110
3 8114 8113 8115
3 8115 7990 8116
3 8118 8115 8116
3 8117 8116 7992
3 8105 7982 8114
3 8114 8119 8105
3 8110 8104 8112
3 8120 8111 8112
3 8120 8112 8104
3 8104 8103 8121
3 8121 8120 8104
3 8117 8110 8111
3 8122 8116 8117
3 8117 8111 8122
3 8116 8122 8118
3 8118 8119 8114
3 8118 8114 8115
3 8120 8123 8111
3 8122 8111 8123
3 8124 8123 8120
3 8125 8118 8122
3 8125 8119 8118
3 8123 8125 8122
3 8126 8125 8123
3 8127 8119 8125
3 8127 8128 8119
3 8019 8021 8018
3 8129 8091 8090
3 8130 8132 8133
3 8130 8135 8132
3 8136 8137 8138
3 8140 8021 8020
3 8020 8141 8140
3 8141 8020 8025
3 8141 8025 8026
3 8142 8027 8143
3 8026 8027 8142
3 8142 8141 8026
3 8144 8021 8140
3 8140 8141 8145
3 8146 8144 8140
3 8145 8146 8140
3 8145 8141 8142
3 8147 8145 8142
3 8145 8147 8148
3 8146 8145 8148
3 8093 8149 8103
3 8149 8150 8121
3 8149 8151 8150
3 8151 8093 8089
3 8089 8091 8151
3 8152 8151 8091
3 8132 8091 8129
3 8132 8152 8091
3 8151 8149 8093
3 8153 8151 8152
3 8151 8153 8150
3 8152 8132 8135
3 8130 8139 8135
3 8154 8153 8152
3 8152 8135 8154
3 8154 8135 8139
3 8138 8137 8155
3 8103 8149 8121
3 8124 8120 8121
3 8150 8124 8121
3 8156 8124 8150
3 8157 8156 8150
3 8157 8158 8156
3 8158 8157 8159
3 8158 8160 8156
3 8160 8158 8161
3 8161 8159 8162
3 8162 8163 8161
3 8164 8163 8162
3 8164 8165 8163
3 8160 8123 8124
3 8156 8160 8124
3 8126 8123 8160
3 8125 8126 8127
3 8166 8128 8127
3 8166 8127 8126
3 8163 8166 8126
3 8160 8161 8126
3 8166 8163 8165
3 8163 8126 8161
3 8153 8157 8150
3 8167 8157 8153
3 8167 8159 8157
3 8167 8168 8159
3 8169 8171 8172
3 8172 8168 8169
3 8167 8169 8168
3 8154 8167 8153
3 8154 8139 8174
3 8154 8169 8167
3 8154 8174 8169
3 8155 8175 8138
3 8155 8176 8175
3 8155 8177 8178
3 8174 8171 8169
3 8176 8170 8175
3 8176 8173 8170
3 8176 8155 8178
3 8176 8178 8179
3 8178 8180 8179
3 8180 8178 8146
3 8180 8176 8179
3 8159 8161 8158
3 8181 8159 8168
3 8181 8162 8159
3 8182 8181 8168
3 8168 8172 8182
3 8162 8181 8185
3 8164 8162 8185
3 8181 8182 8185
3 8173 8176 8180
3 8173 8180 8186
3 8183 8173 8186
3 8148 8180 8146
3 8180 8148 8186
3 8186 8148 8187
3 8187 8148 8188
3 8187 8183 8186
3 8183 8187 8189
3 8190 6187 7643
3 8191 6187 8190
3 8190 7643 7644
3 8192 7644 7645
3 8193 8190 8192
3 8192 8190 7644
3 8191 6188 6187
3 8191 8190 8193
3 6192 6188 8191
3 8193 8192 8194
3 8195 8193 8194
3 8192 7645 8196
3 8196 7645 7649
3 7649 7648 7650
3 7650 8197 7649
3 8196 7649 8198
3 8198 7649 8197
3 8192 8196 8194
3 6197 6190 6192
3 6192 8191 8195
3 8195 6197 6192
3 8195 8191 8193
3 6199 6197 8195
3 8196 8198 8194
3 8199 8194 8198
3 8200 8199 8198
3 8195 8194 8199
3 8201 8195 8199
3 8197 7650 7554
3 8197 7554 7854
3 7854 7554 7555
3 8198 8197 7854
3 8198 7854 8200
3 7854 7855 7858
3 8200 7854 8202
3 8202 7854 7858
3 8199 8200 8203
3 8203 8200 8202
3 8204 8203 8202
3 8202 7859 8204
3 7858 7859 8202
3 8204 7859 7863
3 7863 7859 7860
3 7863 7864 8204
3 7926 8204 7864
3 8201 6199 8195
3 6211 6198 6199
3 6211 6199 8201
3 6211 8201 8205
3 8199 8206 8201
3 8201 8206 8207
3 8207 8205 8201
3 6213 6210 6211
3 6213 6211 8205
3 6214 6213 8208
3 6213 8205 8208
3 8206 8199 8203
3 8203 8209 8206
3 8206 8209 8210
3 8207 8206 8210
3 8209 8203 8204
3 8209 8204 7926
3 8210 8209 8211
3 8210 8212 8207
3 8205 8207 8212
3 8205 8212 8213
3 8210 8211 8212
3 7948 8209 7926
3 8209 7948 8211
3 7951 8211 7948
3 8211 7951 8214
3 6263 6214 8208
3 8215 6263 8216
3 6263 8208 8217
3 8217 8216 6263
3 8205 8218 8208
3 8216 8217 8219
3 8217 8208 8218
3 8220 8217 8218
3 8220 8219 8217
3 6246 8007 6247
3 8007 6246 6249
3 8221 6249 6250
3 6251 8222 8224
3 8221 6250 8223
3 8221 8225 6249
3 8007 6249 8225
3 8011 8007 8225
3 8011 8227 8228
3 8222 8216 8229
3 8219 8229 8216
3 8229 8224 8222
3 8223 8230 8221
3 8224 8229 8231
3 8229 8232 8231
3 8229 8219 8232
3 8219 8220 8233
3 8232 8219 8234
3 8231 8232 8235
3 8235 8232 8234
3 8225 8227 8011
3 8230 8225 8221
3 8225 8230 8227
3 8226 8231 8236
3 8235 8236 8231
3 6264 6261 6262
3 6262 6263 8215
3 6264 6262 8215
3 8222 6264 8215
3 8222 6251 6264
3 8222 8215 8216
3 8218 8205 8213
3 8213 8237 8218
3 8238 8237 8213
3 8238 8213 8212
3 8238 8212 8214
3 8239 8220 8218
3 8239 8218 8237
3 8233 8220 8239
3 8234 8219 8233
3 8234 8240 8235
3 8241 8233 8239
3 8242 8233 8241
3 8234 8233 8242
3 8240 8234 8242
3 8239 8237 8243
3 8239 8243 8241
3 8226 8236 8244
3 8236 8235 8240
3 8240 8244 8236
3 8244 8245 8226
3 8242 8247 8240
3 8247 8242 8248
3 8244 8240 8247
3 8238 8249 8237
3 8241 8243 8250
3 8243 8237 8249
3 8243 8249 8251
3 8242 8241 8250
3 8248 8242 8250
3 8250 8243 8252
3 8252 8248 8250
3 8253 8248 8252
3 8248 8254 8247
3 8245 8244 8255
3 8247 8255 8244
3 8255 8247 8254
3 8254 8248 8253
3 8243 8251 8252
3 8252 8251 8256
3 8253 8257 8254
3 8257 8253 8258
3 8258 8253 8252
3 8256 8258 8252
3 8011 8006 8007
3 8012 8011 8228
3 8228 8227 8246
3 8228 8022 8012
3 8228 8246 8259
3 8246 8260 8259
3 8228 8259 8027
3 8228 8027 8022
3 8255 8254 8257
3 8255 8257 8262
3 8258 8263 8257
3 8255 8261 8245
3 8214 8212 8211
3 8214 7951 8264
3 8265 8238 8214
3 8265 8214 8264
3 8094 8264 7951
3 8266 8264 8094
3 8267 8238 8265
3 8249 8238 8267
3 8265 8264 8268
3 8269 8265 8268
3 8269 8267 8265
3 8251 8249 8270
3 8270 8249 8267
3 8271 8269 8272
3 8270 8267 8271
3 8269 8271 8267
3 8251 8273 8256
3 8273 8251 8270
3 8264 8266 8268
3 8266 8094 8274
3 8268 8266 8274
3 8269 8268 8272
3 8275 8272 8274
3 8272 8268 8274
3 8274 8094 8105
3 8119 8128 8105
3 8105 8276 8274
3 8276 8105 8128
3 8277 8273 8270
3 8271 8277 8270
3 8027 8259 8143
3 8278 8261 8280
3 8281 8278 8280
3 8259 8260 8143
3 8279 8143 8260
3 8279 8282 8143
3 8258 8256 8263
3 8262 8257 8263
3 8263 8283 8262
3 8263 8256 8273
3 8261 8255 8262
3 8261 8262 8280
3 8280 8262 8283
3 8263 8273 8284
3 8263 8284 8283
3 8277 8284 8273
3 8281 8283 8284
3 8281 8280 8283
3 8271 8285 8277
3 8277 8285 8284
3 8285 8271 8286
3 8284 8285 8287
3 8271 8272 8286
3 8286 8272 8288
3 8288 8272 8275
3 8286 8289 8285
3 8287 8285 8289
3 8290 8281 8284
3 8278 8281 8290
3 8290 8284 8287
3 8291 8278 8290
3 8291 8290 8293
3 8289 8294 8287
3 8290 8287 8293
3 8293 8287 8295
3 8295 8287 8294
3 8296 8295 8294
3 8282 8279 8292
3 8291 8293 8295
3 8295 8298 8291
3 8142 8143 8282
3 8147 8142 8282
3 8147 8282 8299
3 8282 8292 8297
3 8286 8288 8289
3 8275 8274 8276
3 8300 8275 8276
3 8128 8300 8276
3 8275 8300 8288
3 8300 8294 8288
3 8300 8301 8294
3 8294 8289 8288
3 8298 8295 8296
3 8296 8302 8298
3 8301 8296 8294
3 8301 8300 8304
3 8304 8300 8128
3 8128 8166 8304
3 8305 8304 8166
3 8305 8166 8165
3 8306 8301 8304
3 8306 8304 8305
3 8302 8296 8301
3 8302 8301 8306
3 8147 8299 8148
3 8307 8299 8282
3 8299 8307 8308
3 8307 8282 8297
3 8307 8297 8303
3 8306 8309 8302
3 8308 8303 8310
3 8165 8164 8305
3 8185 8305 8164
3 8309 8306 8305
3 8185 8309 8305
3 8311 8310 8184
3 8184 8183 8189
3 8189 8188 8299
3 8310 8311 8308
3 8308 8311 8189
3 8299 8308 8189
3 8311 8184 8189
3 8307 8303 8308
3 8188 8148 8299
3 8189 8187 8188
3 7870 7796 7795
3 7796 7870 7840
3 7875 7840 7870
3 7840 7875 7842
3 7842 7845 7841
3 7845 7842 8312
3 7846 7845 8312
3 8313 8312 7842
3 8314 8313 7842
3 7875 7934 7936
3 7936 7842 7875
3 7936 8314 7842
3 7936 7937 8314
3 7942 7850 7852
3 7853 7852 7849
3 7852 7853 8315
3 7851 7850 7942
3 8316 7846 8312
3 8316 7853 7846
3 8317 8312 8313
3 8317 8316 8312
3 8314 8317 8313
3 8316 8315 7853
3 8315 8316 8318
3 7942 7852 8319
3 8318 7852 8315
3 8320 8319 8318
3 8318 8319 7852
3 8316 8317 8318
3 8317 8314 8321
3 8321 8318 8317
3 7945 7942 8319
3 8322 8319 8320
3 8319 7947 7945
3 8322 7947 8319
3 8321 8320 8318
3 8314 7937 8321
3 7978 8321 7937
3 8321 8323 8320
3 8320 8323 8322
3 8323 8321 7978
3 7974 7947 8322
3 7974 8322 8323
3 7973 7978 7937
3 7977 8323 7978
3 7977 7974 8323
3 7087 4154 6266
3 6266 6267 7087
3 7087 6267 8324
3 8324 6267 6268
3 6269 8325 6268
3 8325 6269 6270
3 8324 6268 8326
3 8324 7091 7087
3 6268 8325 8326
3 6270 8327 8325
3 7091 8324 8326
3 6270 6094 7993
3 8328 7091 8326
3 8329 8326 8325
3 8329 8325 8327
3 8328 8326 8329
3 8328 7096 7091
3 8330 8328 8329
3 8331 8329 8327
3 8332 8331 8327
3 8330 8329 8331
3 8327 6270 7993
3 7993 8332 8327
3 7993 7994 8333
3 8332 7993 8333
3 8332 8333 8334
3 7994 7993 6095
3 8333 7994 8335
3 7994 7996 8335
3 7107 7096 8328
3 8330 7107 8328
3 8331 8336 8330
3 8337 8330 8336
3 8337 8336 8338
3 8332 8336 8331
3 8336 8332 8334
3 8339 8336 8334
3 8339 8338 8336
3 8339 8340 8338
3 8341 7107 8330
3 7107 8341 7117
3 7117 8341 7127
3 8337 8341 8330
3 8337 7127 8341
3 7126 7127 8337
3 7121 7117 7127
3 8338 7126 8337
3 8342 7126 8338
3 8334 8333 8335
3 8343 8334 8335
3 8339 8334 8343
3 7996 8343 8335
3 8343 7996 7997
3 8339 8343 8344
3 8345 8339 8344
3 8344 8343 7997
3 8079 7083 7131
3 8079 7131 7137
3 7150 7137 7136
3 8346 7137 7150
3 8346 8347 7137
3 7150 7146 8349
3 8350 8338 8340
3 7150 8349 8346
3 8349 8351 8346
3 8351 8353 8346
3 8353 8351 8354
3 8356 8357 8352
3 8357 8355 8352
3 7084 7083 8079
3 7137 8347 8079
3 8347 8083 8079
3 8347 8086 8083
3 8353 8347 8346
3 8353 8358 8347
3 7146 7150 7138
3 8359 7128 7126
3 7149 7128 8359
3 8342 8359 7126
3 7147 7145 7149
3 7149 8360 7147
3 8359 8360 7149
3 8360 8361 7147
3 8360 8362 8361
3 8360 8359 8342
3 8362 8360 8342
3 8362 8363 8361
3 8348 7147 8361
3 7128 7149 7148
3 8342 8338 8350
3 8350 8362 8342
3 8363 8348 8361
3 8363 8362 8350
3 8356 8352 8348
3 8356 8348 8363
3 8356 8363 8350
3 8356 8350 8340
3 8340 8364 8356
3 8357 8356 8364
3 8345 8340 8339
3 8364 8340 8345
3 8364 8345 8365
3 8357 8366 8355
3 8364 8366 8357
3 8366 8367 8369
3 8366 8364 8365
3 8367 8366 8365
3 8370 8365 8345
3 8367 8365 8370
3 8371 8344 7997
3 8372 8371 8373
3 8345 8344 8371
3 8345 8371 8370
3 8358 8087 8086
3 8347 8358 8086
3 8358 8374 8087
3 8374 8368 8376
3 8087 8081 8086
3 8358 8353 8354
3 8358 8354 8368
3 8355 8366 8369
3 8370 8377 8367
3 8369 8367 8377
3 8374 8358 8368
3 8375 8378 8379
3 8381 8375 8379
3 8374 8088 8087
3 8374 8382 8088
3 8376 8382 8374
3 8382 8090 8088
3 8090 8382 8129
3 8380 8382 8376
3 8375 8369 8377
3 8375 8377 8378
3 8378 8377 8370
3 8370 8371 8372
3 8378 8370 8372
3 8372 8379 8378
3 8371 7997 8017
3 8371 8017 8373
3 8383 8372 8373
3 8373 8017 8018
3 8373 8018 8384
3 8383 8373 8384
3 8021 8384 8018
3 8372 8383 8379
3 8385 8379 8383
3 8383 8386 8385
3 8386 8383 8387
3 8383 8384 8387
3 8380 8388 8382
3 8388 8129 8382
3 8381 8379 8385
3 8389 8381 8385
3 8386 8390 8134
3 8390 8131 8134
3 8133 8132 8129
3 8129 8388 8133
3 8385 8134 8389
3 8134 8385 8386
3 8384 8021 8391
3 8387 8384 8391
3 8144 8391 8021
3 8387 8136 8390
3 8136 8131 8390
3 8387 8390 8386
3 8136 8387 8391
3 8391 8137 8136
3 8138 8131 8136
3 8137 8391 8144
3 8177 8155 8137
3 8177 8137 8144
3 8144 8178 8177
3 8178 8144 8146
3 7655 6876 7657
3 7661 7657 6887
3 7655 7657 7663
3 7655 7663 7656
3 7656 7675 7654
3 7656 8392 7675
3 7665 8392 7656
3 7675 8392 7676
3 8392 7665 7682
3 7676 8392 7679
3 8392 7682 7679
3 7682 7665 7666
