ply
format ascii 1.0
comment made by meshes/oim_asset_to_ply.py from banana_centered.obj; mm; origin 18.4 mm above the underside, plan bbox centred
comment TextureFile banana.png
element vertex 8368
property float x
property float y
property float z
property float nx
property float ny
property float nz
property float texture_u
property float texture_v
element face 16384
property list uchar int vertex_indices
end_header
-31.0050 -85.7870 -12.5020 -0.25493 -0.52504 -0.81200 0.232313 0.055387
-31.5360 -86.5230 -11.7200 -0.28184 -0.64001 -0.71481 0.233225 0.050990
-32.2760 -85.8410 -12.0520 -0.38810 -0.52973 -0.75416 0.237141 0.052972
-50.4490 -5.6920 -7.3540 -0.87536 0.14422 -0.46146 0.371233 0.359889
-49.9360 -4.0010 -7.7630 -0.86832 0.15409 -0.47146 0.369501 0.366934
-49.7260 -5.9090 -8.7780 -0.86472 0.14679 -0.48032 0.364470 0.359968
-31.6510 -87.2330 -10.9940 -0.23587 -0.77350 -0.58827 0.232370 0.047193
-30.4140 -86.7850 -11.9430 -0.12331 -0.71587 -0.68726 0.228591 0.051995
-46.5230 -7.3990 -13.8290 -0.75789 0.13909 -0.63738 0.338740 0.357928
-46.0550 -5.6800 -14.0420 -0.74021 0.14151 -0.65731 0.337748 0.365032
-45.4600 -6.5340 -14.8150 -0.70999 0.14001 -0.69016 0.333199 0.362366
-30.3620 -86.2050 -12.4310 -0.10010 -0.54337 -0.83350 0.229290 0.054699
-47.2470 -60.3170 5.7500 -0.81985 -0.30867 0.48226 0.393534 0.121387
-47.0140 -61.6100 5.2850 -0.82281 -0.31276 0.47451 0.389194 0.115900
-46.5180 -61.5690 6.1380 -0.77596 -0.32578 0.54014 0.012116 0.127076
-46.5180 -61.5690 6.1380 -0.81093 -0.31635 0.49226 0.393382 0.114578
-46.7600 -59.8810 6.7990 -0.74424 -0.30602 0.59369 0.009696 0.135264
-46.7600 -59.8810 6.7990 -0.79813 -0.30045 0.52223 0.399334 0.121648
-29.5060 -86.3240 -12.2950 0.15823 -0.58830 -0.79301 0.225796 0.054935
-29.6760 -86.7860 -11.9070 0.14967 -0.74449 -0.65064 0.225715 0.052665
-30.0160 -87.0450 -11.6050 0.05791 -0.85575 -0.51414 0.226502 0.050889
-34.3220 -88.2720 -7.2310 -0.46264 -0.82513 -0.32424 0.239946 0.030392
-34.2480 -87.8440 -8.1860 -0.49803 -0.75196 -0.43187 0.241215 0.034725
-33.7910 -88.3670 -7.5670 -0.28550 -0.89660 -0.33851 0.237590 0.031928
-33.6860 -88.0900 -8.2880 -0.33704 -0.83921 -0.42676 0.238212 0.035058
-33.1240 -88.2570 -8.2470 -0.18398 -0.90937 -0.37310 0.235325 0.035110
-47.4120 -58.5070 6.5870 -0.80757 -0.28786 0.51474 0.400416 0.128750
-48.2590 -59.7900 4.2900 -0.86092 -0.30062 0.41041 0.387494 0.126364
-32.9430 -88.6980 -6.9810 -0.07160 -0.97054 -0.23008 0.232375 0.030082
-32.3240 -88.4760 -7.9560 -0.03406 -0.95304 -0.30092 0.231054 0.034542
-45.8320 -61.3930 7.1940 -0.71571 -0.31080 0.62543 0.016272 0.130743
-30.8730 -88.6060 -7.2180 0.03841 -0.97470 -0.22017 0.223075 0.033609
-34.6170 -84.2270 -11.4890 -0.56127 -0.43556 -0.70375 0.249281 0.054532
-33.1400 -85.1870 -11.8290 -0.49864 -0.47220 -0.72690 0.241698 0.053576
-34.2250 -85.5570 -10.7790 -0.56294 -0.50946 -0.65081 0.245778 0.048813
-46.1480 -60.1590 7.4040 -0.70443 -0.29578 0.64521 0.013488 0.135912
-45.7210 -4.2250 -14.0580 -0.73728 0.15272 -0.65810 0.337624 0.370959
-47.0730 -3.6240 -12.2740 -0.78774 0.16019 -0.59481 0.347330 0.371772
-44.6210 -4.4510 -15.2370 -0.68780 0.14522 -0.71122 0.330745 0.371256
-38.7430 -40.3350 -18.1730 -0.00050 -0.00704 -0.99998 0.284480 0.233598
-39.6050 -36.4290 -18.2130 -0.00277 -0.00775 -0.99997 0.289008 0.248821
-37.2560 -38.6350 -18.1260 0.04882 0.00289 -0.99880 0.278726 0.241300
-46.5680 -58.5120 7.7160 -0.74685 -0.29132 0.59778 0.406273 0.126713
-46.5680 -58.5120 7.7160 -0.67817 -0.29492 0.67313 0.009948 0.142909
-44.9790 -2.4360 -14.5270 -0.70345 0.17360 -0.68922 0.335181 0.378619
-44.7570 -3.1210 -14.8430 -0.68257 0.13155 -0.71888 0.333148 0.376228
-45.9160 -59.0420 8.1220 -0.62846 -0.28804 0.72255 0.013828 0.142092
-45.3110 -60.8240 7.9430 -0.62604 -0.28639 0.72530 0.018495 0.135009
-43.9680 -3.7320 -15.6980 -0.64498 0.14916 -0.74950 0.327892 0.374709
-35.0390 -87.0510 -8.4290 -0.60939 -0.64817 -0.45663 0.246740 0.036806
-34.3480 -86.6740 -9.7170 -0.56980 -0.60619 -0.55485 0.244420 0.042377
-41.7630 -74.9640 2.5700 -0.76620 -0.44263 0.46585 0.049190 0.071248
-42.5560 -73.5280 2.6560 -0.78478 -0.46429 0.41054 0.043348 0.075919
-42.1520 -74.9940 1.7190 -0.83003 -0.43445 0.34971 0.046486 0.068304
-40.7050 -75.1520 3.8110 -0.63322 -0.45422 0.62667 0.055136 0.074860
-41.0790 -76.0910 2.6170 -0.71493 -0.43088 0.55065 0.054225 0.068087
-39.8890 -76.5220 3.6280 -0.61038 -0.41126 0.67698 0.060731 0.070350
-40.1100 -77.0680 3.0690 -0.68318 -0.40353 0.60863 0.060439 0.066823
-35.6650 -84.5870 -10.1490 -0.63398 -0.48792 -0.60001 0.254096 0.049073
-41.9120 -73.9320 3.2950 -0.72953 -0.45152 0.51372 0.047505 0.076765
-33.8310 -86.4450 -10.4160 -0.51564 -0.58569 -0.62537 0.242537 0.045538
-36.0990 -40.6520 -18.0780 0.07441 0.01059 -0.99717 0.273484 0.233799
-47.3250 -6.5310 -12.6380 -0.79221 0.13869 -0.59428 0.345176 0.360384
-48.1270 -4.5810 -11.0290 -0.82151 0.15245 -0.54944 0.353615 0.366922
-41.4980 -73.7330 4.0140 -0.67314 -0.43902 0.59510 0.049608 0.079732
-40.6990 -73.9780 4.6020 -0.57488 -0.43566 0.69261 0.053744 0.081023
-35.8640 -37.6240 -18.0250 0.09805 0.01227 -0.99511 0.273180 0.246181
-35.8110 -85.9580 -8.7010 -0.65258 -0.55825 -0.51234 0.252875 0.040312
-36.9180 -84.2360 -9.0630 -0.66156 -0.50256 -0.55658 0.261200 0.046822
-38.0140 -35.9180 -18.1610 0.05661 0.00230 -0.99839 0.282551 0.251821
-32.6070 -87.2350 -10.4620 -0.36148 -0.74620 -0.55903 0.236056 0.044736
-33.6270 -87.3270 -9.5650 -0.44410 -0.72766 -0.52276 0.239931 0.040927
-32.0560 -87.7640 -9.8440 -0.15780 -0.90135 -0.40332 0.232581 0.042217
-32.1760 -86.9120 -11.0760 -0.35893 -0.66727 -0.65263 0.234997 0.047685
-33.1540 -87.7320 -9.2680 -0.31001 -0.82684 -0.46928 0.237024 0.039473
-43.4060 -73.1070 1.1290 -0.84970 -0.46140 0.25519 0.341495 0.068666
-43.4060 -73.1070 1.1290 -0.82647 -0.46937 0.31087 0.036679 0.072171
-43.0880 -72.7970 2.5090 -0.79627 -0.46725 0.38423 0.039654 0.077737
-44.3120 -71.3220 1.4300 -0.83074 -0.45942 0.31434 0.030130 0.078931
-44.3120 -71.3220 1.4300 -0.84107 -0.45870 0.28671 0.348064 0.076417
-31.3790 -87.5830 -10.5030 -0.11317 -0.89273 -0.43615 0.230461 0.045295
-30.6240 -87.7110 -10.2590 0.02571 -0.93399 -0.35638 0.226927 0.045063
-31.1880 -88.1200 -8.7730 0.02354 -0.95270 -0.30301 0.227142 0.039001
-44.2520 -70.8580 2.2370 -0.80213 -0.43944 0.40433 0.030805 0.083093
-44.2520 -70.8580 2.2370 -0.84084 -0.43559 0.32133 0.352525 0.076651
-46.6430 -2.1710 -12.4160 -0.77935 0.16534 -0.60438 0.346593 0.377792
-45.2720 -70.6640 -0.3570 -0.82936 -0.48021 0.28558 0.343244 0.084060
-45.2390 -69.6860 1.2430 -0.84372 -0.43565 0.31360 0.351913 0.084666
-45.9050 -69.8310 -0.7630 -0.86841 -0.44653 0.21559 0.344061 0.089073
-32.7730 -86.1240 -11.4640 -0.47537 -0.56799 -0.67187 0.238712 0.050228
-44.4570 -1.9710 -14.8830 -0.68014 0.17464 -0.71197 0.332892 0.380967
-28.9600 -87.6950 -9.7890 0.17907 -0.91118 -0.37106 0.219269 0.045769
-43.5380 -70.8880 3.4760 -0.76005 -0.43615 0.48176 0.035504 0.086955
-45.7700 -1.1990 -13.2390 -0.75255 0.16836 -0.63665 0.342188 0.382477
-34.3350 -39.0040 -17.8510 0.14149 0.01431 -0.98984 0.266474 0.241449
-43.4850 -2.4090 -15.8440 -0.62222 0.14994 -0.76835 0.326877 0.380309
-43.6810 -0.8530 -15.3530 -0.65394 0.15935 -0.73958 0.329951 0.386090
-44.9270 -69.0270 2.8970 -0.84376 -0.41677 0.33819 0.359882 0.083431
-44.9270 -69.0270 2.8970 -0.78251 -0.42188 0.45791 0.025639 0.091508
-44.2250 0.4490 -14.5130 -0.70589 0.16357 -0.68918 0.334963 0.390486
-34.2070 -42.9320 -17.9170 0.12912 0.01612 -0.99150 0.265187 0.225584
-32.0700 -40.6390 -17.4920 0.20319 0.03119 -0.97864 0.256630 0.236026
-32.7820 -38.6750 -17.5910 0.19520 0.01968 -0.98057 0.260023 0.243637
-44.1690 -68.5570 4.6030 -0.75979 -0.41901 0.49714 0.030480 0.098222
-42.7510 -72.7310 3.1170 -0.74822 -0.43247 0.50312 0.041683 0.079919
-37.0000 -80.1740 -11.7710 -0.57728 -0.40847 -0.70703 0.264551 0.068276
-35.7350 -79.4050 -13.1810 -0.50139 -0.37512 -0.77967 0.258779 0.074572
-36.3420 -80.7680 -11.9460 -0.57066 -0.40499 -0.71438 0.260984 0.066716
-37.0480 -81.1280 -11.1170 -0.61013 -0.42675 -0.66755 0.264332 0.063259
-36.4740 -82.1800 -11.0130 -0.61447 -0.41762 -0.66934 0.260597 0.059393
-37.5980 -78.3680 -12.2330 -0.65417 -0.25945 -0.71046 0.268505 0.075802
-37.6660 -80.1480 -11.2330 -0.63401 -0.39974 -0.66200 0.267945 0.067052
-33.9050 -36.2600 -17.7460 0.16547 0.01540 -0.98609 0.265324 0.252841
-35.0440 -79.9690 -13.2840 -0.46107 -0.37704 -0.80328 0.255330 0.073088
-34.8930 -79.1400 -13.7340 -0.39688 -0.32697 -0.85766 0.255215 0.077048
-35.6550 -78.3220 -13.6440 -0.47998 -0.27811 -0.83203 0.259170 0.079475
-46.8190 -0.6900 -11.7780 -0.79679 0.16425 -0.58151 0.350035 0.383224
-46.0770 0.6150 -12.3960 -0.77204 0.17170 -0.61195 0.346873 0.389036
-42.4260 -71.1840 4.7500 -0.67818 -0.43534 0.59208 0.042112 0.090067
-34.5580 -77.7300 -14.3470 -0.33334 -0.25006 -0.90904 0.254789 0.083498
-41.3740 -72.2580 5.0850 -0.58659 -0.42073 0.69203 0.048503 0.087846
-44.8460 2.0880 -13.4570 -0.74195 0.17168 -0.64810 0.341102 0.396046
-35.3680 -76.9690 -14.1860 -0.41782 -0.23442 -0.87776 0.258908 0.085618
-39.5150 -74.4500 5.2140 -0.49102 -0.43004 0.75761 0.059698 0.081860
-37.7800 -77.2770 -12.3080 -0.64390 -0.27855 -0.71260 0.270603 0.080063
-36.9520 -77.4570 -12.9480 -0.60353 -0.26548 -0.75184 0.266185 0.080864
-40.3270 -72.6270 5.6410 -0.49353 -0.40495 0.76970 0.053706 0.088703
-36.7830 -78.6560 -12.7500 -0.57564 -0.30609 -0.75825 0.264288 0.076031
-49.0630 -4.6060 -9.5230 -0.85131 0.15666 -0.50073 0.361015 0.365713
-48.3130 -3.5080 -10.4200 -0.83434 0.15714 -0.52838 0.356725 0.370779
-43.2680 -70.0320 4.6720 -0.70331 -0.45093 0.54957 0.036738 0.093523
-49.0480 -2.8720 -8.9880 -0.85462 0.16124 -0.49359 0.363764 0.372305
-37.3660 -76.2420 -13.1970 -0.60071 -0.26744 -0.75341 0.268712 0.085773
-36.1770 -77.2420 -13.6370 -0.52969 -0.27056 -0.80388 0.262442 0.083246
-43.4420 -68.4470 5.6720 -0.66729 -0.42718 0.61012 0.034665 0.101812
-38.4390 -76.0970 -12.3160 -0.64516 -0.26658 -0.71603 0.274441 0.084433
-37.0820 -75.4290 -13.6230 -0.58193 -0.21884 -0.78324 0.267870 0.089734
-36.3430 -76.2030 -13.8990 -0.48928 -0.24918 -0.83577 0.263819 0.087555
-40.9190 -71.1270 6.0700 -0.48848 -0.41909 0.76534 0.049257 0.094697
-47.9840 -2.1890 -10.5590 -0.82676 0.16497 -0.53783 0.356176 0.376177
-42.2140 -70.2940 5.5680 -0.59867 -0.43865 0.67021 0.042333 0.095528
-32.6360 -82.3620 -13.4130 -0.31834 -0.32021 -0.89226 0.242909 0.066656
-31.9380 -82.8260 -13.4690 -0.22064 -0.30381 -0.92683 0.239550 0.065816
-32.4570 -84.0770 -12.8500 -0.36838 -0.36407 -0.85542 0.240215 0.059979
-31.8790 -81.7740 -13.8020 -0.14382 -0.26910 -0.95231 0.240374 0.070048
-42.3080 -68.9010 6.3950 -0.55974 -0.42562 0.71101 0.040602 0.102645
-41.4400 -69.6640 6.5670 -0.48334 -0.42747 0.76397 0.045321 0.100847
-31.0590 -85.1800 -12.8260 -0.18642 -0.40071 -0.89704 0.233331 0.057800
-32.3000 -84.9560 -12.4950 -0.38378 -0.42040 -0.82218 0.238491 0.056599
-44.3730 -46.3000 -16.0350 -0.63100 -0.11727 -0.76687 0.308473 0.205725
-44.8220 -45.4850 -15.7840 -0.65483 -0.11157 -0.74750 0.310893 0.208650
-43.5930 -45.5420 -16.7490 -0.56585 -0.09883 -0.81857 0.304454 0.209528
-39.6470 -71.4020 6.6010 -0.39523 -0.39333 0.83011 0.055052 0.095971
-31.4910 -84.1480 -13.1270 -0.19315 -0.33348 -0.92276 0.236274 0.061232
-30.4050 -84.9220 -12.9820 -0.00873 -0.33966 -0.94051 0.231106 0.059569
-45.1190 -47.3170 -15.1920 -0.68725 -0.11426 -0.71738 0.312603 0.200783
-31.1280 -82.9660 -13.5510 -0.06907 -0.27245 -0.95969 0.236155 0.066249
-30.5250 -83.5410 -13.4090 -0.00430 -0.27965 -0.96009 0.233133 0.064674
-40.3210 -69.8230 7.0730 -0.38568 -0.40364 0.82965 0.050312 0.102297
-29.3480 -84.1100 -13.1700 0.12917 -0.28716 -0.94913 0.227808 0.063553
-29.4940 -85.7090 -12.6180 0.11954 -0.40421 -0.90682 0.226550 0.057391
-28.3650 -85.5890 -12.4340 0.25086 -0.45245 -0.85578 0.222097 0.058512
-28.3140 -84.7190 -12.7700 0.22549 -0.32557 -0.91824 0.222895 0.061909
-44.2260 -48.4130 -15.8410 -0.65057 -0.10066 -0.75275 0.307595 0.197178
-40.9200 -68.4820 7.4290 -0.39267 -0.37090 0.84157 0.046232 0.107618
-43.2260 -46.8900 -16.8240 -0.56440 -0.09460 -0.82007 0.302529 0.204336
-38.4520 -77.1230 4.4100 -0.49817 -0.37590 0.78136 0.068089 0.071551
-39.3600 -77.8100 3.3730 -0.61162 -0.38918 0.68882 0.065123 0.065805
-46.7730 -47.8540 -13.3820 -0.74602 -0.10962 -0.65684 0.322395 0.196728
-45.8840 -48.5780 -14.2880 -0.71479 -0.08671 -0.69394 0.316811 0.194793
-38.7790 -78.5850 3.4370 -0.58423 -0.39676 0.70800 0.068955 0.063897
-29.9840 -82.4590 -13.6640 0.07378 -0.22893 -0.97064 0.232050 0.069259
-46.5920 -45.1780 -14.1070 -0.72571 -0.12213 -0.67708 0.321047 0.208085
-48.7990 -0.7540 -8.6990 -0.85255 0.16046 -0.49740 0.365359 0.380615
-48.0870 0.2840 -9.5710 -0.83674 0.16324 -0.52270 0.361232 0.385407
-36.6840 -78.9890 4.5550 -0.39007 -0.38746 0.83530 0.078550 0.067219
-36.8910 -77.3250 5.1560 -0.39712 -0.34105 0.85204 0.074982 0.074093
-27.8080 -83.1690 -13.1150 0.24369 -0.24404 -0.93865 0.222391 0.068056
-29.0370 -82.0390 -13.6400 0.16167 -0.21246 -0.96370 0.228568 0.071573
-38.9730 -75.7420 4.7890 -0.47738 -0.42599 0.76853 0.063779 0.076780
-38.1580 -76.2250 4.9670 -0.40880 -0.35650 0.84011 0.067935 0.076274
-33.0250 -80.9480 -13.8080 -0.27275 -0.30836 -0.91133 0.245807 0.071993
-32.3840 -79.7810 -14.2520 -0.10135 -0.24093 -0.96524 0.244194 0.077443
-31.1020 -81.4350 -13.9350 -0.00501 -0.22077 -0.97531 0.237544 0.072169
-47.8090 -46.5590 -12.4630 -0.76446 -0.12273 -0.63288 0.328720 0.200956
-30.9710 -79.9750 -14.2270 0.03223 -0.19512 -0.98025 0.238280 0.077960
-32.5240 -78.5900 -14.5320 -0.06745 -0.22608 -0.97177 0.245733 0.082085
-31.2230 -78.1720 -14.5880 0.05129 -0.18607 -0.98120 0.240730 0.084819
-29.7830 -78.7450 -14.3750 0.11963 -0.16766 -0.97856 0.234377 0.083659
-47.0330 1.1100 -10.9590 -0.81156 0.16939 -0.55918 0.354405 0.389796
-36.8400 -75.7410 5.7750 -0.34567 -0.36551 0.86424 0.072681 0.081095
-46.1060 -44.2510 -14.7680 -0.70102 -0.11124 -0.70441 0.318136 0.212433
-30.1460 -80.5340 -14.0680 0.08459 -0.19303 -0.97754 0.234442 0.076462
-38.7010 -74.3180 5.7240 -0.39051 -0.41458 0.82197 0.062983 0.084243
-27.6420 -81.6550 -13.4110 0.26553 -0.19850 -0.94345 0.223061 0.073862
-36.7720 -74.8000 6.2440 -0.29547 -0.41507 0.86047 0.071602 0.085531
-46.0770 3.4320 -11.5420 -0.78920 0.18437 -0.58580 0.351499 0.399709
-35.7650 -78.2030 5.2890 -0.33533 -0.35842 0.87126 0.081023 0.072450
-28.7280 -79.9490 -14.0100 0.18004 -0.18049 -0.96696 0.229070 0.079731
-46.5070 -41.3750 -14.7840 -0.71174 -0.09098 -0.69652 0.320506 0.223816
-45.7710 -42.1300 -15.3640 -0.66759 -0.09932 -0.73788 0.316350 0.221438
-30.0910 -77.2770 -14.6500 0.13006 -0.15458 -0.97938 0.236712 0.089161
-34.0640 -78.4350 5.7730 -0.23672 -0.35801 0.90321 0.088245 0.074380
-34.4450 -76.6340 6.3120 -0.25156 -0.32545 0.91148 0.083826 0.081445
-45.5230 -40.6380 -15.8150 -0.65314 -0.08511 -0.75244 0.314954 0.227783
-44.3270 -41.8430 -16.6380 -0.59378 -0.08452 -0.80018 0.308541 0.223944
-28.2110 -78.7050 -14.1090 0.22742 -0.14504 -0.96293 0.227853 0.084814
-48.6940 1.1720 -8.3010 -0.85163 0.16845 -0.49633 0.367584 0.388027
-27.5060 -79.5090 -13.7860 0.28424 -0.16294 -0.94481 0.224244 0.082110
-26.4820 -80.1550 -13.3210 0.36632 -0.16868 -0.91507 0.219287 0.080103
-35.5030 -76.6280 5.9740 -0.31621 -0.32118 0.89267 0.079549 0.079696
-34.8880 -82.0280 -12.4460 -0.51552 -0.40164 -0.75691 0.252927 0.064096
-34.2580 -83.1850 -12.1680 -0.47323 -0.37749 -0.79596 0.249069 0.059949
-34.9700 -83.1390 -11.7630 -0.55719 -0.39632 -0.72970 0.252264 0.058637
-33.5600 -84.2550 -12.1580 -0.47782 -0.40278 -0.78067 0.244673 0.056931
-47.5060 2.8750 -9.6720 -0.82811 0.18380 -0.52958 0.361028 0.395894
-43.9140 -43.6200 -16.7360 -0.57247 -0.09196 -0.81475 0.306275 0.217074
-33.1290 -82.3980 -13.1780 -0.40725 -0.35755 -0.84042 0.244967 0.065660
-42.9090 -43.9490 -17.3310 -0.46399 -0.07263 -0.88286 0.301357 0.216530
-33.2460 -76.7690 6.5080 -0.18662 -0.33951 0.92190 0.088807 0.082619
-35.3610 -75.0100 6.5640 -0.28395 -0.36280 0.88755 0.077599 0.086859
-33.6270 -75.3340 6.9950 -0.22581 -0.36072 0.90492 0.085086 0.088306
-40.8120 -1.9670 -17.2560 -0.28354 0.08376 -0.95530 0.314544 0.384790
-40.5830 0.6500 -17.1060 -0.35797 0.09930 -0.92844 0.316271 0.395206
-40.1050 -0.8010 -17.3540 -0.21547 0.05662 -0.97487 0.312700 0.390069
-34.3760 -81.5420 -13.0040 -0.43311 -0.38152 -0.81661 0.251025 0.067347
-44.9530 -43.2060 -15.9750 -0.64566 -0.09287 -0.75796 0.311728 0.217842
-39.2910 -72.7060 6.1910 -0.41074 -0.38161 0.82805 0.058287 0.090594
-43.4300 -41.2810 -17.2800 -0.47628 -0.07376 -0.87620 0.304197 0.226934
-37.8120 -73.7940 6.3390 -0.33661 -0.39288 0.85577 0.065929 0.088341
-38.8320 -0.1720 -17.5400 -0.11194 0.03106 -0.99323 0.307964 0.393865
-39.4010 -2.1280 -17.5340 -0.13008 0.03632 -0.99084 0.308412 0.385617
-38.6040 -1.7780 -17.6010 -0.06482 0.01847 -0.99773 0.305430 0.387812
-36.5470 -74.0630 6.6790 -0.27195 -0.39250 0.87863 0.071480 0.089328
-35.9660 -83.2920 -10.7410 -0.62451 -0.43269 -0.65020 0.257058 0.055010
-39.5690 1.0570 -17.3710 -0.22019 0.05588 -0.97386 0.312312 0.397877
-37.1000 -72.8500 7.0060 -0.28887 -0.35880 0.88759 0.067545 0.093883
-35.4520 -73.4700 7.2130 -0.25656 -0.35642 0.89841 0.075053 0.093665
-37.2490 -82.4860 -10.0610 -0.64388 -0.44171 -0.62475 0.264498 0.055673
-38.3900 1.7120 -17.5400 -0.09712 0.03094 -0.99479 0.308030 0.401704
-37.0750 -0.1020 -17.6380 -0.00674 0.01182 -0.99991 0.300725 0.396011
-34.0560 -74.2890 7.3460 -0.23005 -0.35853 0.90473 0.081861 0.092326
-34.3810 -73.4230 7.5560 -0.22987 -0.29507 0.92741 0.079310 0.095584
-38.6460 2.4830 -17.4740 -0.15712 0.06142 -0.98567 0.309913 0.404433
-32.3790 -76.2230 6.8910 -0.16934 -0.35878 0.91793 0.091401 0.086212
-32.7060 -75.0350 7.3370 -0.18904 -0.35322 0.91624 0.088311 0.090984
-32.6820 -73.7870 7.7710 -0.17617 -0.29261 0.93986 0.086574 0.096382
-34.1230 -79.9040 -13.7680 -0.36704 -0.33004 -0.86969 0.251324 0.074843
-41.8380 -1.2960 -16.7660 -0.45501 0.11710 -0.88276 0.319870 0.386332
-41.4030 1.8630 -16.5410 -0.48904 0.12783 -0.86284 0.321469 0.399024
-48.4860 -45.4920 -11.8040 -0.79167 -0.11706 -0.59963 0.333139 0.204568
-33.8050 -79.0010 -14.2020 -0.25852 -0.28290 -0.92365 0.250680 0.079080
-33.6830 -72.7890 7.8760 -0.17197 -0.28764 0.94217 0.081184 0.099255
-48.3910 -47.1770 -11.5820 -0.79867 -0.13436 -0.58657 0.332698 0.197623
-42.4060 0.6500 -16.1140 -0.57218 0.14270 -0.80762 0.324945 0.393252
-38.2580 -72.0790 6.9010 -0.33416 -0.36346 0.86962 0.061737 0.095394
-47.5590 -43.7340 -13.2750 -0.75421 -0.11266 -0.64689 0.326936 0.212991
-39.7640 2.5510 -17.2070 -0.31596 0.08607 -0.94486 0.314749 0.403472
-33.4940 -77.4200 -14.7090 -0.15738 -0.21350 -0.96418 0.250583 0.085929
-34.3810 -76.3800 -14.7100 -0.27039 -0.19688 -0.94241 0.255044 0.089245
-38.8600 -70.7820 7.2180 -0.32962 -0.38512 0.86200 0.057561 0.100312
-42.7040 2.0350 -15.6150 -0.62763 0.15076 -0.76377 0.328296 0.398259
-37.1950 -71.7490 7.3930 -0.28341 -0.35117 0.89239 0.065643 0.098646
-36.2170 -72.1510 7.5300 -0.24115 -0.34615 0.90666 0.070154 0.098388
-36.4570 -71.1560 7.8450 -0.23862 -0.35008 0.90582 0.067851 0.102473
-38.2500 -73.1400 -13.7670 -0.55411 -0.31400 -0.77095 0.274303 0.098418
-36.3600 -73.4370 -14.6630 -0.40073 -0.24753 -0.88213 0.265485 0.099345
-37.2300 -74.1160 -13.8660 -0.53976 -0.30139 -0.78602 0.269433 0.095131
-37.6320 -70.2670 7.8640 -0.26898 -0.36869 0.88979 0.061945 0.104709
-40.3630 4.1670 -16.7960 -0.42452 0.10681 -0.89910 0.319258 0.409074
-37.3370 -71.6090 -14.7120 -0.42151 -0.26221 -0.86808 0.270721 0.106102
-49.3810 -46.3000 -10.3280 -0.83016 -0.12651 -0.54299 0.339773 0.199950
-35.4640 -75.0950 -14.6020 -0.37224 -0.21856 -0.90204 0.260593 0.093341
-39.0350 -68.9950 7.9730 -0.31017 -0.37297 0.87446 0.054676 0.108431
-49.5480 -44.8570 -10.4370 -0.83853 -0.11026 -0.53358 0.340606 0.205842
-48.8460 -42.7290 -11.8370 -0.80681 -0.09351 -0.58337 0.335356 0.215629
-34.6020 -74.3060 -15.0840 -0.23973 -0.19124 -0.95182 0.257352 0.097530
-33.3260 -75.4400 -15.0740 -0.10887 -0.17575 -0.97840 0.251313 0.094039
-50.1670 -46.2330 -9.0660 -0.86778 -0.11526 -0.48340 0.345939 0.199072
-34.7720 -72.7350 7.6640 -0.22214 -0.31652 0.92221 0.076762 0.097943
-37.4130 3.4440 -17.5360 -0.07207 0.03665 -0.99673 0.305808 0.409553
-33.7610 -73.3150 -15.4060 -0.12318 -0.15298 -0.98052 0.254440 0.102289
-49.9750 -42.2240 -10.1740 -0.85210 -0.08952 -0.51567 0.343895 0.216172
-35.4880 -72.3680 -15.2230 -0.26506 -0.19739 -0.94381 0.262227 0.104717
-35.0100 -71.6080 8.0140 -0.19424 -0.33295 0.92272 0.074267 0.102551
-32.6700 -73.6830 -15.4130 -0.00831 -0.15734 -0.98751 0.249702 0.101635
-32.7610 -72.7710 -15.5620 -0.01104 -0.12906 -0.99158 0.250603 0.105240
-35.3240 -70.5530 8.3430 -0.18978 -0.34338 0.91982 0.071615 0.106801
-34.1340 -70.7510 8.4820 -0.16683 -0.33805 0.92622 0.076618 0.107514
-36.6390 -74.0620 -14.3140 -0.52280 -0.22272 -0.82285 0.266498 0.096286
-33.3730 -71.6370 8.3000 -0.16132 -0.32307 0.93252 0.080831 0.104646
-38.0400 -74.3290 -13.1680 -0.58346 -0.34516 -0.73515 0.273489 0.092857
-31.8620 -72.4530 8.2650 -0.10526 -0.27717 0.95504 0.087943 0.103112
-45.8180 -68.2420 1.6400 -0.85046 -0.41465 0.32370 0.357359 0.090473
-46.0280 -68.5650 0.6060 -0.85183 -0.41572 0.31870 0.352589 0.091491
-45.5710 -67.3250 3.2610 -0.79532 -0.40820 0.44816 0.020534 0.098642
-45.5710 -67.3250 3.2610 -0.83452 -0.41451 0.36297 0.365859 0.090413
-46.4620 -66.3460 2.3820 -0.85326 -0.39948 0.33522 0.365338 0.097759
-39.0070 4.2510 -17.2810 -0.24049 0.07342 -0.96787 0.313354 0.410913
-46.3810 -65.7320 3.2610 -0.85695 -0.38654 0.34091 0.370435 0.098601
-46.3810 -65.7320 3.2610 -0.80072 -0.40088 0.44513 0.014655 0.104223
-45.1840 -66.5650 4.6640 -0.78085 -0.40315 0.47723 0.023217 0.105298
-39.6300 5.9140 -16.9160 -0.37571 0.09537 -0.92182 0.318011 0.416649
-38.7360 6.8460 -17.1390 -0.28410 0.07824 -0.95560 0.315179 0.421278
-48.0190 -41.4570 -13.1000 -0.76946 -0.08351 -0.63321 0.329781 0.221863
-37.2570 -69.5850 -15.3770 -0.35095 -0.28071 -0.89333 0.271021 0.114921
-36.2990 -70.7870 -15.3590 -0.27889 -0.24957 -0.92733 0.266424 0.110640
-38.1700 5.3770 -17.3640 -0.16218 0.05197 -0.98539 0.311097 0.416236
-38.2130 -67.1820 -15.7280 -0.42078 -0.24913 -0.87229 0.275896 0.124374
-37.3110 -67.3270 -16.0490 -0.28939 -0.24228 -0.92604 0.271910 0.124540
-37.7670 -68.4370 -15.5480 -0.37438 -0.27856 -0.88444 0.273576 0.119412
-36.4550 -67.5530 -16.1910 -0.16103 -0.22845 -0.96015 0.268248 0.124202
-35.2860 -69.5820 -15.8690 -0.11651 -0.22040 -0.96843 0.262650 0.116475
-36.3960 -69.3030 -15.7400 -0.23424 -0.25925 -0.93698 0.267395 0.116864
-44.1760 -66.8190 5.9500 -0.70188 -0.40194 0.58805 0.029550 0.108145
-38.5030 -69.3040 -14.9110 -0.44448 -0.29276 -0.84660 0.276688 0.114933
-36.8070 6.4060 -17.4970 -0.08246 0.03051 -0.99613 0.306568 0.421806
-46.4630 -40.1110 -14.9600 -0.71031 -0.05674 -0.70160 0.320397 0.228994
-47.3810 -39.2160 -14.0730 -0.74237 -0.08565 -0.66450 0.326025 0.231675
-34.9170 -71.7150 -15.4560 -0.15266 -0.17337 -0.97295 0.260146 0.107887
-33.3760 -70.9910 -15.7120 -0.03306 -0.13823 -0.98985 0.254091 0.111950
-43.1110 -67.8350 6.3610 -0.59253 -0.40439 0.69669 0.035777 0.105988
-46.5160 -39.2940 -14.9330 -0.70788 -0.09156 -0.70038 0.320965 0.232208
-43.8260 -65.9680 6.8170 -0.60379 -0.37614 0.70282 0.030647 0.113637
-42.6840 -66.5890 7.3490 -0.48693 -0.36791 0.79217 0.036543 0.113266
-32.2500 -70.7420 -15.7250 0.05629 -0.11351 -0.99194 0.249543 0.113687
-46.9350 -63.9820 3.8270 -0.79732 -0.37374 0.47391 0.010653 0.111800
-46.9350 -63.9820 3.8270 -0.86914 -0.34454 0.35481 0.377633 0.106630
-45.4530 -64.7010 5.7250 -0.76559 -0.37065 0.52582 0.020834 0.114797
-49.3010 -40.9450 -11.4290 -0.81964 -0.08918 -0.56590 0.338686 0.222382
-32.4360 -69.0970 -15.9810 0.07494 -0.15291 -0.98539 0.251081 0.120234
-44.5890 -65.2580 6.4580 -0.68995 -0.36953 0.62242 0.026143 0.115000
-48.4410 -40.0720 -12.7090 -0.78068 -0.08196 -0.61954 0.332755 0.227008
-37.4710 8.3170 -17.3380 -0.17392 0.04991 -0.98349 0.311520 0.428452
-41.9680 -68.3630 6.9310 -0.48460 -0.38852 0.78372 0.041594 0.106142
-41.5280 -66.7490 7.8530 -0.38514 -0.34370 0.85647 0.041659 0.114637
-34.0440 -69.1690 -16.0120 -0.00881 -0.18292 -0.98309 0.257683 0.118974
-35.9320 9.1100 -17.4910 -0.07586 0.02460 -0.99681 0.306066 0.433364
-49.1110 -39.4330 -11.9570 -0.80490 -0.08883 -0.58672 0.337183 0.228873
-39.2010 -67.7930 8.4000 -0.30864 -0.33493 0.89026 0.052561 0.113713
-28.8650 -77.0970 -14.4660 0.19848 -0.12680 -0.97187 0.231715 0.090634
-29.7280 -75.8360 -14.7890 0.18099 -0.12703 -0.97525 0.236143 0.095036
-39.4620 -65.9030 8.9710 -0.29926 -0.31585 0.90038 0.049257 0.121907
-27.5920 -76.7680 -14.2020 0.28395 -0.10457 -0.95312 0.226538 0.092622
-26.8610 -77.8400 -13.8250 0.33784 -0.13015 -0.93216 0.222656 0.088833
-44.9370 -38.7210 -16.4640 -0.60128 -0.07172 -0.79582 0.312121 0.236045
-44.0340 -39.7180 -17.0390 -0.54127 -0.06556 -0.83829 0.307364 0.232774
-45.6510 -39.2000 -15.8280 -0.66370 -0.08886 -0.74271 0.315876 0.233473
-43.9160 2.1350 -14.4510 -0.70205 0.15920 -0.69411 0.335424 0.397281
-28.3190 -75.4080 -14.5270 0.25557 -0.09982 -0.96162 0.230448 0.097519
-37.8650 -68.6580 8.4610 -0.24753 -0.35458 0.90167 0.059020 0.111751
-25.9150 -76.5190 -13.6250 0.37811 -0.10034 -0.92031 0.219343 0.094343
-37.3610 -67.0310 9.2080 -0.22142 -0.32179 0.92056 0.059091 0.119860
-32.3390 -76.6250 -14.9280 -0.00613 -0.17918 -0.98380 0.246433 0.090101
-45.9860 -38.4610 -15.6580 -0.66605 -0.09203 -0.74021 0.317659 0.236193
-36.2120 -69.3710 8.5920 -0.20472 -0.34073 0.91760 0.066537 0.110858
-43.7870 -37.9180 -17.3150 -0.48397 -0.06225 -0.87287 0.306501 0.240204
-32.3140 -75.3260 -15.1510 -0.00003 -0.16499 -0.98630 0.247215 0.095307
-42.8550 3.7360 -15.1150 -0.66880 0.15156 -0.72783 0.331497 0.404607
-45.5900 -37.6990 -16.0240 -0.63940 -0.05005 -0.76725 0.315732 0.239597
-44.5960 -36.5870 -16.9210 -0.56366 -0.05015 -0.82448 0.310644 0.244939
-35.4120 -67.7820 9.2920 -0.18009 -0.31557 0.93166 0.067756 0.118984
-30.9800 -76.3620 -14.9030 0.09692 -0.16068 -0.98224 0.241025 0.092155
-31.3230 -74.5950 -15.2210 0.10055 -0.14317 -0.98458 0.243592 0.098924
-43.9640 3.5780 -14.0400 -0.72242 0.17116 -0.66993 0.337857 0.402728
-42.9150 -39.7370 -17.6390 -0.39915 -0.05379 -0.91531 0.302124 0.233517
-42.0830 -41.8900 -17.8190 -0.31030 -0.05397 -0.94911 0.298039 0.225396
-32.9080 -69.7120 9.0840 -0.14152 -0.34085 0.92940 0.080131 0.113722
-32.0570 -71.1430 8.7080 -0.09804 -0.33268 0.93793 0.085392 0.108568
-34.8070 -69.5050 8.8220 -0.17783 -0.33530 0.92518 0.072323 0.112149
-29.9970 -74.3560 -15.0350 0.18965 -0.12693 -0.97361 0.238171 0.100697
-34.0400 -67.9620 9.5470 -0.18767 -0.30862 0.93249 0.073439 0.120043
-41.9070 -40.1850 -17.9650 -0.24269 -0.03824 -0.96935 0.297631 0.232369
-26.6740 -74.1940 -14.1130 0.34726 -0.08600 -0.93382 0.223981 0.103075
-42.4610 -38.2710 -17.8790 -0.29478 -0.03938 -0.95475 0.300446 0.239703
-31.7490 -72.4730 -15.5430 0.09134 -0.11205 -0.98950 0.246584 0.107092
-41.0620 -38.3400 -18.1360 -0.09877 -0.02280 -0.99485 0.294546 0.240281
-41.6430 3.9670 -16.0830 -0.56431 0.13467 -0.81451 0.325187 0.406871
-42.0020 -36.9830 -18.0450 -0.20725 -0.03000 -0.97783 0.298808 0.245158
-32.8240 -67.8660 9.8020 -0.13552 -0.30699 0.94201 0.078125 0.122018
-31.7040 -69.4840 9.3040 -0.04317 -0.33854 0.93996 0.084600 0.116196
-31.5060 -67.7560 9.9860 -0.04163 -0.30719 0.95074 0.083152 0.124054
-30.0470 -72.5290 -15.2880 0.18838 -0.11576 -0.97525 0.239445 0.107893
-42.4910 5.2540 -15.1630 -0.66435 0.15336 -0.73152 0.331442 0.410827
-41.4730 5.1660 -16.0000 -0.57173 0.13359 -0.80949 0.325857 0.411666
-28.8000 -72.2170 -15.0270 0.26929 -0.10856 -0.95692 0.234318 0.109812
-40.8050 7.0800 -16.1290 -0.55512 0.14260 -0.81946 0.325013 0.419774
-40.6420 5.8030 -16.4350 -0.49283 0.11799 -0.86209 0.322553 0.415064
-32.0400 -66.2000 10.3290 -0.08486 -0.24568 0.96563 0.079203 0.130093
-41.8090 7.1390 -15.3450 -0.65086 0.16975 -0.73998 0.330383 0.418824
-30.7170 -70.2140 -15.6340 0.14278 -0.11423 -0.98314 0.243424 0.116716
-41.1870 -40.6610 -18.0760 -0.11972 -0.03251 -0.99227 0.294510 0.230886
-45.5180 -63.0900 6.6730 -0.72813 -0.33889 0.59580 0.019392 0.123168
-44.3850 -63.7460 7.4630 -0.60251 -0.34443 0.71997 0.025843 0.123212
-29.3090 -70.4060 -15.3510 0.23399 -0.10235 -0.96684 0.237411 0.116725
-43.2590 -36.3400 -17.6820 -0.39754 -0.03955 -0.91673 0.304389 0.246921
-43.2600 -64.1970 8.0520 -0.47083 -0.33695 0.81534 0.031473 0.123562
-43.1480 6.1700 -14.2790 -0.71799 0.18094 -0.67212 0.336722 0.413547
-45.6940 -35.7160 -16.0740 -0.65429 -0.05250 -0.75442 0.316677 0.247472
-44.6940 -35.5650 -16.9010 -0.56449 -0.04144 -0.82440 0.311387 0.248950
-41.8960 -64.6480 8.5190 -0.37573 -0.32487 0.86792 0.037775 0.123838
-25.3460 -74.5320 -13.5340 0.40576 -0.07090 -0.91123 0.217864 0.102327
-25.1250 -72.8680 -13.5800 0.41654 -0.09128 -0.90452 0.217742 0.108950
-43.7690 -33.2970 -17.5290 -0.44128 -0.02480 -0.89703 0.307561 0.258707
-42.5980 -34.7150 -17.9620 -0.26745 -0.01875 -0.96339 0.301940 0.253855
-42.5810 9.0670 -14.0570 -0.72134 0.19662 -0.66409 0.338072 0.425210
-42.4660 -32.7660 -18.0540 -0.23815 -0.01352 -0.97113 0.301946 0.261725
-26.7170 -71.4380 -14.4090 0.35523 -0.11117 -0.92814 0.225650 0.113906
-27.6110 -70.7540 -14.8160 0.31230 -0.10939 -0.94366 0.229939 0.116188
-44.9940 -33.1870 -16.8040 -0.57331 -0.03199 -0.81871 0.313473 0.258217
-40.5300 -64.7940 9.0050 -0.32003 -0.32201 0.89101 0.043627 0.125366
-25.2730 -70.9830 -13.8540 0.40373 -0.12267 -0.90662 0.219431 0.116328
-38.2380 -65.7260 -16.1000 -0.38326 -0.21171 -0.89905 0.276407 0.130513
-37.1070 -65.8540 -16.4400 -0.21382 -0.18476 -0.95924 0.271537 0.130843
-44.9260 -61.9950 7.8070 -0.61012 -0.30954 0.72934 0.021537 0.130380
-39.7980 7.1960 -16.7060 -0.42827 0.10766 -0.89722 0.320300 0.421400
-43.8460 -62.4160 8.4160 -0.48677 -0.30349 0.81911 0.027025 0.130815
-36.2390 -66.4700 -16.4570 -0.10815 -0.18469 -0.97683 0.267743 0.128846
-34.9140 -67.5960 -16.3220 -0.03063 -0.19533 -0.98026 0.261896 0.124965
-41.4170 -35.3270 -18.1610 -0.10185 -0.01103 -0.99474 0.296807 0.252149
-35.9550 -64.8250 -16.7390 -0.05014 -0.14508 -0.98815 0.267172 0.135755
-36.7720 -63.6120 -16.8610 -0.10937 -0.14304 -0.98366 0.270921 0.140279
-34.9600 -66.4940 -16.5270 -0.00729 -0.15928 -0.98721 0.262506 0.129476
-42.6140 -62.9660 8.7950 -0.38038 -0.30486 0.87314 0.032895 0.130401
-34.5010 -65.2550 -16.6760 0.02892 -0.12682 -0.99150 0.261095 0.134777
-43.8930 -61.0960 8.8330 -0.46876 -0.27849 0.83828 0.025418 0.136841
-42.5700 -61.4910 9.3350 -0.36926 -0.28135 0.88571 0.031544 0.137324
-44.6610 -60.0660 8.7150 -0.52353 -0.26687 0.80913 0.020880 0.140114
-45.2250 4.6310 -12.2950 -0.76979 0.18665 -0.61040 0.347607 0.405250
-33.2810 -67.4480 -16.3070 0.05102 -0.16353 -0.98522 0.255271 0.126472
-41.2060 -33.8500 -18.2020 -0.07885 -0.01305 -0.99680 0.296366 0.258189
-44.3400 5.6190 -13.0620 -0.75130 0.18542 -0.63338 0.343457 0.410036
-33.3060 -66.1180 -16.5100 0.06484 -0.13557 -0.98864 0.255900 0.131891
-39.3220 -34.7090 -18.2200 0.01610 -0.00381 -0.99986 0.288314 0.255901
-33.0730 -64.1940 -16.7390 0.08389 -0.10985 -0.99040 0.255668 0.139845
-41.2030 -61.6690 9.7900 -0.31237 -0.26456 0.91238 0.037450 0.138626
-40.5100 -63.3100 9.5300 -0.30292 -0.29194 0.90720 0.042089 0.132214
-32.2310 -66.7400 -16.3340 0.10634 -0.14358 -0.98391 0.251258 0.129929
-30.4530 -68.3470 -15.8340 0.18336 -0.13082 -0.97430 0.243194 0.124358
-31.0820 -66.5780 -16.2000 0.16936 -0.13618 -0.97610 0.246584 0.131190
-31.7800 -65.3660 -16.4620 0.12989 -0.11781 -0.98450 0.249951 0.135740
-39.4160 -64.5170 9.4430 -0.26903 -0.30063 0.91501 0.047870 0.128254
-40.2480 -61.9860 9.9920 -0.25593 -0.25211 0.93324 0.041717 0.138550
-38.9300 -63.5770 9.8790 -0.23461 -0.27413 0.93263 0.048802 0.133185
-46.3880 6.2370 -10.1560 -0.80946 0.19458 -0.55399 0.358799 0.409897
-35.9410 -63.3670 -16.9310 -0.01360 -0.11625 -0.99313 0.267617 0.141725
-34.7420 -63.7030 -16.8820 0.02977 -0.11054 -0.99343 0.262628 0.140981
-40.8270 -60.0230 10.3230 -0.26896 -0.22714 0.93598 0.037244 0.146539
-36.6040 -62.3370 -17.0320 -0.05472 -0.11005 -0.99242 0.270641 0.145580
-35.3970 -61.3660 -17.1170 0.03344 -0.09750 -0.99467 0.266029 0.150153
-33.1260 -62.6570 -16.8940 0.08635 -0.08711 -0.99245 0.256404 0.146055
-47.7060 -38.1070 -13.8500 -0.75708 -0.08693 -0.64751 0.328075 0.235853
-46.5860 -38.3640 -15.0880 -0.70793 -0.10570 -0.69832 0.321100 0.236009
-38.6970 -61.3800 10.5320 -0.21664 -0.23917 0.94650 0.047377 0.143305
-47.0870 -37.5990 -14.6550 -0.73501 -0.06275 -0.67515 0.324119 0.238610
-33.6750 -60.7550 -17.0830 0.07849 -0.07812 -0.99385 0.259219 0.153499
-44.9330 6.5220 -12.0340 -0.77715 0.19415 -0.59862 0.349016 0.412734
-43.5660 -59.8730 9.3650 -0.41460 -0.23996 0.87780 0.025560 0.143038
-44.5320 -58.1540 9.3330 -0.43242 -0.23192 0.87134 0.019513 0.149172
-44.0630 7.2300 -12.9040 -0.75344 0.19467 -0.62804 0.344394 0.416459
-42.1650 -59.9590 9.9140 -0.33054 -0.23497 0.91407 0.031617 0.144902
-46.4090 -37.0720 -15.3340 -0.68277 -0.04291 -0.72937 0.320380 0.241371
-30.3860 -64.7290 -16.3050 0.19358 -0.11552 -0.97426 0.244459 0.139007
-31.3860 -63.0730 -16.6440 0.14550 -0.08922 -0.98533 0.249167 0.145222
-47.2250 -36.9130 -14.5390 -0.73078 -0.05026 -0.68076 0.325134 0.241221
-44.4390 8.7300 -11.9700 -0.76671 0.20376 -0.60880 0.349535 0.421657
-39.6490 -59.0650 10.8640 -0.23103 -0.20421 0.95128 0.041106 0.152397
-46.7750 -35.0350 -15.1210 -0.69936 -0.04706 -0.71322 0.322874 0.249209
-32.2890 -61.0680 -16.9220 0.12239 -0.07040 -0.98998 0.253488 0.152903
-29.9010 -62.8740 -16.4070 0.20011 -0.09244 -0.97540 0.243140 0.146742
-48.8500 -37.9050 -12.5120 -0.79403 -0.07220 -0.60358 0.335404 0.235430
-37.9920 -65.2520 9.6190 -0.23717 -0.28497 0.92873 0.054475 0.126958
-48.2400 -36.7600 -13.4020 -0.77032 -0.06049 -0.63478 0.331469 0.240772
-36.2780 -65.7850 9.8520 -0.16726 -0.28877 0.94267 0.061960 0.126860
-45.7220 8.3500 -10.3960 -0.80272 0.20569 -0.55976 0.357768 0.418652
-34.5130 -66.2710 9.9300 -0.16374 -0.28113 0.94560 0.069525 0.126794
-28.3190 -68.4290 -15.2850 0.27985 -0.11374 -0.95328 0.234111 0.125100
-33.4890 -65.6070 10.3210 -0.14415 -0.26118 0.95447 0.072802 0.130987
-29.2620 -66.5840 -15.7990 0.24367 -0.13520 -0.96039 0.238976 0.132057
-47.7370 -35.0550 -14.1230 -0.74781 -0.04875 -0.66212 0.328574 0.248183
-49.0590 -35.1520 -12.4600 -0.79969 -0.04609 -0.59864 0.337282 0.246337
-37.0190 -64.1940 10.1250 -0.19432 -0.26326 0.94495 0.057177 0.132915
-35.4330 -64.2010 10.4180 -0.12787 -0.25949 0.95724 0.063520 0.134844
-43.9820 11.1040 -11.7240 -0.76911 0.22509 -0.59816 0.350941 0.431136
-48.3200 -33.2990 -13.5860 -0.77208 -0.04592 -0.63387 0.332526 0.254651
-27.0820 -67.4220 -15.0240 0.30538 -0.13773 -0.94222 0.229280 0.129709
-45.8420 -34.4580 -16.0430 -0.65959 -0.05031 -0.74994 0.317694 0.252398
-41.1210 8.6620 -15.6020 -0.62605 0.16695 -0.76170 0.328845 0.425445
-36.0750 -62.9830 10.6530 -0.14645 -0.24814 0.95759 0.059639 0.139455
-37.3170 -62.8740 10.4430 -0.19713 -0.25521 0.94657 0.054544 0.138415
-26.1050 -69.4280 -14.4340 0.35801 -0.12005 -0.92597 0.224036 0.122163
-23.9620 -71.3440 -13.1760 0.45949 -0.12318 -0.87960 0.213239 0.115424
-47.1990 -33.5780 -14.7910 -0.71407 -0.04315 -0.69874 0.325639 0.254648
-45.9350 -32.8060 -16.0670 -0.65946 -0.03177 -0.75107 0.318542 0.258932
-36.4370 -61.1500 11.0430 -0.15050 -0.22410 0.96287 0.056265 0.147101
-24.1380 -69.4540 -13.5880 0.44005 -0.13553 -0.88769 0.215254 0.122894
-41.2400 10.6550 -14.9960 -0.68014 0.19009 -0.70800 0.332691 0.432869
-40.0050 10.9020 -15.9820 -0.57987 0.15953 -0.79893 0.326329 0.435332
-45.0690 -31.2510 -16.7860 -0.59490 -0.02292 -0.80347 0.314475 0.265862
-40.3110 12.0740 -15.4910 -0.64769 0.18495 -0.73912 0.329740 0.439401
-25.8070 -67.1930 -14.6140 0.35336 -0.14665 -0.92392 0.223884 0.131206
-46.8210 -32.4090 -15.2140 -0.69933 -0.03141 -0.71411 0.323757 0.259683
-34.3400 -62.8620 10.8680 -0.13411 -0.23727 0.96214 0.066412 0.141914
-34.5960 -61.8240 11.0920 -0.12694 -0.23340 0.96406 0.064315 0.146170
-34.6340 -64.7230 10.3580 -0.13654 -0.26098 0.95564 0.067261 0.133451
-29.0230 -64.3060 -16.0390 0.23894 -0.11614 -0.96407 0.238954 0.141366
-27.8300 -65.1610 -15.6210 0.27236 -0.13468 -0.95272 0.233599 0.138472
-38.4700 8.7470 -17.0740 -0.30612 0.07569 -0.94898 0.316270 0.428926
-33.1420 -64.3220 10.7200 -0.12099 -0.25004 0.96065 0.072736 0.136978
-39.7610 8.5520 -16.5510 -0.47834 0.12343 -0.86946 0.321837 0.426656
-26.4130 -65.5600 -15.1190 0.31744 -0.14975 -0.93638 0.227386 0.137512
-28.2750 -61.8230 -16.1280 0.24505 -0.08820 -0.96549 0.236771 0.151744
-46.3330 -31.7470 -15.7410 -0.68103 -0.02443 -0.73185 0.321052 0.262799
-27.1460 -63.5470 -15.6290 0.27908 -0.11473 -0.95339 0.231410 0.145288
-31.3450 -64.5930 10.7960 -0.03624 -0.24732 0.96826 0.080105 0.137740
-47.6050 -31.5360 -14.5050 -0.71917 -0.03646 -0.69388 0.328449 0.262449
-37.9340 10.7230 -17.0840 -0.30495 0.08395 -0.94866 0.316385 0.437179
-37.1130 10.7880 -17.2840 -0.18261 0.05291 -0.98176 0.312979 0.438429
-32.0440 -62.9740 11.1490 -0.05736 -0.22696 0.97221 0.075648 0.143996
-30.2950 -63.4660 11.0890 0.02763 -0.22560 0.97383 0.083042 0.143604
-39.2950 9.8590 -16.6410 -0.46119 0.11979 -0.87918 0.321315 0.432216
-32.9740 -61.8640 11.3370 -0.10108 -0.21973 0.97031 0.070823 0.147827
-24.9840 -65.5890 -14.5800 0.37436 -0.16281 -0.91288 0.221194 0.138018
-24.5360 -66.8340 -14.1500 0.40521 -0.15747 -0.90056 0.218484 0.133194
-38.5580 11.9370 -16.6940 -0.44553 0.12191 -0.88693 0.320748 0.441064
-23.3100 -67.2490 -13.4690 0.47567 -0.15109 -0.86655 0.212659 0.132030
-23.6610 -65.6990 -13.9600 0.43664 -0.16965 -0.88350 0.215259 0.138119
-25.5210 -63.7110 -15.0960 0.33988 -0.12215 -0.93250 0.224471 0.145357
-39.4420 12.8960 -15.9850 -0.57621 0.15518 -0.80243 0.326440 0.443609
-24.1720 -64.4120 -14.4460 0.41487 -0.13669 -0.89956 0.218283 0.143104
-32.4560 -51.2360 -17.6560 0.13338 -0.04221 -0.99017 0.256536 0.192765
-31.8160 -54.3580 -17.3670 0.14216 -0.07350 -0.98711 0.253272 0.180378
-33.8880 -53.4620 -17.7040 0.11219 -0.06497 -0.99156 0.261916 0.183045
-30.6030 -52.9380 -17.2830 0.18319 -0.05493 -0.98154 0.248626 0.186713
-50.3630 -57.7500 -3.7640 -0.95589 -0.24452 -0.16274 0.356717 0.146616
-50.0020 -58.1830 -4.8810 -0.93774 -0.23018 -0.26010 0.351385 0.146039
-49.6120 -59.8570 -4.7360 -0.93740 -0.25775 -0.23420 0.349444 0.138851
-49.6810 -60.4140 -3.4960 -0.95313 -0.28365 -0.10530 0.353712 0.134982
-50.6980 -55.8480 -4.2730 -0.94646 -0.20051 -0.25299 0.357203 0.155145
-22.8260 -64.7630 -13.7000 0.50244 -0.13589 -0.85387 0.212035 0.142225
-39.7330 13.6870 -15.5740 -0.64663 0.18654 -0.73965 0.329247 0.446235
-38.7750 13.8260 -16.2940 -0.54188 0.14533 -0.82780 0.324420 0.447990
-34.9690 -54.3920 -17.7460 0.07275 -0.07870 -0.99424 0.266100 0.178747
-35.3710 -51.8670 -17.9390 0.06245 -0.04952 -0.99682 0.268283 0.188800
-50.3960 -58.1180 -2.5270 -0.96574 -0.25823 -0.02588 0.361266 0.143604
-38.8330 14.7140 -16.0800 -0.58292 0.17755 -0.79289 0.326055 0.451282
-50.8160 -56.2650 -3.2840 -0.96827 -0.22077 -0.11712 0.360801 0.152359
-30.0920 -60.8110 -16.6050 0.18547 -0.07336 -0.97991 0.244580 0.154993
-50.8110 -54.3450 -4.9490 -0.93742 -0.17055 -0.30356 0.356218 0.162090
-50.1210 -55.0440 -6.4140 -0.91058 -0.16485 -0.37903 0.348914 0.160656
-37.3640 12.8220 -17.0740 -0.28934 0.07836 -0.95401 0.316619 0.445937
-31.1380 -58.4540 -16.9600 0.15236 -0.07359 -0.98558 0.249524 0.164059
-29.3230 -58.2090 -16.6290 0.20786 -0.07040 -0.97562 0.242137 0.165887
-34.5830 -49.4450 -17.9570 0.09104 -0.02438 -0.99555 0.265567 0.199003
-49.9070 -57.4240 -5.7470 -0.91936 -0.20074 -0.33834 0.348741 0.150143
-27.7890 -59.0090 -16.2240 0.24895 -0.06663 -0.96622 0.235596 0.163331
-32.0970 -49.1890 -17.6600 0.15055 -0.01106 -0.98854 0.255430 0.201244
-50.6910 -53.5920 -5.5530 -0.91827 -0.13729 -0.37139 0.354417 0.165789
-35.3280 11.8960 -17.4570 -0.07300 0.02617 -0.99699 0.306961 0.444908
-51.2820 -51.6590 -4.8890 -0.93215 -0.15707 -0.32624 0.359538 0.173150
-50.1730 -51.7140 -7.3380 -0.89841 -0.14281 -0.41529 0.348411 0.175209
-49.6660 -53.5360 -7.9360 -0.89524 -0.13324 -0.42520 0.343809 0.168352
-33.6180 -47.4930 -17.8750 0.12377 -0.00093 -0.99231 0.261962 0.207390
-51.0340 -54.8710 -3.6440 -0.96733 -0.18695 -0.17126 0.361102 0.158586
-26.1300 -62.2480 -15.4650 0.31376 -0.09396 -0.94484 0.227635 0.150979
-51.3850 -53.0760 -3.5570 -0.96547 -0.17250 -0.19522 0.363618 0.165996
-51.4410 -53.4070 -2.7620 -0.98030 -0.18383 -0.07228 0.366543 0.163822
-31.1210 -50.3310 -17.4740 0.18324 -0.02583 -0.98273 0.251222 0.197064
-37.7210 14.6590 -16.7560 -0.42908 0.12072 -0.89516 0.320622 0.452506
-51.1680 -54.8930 -2.2310 -0.97861 -0.20520 -0.01495 0.366902 0.156979
-50.7680 -56.6080 -1.8930 -0.97138 -0.23637 0.02355 0.366015 0.149288
-51.0750 -53.1180 -4.6920 -0.94439 -0.16069 -0.28689 0.358720 0.166923
-36.0140 12.8750 -17.3560 -0.14578 0.04355 -0.98836 0.311014 0.447828
-29.4660 -50.2290 -17.1180 0.23571 -0.01457 -0.97171 0.244375 0.198225
-26.7310 -60.2400 -15.8350 0.29617 -0.07736 -0.95200 0.230824 0.158822
-30.5280 -54.3830 -17.1590 0.18163 -0.07245 -0.98069 0.248002 0.180880
-25.2970 -61.4030 -15.2390 0.35868 -0.07856 -0.93015 0.224363 0.154733
-29.0870 -53.0230 -16.9460 0.24443 -0.04757 -0.96850 0.242347 0.187045
-50.4570 -57.4940 -0.5370 -0.96175 -0.24480 0.12296 0.370327 0.143789
-49.9150 -59.7890 -1.7620 -0.95546 -0.29126 0.04766 0.361807 0.135414
-50.0260 -58.7500 0.0720 -0.94582 -0.27029 0.17990 0.370952 0.137470
-26.3630 -58.6820 -15.8330 0.30781 -0.06256 -0.94939 0.229718 0.165265
-25.3360 -58.6750 -15.4670 0.36008 -0.06505 -0.93065 0.225354 0.165716
-24.5030 -62.6950 -14.8030 0.39790 -0.09474 -0.91252 0.220481 0.149871
-50.8930 -55.8010 -0.8060 -0.96826 -0.22486 0.10913 0.371566 0.151452
-50.3670 -56.5310 1.0780 -0.94012 -0.23346 0.24835 0.378427 0.145873
-23.3660 -62.4130 -14.2780 0.47357 -0.08955 -0.87619 0.215516 0.151446
-22.4260 -63.0280 -13.6540 0.53740 -0.08842 -0.83868 0.210891 0.149338
-50.6290 -55.7770 0.7190 -0.95163 -0.22252 0.21186 0.377947 0.149644
-51.2300 -54.1540 -0.4900 -0.97095 -0.20128 0.12940 0.374959 0.158174
-23.7790 -60.0500 -14.7060 0.43904 -0.07225 -0.89556 0.218190 0.160789
-28.3940 -50.9630 -16.8270 0.27418 -0.02189 -0.96143 0.239783 0.195712
-26.3650 -52.6720 -16.1460 0.34237 -0.02817 -0.93914 0.230946 0.189618
-27.1920 -54.7990 -16.3160 0.29439 -0.05191 -0.95428 0.234070 0.180643
-51.7590 -50.9650 -3.5650 -0.97214 -0.15356 -0.17710 0.365956 0.174808
-51.7160 -51.9100 -1.0770 -0.98439 -0.16114 0.07082 0.375179 0.168376
-51.5000 -53.0490 -1.3180 -0.98102 -0.18833 0.04612 0.372883 0.163796
-51.8480 -51.2150 -2.2960 -0.98737 -0.15506 -0.03254 0.370937 0.172539
-38.8870 -83.0810 -7.3560 -0.78575 -0.50365 -0.35909 0.275070 0.046852
-37.9410 -83.8400 -8.1150 -0.71934 -0.51280 -0.46860 0.267889 0.045652
-37.8980 -84.6780 -7.0960 -0.76142 -0.55585 -0.33356 0.267883 0.039704
-38.0760 -82.8650 -8.8520 -0.70188 -0.46573 -0.53895 0.269026 0.051175
-39.2740 -81.4190 -8.4370 -0.74719 -0.45523 -0.48422 0.277183 0.055871
-39.5050 -82.2670 -7.0410 -0.81650 -0.48696 -0.31015 0.279885 0.049474
-51.1440 -52.8520 1.1600 -0.95213 -0.19032 0.23920 0.383460 0.161825
-26.6980 -51.1440 -16.2870 0.34787 -0.00147 -0.93754 0.232568 0.195691
-51.5250 -52.3640 -0.2300 -0.97193 -0.17613 0.15598 0.378177 0.165523
-42.0990 12.0140 -13.6600 -0.73426 0.21265 -0.64470 0.340383 0.436918
-40.0370 -81.8400 -6.0130 -0.84419 -0.51204 -0.15858 0.285693 0.048987
-39.0840 -83.3040 -6.2350 -0.82788 -0.52951 -0.18504 0.278634 0.043302
-51.7960 -50.9310 -0.5980 -0.98155 -0.15511 0.11182 0.378231 0.171999
-40.8950 -80.2050 -6.4280 -0.86380 -0.45049 -0.22565 0.290510 0.056623
-39.6760 -82.5880 -5.0400 -0.85126 -0.52405 -0.02691 0.286358 0.043584
-40.6340 -80.9910 -5.3550 -0.86506 -0.49792 -0.06123 0.291506 0.051030
-39.0110 -83.6520 -5.2730 -0.84463 -0.52788 -0.08913 0.281126 0.039657
-39.0110 -83.6520 -5.2730 -0.81074 -0.58437 0.03483 0.068579 0.019146
-48.9200 -61.7830 -5.2890 -0.92684 -0.27576 -0.25479 0.343887 0.131448
-40.9170 -80.4330 -3.9860 -0.88091 -0.46949 0.05989 0.298468 0.049976
-41.1110 -80.1680 -5.0070 -0.89195 -0.45155 -0.02287 0.295892 0.053613
-40.0520 -81.8200 -2.9810 -0.86119 -0.50658 0.04143 0.296781 0.041640
-40.0520 -81.8200 -2.9810 -0.80913 -0.55200 0.20151 0.063232 0.032502
-39.5480 -82.6850 -3.2720 -0.85505 -0.51747 0.03351 0.292761 0.038772
-39.5480 -82.6850 -3.2720 -0.81000 -0.55857 0.17860 0.066904 0.029231
-30.4240 -48.8690 -17.3560 0.21155 0.00412 -0.97736 0.248563 0.203321
-40.4330 -81.1090 -2.6140 -0.88106 -0.46368 0.09347 0.300697 0.043590
-40.4330 -81.1090 -2.6140 -0.84362 -0.49233 0.21428 0.060560 0.035760
-35.9620 -87.2120 -6.2890 -0.70878 -0.69646 -0.11210 0.086254 0.007895
-35.9620 -87.2120 -6.2890 -0.66142 -0.70407 -0.25848 0.250507 0.027669
-34.9010 -87.8570 -7.2010 -0.61047 -0.72282 -0.32381 0.243700 0.030589
-34.7550 -88.2300 -6.5070 -0.57643 -0.78785 -0.21685 0.241424 0.027255
-37.1840 -86.0660 -5.3370 -0.75451 -0.65257 -0.06970 0.080818 0.014183
-37.1570 -85.8780 -6.7230 -0.71384 -0.60163 -0.35844 0.261609 0.033869
-37.1570 -85.8780 -6.7230 -0.74377 -0.66029 -0.10405 0.078298 0.008825
-31.8460 -47.0630 -17.6080 0.17548 0.01053 -0.98443 0.254712 0.209995
-36.0360 -87.3610 -4.9170 -0.70293 -0.71071 -0.02796 0.088536 0.013298
-49.1860 -61.0520 0.8240 -0.91933 -0.30520 0.24838 0.370260 0.126101
-49.6130 -59.5390 0.8020 -0.92484 -0.26054 0.27712 0.372707 0.132871
-42.8220 13.4000 -12.2790 -0.76369 0.23334 -0.60193 0.347900 0.441200
-34.0390 -88.6780 -6.3300 -0.31175 -0.92189 -0.23007 0.236713 0.026568
-49.5070 -58.5270 2.0810 -0.92168 -0.25989 0.28804 0.379775 0.135515
-34.2340 -88.7720 -5.5560 -0.40468 -0.90631 -0.12179 0.236266 0.023148
-29.4810 -47.7970 -17.1130 0.25045 0.01939 -0.96794 0.244741 0.208115
-33.2630 -89.0250 -5.2730 -0.06752 -0.98908 -0.13099 0.230623 0.022926
-49.8330 -56.5930 2.6580 -0.92039 -0.23144 0.31515 0.385130 0.143421
-49.1640 -58.0500 3.5150 -0.89595 -0.25496 0.36370 0.386731 0.135677
-49.0920 -60.2970 1.6320 -0.90460 -0.28802 0.31424 0.375028 0.128100
-31.7100 -88.8280 -5.7680 0.02881 -0.99069 -0.13302 0.224255 0.027097
-49.0120 -59.4620 2.8060 -0.89259 -0.29439 0.34149 0.381385 0.130231
-30.3320 -45.2360 -17.2720 0.23337 0.02790 -0.97199 0.248638 0.218148
-40.9810 13.3800 -14.4380 -0.70594 0.20739 -0.67723 0.336001 0.443482
-33.0160 -89.1690 -3.7490 -0.02875 -0.99758 -0.06329 0.225742 0.017166
-31.7960 -88.9260 -4.7150 0.02401 -0.99322 -0.11376 0.222446 0.023047
-35.0130 -88.2490 -5.3240 -0.64500 -0.76342 -0.03411 0.093517 0.009758
-35.0130 -88.2490 -5.3240 -0.60288 -0.78925 -0.11667 0.241015 0.021876
-50.5110 -54.7020 1.9810 -0.93324 -0.20795 0.29294 0.384714 0.152726
-34.3300 -88.7510 -4.6520 -0.42669 -0.90407 -0.02431 0.234841 0.019231
-34.3300 -88.7510 -4.6520 -0.53107 -0.84662 0.03473 0.098080 0.011355
-28.0970 -49.6440 -16.7530 0.29064 0.00649 -0.95681 0.238702 0.201206
-41.6230 14.1690 -13.4810 -0.74123 0.22608 -0.63203 0.341453 0.445621
-40.7230 15.4920 -14.0400 -0.72543 0.23020 -0.64866 0.338371 0.451751
-34.9880 -88.2700 -3.9350 -0.60896 -0.79024 0.06842 0.095704 0.015281
-33.4350 -89.1060 -3.9230 -0.16952 -0.98399 -0.05500 0.228166 0.017144
-33.4350 -89.1060 -3.9230 -0.39035 -0.91934 0.04935 0.103135 0.013250
-51.6690 -49.9960 -4.5130 -0.94659 -0.13376 -0.29340 0.362935 0.179683
-50.7590 -50.3200 -6.6550 -0.90165 -0.15540 -0.40359 0.353074 0.180282
-34.0210 -88.8260 -3.3420 -0.46731 -0.87619 0.11795 0.101196 0.016381
-39.9100 15.1370 -15.0210 -0.68060 0.21390 -0.70074 0.332743 0.451478
-51.2270 -48.1660 -6.3500 -0.91949 -0.12504 -0.37271 0.356625 0.188818
-50.5920 -48.1640 -7.7640 -0.88616 -0.13323 -0.44381 0.350234 0.190085
-36.6480 -85.4430 -8.1640 -0.68165 -0.56236 -0.46808 0.258423 0.040021
-35.7820 -86.7860 -7.6860 -0.66266 -0.64426 -0.38185 0.251015 0.034385
-26.7500 -49.0870 -16.2900 0.36191 0.02359 -0.93192 0.232977 0.204045
-49.7810 -50.9000 -8.4370 -0.87853 -0.13600 -0.45791 0.344269 0.179585
-42.0750 15.9810 -12.2070 -0.76173 0.23550 -0.60358 0.348298 0.451805
-28.1900 -47.2750 -16.7200 0.31121 0.03400 -0.94973 0.239301 0.210821
-26.7550 -46.8310 -16.1700 0.38148 0.04899 -0.92308 0.233076 0.213268
-25.7960 -48.6700 -15.8650 0.42285 0.03861 -0.90538 0.228776 0.206143
-38.1780 -84.7800 -5.8990 -0.79341 -0.60836 -0.01989 0.073389 0.014433
-38.1780 -84.7800 -5.8990 -0.80665 -0.55106 -0.21368 0.272485 0.036321
-49.4050 -48.3190 -9.8480 -0.83748 -0.13760 -0.52886 0.340254 0.191375
-32.1160 -44.3540 -17.6240 0.17667 0.02196 -0.98403 0.256243 0.220872
-42.2250 -17.7030 -17.8210 -0.20688 0.03126 -0.97787 0.307892 0.321739
-41.9520 -16.1970 -17.8570 -0.17914 0.02808 -0.98342 0.307653 0.327909
-41.1330 -17.5870 -17.9710 -0.08465 0.01968 -0.99622 0.303387 0.323069
-50.9440 -46.8340 -7.3940 -0.90270 -0.10967 -0.41606 0.353154 0.195162
-50.8520 -43.2000 -8.4450 -0.88711 -0.09541 -0.45158 0.351362 0.210778
-40.6480 -15.9170 -17.9880 -0.05409 0.02468 -0.99823 0.302404 0.330084
-39.1390 -17.5830 -18.0470 0.01499 0.01953 -0.99970 0.295106 0.324673
-37.1870 -86.1160 -4.3660 -0.76717 -0.64025 0.03920 0.082349 0.017972
-51.5700 -46.8170 -5.8780 -0.93131 -0.11050 -0.34707 0.359935 0.193923
-36.5300 -86.6260 -2.7370 -0.73206 -0.66851 0.13104 0.088093 0.023125
-33.7110 -88.8020 -2.4450 -0.42459 -0.87160 0.24502 0.103474 0.019875
-34.9340 -88.0720 -2.5520 -0.57301 -0.79367 0.20433 0.097309 0.020956
-34.0230 -88.3290 -1.5090 -0.42116 -0.82011 0.38735 0.102463 0.024340
-51.6270 -42.5450 -6.8790 -0.91752 -0.09912 -0.38514 0.358950 0.212137
-51.7570 -44.1320 -6.2240 -0.92567 -0.09587 -0.36599 0.360679 0.205159
-33.1140 -89.0400 -2.4390 -0.29078 -0.92242 0.25413 0.106227 0.019394
-33.0800 -88.7700 -1.6970 -0.28513 -0.86391 0.41517 0.106788 0.022798
-24.8650 -53.8500 -15.4750 0.41276 -0.01930 -0.91064 0.224214 0.185428
-24.7710 -56.6330 -15.3620 0.37876 -0.03969 -0.92464 0.223392 0.174194
-25.6780 -54.8590 -15.7720 0.35583 -0.03725 -0.93381 0.227589 0.181017
-36.2840 -86.6130 -1.7610 -0.68558 -0.67622 0.26964 0.090174 0.026737
-35.5230 -87.5290 -2.2810 -0.64308 -0.73118 0.22765 0.094331 0.023045
-34.9350 -87.5780 -1.1960 -0.55930 -0.74438 0.36482 0.097858 0.026895
-23.9060 -55.7830 -15.0060 0.44463 -0.01394 -0.89561 0.219739 0.177963
-36.6820 -85.7160 -0.7930 -0.70562 -0.63402 0.31640 0.087817 0.031999
-35.5440 -86.6380 -0.4080 -0.58144 -0.69715 0.41941 0.094454 0.031534
-51.9260 -49.8740 -3.4520 -0.97824 -0.13205 -0.16004 0.367548 0.179229
-36.9470 -85.9710 -2.0090 -0.75588 -0.62134 0.20635 0.086003 0.027129
-34.6500 -87.4540 -0.6620 -0.44166 -0.73978 0.50760 0.099252 0.029075
-51.9610 -48.1870 -4.2770 -0.95904 -0.11119 -0.26053 0.365688 0.186935
-33.4730 -88.0260 -0.6780 -0.29142 -0.78573 0.54562 0.104994 0.028073
-23.7170 -53.4710 -14.9030 0.47920 -0.00138 -0.87771 0.219081 0.187404
-38.3410 -14.7180 -17.9460 0.04472 0.02482 -0.99869 0.293610 0.336772
-35.1960 -86.5150 0.1150 -0.44669 -0.68061 0.58071 0.096025 0.033668
-52.2460 -47.8980 -3.0010 -0.98496 -0.12171 -0.12267 0.371334 0.187014
-34.1750 -86.9450 0.2980 -0.35508 -0.69881 0.62096 0.100998 0.033649
-32.9940 -87.0710 0.7420 -0.23782 -0.68778 0.68586 0.106357 0.035342
-52.1290 -46.5680 -4.3000 -0.95585 -0.11845 -0.26892 0.367037 0.193620
-37.0080 -16.4850 -17.8860 0.09675 0.02575 -0.99498 0.286915 0.330797
-52.0560 -49.6510 -2.5140 -0.98890 -0.13693 -0.05769 0.371659 0.179286
-38.2740 -84.5870 -3.8050 -0.80853 -0.58315 0.07890 0.075501 0.023152
-52.0710 -49.5920 -0.9170 -0.98583 -0.14464 0.08498 0.378302 0.178005
-52.2490 -48.4420 -1.3800 -0.99082 -0.13081 0.03415 0.377529 0.183277
-25.0500 -51.7100 -15.6060 0.42609 0.00921 -0.90463 0.225305 0.194049
-52.4660 -46.4720 -2.4850 -0.98959 -0.12739 -0.06694 0.374780 0.192477
-35.0650 -18.5080 -17.7100 0.13587 0.02641 -0.99037 0.277553 0.324185
-35.2040 -20.6250 -17.7800 0.13481 0.02682 -0.99051 0.276936 0.315500
-37.3140 -19.5700 -17.9820 0.07607 0.02080 -0.99689 0.286353 0.318140
-38.7260 -83.6610 -2.7310 -0.81540 -0.55147 0.17611 0.072961 0.029202
-37.9880 -84.6770 -2.2870 -0.80314 -0.57074 0.17092 0.078781 0.028729
-38.9630 -83.0320 -2.0220 -0.81400 -0.54838 0.19153 0.071456 0.033215
-23.4560 -51.6860 -14.7480 0.51126 0.02871 -0.85894 0.217994 0.194760
-37.5250 -84.8090 -1.1000 -0.76175 -0.58998 0.26772 0.082265 0.032791
-38.2280 -83.7130 -0.6770 -0.78042 -0.55032 0.29681 0.077684 0.036677
-52.4490 -44.9550 -3.9380 -0.96336 -0.11195 -0.24373 0.370015 0.199955
-40.0750 -81.4130 -1.9030 -0.83247 -0.50742 0.22252 0.063656 0.037598
-22.5570 -54.2000 -14.2250 0.54233 0.01080 -0.84009 0.213620 0.184871
-22.6080 -56.5090 -14.3050 0.52893 -0.01800 -0.84847 0.213771 0.175501
-40.8100 -80.0970 -2.0610 -0.86519 -0.43833 0.24355 0.057291 0.040567
-40.8100 -80.0970 -2.0610 -0.89559 -0.41866 0.15047 0.306115 0.046025
-41.4830 -79.1720 -3.4930 -0.90583 -0.41381 0.09067 0.304712 0.053828
-40.5880 -79.5860 -0.3770 -0.85575 -0.43013 0.28755 0.059568 0.047923
-40.0520 -80.6800 -0.4660 -0.83579 -0.46547 0.29118 0.064045 0.044674
-52.4000 -46.0550 -3.4240 -0.97596 -0.13125 -0.17397 0.371226 0.194998
-36.3630 -14.8970 -17.7650 0.11500 0.01648 -0.99323 0.285241 0.337723
-34.2470 -16.5530 -17.5260 0.16922 0.02852 -0.98517 0.275273 0.332780
-39.6720 -80.4480 0.8130 -0.81689 -0.45481 0.35472 0.066707 0.049756
-36.8090 -85.1780 -0.0180 -0.68960 -0.58891 0.42148 0.087049 0.035851
-52.6870 -44.6260 -2.7570 -0.98636 -0.11913 -0.11359 0.375249 0.200368
-35.9930 -85.9110 0.1590 -0.57565 -0.63744 0.51215 0.091824 0.034969
-52.6060 -43.9320 -3.6830 -0.97268 -0.09426 -0.21216 0.371912 0.203956
-36.4000 -85.0980 0.5250 -0.57730 -0.56051 0.59376 0.088913 0.037970
-37.2870 -83.9100 0.7280 -0.65859 -0.54443 0.51947 0.083215 0.041228
-21.2330 -55.0080 -13.3020 0.68205 0.01134 -0.73121 0.207081 0.182056
-35.4970 -85.7370 0.6940 -0.45059 -0.59999 0.66104 0.093798 0.037317
-34.2320 -85.9200 1.2800 -0.33222 -0.61553 0.71467 0.099506 0.039324
-34.4280 -14.6270 -17.5040 0.16233 0.01768 -0.98658 0.277289 0.340450
-50.8690 -52.2580 2.4860 -0.93459 -0.19569 0.29705 0.389836 0.162853
-34.9970 -84.5680 1.9730 -0.37513 -0.55747 0.74062 0.094331 0.044595
-36.2890 -84.4350 1.2240 -0.52451 -0.55336 0.64706 0.088531 0.041918
-51.6570 -50.7360 0.5200 -0.97187 -0.15804 0.17462 0.383107 0.171645
-21.9250 -51.8870 -13.7570 0.59799 0.03310 -0.80082 0.210613 0.194501
-21.2260 -53.1460 -13.2480 0.69685 0.02602 -0.71674 0.207049 0.189629
-39.2670 -82.2920 -1.0110 -0.81170 -0.52949 0.24654 0.070046 0.038714
-51.4780 -50.6170 1.5560 -0.95732 -0.16714 0.23581 0.387589 0.171064
-36.5510 -12.8080 -17.7810 0.09940 0.01743 -0.99489 0.287503 0.345953
-20.2430 -54.7370 -12.0840 0.84597 0.02233 -0.53277 0.200815 0.183562
-50.8830 -50.2930 3.6910 -0.92805 -0.17898 0.32663 0.397139 0.170171
-50.4510 -51.9770 3.9210 -0.91775 -0.19833 0.34409 0.396401 0.162447
-21.0650 -52.0040 -13.0020 0.74000 0.02939 -0.67196 0.205973 0.194352
-20.4940 -52.1150 -12.2370 0.84568 0.03595 -0.53248 0.202100 0.194174
-39.1000 -81.7030 0.3480 -0.79215 -0.50842 0.33767 0.071064 0.044965
-38.4600 -82.2160 0.9690 -0.71283 -0.53816 0.44972 0.075393 0.045929
-24.7680 -50.1120 -15.4160 0.45894 0.03421 -0.88781 0.224084 0.200680
-49.3160 -56.9140 3.8500 -0.89544 -0.22935 0.38155 0.389911 0.140354
-37.7870 -82.1980 1.7990 -0.60222 -0.52787 0.59890 0.078698 0.048912
-38.9610 -81.2200 1.3780 -0.73167 -0.50747 0.45512 0.071853 0.049746
-36.9700 -82.4300 2.3330 -0.51687 -0.52652 0.67500 0.082715 0.050354
-48.4420 -57.8730 5.1250 -0.85724 -0.26053 0.44415 0.394367 0.134063
-33.7910 -12.0720 -17.3630 0.17780 0.00782 -0.98404 0.276431 0.351360
-32.8340 -13.0270 -17.1740 0.21447 0.00847 -0.97669 0.271649 0.348328
-33.6190 -19.4480 -17.4990 0.19306 0.02696 -0.98082 0.270895 0.321494
-49.8530 -55.0040 3.6960 -0.90788 -0.21768 0.35828 0.391818 0.149196
-35.6170 -83.7890 2.2210 -0.41603 -0.53661 0.73415 0.090542 0.047073
-22.9300 -49.7000 -14.2920 0.54016 0.04592 -0.84031 0.215369 0.203097
-32.2180 -17.7050 -17.1230 0.23884 0.02717 -0.97068 0.265900 0.329730
-33.6180 -84.9230 2.2640 -0.26137 -0.54833 0.79437 0.100635 0.045416
-32.9310 -85.3420 2.1780 -0.19748 -0.57846 0.79145 0.104159 0.044498
-24.1400 -48.4600 -14.9840 0.49860 0.04603 -0.86561 0.221157 0.207693
-48.9480 -55.8420 5.2190 -0.87432 -0.22403 0.43055 0.397703 0.143309
-48.0580 -56.3520 6.6870 -0.83821 -0.23550 0.49187 0.403975 0.138915
-34.5290 -82.9290 3.2600 -0.29196 -0.50717 0.81088 0.093699 0.053312
-33.1440 -21.2030 -17.4530 0.20463 0.03020 -0.97837 0.267920 0.314690
-31.3700 -20.4870 -16.9960 0.27081 0.02643 -0.96227 0.260664 0.318976
-25.2530 -46.9780 -15.4940 0.45084 0.05699 -0.89079 0.226309 0.213309
-39.2410 -80.3600 1.7820 -0.73409 -0.44402 0.51376 0.069372 0.053326
-38.7690 -80.8200 1.9730 -0.64521 -0.47521 0.59823 0.072321 0.052816
-49.2620 -54.4080 5.3150 -0.87382 -0.22832 0.42930 0.399984 0.149735
-48.2510 -54.8870 6.9950 -0.83481 -0.21979 0.50476 0.407447 0.145288
-30.4280 -18.2520 -16.6420 0.29907 0.02462 -0.95391 0.257796 0.328914
-39.9590 -79.1340 1.7200 -0.78447 -0.42812 0.44868 0.063888 0.056401
-38.1350 -80.3350 2.9500 -0.57571 -0.44941 0.68307 0.074561 0.057520
-37.0940 -81.2420 3.1320 -0.47341 -0.48778 0.73345 0.080468 0.056026
-47.2490 -57.0800 7.5960 -0.76083 -0.26313 0.59321 0.407497 0.134049
-39.3920 -78.8550 2.6870 -0.67718 -0.41603 0.60691 0.066501 0.060489
-21.6160 -50.2490 -13.4350 0.63390 0.04745 -0.77196 0.208960 0.201314
-37.1120 -80.1640 3.7450 -0.44543 -0.43222 0.78408 0.078681 0.060998
-37.6660 -79.0140 4.0270 -0.48510 -0.38840 0.78347 0.074510 0.064958
-49.9900 -53.5860 4.2010 -0.90610 -0.21219 0.36600 0.395811 0.154921
-35.9940 -82.4500 2.9160 -0.39294 -0.50393 0.76919 0.086900 0.052656
-31.7380 -22.2150 -17.1430 0.26555 0.02412 -0.96379 0.261359 0.311591
-29.3010 -20.1280 -16.3300 0.34145 0.02222 -0.93964 0.251770 0.322038
-33.4470 -82.3000 3.9560 -0.21417 -0.50123 0.83839 0.097073 0.058007
-32.6660 -83.8330 3.1990 -0.18528 -0.52066 0.83342 0.102803 0.052033
-36.1170 -80.6060 3.9850 -0.35359 -0.45229 0.81879 0.083484 0.061054
-23.8190 -46.7370 -14.6820 0.51270 0.05911 -0.85653 0.219578 0.214909
-22.8020 -47.5370 -14.1030 0.54772 0.05560 -0.83481 0.214711 0.212016
-27.9200 -21.7920 -15.7980 0.38527 0.01891 -0.92261 0.244619 0.316187
-29.5130 -22.4770 -16.4320 0.33469 0.02381 -0.94203 0.251452 0.312166
-34.2510 -81.6310 4.1170 -0.27402 -0.47315 0.83728 0.092724 0.059793
-20.8480 -50.4920 -12.6940 0.78967 0.04721 -0.61171 0.204610 0.200629
-32.8770 -81.3230 4.6590 -0.17604 -0.48183 0.85840 0.097731 0.063377
-47.4830 -55.6920 7.8140 -0.76836 -0.21788 0.60179 0.410663 0.140299
-46.6540 -56.3770 8.5070 -0.69355 -0.23163 0.68216 0.413672 0.135662
-46.6540 -56.3770 8.5070 -0.55633 -0.23118 0.79816 0.007901 0.153237
-26.8960 -20.0510 -15.3290 0.40667 0.01360 -0.91347 0.240878 0.324229
-46.3550 -57.2420 8.4560 -0.69187 -0.27579 0.66727 0.412093 0.131320
-46.3550 -57.2420 8.4560 -0.57662 -0.25665 0.77566 0.010131 0.149834
-45.3280 -58.2210 8.8720 -0.53013 -0.26348 0.80594 0.015986 0.147373
-28.0840 -18.4960 -15.8080 0.36961 0.01408 -0.92908 0.247209 0.329782
-20.3900 -50.3260 -11.8960 0.88286 0.05411 -0.46651 0.200899 0.201590
-34.7140 -79.5150 5.0880 -0.29154 -0.41541 0.86165 0.087389 0.068562
-19.9310 -51.6390 -11.1090 0.91400 0.05317 -0.40222 0.197051 0.196480
-19.9510 -49.8640 -10.8880 0.92203 0.05643 -0.38299 0.196496 0.203822
-33.5130 -80.4100 5.0000 -0.22958 -0.44268 0.86679 0.093672 0.066549
-21.8700 -48.9390 -13.5310 0.59915 0.03912 -0.79968 0.210117 0.206603
-45.2990 -56.9310 9.2910 -0.47868 -0.22411 0.84891 0.014938 0.153468
-41.3920 -69.7700 -12.4000 -0.65903 -0.32934 -0.67618 0.291747 0.108753
-41.1940 -70.8340 -12.1250 -0.67827 -0.32991 -0.65659 0.290599 0.104163
-42.4570 -70.9780 -10.7840 -0.67990 -0.34998 -0.64440 0.297925 0.101402
-46.9450 -54.8570 8.6670 -0.65445 -0.21132 0.72598 0.416670 0.142882
-21.2420 -49.0450 -13.0020 0.72577 0.04986 -0.68613 0.206753 0.206411
-47.6540 -54.0910 8.1700 -0.75037 -0.23185 0.61902 0.414483 0.147384
-40.8910 -68.7320 -13.3780 -0.64385 -0.26585 -0.71748 0.288815 0.114399
-40.7420 -70.1110 -13.0100 -0.65556 -0.32246 -0.68284 0.287747 0.108460
-21.6430 -47.8440 -13.3300 0.63732 0.05006 -0.76897 0.208983 0.211180
-41.9540 -69.5300 -12.1220 -0.59114 -0.45402 -0.66665 0.294538 0.109304
-41.9860 -68.5880 -12.4720 -0.64503 -0.29424 -0.70524 0.294740 0.113502
-42.3350 -67.6610 -12.5050 -0.66773 -0.26974 -0.69381 0.296736 0.117167
-41.1690 -67.5540 -13.5910 -0.62628 -0.27674 -0.72883 0.290382 0.119287
-20.7570 -49.0540 -12.3690 0.83012 0.06122 -0.55422 0.203496 0.206629
-40.0080 -68.5650 -14.1480 -0.57765 -0.26660 -0.77152 0.284233 0.116334
-40.1110 -67.1950 -14.6250 -0.56086 -0.26866 -0.78311 0.284794 0.122323
-26.8170 -16.8260 -15.2480 0.40680 -0.00285 -0.91351 0.242449 0.337786
-46.0300 -55.0610 9.3090 -0.54411 -0.20285 0.81412 0.421206 0.140710
-46.0300 -55.0610 9.3090 -0.48501 -0.19779 0.85185 0.009671 0.160486
-41.9020 -66.5840 -13.3140 -0.64915 -0.25438 -0.71686 0.294368 0.122604
-46.1760 -53.8420 9.5200 -0.50846 -0.21020 0.83504 0.423544 0.146151
-45.2410 -54.6430 9.7960 -0.42777 -0.19524 0.88255 0.426048 0.141402
-45.2410 -54.6430 9.7960 -0.42162 -0.18612 0.88747 0.012761 0.163885
-20.5310 -47.6760 -11.8400 0.87911 0.05750 -0.47313 0.201365 0.212476
-32.4290 -15.0650 -17.1170 0.22487 0.01797 -0.97422 0.268485 0.340356
-42.9980 -72.5550 -9.2060 -0.75985 -0.36263 -0.53957 0.301930 0.092559
-43.4980 -71.3130 -9.3970 -0.73670 -0.37011 -0.56594 0.304534 0.097907
-42.1930 -72.6170 -10.2140 -0.71468 -0.32763 -0.61798 0.296575 0.093973
-49.4990 -52.5550 5.8550 -0.87731 -0.22481 0.42401 0.404540 0.157582
-43.4290 -69.9890 -10.2860 -0.72243 -0.33795 -0.60323 0.303474 0.104590
-42.5340 -69.5290 -11.5390 -0.66844 -0.33991 -0.66155 0.297877 0.108347
-19.8890 -47.9580 -10.4400 0.93418 0.05939 -0.35181 0.194994 0.211820
-48.9120 -53.3200 6.5420 -0.84949 -0.23742 0.47118 0.407039 0.153170
-48.2170 -53.3470 7.7060 -0.81103 -0.24148 0.53284 0.412741 0.151559
-30.7560 -15.6040 -16.6850 0.27799 0.01379 -0.96048 0.260891 0.339558
-43.5100 -68.6380 -10.8810 -0.72452 -0.29096 -0.62483 0.303650 0.110878
-29.2360 -45.7030 -16.9840 0.28544 0.03322 -0.95782 0.243921 0.216762
-44.0910 -71.4320 -8.4520 -0.77444 -0.40285 -0.48780 0.308892 0.095967
-43.4990 -73.1170 -7.9930 -0.82478 -0.36591 -0.43110 0.306212 0.088300
-44.2300 -70.4280 -9.0010 -0.76353 -0.35492 -0.53949 0.308965 0.100921
-27.5110 -45.0230 -16.3910 0.35729 0.04842 -0.93274 0.236525 0.220333
-49.7780 -50.7890 6.1670 -0.89689 -0.20034 0.39427 0.407766 0.165275
-43.9970 -72.2760 -7.8060 -0.80834 -0.42244 -0.41004 0.309425 0.091440
-49.4300 -50.5180 7.0370 -0.86205 -0.22106 0.45606 0.412062 0.165571
-50.6020 -48.9940 5.0590 -0.91622 -0.17449 0.36068 0.404523 0.174449
-30.3420 -13.3260 -16.5620 0.27904 -0.00013 -0.96028 0.260690 0.349280
-48.9040 -51.7750 7.3630 -0.83409 -0.24014 0.49662 0.412491 0.159395
-48.2020 -51.6750 8.4760 -0.75797 -0.24278 0.60543 0.418206 0.158512
-44.9430 -69.2390 -8.7290 -0.80198 -0.31082 -0.51011 0.313335 0.105359
-31.7440 -11.4130 -16.9220 0.23166 -0.00365 -0.97279 0.268189 0.355881
-30.8710 -42.6680 -17.2860 0.23479 0.03642 -0.97136 0.251227 0.228368
-49.6040 -49.5290 7.1770 -0.87434 -0.18716 0.44778 0.413608 0.169928
-45.3450 -63.6610 -10.8030 -0.75273 -0.27054 -0.60017 0.314550 0.130620
-44.5260 -65.6430 -10.9400 -0.74482 -0.25844 -0.61519 0.309779 0.122892
-45.2750 -66.0840 -9.7810 -0.78188 -0.26167 -0.56585 0.314876 0.119552
-48.9440 -49.9710 8.1200 -0.81393 -0.21121 0.54121 0.417788 0.166886
-43.7340 -65.1240 -12.0590 -0.70721 -0.25023 -0.66124 0.304797 0.126502
-43.4700 -66.9250 -11.6630 -0.70740 -0.26340 -0.65590 0.303257 0.118809
-28.9670 -43.5980 -16.8320 0.30025 0.04495 -0.95280 0.242999 0.225493
-28.5360 -14.3310 -15.9600 0.33736 -0.00257 -0.94137 0.251977 0.346705
-29.6160 -16.9320 -16.3560 0.32006 0.01055 -0.94734 0.255035 0.335022
-28.1790 -16.0250 -15.8340 0.36310 -0.00035 -0.93175 0.249220 0.339975
-42.7990 -66.0490 -12.6370 -0.67231 -0.25419 -0.69526 0.299461 0.123680
-47.4380 -52.8330 8.8270 -0.64879 -0.24440 0.72065 0.419440 0.152365
-42.1800 -64.9880 -13.5920 -0.64059 -0.24081 -0.72914 0.296038 0.129236
-42.9940 -64.7110 -12.9730 -0.67075 -0.24583 -0.69976 0.300444 0.129412
-46.4730 -52.2600 9.7770 -0.49966 -0.25137 0.82895 0.426225 0.153349
-47.5220 -50.9390 9.4690 -0.63013 -0.24560 0.73662 0.424413 0.160546
-29.1120 -42.3110 -16.8090 0.29199 0.04123 -0.95553 0.243754 0.230690
-44.6580 -52.8260 10.4580 -0.37255 -0.19038 0.90828 0.013701 0.173387
-44.6580 -52.8260 10.4580 -0.39545 -0.21632 0.89265 0.433098 0.148202
-44.6730 -67.4770 -9.9860 -0.76743 -0.27079 -0.58114 0.310977 0.114240
-43.9370 -53.8490 10.5670 -0.35904 -0.17981 0.91584 0.017842 0.169830
-52.4280 -46.8770 -0.9370 -0.98885 -0.13344 0.06607 0.380827 0.189428
-52.0040 -48.8630 0.1450 -0.97784 -0.13967 0.15595 0.383462 0.180009
-52.2050 -47.0010 0.5920 -0.97619 -0.14497 0.16133 0.387096 0.187477
-52.5120 -45.8180 -0.3990 -0.98594 -0.13033 0.10454 0.384006 0.193378
-52.4370 -45.5300 0.5970 -0.97887 -0.13582 0.15287 0.388410 0.193714
-44.3870 -72.7540 -6.2050 -0.86077 -0.46099 -0.21577 0.315003 0.086723
-44.6820 -71.6820 -7.1670 -0.83059 -0.44161 -0.33927 0.314172 0.092966
-43.9720 -73.1310 -6.9140 -0.86211 -0.39685 -0.31509 0.310937 0.086381
-26.3690 -14.0160 -15.1120 0.39955 -0.01674 -0.91656 0.242430 0.349903
-44.9190 -72.0790 -5.1980 -0.87074 -0.48107 -0.10191 0.320943 0.087779
-44.2380 -73.2600 -5.7080 -0.89552 -0.42251 -0.13973 0.315528 0.083642
-45.2850 -71.1390 -6.0570 -0.87132 -0.43944 -0.21841 0.320257 0.093418
-26.1430 -44.4710 -15.7610 0.42624 0.05618 -0.90286 0.230400 0.223231
-45.6650 -70.7920 -5.0680 -0.88844 -0.44552 -0.11042 0.325169 0.093251
-51.8160 -48.4710 1.5060 -0.96502 -0.14601 0.21778 0.389555 0.180338
-44.5900 -72.7590 -4.3520 -0.88460 -0.46575 -0.02390 0.322200 0.083102
-26.9120 -43.0850 -16.0210 0.39392 0.04674 -0.91795 0.233951 0.228577
-45.8200 -70.5940 -3.4270 -0.88510 -0.46398 0.03639 0.331984 0.091029
-51.3140 -48.1450 3.5350 -0.94135 -0.15267 0.30093 0.398596 0.179715
-44.7310 -72.4380 -3.0190 -0.87847 -0.47324 0.06584 0.328174 0.081790
-45.1370 -71.4380 -1.8320 -0.86249 -0.49168 0.11984 0.335515 0.083767
-28.3860 -11.6460 -15.9430 0.33027 -0.01389 -0.94379 0.253356 0.357958
-46.3080 -69.5070 -2.8570 -0.90809 -0.41471 0.05814 0.337025 0.094730
-45.9090 -70.1020 -1.8880 -0.88482 -0.45525 0.09914 0.339083 0.090108
-52.0450 -46.4770 1.7910 -0.96156 -0.14375 0.23396 0.392642 0.188577
-45.6330 -70.4700 -1.0770 -0.85659 -0.48643 0.17216 0.341138 0.086809
-46.3110 -69.1350 -1.4420 -0.90213 -0.41882 0.10366 0.343339 0.093562
-26.3090 -22.1970 -15.0910 0.42401 0.01704 -0.90550 0.237001 0.315690
-52.7530 -44.6160 -1.5020 -0.99149 -0.12827 0.02218 0.380465 0.199376
-44.8820 -70.9540 -7.5770 -0.82910 -0.39389 -0.39680 0.314435 0.096670
-29.9190 -40.6680 -16.9830 0.26202 0.04368 -0.96407 0.247465 0.237012
-30.4540 -38.9470 -17.0310 0.26055 0.03444 -0.96485 0.250014 0.243789
-45.7410 -70.1910 -6.0160 -0.89332 -0.38190 -0.23694 0.322936 0.097366
-25.1540 -20.6740 -14.5140 0.44784 0.00733 -0.89408 0.232416 0.322958
-53.0080 -42.7400 -1.8250 -0.99258 -0.11856 -0.02684 0.380645 0.207436
-45.7250 -69.2180 -7.2260 -0.87122 -0.32570 -0.36727 0.320231 0.103269
-25.0260 -22.9750 -14.4680 0.46327 0.02316 -0.88592 0.230581 0.313371
-45.7380 -67.2650 -8.5260 -0.82981 -0.27985 -0.48280 0.318645 0.113070
-28.8470 -40.3930 -16.6430 0.31518 0.04703 -0.94787 0.242850 0.238682
-23.7080 -22.2830 -13.7380 0.49639 0.00857 -0.86806 0.224594 0.317254
-46.7770 -66.7070 -6.7570 -0.88353 -0.31326 -0.34821 0.327828 0.112899
-52.7780 -43.2980 -0.0840 -0.98593 -0.12502 0.11092 0.387456 0.203656
-46.3850 -68.6380 -5.9220 -0.90477 -0.34427 -0.25075 0.327106 0.103715
-46.2920 -69.5650 -4.4450 -0.91305 -0.39982 -0.08054 0.330792 0.097416
-46.6760 -68.4630 -4.9210 -0.91707 -0.36288 -0.16522 0.331600 0.102886
-31.4080 -37.5330 -17.2550 0.23655 0.01967 -0.97142 0.254409 0.249055
-52.4210 -44.0840 1.7200 -0.96817 -0.13130 0.21308 0.394372 0.198837
-25.3260 -17.4500 -14.5570 0.42994 -0.00042 -0.90286 0.235124 0.336401
-29.8500 -36.5200 -16.8080 0.28762 0.02453 -0.95743 0.247908 0.254056
-28.2100 -38.1900 -16.3190 0.33127 0.03386 -0.94293 0.240369 0.248064
-46.3050 -64.4880 -9.0730 -0.80590 -0.27324 -0.52522 0.321656 0.125057
-50.9600 -46.8340 5.1190 -0.92241 -0.14892 0.35635 0.406797 0.183887
-23.8400 -19.7530 -13.8330 0.47807 -0.00153 -0.87832 0.226726 0.327854
-27.5310 -39.6390 -16.1200 0.37054 0.04033 -0.92794 0.237112 0.242451
-27.7970 -41.9880 -16.3370 0.35736 0.03877 -0.93316 0.238025 0.232655
-51.5280 -45.2800 4.2150 -0.93944 -0.14058 0.31257 0.404167 0.191475
-47.1000 -65.0020 -7.4080 -0.86075 -0.29580 -0.41426 0.328528 0.120807
-22.6050 -22.1560 -13.0660 0.55309 -0.00547 -0.83310 0.219212 0.318602
-22.9970 -24.2750 -13.3640 0.54099 0.01160 -0.84095 0.220170 0.309311
-26.2810 -40.8080 -15.6560 0.41838 0.04155 -0.90732 0.231345 0.238246
-47.7310 -64.7800 -6.0250 -0.90251 -0.31044 -0.29851 0.335098 0.119901
-24.9850 -42.3940 -15.0660 0.46432 0.04108 -0.88471 0.225144 0.232318
-22.7040 -20.7390 -13.1630 0.53899 -0.01143 -0.84223 0.220584 0.324542
-50.2090 -47.8630 6.5650 -0.90005 -0.15408 0.40763 0.412353 0.177992
-47.3850 -63.9520 -7.5730 -0.85717 -0.29017 -0.42551 0.329891 0.125340
-47.3620 -62.3440 -8.5780 -0.83322 -0.25765 -0.48925 0.328240 0.133157
-21.6400 -23.0900 -12.3710 0.63451 -0.00071 -0.77291 0.213676 0.315352
-21.8360 -24.6690 -12.5740 0.62826 0.00438 -0.77799 0.214046 0.308461
-21.5360 -21.0930 -12.3350 0.63280 -0.02319 -0.77397 0.214330 0.323944
-20.8490 -22.3150 -11.6510 0.75939 -0.03805 -0.64952 0.209559 0.319292
-47.0420 -67.2130 -5.3560 -0.91697 -0.33096 -0.22278 0.332676 0.108780
-52.6450 -42.5270 1.6850 -0.96950 -0.14505 0.19754 0.395471 0.205449
-51.8460 -44.0850 3.7480 -0.94749 -0.14123 0.28692 0.403149 0.197030
-47.1110 -67.6660 -3.9980 -0.92888 -0.36500 -0.06285 0.337196 0.104779
-47.9350 -65.1070 -4.8080 -0.92660 -0.33251 -0.17561 0.339542 0.116845
-26.2090 -39.0090 -15.5150 0.42617 0.03194 -0.90408 0.231184 0.245714
-48.1140 -65.1110 -3.1980 -0.93651 -0.34854 -0.03839 0.346073 0.114403
-24.7140 -39.1220 -14.7830 0.47873 0.03646 -0.87721 0.224194 0.245985
-22.8840 -18.7230 -13.2830 0.52464 -0.00917 -0.85127 0.222698 0.332978
-52.1050 -41.7470 4.1190 -0.94138 -0.15621 0.29899 0.406544 0.206750
-52.9160 -40.0490 2.2180 -0.96481 -0.14794 0.21739 0.399514 0.215505
-21.6610 -18.1300 -12.4880 0.59755 -0.02538 -0.80143 0.216901 0.336492
-21.4330 -19.7020 -12.3070 0.63284 -0.01494 -0.77414 0.214720 0.329957
-46.9150 -68.0130 -2.3460 -0.91575 -0.39769 0.05691 0.342734 0.100305
-20.6490 -20.4840 -11.5120 0.76620 -0.03014 -0.64189 0.209559 0.327289
-20.6950 -18.9040 -11.6140 0.73301 -0.03877 -0.67912 0.210898 0.334018
-51.5760 -43.5560 4.7930 -0.93023 -0.14322 0.33787 0.408164 0.198406
-50.7980 -45.4950 6.0560 -0.91146 -0.14586 0.38465 0.412201 0.188866
-47.1700 -67.2470 -1.2300 -0.91635 -0.38699 0.10266 0.348964 0.101675
-51.2020 -42.8130 6.0740 -0.91580 -0.15409 0.37091 0.414475 0.200524
-47.6450 -66.2550 -2.1370 -0.92712 -0.37104 0.05276 0.347748 0.107659
-22.7340 -45.5630 -13.8900 0.55240 0.05441 -0.83180 0.214199 0.220200
-48.0720 -62.7660 -6.8770 -0.89032 -0.27297 -0.36444 0.335263 0.129339
-48.0930 -61.3910 -7.7070 -0.87021 -0.23888 -0.43089 0.333920 0.136012
-48.4650 -63.2840 -5.2240 -0.92348 -0.29669 -0.24323 0.341433 0.125078
-23.8080 -16.9910 -13.8250 0.46463 -0.01087 -0.88544 0.228320 0.339568
-24.1210 -44.1280 -14.6960 0.50050 0.05127 -0.86422 0.221013 0.225545
-49.4390 -46.9730 8.3160 -0.84770 -0.15971 0.50586 0.421467 0.180185
-22.4900 -16.6560 -13.0830 0.52939 -0.02282 -0.84807 0.222154 0.342078
-48.5320 -63.6650 -4.2840 -0.93814 -0.31881 -0.13509 0.344613 0.122202
-24.7260 -15.3920 -14.3020 0.43555 -0.02105 -0.89992 0.233755 0.345556
-48.7070 -63.4620 -2.9440 -0.94463 -0.32720 -0.02501 0.350459 0.121104
-42.6810 -58.7820 10.0140 -0.35478 -0.21228 0.91053 0.028207 0.149430
-49.0600 -62.2170 -3.8930 -0.94476 -0.30336 -0.12410 0.348926 0.127815
-43.0270 -57.3170 10.2040 -0.35199 -0.19857 0.91470 0.025211 0.155492
-21.9630 -43.6770 -13.2910 0.62128 0.04493 -0.78230 0.210413 0.228308
-23.5110 -42.9170 -14.2580 0.52768 0.04728 -0.84812 0.218084 0.230811
-41.5670 -58.5840 10.4380 -0.28933 -0.20173 0.93573 0.032677 0.151956
-23.0550 -15.7220 -13.4440 0.49233 -0.02448 -0.87007 0.225609 0.345574
-43.6530 -55.5730 10.3410 -0.35893 -0.18615 0.91461 0.020763 0.162432
-38.4430 -80.9860 -9.8600 -0.67920 -0.42132 -0.60098 0.271966 0.060702
-21.8860 -45.8500 -13.3230 0.62247 0.06038 -0.78031 0.209951 0.219349
-21.2180 -47.1880 -12.8550 0.76221 0.06349 -0.64421 0.206461 0.214082
-39.3490 -79.3480 -9.8790 -0.70880 -0.36100 -0.60604 0.277929 0.067019
-38.4240 -79.6050 -10.7120 -0.68414 -0.34532 -0.64243 0.272539 0.067848
-21.2190 -16.8050 -12.2130 0.62217 -0.04269 -0.78172 0.215556 0.342525
-41.4890 -56.4420 10.8810 -0.28117 -0.17483 0.94360 0.030820 0.161639
-39.4270 -78.1340 -10.4330 -0.68441 -0.32555 -0.65238 0.278989 0.072814
-21.0680 -23.8110 -11.8360 0.75394 -0.01219 -0.65683 0.209978 0.312730
-39.6570 -80.2530 -8.8840 -0.73971 -0.40738 -0.53560 0.279684 0.061436
-20.3370 -22.9890 -10.8210 0.86688 -0.05158 -0.49585 0.205079 0.316934
-21.3770 -45.1080 -12.7900 0.74170 0.05455 -0.66850 0.207010 0.222653
-40.5150 -57.2020 11.0090 -0.24282 -0.17882 0.95345 0.035645 0.159554
-40.5340 -79.8500 -7.8770 -0.81332 -0.40632 -0.41642 0.285918 0.061038
-37.6620 -59.8600 11.1210 -0.18236 -0.21178 0.96015 0.050016 0.151344
-20.2400 -21.8280 -10.8260 0.86651 -0.05792 -0.49578 0.205470 0.321958
-20.9660 -46.0500 -12.3880 0.82391 0.06452 -0.56304 0.204497 0.218958
-20.5600 -45.4530 -11.6270 0.89405 0.05437 -0.44465 0.201045 0.221721
-20.1940 -19.2040 -10.9110 0.83991 -0.06572 -0.53873 0.207054 0.333236
-38.4380 -57.9740 11.3350 -0.20083 -0.17785 0.96335 0.044967 0.158716
-40.6550 -77.7960 -9.1530 -0.77107 -0.34285 -0.53658 0.286725 0.071593
-19.9720 -44.9360 -10.1370 0.93788 0.05313 -0.34288 0.194528 0.224408
-39.2660 -76.3730 -11.4270 -0.67091 -0.27812 -0.68741 0.278847 0.081538
-39.7700 -74.8190 -11.4320 -0.64560 -0.34585 -0.68087 0.282688 0.087523
-38.7540 -74.8520 -12.3710 -0.62940 -0.28652 -0.72234 0.277057 0.089273
-41.2710 -14.6190 -17.8820 -0.13275 0.04031 -0.99033 0.305870 0.334700
-20.8340 -44.0870 -11.9730 0.85839 0.04851 -0.51070 0.203119 0.227216
-39.0570 -56.6340 11.4370 -0.20680 -0.16740 0.96396 0.041118 0.163883
-37.4470 -56.3050 11.8240 -0.17822 -0.16122 0.97069 0.047461 0.167224
-40.2380 -76.9710 -10.1280 -0.72040 -0.30451 -0.62313 0.284248 0.076698
-21.3450 -43.6230 -12.6930 0.76709 0.04643 -0.63986 0.206860 0.228825
-40.4630 -13.3100 -17.9160 -0.06266 0.03832 -0.99730 0.303404 0.340560
-41.7470 -54.5040 11.1490 -0.27777 -0.16355 0.94662 0.027840 0.169982
-43.3800 -52.7290 10.9720 -0.30915 -0.19676 0.93044 0.019239 0.175787
-42.1480 -13.1690 -17.6840 -0.22460 0.05406 -0.97295 0.310544 0.339680
-41.0680 -75.4780 -9.8300 -0.70114 -0.34599 -0.62345 0.290018 0.081964
-41.1750 -73.9230 -10.7220 -0.67453 -0.35961 -0.64474 0.290262 0.089710
-40.3510 -73.7600 -11.6500 -0.62954 -0.36282 -0.68705 0.285478 0.092033
-20.3140 -44.2740 -10.9270 0.91871 0.05012 -0.39173 0.198232 0.226861
-40.3190 -55.3050 11.3930 -0.22933 -0.16656 0.95899 0.034616 0.168249
-38.4580 -78.0440 -11.3650 -0.67434 -0.29085 -0.67873 0.273798 0.075142
-39.0160 -11.1660 -17.8630 0.00355 0.03193 -0.99948 0.298969 0.350335
-40.5170 -54.0730 11.5610 -0.23379 -0.15606 0.95968 0.032658 0.173517
-40.9510 -11.4310 -17.7790 -0.10073 0.04534 -0.99388 0.306817 0.347561
-38.6290 -54.9010 11.8170 -0.19011 -0.16040 0.96857 0.041285 0.172059
-39.1320 -53.9130 11.8670 -0.19996 -0.14776 0.96860 0.038309 0.175857
-37.4890 -55.0300 11.9770 -0.19572 -0.15277 0.96869 0.046120 0.172742
-40.4720 -52.2600 11.8540 -0.21879 -0.17755 0.95948 0.031257 0.181715
-37.3980 -53.6180 12.2870 -0.17851 -0.15895 0.97101 0.045337 0.179136
-21.9390 -41.8250 -13.1370 0.65526 0.06284 -0.75278 0.210222 0.236038
-41.1620 -78.6630 -7.5880 -0.84566 -0.36043 -0.39363 0.291012 0.065130
-41.8900 -76.3610 -8.1050 -0.80839 -0.38470 -0.44555 0.295965 0.075284
-34.3540 -60.0900 11.5390 -0.13051 -0.20705 0.96959 0.063572 0.154025
-42.2320 -76.8730 -6.8800 -0.85225 -0.41101 -0.32363 0.299760 0.070904
-39.5970 -9.6880 -17.7960 -0.04213 0.04069 -0.99828 0.302546 0.355663
-41.3660 -79.1430 -6.5340 -0.88251 -0.39744 -0.25145 0.293835 0.061105
-41.5140 -79.2420 -5.4860 -0.90954 -0.40876 -0.07517 0.297455 0.058443
-42.1790 -77.5550 -5.9440 -0.89851 -0.41239 -0.15040 0.301326 0.066237
-42.0410 -78.0200 -4.7100 -0.91398 -0.40569 0.00737 0.304352 0.061515
-23.9440 -40.7980 -14.4160 0.52072 0.03846 -0.85286 0.220319 0.239407
-33.3540 -60.6480 11.5640 -0.10553 -0.20756 0.97251 0.068124 0.152693
-36.5400 -10.1770 -17.7170 0.08475 0.02037 -0.99619 0.289447 0.356520
-42.5600 -76.9130 -5.2310 -0.89398 -0.44667 -0.03581 0.306131 0.067313
-42.8210 -76.2600 -6.0040 -0.87428 -0.45566 -0.16733 0.305349 0.071743
-23.1920 -39.2230 -13.8760 0.54748 0.03171 -0.83622 0.216758 0.246306
-31.4270 -61.6070 11.4710 -0.01516 -0.20053 0.97957 0.076718 0.150469
-32.2210 -59.7150 11.8280 -0.04098 -0.18904 0.98111 0.071779 0.157848
-30.3810 -60.0710 11.7590 0.09370 -0.17611 0.97990 0.079470 0.157986
-22.0370 -40.6960 -13.1180 0.63036 0.04542 -0.77497 0.210695 0.240706
-21.6350 -40.6290 -12.7230 0.73619 0.02856 -0.67617 0.208347 0.241198
-31.3790 -58.7100 12.0280 0.01304 -0.18173 0.98326 0.074265 0.162941
-36.0780 -59.4530 11.4430 -0.13305 -0.19969 0.97078 0.056008 0.154929
-36.9820 -58.2520 11.5690 -0.15679 -0.18409 0.97032 0.051194 0.159206
-42.8800 -75.1160 -7.5270 -0.81504 -0.40648 -0.41289 0.302654 0.079371
-41.9810 -74.5770 -9.4030 -0.73365 -0.38049 -0.56302 0.295365 0.084806
-41.7410 -75.7070 -8.8620 -0.76416 -0.37446 -0.52520 0.294412 0.079288
-20.7240 -42.3980 -11.6160 0.88447 0.05278 -0.46359 0.201966 0.234369
-21.1120 -41.1700 -12.1110 0.82536 0.05230 -0.56218 0.204851 0.239249
-19.6600 -45.5790 -9.3000 0.95470 0.05213 -0.29296 0.190702 0.222024
-33.7870 -58.6330 11.9040 -0.10603 -0.19093 0.97586 0.064487 0.160963
-34.9600 -57.4380 11.9910 -0.12670 -0.18727 0.97410 0.058648 0.164947
-42.7820 -74.0240 -8.6420 -0.79110 -0.35965 -0.49478 0.300771 0.085740
-37.7210 -8.2410 -17.7480 0.03144 0.02553 -0.99918 0.295928 0.363151
-43.5200 -74.3890 -6.8610 -0.87669 -0.37110 -0.30612 0.307734 0.081174
-43.2830 -75.1580 -6.4930 -0.87447 -0.41861 -0.24510 0.306964 0.077330
-19.5300 -42.9030 -8.4630 0.95797 0.04733 -0.28295 0.187781 0.233439
-32.4950 -58.5090 12.0330 -0.05474 -0.19161 0.97994 0.069597 0.162771
-35.6090 -7.0280 -17.5690 0.10408 0.00925 -0.99453 0.288134 0.370000
-41.3290 -8.8540 -17.6160 -0.17487 0.05258 -0.98319 0.310418 0.357357
-21.5430 -39.4110 -12.5910 0.76805 0.03695 -0.63932 0.207944 0.246341
-39.8690 -7.4270 -17.6950 -0.06003 0.03790 -0.99748 0.305535 0.364338
-20.1620 -42.7280 -10.2880 0.93565 0.05446 -0.34870 0.195875 0.233525
-39.3190 -73.8810 -12.4230 -0.60064 -0.37648 -0.70533 0.280065 0.093032
-36.8550 -54.5420 12.2080 -0.18448 -0.16164 0.96945 0.048346 0.175617
-38.3450 -5.1910 -17.6780 -0.01931 0.02467 -0.99951 0.301156 0.374638
-39.8010 -72.9250 -12.4280 -0.62494 -0.28634 -0.72626 0.282826 0.096672
-35.3710 -55.0120 12.4150 -0.14322 -0.16125 0.97647 0.054894 0.175162
-39.6210 -71.1980 -13.3260 -0.56291 -0.36539 -0.74136 0.282090 0.104893
-39.0930 -70.9750 -13.7810 -0.55288 -0.33787 -0.76168 0.279491 0.106584
-38.4680 -71.9590 -13.8890 -0.57586 -0.25872 -0.77553 0.276067 0.103119
-39.6160 -71.9880 -12.9000 -0.58519 -0.32035 -0.74494 0.282175 0.101125
-40.4040 -71.6070 -12.5050 -0.61600 -0.35301 -0.70422 0.286192 0.101851
-20.5500 -40.3160 -10.9690 0.91415 0.04201 -0.40319 0.199728 0.243305
-19.8330 -41.2000 -9.1120 0.94684 0.05070 -0.31769 0.191165 0.240340
-35.1710 -52.9610 12.7290 -0.13624 -0.14792 0.97957 0.054077 0.184304
-33.2350 -55.4900 12.5660 -0.08105 -0.16999 0.98211 0.064040 0.175171
-41.1530 -72.1680 -11.4880 -0.66899 -0.31386 -0.67375 0.290501 0.097887
-21.0130 -38.9590 -11.7640 0.86001 0.03555 -0.50903 0.203943 0.248622
-34.4610 -9.4920 -17.4530 0.14930 0.00983 -0.98874 0.281265 0.361182
-32.7830 -57.0120 12.3250 -0.06774 -0.18700 0.98002 0.067142 0.168998
-31.6250 -57.3960 12.2860 0.01818 -0.18065 0.98338 0.072150 0.168396
-30.0320 -58.3950 12.0070 0.16590 -0.16144 0.97284 0.079437 0.165419
-30.0480 -56.5580 12.3050 0.17456 -0.16355 0.97097 0.077902 0.173262
-32.4980 -9.1720 -17.0970 0.20088 -0.00061 -0.97962 0.273203 0.364310
-31.0840 -55.7180 12.5490 0.06218 -0.16867 0.98371 0.073002 0.176064
-32.2590 -55.8990 12.5420 -0.01676 -0.16931 0.98542 0.068355 0.174286
-38.5090 -70.5990 -14.4220 -0.50004 -0.32293 -0.80354 0.276466 0.109194
-39.2530 -69.7520 -14.3030 -0.53172 -0.31658 -0.78553 0.280151 0.112111
-40.4790 -69.3430 -13.5840 -0.62079 -0.26818 -0.73668 0.286327 0.112388
-20.1920 -39.1470 -9.8820 0.94296 0.03271 -0.33128 0.195247 0.248640
-30.1050 -54.4460 12.6670 0.16987 -0.16408 0.97171 0.076058 0.182285
-29.1820 -55.2540 12.2840 0.36709 -0.13931 0.91970 0.080572 0.179422
-19.4860 -39.6110 -7.7290 0.96031 0.03355 -0.27690 0.185583 0.247469
-31.7850 -53.9570 12.8840 0.01262 -0.15256 0.98821 0.068785 0.183098
-38.9910 -68.4770 -14.8980 -0.49780 -0.26794 -0.82487 0.279192 0.117987
-19.0860 -41.4890 -6.4910 0.97303 0.03760 -0.22760 0.179663 0.239968
-33.0170 -53.1520 12.9550 -0.06843 -0.14656 0.98683 0.063125 0.185520
-33.5980 -51.1700 13.1970 -0.08565 -0.14963 0.98503 0.059345 0.193623
-39.9120 -4.5810 -17.5640 -0.10824 0.04102 -0.99328 0.308230 0.375487
-29.4270 -53.6820 12.6180 0.35924 -0.13054 0.92407 0.078397 0.186014
-18.9220 -39.6390 -5.5700 0.97751 0.01987 -0.20995 0.176173 0.248017
-31.5670 -52.7140 13.0410 0.01782 -0.14489 0.98929 0.068802 0.188624
-36.9410 -4.0590 -17.6490 0.03662 0.00599 -0.99931 0.296351 0.380510
-36.7420 -5.4820 -17.6520 0.05568 0.01239 -0.99837 0.294230 0.375059
-30.1840 -53.1460 12.9080 0.17488 -0.14468 0.97390 0.074796 0.187830
-42.0530 -77.8650 -3.4990 -0.90189 -0.42507 0.07688 0.309244 0.059199
-30.5420 -51.2400 13.2320 0.13102 -0.12818 0.98306 0.072057 0.195782
-35.1210 -4.5290 -17.5070 0.10948 -0.00307 -0.99398 0.288311 0.380482
-43.0870 -75.8680 -3.2640 -0.89302 -0.44307 0.07876 0.316830 0.067319
-43.4870 -75.0350 -5.6850 -0.90393 -0.41746 -0.09296 0.310483 0.076237
-31.7730 -50.9110 13.3220 -0.00336 -0.14239 0.98980 0.066744 0.196277
-29.2610 -52.2270 12.7210 0.41354 -0.11591 0.90308 0.078239 0.192336
-32.8170 -34.3340 -17.5100 0.20027 0.01104 -0.97968 0.261211 0.261314
-29.8250 -51.3410 13.0620 0.28395 -0.11008 0.95250 0.075173 0.195811
-42.4800 -76.5730 -1.8290 -0.87940 -0.44581 0.16708 0.319739 0.060640
-41.8990 -77.7150 -1.8540 -0.89064 -0.43555 0.13060 0.315564 0.055552
-41.8990 -77.7150 -1.8540 -0.85595 -0.45629 0.24322 0.047708 0.048006
-38.3830 -3.2400 -17.6370 -0.03939 0.01744 -0.99907 0.303113 0.382292
-29.3830 -50.1830 13.0400 0.38886 -0.10572 0.91521 0.076451 0.201047
-28.0790 -51.2870 12.1520 0.51248 -0.09966 0.85290 0.083361 0.196991
-37.5320 -2.2220 -17.6390 -0.00413 0.00866 -0.99995 0.300544 0.387182
-29.4970 -48.7250 13.2370 0.38932 -0.08722 0.91696 0.075165 0.207250
-27.7580 -48.6960 12.2900 0.51026 -0.09647 0.85459 0.083451 0.208269
-46.9930 -31.1240 -15.0740 -0.69284 -0.03770 -0.72011 0.325161 0.264637
-33.8400 -6.8940 -17.3380 0.15438 0.00288 -0.98801 0.280819 0.372249
-41.4870 -77.7650 -0.5120 -0.85999 -0.43943 0.25946 0.051613 0.052544
-43.3680 -30.8760 -17.7560 -0.37244 -0.00638 -0.92803 0.306514 0.268641
-47.5420 -30.2250 -14.6500 -0.71309 -0.02987 -0.70044 0.328352 0.267758
-42.1530 -77.0610 -1.3330 -0.83929 -0.46454 0.28250 0.046244 0.051676
-42.1530 -77.0610 -1.3330 -0.89091 -0.41912 0.17500 0.319969 0.057309
-46.4650 -29.7180 -15.6990 -0.67871 -0.01252 -0.73430 0.322352 0.270768
-47.1290 -28.7620 -15.0130 -0.68943 -0.00159 -0.72435 0.326656 0.273926
-45.7780 -27.7680 -16.3000 -0.62911 0.00174 -0.77731 0.319344 0.279115
-45.5900 -29.6690 -16.4550 -0.62125 -0.02020 -0.78335 0.317608 0.271736
-32.1820 -7.1150 -17.0410 0.19862 -0.00367 -0.98007 0.273602 0.372967
-42.2130 -30.5650 -18.0980 -0.18406 0.00423 -0.98291 0.301648 0.270659
-33.2930 -4.8370 -17.2450 0.16799 -0.00517 -0.98578 0.280343 0.381076
-45.8580 -26.3480 -16.2390 -0.61424 0.00143 -0.78912 0.320315 0.284667
-44.8600 -26.7340 -16.9330 -0.53724 0.01075 -0.84336 0.315136 0.283953
-42.8780 -28.5380 -17.9070 -0.28121 0.01790 -0.95948 0.305272 0.278280
-47.0100 -27.0050 -15.2140 -0.68661 -0.01520 -0.72687 0.326421 0.281042
-43.9870 -74.0130 -4.1740 -0.90310 -0.42941 0.00451 0.319181 0.077314
-44.5840 -25.3620 -17.0980 -0.50809 0.01229 -0.86122 0.314363 0.289609
-45.6670 -24.4480 -16.3610 -0.58661 0.00765 -0.80983 0.320164 0.292339
-46.4930 -25.5900 -15.6980 -0.66435 -0.00004 -0.74742 0.324069 0.287111
-39.7280 -32.4220 -18.2330 0.01128 -0.00009 -0.99994 0.290702 0.264833
-44.5130 -22.8950 -17.0910 -0.49482 0.02138 -0.86873 0.315189 0.299421
-43.3410 -22.1930 -17.6340 -0.35144 0.02378 -0.93591 0.310173 0.303112
-43.7030 -23.7210 -17.5170 -0.39674 0.02262 -0.91765 0.311035 0.296787
-43.9540 -21.7200 -17.3580 -0.43677 0.02585 -0.89920 0.313174 0.304509
-45.2340 -21.6230 -16.6030 -0.55053 0.02718 -0.83438 0.319366 0.303848
-44.4260 -20.6130 -17.0630 -0.49635 0.03320 -0.86749 0.316011 0.308495
-33.6350 -3.2170 -17.3300 0.15202 -0.01644 -0.98824 0.283311 0.387247
-43.7600 -74.2650 -2.7250 -0.89107 -0.43973 0.11237 0.323768 0.073005
-43.6230 -19.7680 -17.4430 -0.39895 0.02978 -0.91649 0.312764 0.312475
-42.5000 -19.0210 -17.8290 -0.24824 0.02509 -0.96837 0.308249 0.316312
-42.8410 -20.6760 -17.7480 -0.28789 0.02651 -0.95729 0.308820 0.309498
-37.4320 -33.0770 -18.1180 0.07591 0.00042 -0.99711 0.280957 0.263635
-49.8330 -38.9800 -10.9570 -0.84065 -0.07637 -0.53617 0.342478 0.229820
-50.6960 -39.8520 -9.3550 -0.86963 -0.08652 -0.48607 0.349538 0.224997
-51.0040 -36.9210 -9.2840 -0.87072 -0.06655 -0.48726 0.351831 0.236687
-42.8390 -75.6010 -1.1240 -0.86698 -0.44638 0.22156 0.325520 0.063301
-31.2540 -4.7270 -16.8490 0.21337 -0.01040 -0.97692 0.271771 0.383591
-51.6040 -39.1950 -7.7820 -0.89678 -0.08845 -0.43354 0.357353 0.226392
-51.5490 -41.2570 -7.4140 -0.90592 -0.09788 -0.41198 0.357529 0.217778
-52.2530 -39.3750 -6.2130 -0.92506 -0.09608 -0.36746 0.364261 0.224471
-30.6010 -6.6200 -16.6900 0.24152 -0.01016 -0.97034 0.267272 0.376526
-38.1140 -30.0510 -18.1690 0.05598 -0.00127 -0.99843 0.284835 0.275402
-41.0740 -77.7910 0.7900 -0.83835 -0.44581 0.31372 0.055345 0.056970
-41.9030 -76.4240 0.5410 -0.84945 -0.44078 0.29007 0.048795 0.060057
-41.1010 -31.6530 -18.1980 -0.06104 0.00025 -0.99814 0.296644 0.267042
-52.4610 -37.5280 -6.1710 -0.92664 -0.08433 -0.36637 0.365708 0.231913
-40.6620 -77.6610 1.9150 -0.77275 -0.43950 0.45792 0.058276 0.061177
-52.9400 -37.9500 -4.7240 -0.94417 -0.08460 -0.31842 0.371783 0.229185
-52.7270 -40.3570 -4.6790 -0.94183 -0.11158 -0.31702 0.370343 0.219363
-39.9420 -30.4320 -18.2240 0.00237 0.00384 -0.99999 0.292286 0.272680
-42.2980 -76.4560 -0.9060 -0.85578 -0.44412 0.26533 0.044953 0.054894
-42.2980 -76.4560 -0.9060 -0.86323 -0.44316 0.24176 0.323601 0.058811
-52.1950 -36.3850 -7.0110 -0.90663 -0.07067 -0.41596 0.362658 0.237130
-42.8660 -74.8110 0.0670 -0.86387 -0.43125 0.26029 0.332429 0.063752
-42.8660 -74.8110 0.0670 -0.84751 -0.43932 0.29788 0.040719 0.063196
-41.0160 -29.1140 -18.1990 -0.05472 0.00787 -0.99847 0.297237 0.277242
-52.7960 -35.1500 -5.7920 -0.93566 -0.06639 -0.34659 0.368848 0.241244
-30.4480 -11.0350 -16.5840 0.27359 -0.00928 -0.96180 0.262882 0.358605
-49.8950 -35.4310 -11.2800 -0.83131 -0.05101 -0.55346 0.343116 0.244234
-41.2490 -76.6250 1.9290 -0.79556 -0.43524 0.42149 0.053860 0.064198
-49.9660 -33.4800 -11.3030 -0.82823 -0.04038 -0.55893 0.344039 0.252021
-30.7160 -9.2090 -16.6890 0.25180 -0.01196 -0.96771 0.265534 0.365839
-50.5530 -34.3880 -10.3210 -0.85275 -0.04928 -0.51999 0.348354 0.247623
-41.6110 -27.2070 -18.1290 -0.11254 0.01548 -0.99353 0.300471 0.284441
-51.6420 -34.6330 -8.4070 -0.88370 -0.05639 -0.46465 0.357311 0.245182
-50.9210 -32.7740 -9.8720 -0.85879 -0.04137 -0.51066 0.351422 0.253709
-28.9980 -9.4890 -16.1800 0.30452 -0.01851 -0.95233 0.257819 0.366304
-44.3010 -73.0580 -1.9950 -0.86849 -0.47408 0.14479 0.330147 0.076778
-43.9390 -73.3830 -1.2010 -0.85984 -0.46494 0.21094 0.332078 0.073351
-29.1170 -7.8770 -16.2580 0.30165 -0.01826 -0.95324 0.259724 0.372825
-44.8100 -71.6900 -0.7990 -0.84401 -0.49021 0.21759 0.338653 0.080283
-49.3170 -32.2230 -12.3160 -0.81079 -0.03192 -0.58446 0.339617 0.257845
-39.8720 -27.5260 -18.2100 -0.00643 0.01004 -0.99993 0.293123 0.284362
-26.7610 -11.8730 -15.3100 0.38247 -0.01921 -0.92377 0.245855 0.358497
-48.5040 -31.5520 -13.4550 -0.78628 -0.03323 -0.61698 0.334136 0.261459
-48.3870 -30.1130 -13.6890 -0.77943 -0.03026 -0.62575 0.333663 0.267349
-49.4230 -30.9560 -12.2040 -0.81317 -0.02640 -0.58143 0.340771 0.262786
-37.6330 -28.1880 -18.1460 0.06683 -0.00013 -0.99776 0.283563 0.283211
-36.5410 -29.4860 -18.0450 0.10378 -0.00055 -0.99460 0.278496 0.278696
-24.9520 -11.6880 -14.5030 0.42039 -0.02910 -0.90688 0.237673 0.360932
-50.1430 -31.4630 -11.1840 -0.82968 -0.02735 -0.55757 0.345700 0.259942
-27.5160 -8.6040 -15.6800 0.35176 -0.01974 -0.93588 0.251987 0.371380
-38.2520 -26.0700 -18.1720 0.04065 0.01237 -0.99910 0.287029 0.291315
-49.9410 -29.4050 -11.5370 -0.83055 -0.02383 -0.55643 0.344882 0.268407
-49.3130 -29.0300 -12.5130 -0.81533 -0.02558 -0.57843 0.340263 0.270655
-25.2910 -9.0800 -14.7610 0.40084 -0.02896 -0.91569 0.241499 0.371543
-44.5200 -31.2000 -17.1560 -0.50864 -0.01815 -0.86079 0.311761 0.266499
-52.5590 -34.1410 -6.5720 -0.91810 -0.05766 -0.39213 0.365981 0.245838
-52.0730 -31.8690 -7.8460 -0.89067 -0.04314 -0.45261 0.361400 0.255835
-44.8780 -30.1780 -16.9570 -0.54214 -0.01331 -0.84018 0.313824 0.270289
-43.7840 -29.8060 -17.5770 -0.42740 0.00171 -0.90406 0.308773 0.272596
-33.1030 -79.3230 5.6130 -0.18835 -0.38871 0.90190 0.093499 0.071966
-50.9890 -29.6870 -9.9420 -0.85243 -0.02780 -0.52211 0.352622 0.266051
-44.8260 -28.3730 -17.0020 -0.53291 0.01035 -0.84611 0.314226 0.277499
-29.7220 -5.3760 -16.4730 0.26850 -0.01224 -0.96320 0.264592 0.382491
-40.6590 -64.8400 -14.9570 -0.57208 -0.22186 -0.78962 0.287907 0.131875
-39.6730 -65.9760 -15.2540 -0.49227 -0.23382 -0.83845 0.282959 0.128043
-38.9740 -64.1550 -16.1210 -0.42381 -0.20495 -0.88226 0.280124 0.136455
-27.8680 -4.9270 -15.8950 0.33079 -0.02376 -0.94340 0.256876 0.386225
-40.2090 -63.2950 -15.6300 -0.52199 -0.20485 -0.82799 0.286067 0.138897
-39.6300 -62.2180 -16.2150 -0.45425 -0.20058 -0.86800 0.283572 0.143983
-51.9480 -28.7170 -8.3310 -0.88495 -0.02532 -0.46500 0.360746 0.268739
-52.8520 -31.4710 -6.2150 -0.92156 -0.04361 -0.38579 0.369018 0.256307
-52.6160 -30.4410 -6.8750 -0.91085 -0.03230 -0.41146 0.366591 0.260865
-50.8960 -27.7310 -10.2070 -0.84631 -0.02148 -0.53225 0.352306 0.274007
-41.5590 -63.1160 -14.6960 -0.59612 -0.23895 -0.76652 0.292875 0.138147
-40.7840 -62.1400 -15.5420 -0.53393 -0.22474 -0.81512 0.289050 0.143201
-43.8380 -27.2660 -17.5190 -0.41569 0.01560 -0.90937 0.310044 0.282638
-42.6270 -26.6640 -17.9410 -0.25170 0.01170 -0.96773 0.304979 0.285897
-53.4580 -39.3160 -1.7650 -0.99106 -0.12265 -0.05255 0.383425 0.221560
-53.3120 -38.1710 -3.4600 -0.97002 -0.09510 -0.22365 0.377100 0.227421
-53.1500 -39.2700 -3.6780 -0.96673 -0.10271 -0.23426 0.375444 0.223085
-41.9790 -62.2100 -14.7030 -0.59069 -0.25271 -0.76631 0.294934 0.141669
-53.7020 -37.1290 -1.6680 -0.99287 -0.09921 -0.06614 0.385275 0.230467
-53.5030 -38.4530 -0.5500 -0.98953 -0.11705 0.08440 0.389028 0.224222
-26.6250 -6.6200 -15.3900 0.36643 -0.02364 -0.93014 0.249765 0.380487
-53.5400 -36.0960 -3.3280 -0.96766 -0.08569 -0.23726 0.378987 0.235777
-38.5890 -62.8290 -16.5680 -0.35160 -0.18791 -0.91710 0.278759 0.142309
-38.7110 -61.4930 -16.8030 -0.31371 -0.16682 -0.93475 0.279593 0.147778
-40.2390 -60.9410 -16.2090 -0.47242 -0.21232 -0.85542 0.286540 0.148833
-37.9430 -62.2270 -16.8820 -0.20590 -0.15206 -0.96669 0.276167 0.145262
-43.6050 -25.4930 -17.5970 -0.39095 0.01165 -0.92034 0.309764 0.289840
-37.5350 -60.8830 -17.1250 -0.11148 -0.11852 -0.98667 0.274877 0.151003
-39.5320 -59.9320 -16.7670 -0.35556 -0.18455 -0.91625 0.283511 0.153635
-38.4690 -59.8010 -17.1160 -0.20311 -0.14347 -0.96859 0.279015 0.154896
-39.2300 -58.6300 -17.1200 -0.27976 -0.16450 -0.94587 0.282461 0.159247
-53.7840 -35.8270 -1.9990 -0.99022 -0.09617 -0.10109 0.384713 0.236006
-41.8310 -60.9170 -15.1920 -0.57152 -0.22588 -0.78889 0.294225 0.147378
-53.3870 -33.9430 -4.3130 -0.94875 -0.06704 -0.30882 0.375992 0.245137
-53.7520 -34.7890 -2.8750 -0.97573 -0.07235 -0.20666 0.381687 0.240794
-41.9460 -25.1270 -18.0470 -0.14383 0.02096 -0.98938 0.302790 0.292495
-53.7080 -37.0650 -1.0300 -0.99292 -0.10880 0.04774 0.387945 0.230295
-40.1910 -58.7780 -16.7400 -0.41296 -0.18867 -0.89099 0.286588 0.157958
-41.4180 -59.2740 -15.9150 -0.52302 -0.21238 -0.82543 0.292280 0.154784
-53.9140 -34.9300 -0.8110 -0.99452 -0.08914 0.05465 0.390162 0.238895
-53.4410 -37.0190 1.2200 -0.98820 -0.10357 0.11287 0.397334 0.228899
-24.7200 -6.3240 -14.5940 0.40646 -0.02899 -0.91321 0.241360 0.383640
-23.8750 -7.4840 -14.1540 0.43252 -0.02759 -0.90120 0.236366 0.379621
-41.0290 -57.8000 -16.5110 -0.47638 -0.18346 -0.85989 0.290545 0.161347
-42.5940 -58.6600 -15.2690 -0.59073 -0.21388 -0.77801 0.298088 0.156245
-53.9700 -34.1950 -1.6950 -0.99522 -0.07177 -0.06623 0.386945 0.242465
-53.9960 -33.6290 -1.0130 -0.99780 -0.06262 0.02157 0.390077 0.244331
-44.3390 -63.0670 -12.1720 -0.69950 -0.26837 -0.66232 0.308226 0.134794
-43.6150 -61.5580 -13.5460 -0.65712 -0.24997 -0.71113 0.303572 0.142588
-43.0300 -63.3120 -13.3950 -0.65445 -0.25565 -0.71158 0.300692 0.135499
-23.8090 -13.7830 -13.9090 0.45320 -0.02689 -0.89100 0.230701 0.353134
-53.7210 -33.0570 1.6180 -0.98792 -0.06644 0.13997 0.401356 0.244987
-53.5640 -34.6700 2.0320 -0.98827 -0.07199 0.13469 0.402144 0.238087
-35.1260 -33.9120 -17.8950 0.12625 0.00722 -0.99197 0.271082 0.261659
-54.0130 -32.6390 -0.1410 -0.99123 -0.06678 0.11404 0.394243 0.247823
-45.5700 -61.3160 -11.6260 -0.73829 -0.25664 -0.62375 0.314946 0.141061
-53.2430 -31.9430 -5.1490 -0.94199 -0.04954 -0.33195 0.373482 0.253716
-45.1140 -59.7910 -12.6470 -0.69661 -0.23663 -0.67730 0.311966 0.148402
-45.7110 -59.4630 -12.1110 -0.74409 -0.22321 -0.62969 0.315497 0.149044
-20.1960 -17.6780 -11.1830 0.78440 -0.06460 -0.61688 0.208875 0.339722
-20.4220 -16.0780 -11.5630 0.71747 -0.05295 -0.69457 0.211678 0.346348
-21.2800 -14.5730 -12.3640 0.59728 -0.04299 -0.80088 0.217628 0.352008
-22.2110 -13.2050 -13.0480 0.51586 -0.03625 -0.85591 0.223465 0.357000
-53.6880 -32.5560 -3.6400 -0.96191 -0.06216 -0.26621 0.379677 0.250304
-53.3070 -29.8300 -5.1930 -0.94125 -0.02565 -0.33674 0.374344 0.262222
-54.0660 -30.9880 -2.6750 -0.97779 -0.05255 -0.20289 0.384646 0.256042
-19.8910 -16.3090 -10.8500 0.84436 -0.05872 -0.53255 0.207768 0.345903
-20.0660 -15.2470 -11.2170 0.78346 -0.05284 -0.61919 0.210111 0.350257
-20.2560 -13.9350 -11.5160 0.71714 -0.05587 -0.69468 0.212429 0.355696
-35.9530 -31.5190 -17.9680 0.10946 0.00225 -0.99399 0.275301 0.270851
-43.6930 -59.7840 -14.0150 -0.64336 -0.23180 -0.72963 0.303947 0.150176
-19.8100 -22.4830 -9.7690 0.92126 -0.06304 -0.38380 0.200316 0.319700
-19.6560 -19.9500 -9.8270 0.91055 -0.06573 -0.40814 0.201515 0.330662
-52.8370 -28.2400 -6.4650 -0.91988 -0.01619 -0.39187 0.369452 0.269388
-51.9820 -26.5830 -8.3780 -0.88681 -0.00844 -0.46206 0.361529 0.277251
-52.8680 -26.6800 -6.4500 -0.92257 -0.00522 -0.38579 0.370216 0.275594
-44.0100 -58.4430 -14.1790 -0.64831 -0.21325 -0.73090 0.305473 0.155655
-19.3400 -21.7770 -8.6640 0.93889 -0.06858 -0.33732 0.195543 0.323318
-19.4050 -24.4180 -8.3450 0.94406 -0.05736 -0.32473 0.193178 0.312017
-45.2590 -58.7060 -12.8880 -0.70729 -0.21765 -0.67258 0.312560 0.153000
-53.3860 -27.8250 -5.0560 -0.94175 -0.01433 -0.33602 0.375852 0.270159
-53.9620 -28.7420 -3.2370 -0.95962 -0.02065 -0.28052 0.383320 0.265404
-34.1210 -32.1320 -17.7410 0.15930 0.00518 -0.98722 0.267415 0.269499
-54.0190 -32.9810 -1.9330 -0.99041 -0.07092 -0.11859 0.386640 0.247537
-54.1070 -32.4280 -1.2180 -0.99664 -0.08186 0.00256 0.389901 0.249350
-54.2110 -31.0950 -1.1780 -0.99865 -0.05072 0.01091 0.390781 0.254724
-31.1090 -34.8450 -17.1080 0.25480 0.01625 -0.96686 0.253754 0.260216
-32.2970 -32.6280 -17.3850 0.21981 0.00844 -0.97551 0.259506 0.268584
-44.8870 -56.3060 -13.9330 -0.67855 -0.17377 -0.71370 0.310277 0.163761
-54.1770 -29.4120 -2.3570 -0.98666 -0.03112 -0.15981 0.386753 0.262202
-18.7980 -22.8370 -6.7750 0.95438 -0.06946 -0.29039 0.186704 0.319565
-53.9070 -31.5290 0.9840 -0.98931 -0.05398 0.13548 0.399547 0.251641
-43.3040 -52.5540 -15.9750 -0.61437 -0.13414 -0.77753 0.302283 0.181040
-44.5610 -52.7140 -14.8590 -0.66483 -0.12119 -0.73710 0.309024 0.179071
-44.5490 -50.3890 -15.3030 -0.66306 -0.11502 -0.73968 0.309066 0.188753
-34.4220 -30.4360 -17.7750 0.14991 0.00569 -0.98868 0.269261 0.276207
-42.7930 -50.6640 -16.6910 -0.56199 -0.11731 -0.81878 0.299819 0.189326
-18.9950 -20.1280 -8.0560 0.94195 -0.07883 -0.32636 0.193380 0.330795
-18.2620 -20.8310 -5.5070 0.96178 -0.08109 -0.26156 0.181755 0.328854
-54.2390 -29.5730 -1.1130 -0.99937 -0.03399 0.00994 0.391813 0.260832
-43.3420 -48.6170 -16.5540 -0.59778 -0.09434 -0.79609 0.302863 0.197200
-54.1870 -29.6910 -0.3890 -0.99380 -0.04269 0.10262 0.394753 0.259933
-41.9860 -57.5020 -15.9980 -0.54510 -0.18229 -0.81832 0.295104 0.161746
-41.0390 -56.5570 -16.7460 -0.46413 -0.15727 -0.87169 0.290778 0.166494
-40.3240 -55.5350 -17.2560 -0.36800 -0.14162 -0.91898 0.287751 0.171253
-40.1680 -56.9580 -17.0920 -0.37121 -0.15762 -0.91507 0.286800 0.165512
-41.5680 -54.8550 -16.7470 -0.48903 -0.14772 -0.85967 0.293499 0.173087
-35.2970 -28.6300 -17.8880 0.13267 0.00151 -0.99116 0.273613 0.282971
-33.3020 -29.2420 -17.5730 0.18287 0.00245 -0.98313 0.264960 0.281781
-54.3350 -25.0690 -2.0370 -0.98341 -0.00677 -0.18128 0.390025 0.279453
-54.2620 -27.3620 -2.2460 -0.98709 -0.01940 -0.15900 0.388176 0.270376
-54.3700 -26.0330 -1.2600 -0.99914 -0.03955 -0.01233 0.392829 0.275189
-32.8580 -30.9710 -17.4990 0.20591 0.00428 -0.97856 0.262451 0.275013
-37.3970 -59.2170 -17.3160 -0.05567 -0.11560 -0.99173 0.274772 0.157877
-38.5120 -57.7080 -17.4250 -0.13431 -0.13104 -0.98224 0.279677 0.163468
-53.6460 -26.0610 -4.3870 -0.94866 -0.00146 -0.31630 0.379543 0.276808
-37.0930 -56.6060 -17.6300 -0.00892 -0.10221 -0.99472 0.274182 0.168702
-35.8750 -58.2730 -17.4160 0.02987 -0.09840 -0.99470 0.268830 0.162496
-54.2510 -28.4310 -2.1200 -0.98984 -0.03388 -0.13810 0.388206 0.266012
-36.7300 -26.8750 -18.0670 0.10127 0.00312 -0.99485 0.280339 0.289114
-54.2920 -28.5400 -1.2750 -0.99954 -0.03045 0.00003 0.391639 0.265095
-19.7370 -17.8850 -10.3940 0.88524 -0.07595 -0.45890 0.204897 0.339344
-54.2770 -27.3180 -0.3160 -0.99685 -0.03811 0.06954 0.396161 0.269497
-39.3690 -56.9760 -17.3550 -0.24913 -0.14064 -0.95820 0.283386 0.165967
-33.8990 -27.0720 -17.6940 0.16668 0.00229 -0.98601 0.268373 0.290230
-38.6530 -56.3040 -17.5700 -0.11306 -0.11069 -0.98740 0.280587 0.169123
-39.4020 -54.9420 -17.6230 -0.18333 -0.11338 -0.97649 0.283961 0.174264
-19.3760 -15.9450 -9.8980 0.90456 -0.07979 -0.41882 0.203371 0.348088
-37.6160 -55.1510 -17.7490 -0.03644 -0.08426 -0.99578 0.276647 0.174349
-19.1240 -17.2950 -9.0650 0.92661 -0.07761 -0.36794 0.198981 0.342656
-48.0090 -28.2560 -14.1950 -0.74098 -0.01493 -0.67137 0.331807 0.275136
-40.2970 -54.5110 -17.4340 -0.34239 -0.13532 -0.92976 0.287804 0.175475
-41.4860 -53.4960 -17.0390 -0.46715 -0.14436 -0.87231 0.293271 0.178765
-39.6940 -53.0490 -17.7570 -0.17680 -0.08649 -0.98044 0.285581 0.181788
-40.6120 -52.2780 -17.6040 -0.30911 -0.10078 -0.94567 0.289583 0.184373
-39.5750 -51.4520 -17.8810 -0.12701 -0.05908 -0.99014 0.285456 0.188315
-38.5420 -53.2190 -17.8620 -0.06241 -0.07171 -0.99547 0.280844 0.181715
-30.3540 -32.5730 -16.9060 0.27450 0.00908 -0.96154 0.251172 0.269965
-48.0430 -26.4990 -14.1770 -0.74162 -0.00743 -0.67078 0.332661 0.282068
-18.5840 -17.4470 -7.5390 0.94255 -0.08751 -0.32241 0.192010 0.342766
-18.2240 -18.6670 -6.0620 0.95687 -0.09067 -0.27601 0.184963 0.338094
-35.1570 -56.0710 -17.6000 0.06699 -0.09338 -0.99337 0.266464 0.171819
-36.3590 -54.8210 -17.7720 0.02602 -0.07886 -0.99655 0.271631 0.176319
-30.3440 -30.5690 -16.8710 0.28149 0.01064 -0.95951 0.251768 0.278208
-49.1940 -26.8960 -12.7500 -0.80128 -0.03217 -0.59742 0.340057 0.279290
-31.8300 -29.5790 -17.2670 0.23546 -0.00063 -0.97188 0.258556 0.281350
-49.8840 -27.6170 -11.6700 -0.82871 -0.02660 -0.55905 0.345034 0.275593
-36.8770 -53.1170 -17.8970 0.00790 -0.06755 -0.99768 0.274116 0.182975
-37.3060 -51.4550 -18.0080 -0.01076 -0.04657 -0.99886 0.276223 0.189501
-18.5880 -14.9460 -8.2220 0.93383 -0.09522 -0.34481 0.196017 0.353405
-19.0960 -14.4260 -9.6780 0.90731 -0.09835 -0.40880 0.202857 0.354900
-47.4720 -25.0830 -14.7570 -0.70803 -0.00098 -0.70618 0.329882 0.288212
-46.4980 -23.4430 -15.7090 -0.65731 0.00478 -0.75361 0.324953 0.295598
-48.4800 -25.1240 -13.6950 -0.76511 0.00385 -0.64389 0.335902 0.287080
-18.3300 -22.5200 -5.2150 0.96574 -0.07921 -0.24713 0.179901 0.321586
-42.1060 -55.9860 -16.2180 -0.54422 -0.15640 -0.82424 0.295881 0.167945
-43.0210 -57.0580 -15.3340 -0.60656 -0.17399 -0.77577 0.300350 0.162579
-18.0250 -22.0550 -4.0910 0.97530 -0.08371 -0.20441 0.175123 0.324037
-49.4830 -25.7570 -12.4640 -0.80701 -0.00745 -0.59049 0.342177 0.283540
-49.5290 -24.0890 -12.2010 -0.79890 0.02393 -0.60099 0.343855 0.289991
-48.0880 -23.2400 -14.1450 -0.74568 0.00848 -0.66625 0.334242 0.294908
-42.6560 -54.5720 -16.0970 -0.57123 -0.14783 -0.80737 0.298786 0.173300
-36.6000 -24.1300 -18.0250 0.09326 0.01586 -0.99552 0.281030 0.300290
-49.0420 -23.0230 -12.9150 -0.80432 0.00800 -0.59414 0.340745 0.294755
-17.7870 -19.5840 -3.9840 0.97353 -0.09164 -0.20939 0.175496 0.334900
-44.1940 -54.7950 -14.8740 -0.63594 -0.14377 -0.75823 0.306625 0.170869
-43.0190 -24.7180 -17.8010 -0.29169 0.01847 -0.95633 0.307533 0.293344
-42.5890 -23.3180 -17.8920 -0.22852 0.01964 -0.97334 0.306356 0.299217
-45.2670 -54.2880 -14.0060 -0.69350 -0.12326 -0.70983 0.312531 0.171826
-50.1300 -26.4840 -11.3960 -0.83382 -0.03553 -0.55090 0.347005 0.279854
-17.5950 -20.7590 -2.2960 0.98499 -0.09120 -0.14652 0.167767 0.330307
-17.8180 -22.9030 -2.5470 0.98545 -0.08015 -0.14988 0.168134 0.320832
-40.1810 -25.0860 -18.1680 -0.02650 0.01546 -0.99953 0.295475 0.293907
-50.8730 -26.0990 -10.2650 -0.85050 -0.01098 -0.52586 0.352733 0.280527
-49.8360 -25.0000 -11.9360 -0.81370 0.03084 -0.58046 0.345102 0.286125
-17.3950 -18.5780 -2.4190 0.98451 -0.09664 -0.14626 0.169031 0.339860
-41.1070 -24.1390 -18.1090 -0.08202 0.01837 -0.99646 0.299762 0.297028
-42.2650 -52.1580 -16.8020 -0.52981 -0.13351 -0.83754 0.297098 0.183635
-17.5800 -22.1080 -1.1590 0.99132 -0.08608 -0.09938 0.162419 0.324715
-41.3710 -21.7710 -18.0380 -0.09087 0.01951 -0.99567 0.302033 0.306265
-41.4440 -51.4920 -17.3500 -0.43012 -0.11087 -0.89594 0.293384 0.187004
-51.3530 -24.7430 -9.4960 -0.86864 0.00710 -0.49539 0.357023 0.285346
-50.9190 -21.8290 -10.1330 -0.86173 0.03441 -0.50621 0.355072 0.297345
-50.3990 -23.7320 -11.0520 -0.83372 0.01544 -0.55197 0.349935 0.290479
-50.2330 -21.6270 -11.1930 -0.82762 0.03460 -0.56022 0.349963 0.298927
-39.9170 -23.1010 -18.1430 -0.01537 0.01909 -0.99970 0.295321 0.302030
-17.4550 -18.0970 -3.0940 0.97913 -0.09594 -0.17914 0.172119 0.341759
-40.8620 -49.7370 -17.7630 -0.25029 -0.07105 -0.96556 0.291152 0.194520
-38.4070 -23.3350 -18.1200 0.03724 0.01918 -0.99912 0.288931 0.302195
-39.4960 -20.3620 -18.0870 0.00236 0.01740 -0.99985 0.294990 0.313294
-48.8730 -21.7380 -13.1100 -0.79775 0.02894 -0.60229 0.340237 0.299988
-42.3800 -21.7060 -17.9040 -0.20393 0.02163 -0.97875 0.306283 0.305770
-46.2910 -56.1520 -12.4940 -0.74353 -0.17349 -0.64580 0.318546 0.162672
-46.4930 -57.7170 -11.7660 -0.76344 -0.20452 -0.61264 0.320092 0.155602
-47.3800 -56.9330 -10.8720 -0.80841 -0.18754 -0.55795 0.325841 0.157707
-17.9740 -15.5350 -6.2500 0.95063 -0.09952 -0.29394 0.186915 0.351784
-48.4650 -57.7470 -8.7490 -0.86069 -0.19013 -0.47229 0.334780 0.152059
-47.7410 -59.3830 -9.3760 -0.83987 -0.22094 -0.49579 0.329462 0.146139
-45.7500 -22.5670 -16.2760 -0.58283 0.02101 -0.81232 0.321458 0.299698
-48.5330 -54.7090 -9.7850 -0.85150 -0.14438 -0.50409 0.333985 0.165501
-47.2490 -55.1070 -11.5790 -0.79611 -0.14720 -0.58697 0.324678 0.165817
-46.5260 -22.0100 -15.6650 -0.65070 0.01987 -0.75907 0.325786 0.301216
-48.7490 -58.2990 -7.9590 -0.88127 -0.20734 -0.42471 0.337633 0.148932
-17.6560 -16.8020 -4.5750 0.96801 -0.09913 -0.23049 0.179056 0.346907
-48.9330 -60.0900 -6.6200 -0.90116 -0.23282 -0.36565 0.340950 0.140068
-46.1350 -20.2320 -15.9080 -0.61855 0.03027 -0.78516 0.324724 0.308543
-49.3400 -59.0810 -6.2020 -0.91196 -0.22211 -0.34496 0.344327 0.143769
-45.4720 -19.8180 -16.3740 -0.55949 0.03299 -0.82818 0.321579 0.310741
-47.8440 -21.3680 -14.3760 -0.73834 0.02159 -0.67408 0.333676 0.302508
-17.5550 -13.3310 -5.6970 0.95323 -0.11747 -0.27849 0.185226 0.361780
-46.9800 -20.0350 -15.1680 -0.68486 0.05702 -0.72644 0.329452 0.308545
-46.1230 -18.6940 -15.8570 -0.65348 0.04987 -0.75530 0.325579 0.314582
-47.9790 -20.0130 -14.1760 -0.75827 0.06484 -0.64871 0.335261 0.307681
-49.0530 -56.6780 -8.0480 -0.88580 -0.17832 -0.42844 0.339451 0.155652
-47.5770 -18.5740 -14.3940 -0.72160 0.08551 -0.68701 0.334161 0.313656
-45.5650 -17.2200 -16.2060 -0.60406 0.05951 -0.79472 0.323617 0.320850
-44.3140 -18.0290 -17.0190 -0.48750 0.03569 -0.87240 0.317018 0.318751
-43.2370 -18.0190 -17.5430 -0.36212 0.03463 -0.93149 0.312063 0.319684
-43.9760 -16.6480 -17.1560 -0.46723 0.04235 -0.88312 0.316275 0.324465
-42.9690 -16.8210 -17.6060 -0.32684 0.03139 -0.94456 0.311615 0.324620
-41.9130 -20.0520 -17.9340 -0.14538 0.01268 -0.98929 0.305222 0.312683
-40.7500 -19.3590 -18.0320 -0.05384 0.01568 -0.99843 0.300756 0.316328
-41.7180 -18.8810 -17.9580 -0.12028 0.02103 -0.99252 0.305050 0.317475
-46.9410 -18.3330 -14.9320 -0.70483 0.05429 -0.70729 0.330845 0.315183
-46.4980 -17.8760 -15.4360 -0.70933 0.05831 -0.70246 0.328290 0.317425
-47.2150 -17.1200 -14.6350 -0.72788 0.06438 -0.68267 0.333100 0.319672
-46.3860 -17.1090 -15.4020 -0.68044 0.08199 -0.72820 0.328434 0.320501
-23.3960 -11.5410 -13.7640 0.46265 -0.03936 -0.88566 0.230547 0.362982
-46.2860 -61.7830 -10.4270 -0.78708 -0.26549 -0.55680 0.320118 0.137686
-45.6270 -15.5910 -16.0130 -0.63894 0.08124 -0.76495 0.325181 0.327146
-45.0820 -14.9920 -16.3710 -0.57912 0.06395 -0.81273 0.322813 0.329981
-46.5950 -15.7290 -15.1670 -0.69865 0.07350 -0.71167 0.330428 0.325697
-49.4600 -17.8440 -11.9330 -0.81163 0.07690 -0.57908 0.347285 0.314524
-48.7340 -19.9010 -13.1630 -0.79559 0.06100 -0.60275 0.340519 0.307312
-49.6740 -19.9610 -11.8670 -0.81733 0.05399 -0.57363 0.347088 0.306054
-46.8130 -60.0350 -10.4930 -0.79188 -0.23476 -0.56375 0.322936 0.144805
-50.6320 -19.6280 -10.4240 -0.84996 0.05679 -0.52378 0.354362 0.306286
-47.2890 -60.9250 -9.3510 -0.82028 -0.24928 -0.51478 0.326962 0.139842
-21.7160 -11.0710 -12.8230 0.53049 -0.05106 -0.84615 0.222789 0.366543
-48.3160 -17.2630 -13.3640 -0.77460 0.08718 -0.62641 0.339984 0.317991
-48.0730 -16.1020 -13.4700 -0.77178 0.08824 -0.62974 0.339561 0.322735
-36.8670 -21.8990 -18.0070 0.08264 0.02393 -0.99629 0.283247 0.309100
-47.2310 -15.2220 -14.3930 -0.75211 0.09344 -0.65238 0.334816 0.327023
-21.0620 -12.7770 -12.3240 0.60702 -0.04822 -0.79322 0.218050 0.359876
-48.9820 -16.1780 -12.3450 -0.79743 0.09575 -0.59576 0.345505 0.321488
-49.5920 -15.5870 -11.3920 -0.81528 0.09965 -0.57043 0.350448 0.323103
-48.4130 -15.2050 -12.9330 -0.78684 0.09524 -0.60977 0.342599 0.325854
-47.7360 -14.1850 -13.6110 -0.77300 0.10174 -0.62620 0.339153 0.330507
-34.5870 -23.0390 -17.7660 0.14750 0.02243 -0.98881 0.273114 0.306149
-19.9140 -11.9810 -11.3370 0.72590 -0.07291 -0.68392 0.212211 0.364415
-48.3400 -12.5260 -12.5820 -0.79534 0.11098 -0.59592 0.344860 0.336270
-20.5900 -11.0910 -12.0510 0.62604 -0.06632 -0.77696 0.217011 0.367539
-19.5880 -14.3050 -10.6390 0.84172 -0.07328 -0.53491 0.207515 0.354808
-19.7300 -13.2190 -10.9760 0.80052 -0.07958 -0.59400 0.209709 0.359307
-19.1250 -12.8810 -10.0510 0.88326 -0.09623 -0.45889 0.205218 0.361456
-53.1500 -24.0870 -5.6950 -0.93122 0.01998 -0.36392 0.374588 0.285461
-52.4130 -24.4970 -7.4550 -0.90550 0.01781 -0.42397 0.366578 0.284930
-46.7210 -54.3410 -12.4280 -0.75949 -0.12622 -0.63816 0.321206 0.169814
-46.0790 -53.0100 -13.3540 -0.72400 -0.10367 -0.68196 0.317548 0.176165
-45.4930 -51.8450 -14.1550 -0.70015 -0.12481 -0.70301 0.314258 0.181692
-46.7470 -52.1770 -12.7290 -0.75912 -0.10679 -0.64213 0.321808 0.178798
-47.5590 -53.2380 -11.5270 -0.80520 -0.10716 -0.58324 0.326986 0.173258
-19.1280 -10.9730 -10.4960 0.84256 -0.10565 -0.52814 0.208026 0.369582
-34.4600 -25.3080 -17.7750 0.15058 0.00628 -0.98858 0.271514 0.297020
-51.8200 -22.9620 -8.5450 -0.88750 0.02989 -0.45983 0.362110 0.291761
-22.8460 -9.0120 -13.6380 0.46218 -0.03681 -0.88602 0.230254 0.374175
-47.6230 -51.6570 -11.7200 -0.80304 -0.10360 -0.58686 0.327606 0.179800
-32.6810 -26.8560 -17.4500 0.21759 0.00698 -0.97601 0.263276 0.291926
-46.2840 -50.4010 -13.5700 -0.72827 -0.11293 -0.67592 0.319064 0.186780
-51.6350 -20.5270 -8.6960 -0.88651 0.04900 -0.46010 0.362211 0.301533
-52.4640 -22.1750 -7.1720 -0.91044 0.03782 -0.41191 0.368667 0.293985
-52.3750 -20.5470 -7.1870 -0.90823 0.05090 -0.41536 0.369116 0.300472
-21.4480 -8.9240 -12.8400 0.52725 -0.05258 -0.84808 0.223565 0.375926
-52.0290 -18.4590 -7.6490 -0.89991 0.07220 -0.43007 0.367634 0.309068
-46.9680 -49.5170 -12.9400 -0.77105 -0.09245 -0.63002 0.323366 0.189629
-33.2990 -23.9600 -17.5570 0.20225 0.01653 -0.97920 0.267214 0.303322
-31.8570 -25.0070 -17.2280 0.25774 0.01486 -0.96610 0.260540 0.300054
-53.6660 -23.2010 -4.1940 -0.94887 0.01965 -0.31507 0.381469 0.288112
-22.1230 -7.2210 -13.2770 0.48037 -0.03177 -0.87649 0.228358 0.382496
-23.3210 -5.0350 -13.9860 0.43808 -0.03792 -0.89814 0.236114 0.390498
-54.0970 -23.5370 -2.8190 -0.96196 0.01224 -0.27291 0.387269 0.286005
-47.9930 -49.0830 -11.6410 -0.79970 -0.12078 -0.58812 0.330410 0.190050
-30.9760 -28.0600 -17.0290 0.27777 0.01303 -0.96056 0.255435 0.288120
-20.6090 -7.1580 -12.3790 0.57090 -0.05830 -0.81895 0.221008 0.384315
-54.3810 -23.4600 -1.6560 -0.98831 -0.00092 -0.15242 0.392233 0.285699
-53.9760 -22.2330 -3.1450 -0.95526 0.02648 -0.29457 0.386340 0.291388
-53.4300 -22.0410 -4.7910 -0.93884 0.03604 -0.34246 0.379283 0.293076
-48.5240 -52.3640 -10.2650 -0.83655 -0.10356 -0.53801 0.334110 0.175467
-49.3390 -52.5700 -8.8580 -0.87526 -0.11691 -0.46931 0.340619 0.173206
-49.1900 -50.5060 -9.5800 -0.84336 -0.12414 -0.52281 0.339256 0.182280
-53.0300 -20.6040 -5.6620 -0.92826 0.04931 -0.36864 0.375921 0.299315
-30.0360 -26.3180 -16.7030 0.31775 0.01799 -0.94800 0.252022 0.295916
-29.2100 -28.2770 -16.4590 0.33797 0.02178 -0.94091 0.247575 0.288374
-52.5930 -18.3450 -6.3540 -0.91766 0.07433 -0.39036 0.373497 0.308730
-20.5100 -8.9110 -12.2060 0.61380 -0.06660 -0.78665 0.218818 0.376920
-19.5720 -9.6310 -11.2780 0.73829 -0.08614 -0.66896 0.212708 0.374827
-53.7170 -20.1240 -3.6910 -0.94655 0.05180 -0.31836 0.384689 0.300101
-30.2770 -24.0680 -16.7480 0.30984 0.02196 -0.95053 0.254091 0.305026
-53.1470 -18.6210 -5.0300 -0.93439 0.06844 -0.34962 0.379298 0.306848
-53.9140 -18.7880 -2.8350 -0.95187 0.06312 -0.29993 0.388802 0.304963
-18.7750 -9.5400 -10.1970 0.85288 -0.09653 -0.51311 0.207087 0.376139
-18.9900 -8.0350 -10.7840 0.80040 -0.10848 -0.58957 0.210678 0.382325
-28.1910 -26.2210 -16.0140 0.37315 0.02051 -0.92754 0.243806 0.297574
-51.0210 -18.3870 -9.5830 -0.87520 0.07156 -0.47844 0.358682 0.310631
-19.4470 -7.4220 -11.3980 0.69814 -0.09024 -0.71025 0.214368 0.384429
-50.5250 -17.0490 -10.2490 -0.85162 0.08864 -0.51662 0.355851 0.316412
-51.7300 -16.4090 -7.8690 -0.89442 0.09379 -0.43728 0.367121 0.317376
-18.4900 -9.9570 -9.5380 0.90143 -0.12977 -0.41301 0.203789 0.374735
-18.2320 -8.7460 -9.3190 0.89657 -0.12874 -0.42377 0.203207 0.380254
-28.9040 -24.3470 -16.2620 0.35712 0.02066 -0.93383 0.247850 0.304848
-18.3630 -6.4150 -10.3060 0.82818 -0.14128 -0.54236 0.208641 0.389990
-27.5690 -24.3700 -15.7160 0.39796 0.02175 -0.91714 0.241787 0.305700
-49.8040 -13.8830 -10.7810 -0.83470 0.11261 -0.53907 0.353812 0.329433
-50.9720 -14.8530 -8.9700 -0.87417 0.11184 -0.47257 0.362295 0.324310
-18.8760 -13.4710 -9.3550 0.92081 -0.09497 -0.37826 0.201749 0.359280
-50.4630 -13.4220 -9.5320 -0.86645 0.12044 -0.48453 0.359859 0.330413
-37.6610 -64.1390 -16.6150 -0.25647 -0.17482 -0.95061 0.274428 0.137553
-49.5700 -11.2640 -10.5380 -0.83658 0.12389 -0.53365 0.355344 0.339742
-18.4030 -11.2820 -8.8520 0.91839 -0.12360 -0.37587 0.200205 0.369245
-35.7260 -60.3840 -17.2310 0.01697 -0.09438 -0.99539 0.267657 0.153983
-51.8890 -14.5310 -7.0870 -0.90025 0.10544 -0.42242 0.371091 0.324378
-52.8310 -15.9560 -5.2720 -0.92497 0.08774 -0.36976 0.378947 0.317603
-18.2410 -13.0370 -7.8360 0.93477 -0.11276 -0.33689 0.194963 0.362024
-53.7800 -17.0450 -2.8660 -0.95006 0.07594 -0.30268 0.389193 0.311930
-34.1370 -58.1730 -17.3330 0.08459 -0.08542 -0.99275 0.261804 0.163765
-52.8460 -13.3520 -4.5550 -0.92697 0.09856 -0.36197 0.382750 0.327567
-51.4590 -12.6210 -7.4500 -0.88566 0.12469 -0.44728 0.369755 0.332239
-50.2940 -11.4230 -9.3320 -0.86978 0.12565 -0.47717 0.361111 0.338268
-17.5250 -10.5850 -6.7080 0.93946 -0.13337 -0.31564 0.190705 0.373488
-17.9480 -9.9150 -8.1750 0.92742 -0.13902 -0.34724 0.197564 0.375701
-52.3160 -11.8650 -5.4550 -0.91022 0.11700 -0.39726 0.379060 0.334013
-32.8970 -56.1180 -17.3730 0.12028 -0.08146 -0.98939 0.257271 0.172717
-51.3660 -10.9360 -7.1320 -0.88522 0.13198 -0.44606 0.371481 0.338781
-42.2480 -48.5360 -17.2850 -0.49131 -0.08300 -0.86702 0.297527 0.198443
-42.4240 -45.5670 -17.4430 -0.43892 -0.07316 -0.89554 0.298865 0.210330
-41.6580 -47.2160 -17.6540 -0.34613 -0.06312 -0.93606 0.295125 0.204191
-26.6310 -37.9500 -15.6970 0.40670 0.02869 -0.91311 0.233332 0.249876
-17.0090 -10.4420 -5.1010 0.95580 -0.13410 -0.26167 0.183576 0.374889
-16.8890 -12.4190 -3.5310 0.96820 -0.12954 -0.21404 0.175993 0.366740
-41.4320 -45.2600 -17.8460 -0.26973 -0.04520 -0.96188 0.294554 0.212225
-41.9610 -43.8630 -17.7490 -0.33133 -0.04977 -0.94220 0.297115 0.217526
-41.3640 -43.3250 -17.9290 -0.19667 -0.03642 -0.97979 0.294687 0.220057
-27.8700 -35.3940 -16.1120 0.35626 0.01907 -0.93419 0.239431 0.259774
-28.7140 -34.3230 -16.3960 0.31864 0.01265 -0.94779 0.243454 0.263719
-30.6930 -55.9410 -17.0680 0.16891 -0.07533 -0.98275 0.248324 0.174469
-38.5310 -49.0720 -18.0570 -0.03985 -0.03119 -0.99872 0.281728 0.198485
-17.7130 -7.3890 -8.5800 0.92196 -0.15137 -0.35648 0.200227 0.386753
-17.8820 -6.5850 -9.3140 0.89625 -0.14731 -0.41838 0.203854 0.389915
-29.3100 -55.6300 -16.8220 0.22130 -0.06849 -0.97280 0.242717 0.176358
-28.0330 -57.0060 -16.4110 0.25535 -0.06241 -0.96483 0.237098 0.171339
-36.2300 -48.6660 -18.0750 0.02989 -0.02278 -0.99929 0.272432 0.201329
-24.7050 -37.4300 -14.7220 0.47759 0.03070 -0.87805 0.224421 0.253016
-26.2230 -35.7830 -15.4130 0.42210 0.02785 -0.90612 0.231829 0.259063
-22.3600 -60.7350 -13.8380 0.53331 -0.07893 -0.84223 0.211433 0.158563
-17.0780 -8.1400 -6.5020 0.94239 -0.14340 -0.30222 0.190568 0.384523
-35.3690 -47.4060 -18.0490 0.07080 -0.01001 -0.99744 0.269164 0.206865
-26.0810 -57.1090 -15.8270 0.32032 -0.04936 -0.94602 0.228899 0.171741
-17.0000 -6.4240 -7.0450 0.93643 -0.15675 -0.31389 0.193577 0.391918
-41.5960 -49.2610 -17.5550 -0.39282 -0.08343 -0.91582 0.294402 0.195982
-17.3110 -19.5730 -0.8900 0.99126 -0.09793 -0.08837 0.162102 0.335932
-39.8000 -48.6070 -17.9860 -0.10557 -0.03695 -0.99373 0.287022 0.199677
-40.7120 -48.0510 -17.8800 -0.20238 -0.04467 -0.97829 0.290914 0.201406
-17.3700 -20.8810 0.1720 0.99452 -0.09047 -0.05235 0.157107 0.330440
-23.9340 -57.7310 -14.9420 0.42931 -0.05371 -0.90156 0.219507 0.170078
-40.9440 -46.6090 -17.9040 -0.19870 -0.04716 -0.97892 0.292197 0.207081
-39.7780 -46.0870 -18.0530 -0.08129 -0.02779 -0.99630 0.287497 0.209844
-22.5760 -58.8340 -14.1430 0.51851 -0.06105 -0.85289 0.213069 0.166136
-21.5720 -59.9090 -13.3790 0.60229 -0.07514 -0.79473 0.207909 0.162166
-25.3410 -34.7860 -14.9570 0.46327 0.02643 -0.88582 0.227927 0.263679
-38.2680 -46.8740 -18.1160 -0.02619 -0.02278 -0.99940 0.281127 0.207502
-23.5870 -36.2810 -14.0270 0.53262 0.03293 -0.84571 0.219185 0.258387
-21.4210 -58.7310 -13.3600 0.60713 -0.04833 -0.79313 0.207516 0.166961
-17.1690 -17.7040 -1.3270 0.98831 -0.10334 -0.11209 0.164620 0.344051
-23.2970 -34.7980 -13.7840 0.54409 0.02753 -0.83858 0.218022 0.264746
-40.5530 -44.8160 -18.0200 -0.12226 -0.02705 -0.99213 0.290978 0.214527
-17.1340 -18.8020 0.9240 0.99505 -0.09909 -0.00784 0.154579 0.339777
-27.1860 -33.6440 -15.8210 0.39247 0.02339 -0.91947 0.236814 0.267383
-38.5590 -44.6900 -18.1550 -0.02586 -0.01296 -0.99958 0.282786 0.216151
-36.9130 -45.9330 -18.1330 0.02433 -0.01098 -0.99964 0.275771 0.212016
-17.3610 -21.1700 1.3580 0.99653 -0.08060 0.02059 0.151927 0.329435
-28.4010 -32.2050 -16.2620 0.35034 0.02068 -0.93639 0.242677 0.272638
-21.0750 -56.9690 -13.1530 0.69365 -0.00606 -0.72028 0.206068 0.174183
-17.0440 -17.4680 -0.1870 0.99264 -0.10686 -0.05692 0.159797 0.345406
-46.5890 -68.2860 -0.4370 -0.87615 -0.42141 0.23405 0.349388 0.095454
-36.3760 -43.7930 -18.1280 0.05266 0.00356 -0.99861 0.273994 0.220948
-47.0580 -67.1500 -0.1710 -0.88269 -0.37878 0.27819 0.353295 0.100092
-46.6070 -67.4560 0.4290 -0.84751 -0.40395 0.34431 0.354866 0.097038
-40.3650 -42.6110 -18.0880 -0.08120 -0.02217 -0.99645 0.290683 0.223511
-17.1030 -15.9920 -2.2340 0.98274 -0.10967 -0.14896 0.169131 0.351338
-47.8290 -65.3990 -0.7040 -0.91999 -0.36394 0.14551 0.355398 0.108894
-16.8350 -15.5420 -0.4510 0.98907 -0.12429 -0.07934 0.161588 0.353870
-47.4710 -65.8760 0.1040 -0.89187 -0.37660 0.25048 0.357536 0.105198
-27.5500 -29.6650 -15.8550 0.39007 0.02655 -0.92040 0.239644 0.283673
-48.3570 -64.4050 -1.8200 -0.93597 -0.34463 0.07207 0.353089 0.115247
-35.0690 -45.5320 -18.0380 0.09303 0.00206 -0.99566 0.268278 0.214603
-25.8310 -31.8220 -15.1270 0.44466 0.02673 -0.89530 0.231017 0.275752
-17.0190 -14.3410 -3.0070 0.97479 -0.12408 -0.18543 0.173035 0.358403
-48.2330 -63.8490 0.4080 -0.90646 -0.35308 0.23167 0.363284 0.113914
-47.3500 -64.7930 1.7520 -0.87440 -0.36667 0.31778 0.366795 0.106640
-16.9020 -16.5660 1.4710 0.99313 -0.11575 0.01729 0.152992 0.349776
-49.3430 -61.6360 -2.5190 -0.94940 -0.31407 -0.00302 0.355566 0.128406
-48.9580 -62.6070 -1.5200 -0.94078 -0.32788 0.08613 0.357883 0.122655
-38.2710 -42.1870 -18.1710 -0.00032 0.00008 -1.00000 0.282133 0.226398
-23.8300 -32.6740 -14.0680 0.52031 0.02713 -0.85355 0.221210 0.273346
-16.4860 -12.2080 -1.4800 0.98061 -0.14129 -0.13579 0.167146 0.368415
-16.4780 -13.0990 0.0370 0.98876 -0.13934 -0.05417 0.160319 0.364867
-16.6540 -14.6890 1.0290 0.99139 -0.13092 0.00294 0.155526 0.358023
-23.7090 -30.5080 -13.9100 0.52447 0.02022 -0.85119 0.221189 0.282520
-17.1260 -18.0510 2.5180 0.99013 -0.11269 0.08328 0.147983 0.343385
-17.4620 -20.7470 3.0900 0.98653 -0.09821 0.13085 0.144609 0.331577
-17.2730 -17.8720 3.8120 0.97333 -0.11833 0.19656 0.142439 0.344349
-17.0070 -16.4830 3.4950 0.97953 -0.12331 0.15908 0.144323 0.350492
-22.2290 -31.6210 -12.9440 0.61911 0.01621 -0.78514 0.213320 0.278720
-17.4770 -19.5480 4.0140 0.96956 -0.10395 0.22168 0.141002 0.336975
-17.6700 -18.1770 5.1820 0.93552 -0.10939 0.33591 0.136243 0.343079
-22.0320 -38.9040 -13.0580 0.63725 0.03710 -0.76976 0.210885 0.248192
-17.4320 -16.4650 5.0590 0.94131 -0.12550 0.31335 0.137370 0.350642
-16.6940 -14.5020 2.1980 0.98983 -0.12739 0.06331 0.150564 0.359061
-21.9660 -37.9460 -12.9470 0.68145 0.04404 -0.73054 0.210593 0.252253
-21.2190 -37.6310 -11.9940 0.82509 0.03585 -0.56386 0.205577 0.254066
-22.0410 -36.1170 -12.9480 0.67051 0.01823 -0.74168 0.211300 0.259879
-46.6980 -62.9850 4.9320 -0.81726 -0.31809 0.48052 0.385306 0.109915
-46.6980 -62.9850 4.9320 -0.79275 -0.34334 0.50364 0.011764 0.118414
-48.8060 -62.1970 0.6050 -0.91355 -0.34349 0.21781 0.367313 0.121208
-48.4510 -62.1310 1.7080 -0.88247 -0.33721 0.32791 0.372130 0.119498
-16.4460 -13.0560 1.2370 0.98964 -0.14233 0.01860 0.155190 0.365332
-48.5400 -61.1720 2.4100 -0.88774 -0.31693 0.33388 0.376863 0.122794
-16.8400 -14.7010 3.6280 0.97807 -0.12159 0.16907 0.144328 0.358397
-17.0520 -15.3470 4.2400 0.96065 -0.10714 0.25627 0.141418 0.355571
-21.2670 -35.7740 -12.0260 0.82496 0.01005 -0.56511 0.206329 0.261839
-48.4240 -60.3320 3.3790 -0.87593 -0.31210 0.36789 0.382574 0.125144
-21.8250 -34.7490 -12.7210 0.70060 0.02154 -0.71323 0.210396 0.265753
-47.8140 -62.8110 2.6610 -0.87758 -0.34056 0.33744 0.374964 0.114450
-20.7120 -37.2660 -11.0930 0.90421 0.02462 -0.42637 0.201320 0.256022
-20.8460 -34.9220 -11.2390 0.89308 0.00952 -0.44980 0.202833 0.265809
-20.4480 -34.9030 -10.3360 0.93058 0.00307 -0.36608 0.198668 0.266303
-16.5120 -12.5170 3.7420 0.97319 -0.15253 0.17214 0.144616 0.368158
-47.1760 -62.9090 4.1660 -0.84871 -0.31739 0.42303 0.381508 0.111474
-47.7890 -61.5600 3.8980 -0.86101 -0.31564 0.39880 0.382747 0.118477
-16.4970 -10.5600 -2.9090 0.97008 -0.14324 -0.19603 0.173904 0.375271
-20.0700 -36.6020 -9.3620 0.94620 0.01599 -0.32319 0.193729 0.259548
-22.2810 -32.9540 -13.0110 0.60980 0.02825 -0.79205 0.213213 0.273069
-21.2500 -33.7540 -11.9340 0.82884 0.01656 -0.55924 0.206616 0.270385
-16.1140 -10.3070 -0.8140 0.98292 -0.14902 -0.10796 0.164913 0.377125
-20.7370 -33.2010 -11.0590 0.89329 0.00228 -0.44947 0.202523 0.273171
-16.4450 -8.8960 -3.7940 0.96136 -0.14580 -0.23351 0.178330 0.382365
-21.7660 -32.1740 -12.5270 0.72673 0.01075 -0.68684 0.210481 0.276685
-16.5210 -6.7600 -5.3220 0.95034 -0.15688 -0.26878 0.185778 0.391262
-21.2710 -32.1500 -11.9120 0.81834 0.00199 -0.57473 0.207150 0.277161
-21.6300 -30.7090 -12.3910 0.73034 0.00466 -0.68307 0.210231 0.282973
-15.9270 -6.5200 -3.1650 0.96528 -0.15732 -0.20854 0.176348 0.393286
-15.9610 -8.0540 -2.1270 0.97423 -0.15183 -0.16683 0.171328 0.386789
-19.2460 -36.2810 -6.6380 0.96587 0.00734 -0.25893 0.181782 0.261890
-19.8010 -34.6210 -8.4830 0.95227 -0.00136 -0.30526 0.190447 0.268256
-15.9880 -10.0970 0.7830 0.98730 -0.15808 -0.01572 0.158134 0.378479
-16.1150 -10.6130 2.4380 0.98599 -0.15462 0.06254 0.150865 0.376480
-18.8030 -37.5560 -4.7510 0.98184 0.00943 -0.18949 0.173224 0.257047
-15.8170 -8.7100 -0.1880 0.98389 -0.15715 -0.08524 0.162754 0.384458
-18.8560 -34.9220 -5.0440 0.97794 -0.00805 -0.20872 0.175221 0.268166
-16.2840 -10.8570 3.7830 0.97534 -0.14258 0.16848 0.144987 0.375565
-19.2690 -33.9870 -6.7310 0.96391 -0.00617 -0.26616 0.182887 0.271598
-15.8810 -9.1240 2.6530 0.98217 -0.17486 0.06898 0.150444 0.383193
-20.2540 -32.5950 -9.8990 0.93714 -0.00464 -0.34892 0.197416 0.276278
-20.7450 -31.1470 -11.0520 0.89521 -0.01609 -0.44535 0.203250 0.281882
-20.0050 -30.9530 -9.2520 0.94229 -0.02559 -0.33383 0.195061 0.283540
-15.5480 -6.4470 -1.0840 0.97738 -0.16282 -0.13497 0.167348 0.394366
-19.3350 -32.3710 -7.0070 0.96074 -0.01620 -0.27696 0.184617 0.278391
-15.2700 -5.8150 0.5310 0.98290 -0.17336 -0.06205 0.160611 0.397691
-15.2510 -5.0670 -0.5930 0.97734 -0.17650 -0.11686 0.165675 0.400748
-15.5500 -7.5820 1.2930 0.98460 -0.17482 -0.00115 0.156781 0.389905
-19.5370 -29.9250 -7.8830 0.95482 -0.03497 -0.29513 0.189289 0.288504
-35.6630 -1.4230 -17.5920 0.07148 -0.00573 -0.99743 0.293541 0.392291
-27.2710 -28.2140 -15.6840 0.40010 0.02920 -0.91600 0.238850 0.289891
-25.5510 -29.1210 -14.9200 0.45211 0.02665 -0.89156 0.230572 0.287190
-33.3410 -0.5880 -17.3340 0.14591 -0.02424 -0.98900 0.284648 0.398090
-26.7410 -25.7870 -15.3780 0.41832 0.01998 -0.90808 0.237351 0.300362
-31.3630 -1.1320 -16.9610 0.20992 -0.02968 -0.97727 0.275724 0.398031
-29.9610 -2.8490 -16.5700 0.25445 -0.02230 -0.96683 0.268009 0.392561
-25.3760 -26.8740 -14.7330 0.45452 0.02319 -0.89043 0.230504 0.296732
-31.6920 1.5580 -17.1220 0.18909 -0.03611 -0.98130 0.279942 0.408489
-23.8760 -28.5950 -13.9910 0.51642 0.02182 -0.85606 0.222724 0.290460
-22.2540 -29.1240 -12.9050 0.61137 0.01399 -0.79122 0.214266 0.289267
-34.8410 0.9120 -17.5430 0.07887 -0.01321 -0.99680 0.292472 0.402433
-36.5530 1.3810 -17.6120 0.00092 0.01222 -0.99992 0.300071 0.402413
-24.0380 -26.7200 -14.0060 0.50262 0.01838 -0.86431 0.224161 0.298267
-22.8620 -27.7760 -13.2980 0.55836 0.02114 -0.82933 0.217898 0.294584
-35.4810 2.9920 -17.5960 0.01995 0.00428 -0.99979 0.297328 0.409947
-21.9910 -26.7010 -12.6580 0.62026 0.00196 -0.78439 0.213805 0.299725
-24.1030 -24.6380 -14.0300 0.49131 0.01387 -0.87088 0.225428 0.306997
-25.4640 -24.1210 -14.7360 0.44656 0.02226 -0.89448 0.232146 0.308231
-35.4610 5.3170 -17.5760 -0.00243 0.01180 -0.99993 0.299774 0.419105
-34.2380 3.8110 -17.5260 0.07348 -0.00753 -0.99727 0.293048 0.414584
-33.2600 2.5920 -17.4080 0.12791 -0.02464 -0.99148 0.287644 0.410860
-23.0260 -26.2790 -13.3760 0.54558 0.00547 -0.83804 0.219329 0.300807
-30.0720 1.2030 -16.7410 0.24084 -0.04265 -0.96963 0.272646 0.408880
-28.9050 -0.6860 -16.3590 0.27861 -0.03709 -0.95969 0.265624 0.402507
-31.5610 3.7720 -17.1860 0.17694 -0.03296 -0.98367 0.281820 0.417507
-30.3050 3.6920 -16.9160 0.22536 -0.04634 -0.97317 0.276401 0.418644
-28.5740 2.8320 -16.4330 0.27372 -0.05529 -0.96022 0.268011 0.417190
-28.3630 -2.7820 -16.1150 0.30607 -0.02782 -0.95160 0.261128 0.394526
-21.0170 -29.7740 -11.6070 0.83956 -0.01029 -0.54317 0.206391 0.287421
-21.5050 -28.8610 -12.2360 0.73033 0.00033 -0.68310 0.210131 0.290903
-26.4340 -3.0170 -15.4240 0.36180 -0.03654 -0.93154 0.252338 0.395616
-20.3920 -28.8550 -10.4520 0.91071 -0.03001 -0.41195 0.201192 0.291944
-27.3810 -1.4910 -15.8210 0.33153 -0.04083 -0.94256 0.258091 0.400887
-25.2660 -0.8190 -15.0590 0.37948 -0.05800 -0.92338 0.249352 0.406003
-26.1250 -4.7930 -15.2240 0.37672 -0.02847 -0.92589 0.249185 0.388588
-19.9110 -28.7510 -9.2030 0.94322 -0.03712 -0.33010 0.195557 0.292975
-20.9390 -28.1200 -11.5150 0.84016 -0.02469 -0.54177 0.206562 0.294515
-21.3660 -27.4070 -12.1080 0.73135 -0.01163 -0.68190 0.209969 0.297173
-20.9260 -26.6480 -11.5780 0.82366 -0.02297 -0.56661 0.207397 0.300765
-24.3070 -3.4290 -14.5030 0.40679 -0.04053 -0.91262 0.242245 0.396190
-20.5280 -27.1920 -10.8360 0.89250 -0.03342 -0.44980 0.203595 0.298867
-19.9450 -26.4360 -9.5640 0.93377 -0.04426 -0.35512 0.197974 0.302751
-26.9790 0.1140 -15.7760 0.32875 -0.05535 -0.94279 0.258037 0.407930
-21.3110 -25.8040 -12.0610 0.72867 -0.01129 -0.68477 0.210400 0.304041
-20.7640 -24.9700 -11.3880 0.82981 -0.02082 -0.55766 0.207124 0.308063
-20.3680 -25.3560 -10.7080 0.89054 -0.03193 -0.45379 0.203612 0.306814
-28.6040 1.1320 -16.3370 0.28332 -0.04742 -0.95785 0.266239 0.410250
-26.6270 2.4560 -15.7900 0.32060 -0.06577 -0.94493 0.259084 0.417933
-25.3510 0.7830 -15.2110 0.36642 -0.06897 -0.92789 0.251529 0.412533
-20.1380 -24.2590 -10.3070 0.90845 -0.04483 -0.41558 0.202156 0.311747
-22.7350 -0.6050 -13.9450 0.42800 -0.07130 -0.90096 0.238000 0.409742
-23.2790 0.9250 -14.3370 0.40815 -0.08630 -0.90883 0.242287 0.415514
-23.4080 2.5910 -14.5640 0.39910 -0.08168 -0.91326 0.244879 0.422288
-33.9720 6.1520 -17.5240 0.05337 -0.00492 -0.99856 0.294558 0.424130
-32.7810 5.4400 -17.4150 0.11797 -0.02414 -0.99272 0.288801 0.422720
-34.7500 7.8910 -17.5370 0.00104 0.00638 -0.99998 0.299767 0.430030
-34.3950 10.1030 -17.5400 -0.00742 0.00886 -0.99993 0.300938 0.439106
-32.8430 7.8540 -17.4760 0.07292 -0.01763 -0.99718 0.291860 0.432193
-30.8510 7.0340 -17.2070 0.16863 -0.05062 -0.98438 0.282608 0.431360
-30.7600 5.0650 -17.0750 0.19233 -0.04406 -0.98034 0.279899 0.423613
-29.6020 5.2430 -16.8260 0.23738 -0.05655 -0.96977 0.275179 0.425712
-52.3180 -42.9680 -4.9760 -0.94296 -0.09435 -0.31925 0.367076 0.208919
-31.4340 8.3150 -17.3440 0.11968 -0.04049 -0.99199 0.286578 0.435738
-52.1730 -41.2160 -5.8920 -0.92922 -0.10806 -0.35338 0.364352 0.216763
-52.7770 -42.0340 -3.8100 -0.96520 -0.11424 -0.23523 0.372846 0.211853
-31.7740 10.7410 -17.4550 0.07948 -0.02273 -0.99658 0.290941 0.444878
-30.3260 9.3160 -17.2310 0.16555 -0.04565 -0.98514 0.283187 0.441086
-33.4890 11.2590 -17.5260 0.00473 -0.00011 -0.99999 0.298627 0.444750
-32.0460 11.9510 -17.4960 0.05550 -0.01599 -0.99833 0.293572 0.449281
-28.4870 8.4400 -16.7870 0.23662 -0.07294 -0.96886 0.274346 0.439904
-26.8920 7.2440 -16.2390 0.28486 -0.08287 -0.95498 0.265987 0.437093
-53.1540 -40.6110 -2.7650 -0.98121 -0.12708 -0.14517 0.378322 0.216932
-53.1540 -41.3930 -1.5740 -0.99170 -0.12822 0.00939 0.382703 0.212806
-30.2690 11.9780 -17.3240 0.13097 -0.04034 -0.99056 0.286292 0.451696
-28.4590 11.1620 -16.9650 0.20403 -0.06502 -0.97680 0.277701 0.450819
-53.0030 -41.0390 0.7440 -0.98191 -0.14343 0.12364 0.392617 0.212460
-53.3310 -39.7810 -0.5190 -0.98657 -0.13944 0.08509 0.388248 0.218693
-26.4570 11.1920 -16.4810 0.26490 -0.09338 -0.95974 0.269268 0.453575
-27.2720 4.7960 -16.1660 0.28497 -0.06597 -0.95626 0.264650 0.426711
-53.1630 -38.9820 1.7400 -0.97801 -0.12882 0.16404 0.398218 0.220353
-25.5980 5.1170 -15.6570 0.32800 -0.08056 -0.94124 0.257739 0.430050
-25.0770 3.3490 -15.2960 0.35877 -0.07917 -0.93006 0.253273 0.423435
-24.6030 5.8920 -15.3750 0.34978 -0.09408 -0.93210 0.254328 0.434459
-24.2060 4.3220 -15.0370 0.37767 -0.09083 -0.92147 0.250551 0.428493
-53.0560 -38.0790 2.7460 -0.95905 -0.14008 0.24619 0.403077 0.223404
-52.3690 -38.8990 4.8020 -0.93674 -0.14596 0.31813 0.411421 0.218427
-21.6240 2.0840 -13.6770 0.43839 -0.09072 -0.89420 0.236046 0.422311
-53.3820 -36.4970 2.3710 -0.97879 -0.10934 0.17322 0.402447 0.230318
-22.9360 5.9260 -14.6880 0.39774 -0.10707 -0.91123 0.246882 0.436689
-21.8980 4.5060 -14.0430 0.42275 -0.09748 -0.90099 0.240294 0.432100
-21.4420 5.9170 -13.9950 0.42735 -0.11294 -0.89700 0.240041 0.438549
-20.3790 5.1490 -13.3770 0.45002 -0.10725 -0.88655 0.234094 0.436689
-24.9020 9.4970 -15.8290 0.32083 -0.09891 -0.94196 0.260302 0.448781
-18.9260 -33.4100 -5.4180 0.97297 -0.01260 -0.23059 0.177300 0.274499
-18.5390 -32.6080 -3.5820 0.98590 -0.03110 -0.16443 0.169564 0.278481
-23.2670 8.3140 -15.0850 0.37573 -0.10009 -0.92131 0.251510 0.446084
-18.9980 -29.7190 -6.0840 0.96539 -0.03911 -0.25788 0.181371 0.290081
-21.4020 7.9420 -14.2370 0.41596 -0.10958 -0.90276 0.242604 0.447001
-18.6590 -31.0010 -4.5110 0.97691 -0.03398 -0.21092 0.174075 0.285111
-20.1120 7.0870 -13.5030 0.45055 -0.11904 -0.88478 0.235490 0.445137
-18.4980 -34.4790 -3.0790 0.99014 -0.01755 -0.13899 0.166858 0.270599
-23.8210 10.8210 -15.5880 0.35243 -0.10918 -0.92945 0.257378 0.455595
-18.3100 -30.6180 -2.6940 0.98928 -0.04521 -0.13884 0.166310 0.287288
-18.3790 -32.9330 -2.2640 0.99341 -0.02904 -0.11091 0.163803 0.277427
-34.6210 13.8420 -17.4530 -0.07206 0.02173 -0.99716 0.306518 0.453333
-33.0000 13.8430 -17.5300 -0.00791 -0.00288 -0.99996 0.299893 0.455427
-19.2130 -27.2850 -7.2370 0.95631 -0.04846 -0.28833 0.187258 0.300118
-21.0570 -4.2280 -12.8590 0.49478 -0.05827 -0.86706 0.226242 0.396311
-21.8790 -2.5900 -13.4010 0.45239 -0.05585 -0.89007 0.231866 0.402351
-18.5480 -28.7810 -4.3980 0.97704 -0.04831 -0.20749 0.174278 0.294710
-18.6300 -26.9420 -5.1510 0.96786 -0.05786 -0.24473 0.178164 0.302390
-20.0430 -5.6060 -12.1300 0.58612 -0.07813 -0.80645 0.219790 0.391526
-18.1720 -28.1990 -2.4840 0.98895 -0.05577 -0.13738 0.166153 0.297799
-18.3230 -26.7300 -3.9220 0.97874 -0.06234 -0.19542 0.172843 0.303736
-20.1400 -3.8090 -12.3240 0.55191 -0.07041 -0.83092 0.222166 0.399093
-20.6280 -2.4990 -12.7330 0.50269 -0.06386 -0.86210 0.226013 0.404125
-18.8260 -5.0700 -11.1810 0.71980 -0.11507 -0.68458 0.213759 0.395175
-18.8930 -25.5550 -6.4910 0.95927 -0.06141 -0.27574 0.184522 0.307892
-17.9110 -4.3150 -10.1160 0.84491 -0.14907 -0.51372 0.208391 0.399532
-18.9550 -3.8000 -11.4600 0.64071 -0.08550 -0.76301 0.216014 0.400460
-19.3240 -1.8670 -11.9730 0.57256 -0.09591 -0.81423 0.220271 0.408294
-18.2670 -2.9230 -10.9250 0.72697 -0.12635 -0.67495 0.213097 0.405020
-17.4280 -5.8520 -8.5570 0.91624 -0.15587 -0.36906 0.200571 0.393677
-18.4250 -24.2820 -5.0850 0.96858 -0.06540 -0.23993 0.178735 0.313966
-17.3580 -4.2900 -8.9890 0.89965 -0.16419 -0.40457 0.203073 0.400410
-18.1180 -29.8180 -1.2120 0.99484 -0.05375 -0.08609 0.160188 0.291116
-20.6930 -0.3840 -12.9290 0.47976 -0.08485 -0.87329 0.228675 0.413018
-17.9860 -25.9000 -2.1920 0.98926 -0.06788 -0.12942 0.165625 0.307869
-17.9760 -28.3030 -0.4720 0.99546 -0.05929 -0.07444 0.157479 0.297856
-18.9920 0.4540 -12.0330 0.55591 -0.10938 -0.82401 0.221461 0.418563
-17.7890 -26.3070 0.2410 0.99632 -0.07092 -0.04805 0.155048 0.306711
-20.0870 2.5680 -12.9500 0.47917 -0.10015 -0.87199 0.229460 0.426204
-17.7500 -24.6190 -0.8560 0.99324 -0.07616 -0.08760 0.160293 0.313806
-18.0990 -23.5770 -3.8060 0.97830 -0.07356 -0.19368 0.173380 0.317482
-18.3770 -1.2310 -11.3410 0.65035 -0.12263 -0.74967 0.216093 0.412116
-17.5800 -0.5360 -10.6670 0.77188 -0.14194 -0.61972 0.212308 0.416060
-17.9910 -0.0100 -11.1810 0.65915 -0.12694 -0.74122 0.215519 0.417794
-17.4460 -1.4820 -10.2380 0.83655 -0.15533 -0.52541 0.209794 0.412201
-17.2560 -2.5390 -9.5060 0.89002 -0.16458 -0.42518 0.205976 0.407976
-16.8020 -2.6090 -8.4090 0.91977 -0.16447 -0.35633 0.200885 0.408357
-16.8460 -1.2470 -9.1150 0.90665 -0.15858 -0.39095 0.204546 0.414063
-16.8010 0.2320 -9.6200 0.88314 -0.18140 -0.43263 0.207351 0.420407
-16.6500 1.4790 -9.8690 0.85992 -0.17868 -0.47813 0.208838 0.425901
-16.9990 -4.5070 -8.0240 0.92591 -0.16261 -0.34095 0.198566 0.400021
-17.6260 -24.3330 0.9350 0.99699 -0.07688 -0.01042 0.152708 0.315479
-17.4690 -22.5710 0.7510 0.99607 -0.08557 -0.02302 0.154066 0.323162
-17.4680 -22.1800 2.2770 0.99258 -0.08399 0.08795 0.147660 0.325172
-43.6530 -15.4090 -17.2540 -0.43736 0.04765 -0.89802 0.315616 0.329601
-42.5150 -15.1550 -17.6800 -0.27202 0.04434 -0.96127 0.310739 0.331551
-19.4340 4.3540 -12.7880 0.49605 -0.10271 -0.86220 0.228625 0.434539
-18.7310 2.7780 -12.1580 0.54638 -0.10804 -0.83054 0.223122 0.428752
-43.9970 -13.3310 -16.9630 -0.48172 0.06690 -0.87377 0.318670 0.337438
-43.0260 -13.7360 -17.4420 -0.36071 0.05776 -0.93089 0.313941 0.336698
-18.2250 5.3060 -12.1620 0.54678 -0.12572 -0.82778 0.223957 0.440117
-18.0580 2.0850 -11.5880 0.60920 -0.12032 -0.78384 0.218768 0.426644
-17.2790 2.0590 -10.9150 0.72433 -0.14949 -0.67306 0.214430 0.427516
-46.2580 -14.3380 -15.2790 -0.69360 0.08888 -0.71485 0.329827 0.331410
-45.0840 -13.2850 -16.2650 -0.60592 0.06873 -0.79255 0.324044 0.336637
-16.6120 3.2620 -10.4090 0.80288 -0.16757 -0.57211 0.212020 0.433542
-45.0580 -11.7250 -16.1000 -0.62617 0.10593 -0.77246 0.325278 0.342724
-44.1640 -11.3700 -16.6590 -0.51466 0.07688 -0.85394 0.321118 0.344932
-17.3070 4.1020 -11.3150 0.64471 -0.13722 -0.75201 0.217551 0.436192
-42.9810 -11.5620 -17.2910 -0.38312 0.06894 -0.92112 0.315425 0.345252
-41.7770 -10.4980 -17.6180 -0.22560 0.05255 -0.97280 0.310996 0.350490
-43.6650 -9.8730 -16.8470 -0.46739 0.07574 -0.88080 0.319904 0.351230
-19.2130 6.1510 -12.8840 0.49120 -0.12295 -0.86233 0.229945 0.442391
-42.6140 -9.3900 -17.2910 -0.35118 0.07236 -0.93351 0.315511 0.354081
-44.2860 -9.7820 -16.4670 -0.56985 0.08682 -0.81715 0.322987 0.350999
-42.8080 -7.9480 -17.0650 -0.41922 0.09088 -0.90333 0.317671 0.359519
-18.6070 8.5480 -12.9130 0.48447 -0.12866 -0.86529 0.230500 0.453258
-20.2210 9.6630 -13.8840 0.42894 -0.12177 -0.89509 0.239568 0.455715
-17.7700 6.9840 -12.1490 0.54254 -0.14337 -0.82770 0.224146 0.447804
-47.0130 -13.1720 -14.3300 -0.74965 0.09824 -0.65450 0.335438 0.335175
-45.8650 -12.6430 -15.4920 -0.69609 0.09592 -0.71152 0.328946 0.338383
-17.5740 9.2760 -12.4140 0.52712 -0.13946 -0.83827 0.226595 0.457734
-46.7340 -11.0420 -14.3250 -0.73855 0.12653 -0.66222 0.335793 0.343688
-45.9290 -11.1980 -15.1550 -0.70120 0.12226 -0.70240 0.330904 0.343896
-16.3630 8.3940 -11.4180 0.60980 -0.15659 -0.77694 0.219141 0.455690
-17.0820 5.5300 -11.3920 0.62090 -0.15546 -0.76832 0.218436 0.442566
-16.4150 5.4540 -10.7460 0.73747 -0.19041 -0.64798 0.214467 0.443149
-16.3250 -0.9840 -7.8620 0.92545 -0.16824 -0.33946 0.198928 0.415999
-47.9080 -10.0450 -12.6740 -0.79306 0.12661 -0.59584 0.344703 0.346279
-16.0950 1.1750 -8.4140 0.91436 -0.19388 -0.35546 0.202037 0.425479
-16.2720 -4.5450 -5.8020 0.94534 -0.16426 -0.28169 0.188584 0.401013
-16.2410 -2.7840 -6.7240 0.93847 -0.16906 -0.30116 0.193231 0.408503
-45.6190 -9.0380 -15.1810 -0.71301 0.11102 -0.69231 0.331124 0.352565
-44.8370 -10.3630 -16.0970 -0.64017 0.08751 -0.76324 0.325381 0.348214
-44.8850 -8.6250 -15.8200 -0.66084 0.12201 -0.74054 0.327324 0.354897
-46.5170 -9.5630 -14.2370 -0.74735 0.10390 -0.65626 0.336263 0.349600
-15.8990 -5.2460 -3.9960 0.95821 -0.16613 -0.23286 0.180383 0.398688
-15.5780 -3.2320 -4.0830 0.95600 -0.16852 -0.24013 0.181401 0.407737
-46.5820 -8.6950 -14.0600 -0.75701 0.11898 -0.64248 0.337460 0.352891
-45.6950 -7.7550 -14.8460 -0.71797 0.14728 -0.68032 0.333080 0.357430
-44.5620 -6.9020 -15.7830 -0.66419 0.13888 -0.73456 0.327471 0.361873
-15.2270 -2.9010 -2.7770 0.96402 -0.17784 -0.19757 0.175791 0.409775
-15.4280 -4.9800 -1.9270 0.97045 -0.17061 -0.17061 0.171457 0.400696
-43.9220 -7.6410 -16.4460 -0.55400 0.11721 -0.82423 0.323188 0.359647
-42.0750 -8.1030 -17.3770 -0.30449 0.07320 -0.94970 0.314253 0.359602
-15.7450 -0.9790 -6.2050 0.94039 -0.17573 -0.29118 0.191454 0.416943
-15.7240 0.5150 -6.9730 0.93197 -0.18552 -0.31148 0.195353 0.423300
-40.8890 -6.4400 -17.5480 -0.16908 0.05696 -0.98396 0.310646 0.367233
-42.0130 -6.4380 -17.2630 -0.32820 0.07755 -0.94142 0.315461 0.366166
-41.4110 -5.0540 -17.3460 -0.26021 0.07584 -0.96257 0.314107 0.372152
-15.0200 -0.5410 -3.8270 0.95347 -0.18919 -0.23475 0.181085 0.420052
-43.9520 -6.4280 -16.2030 -0.59646 0.13568 -0.79109 0.324696 0.364317
-44.3470 -5.4240 -15.7090 -0.66521 0.14219 -0.73299 0.327943 0.367795
-14.8630 1.2620 -4.6630 0.94421 -0.20014 -0.26157 0.185266 0.427892
-43.6330 -4.5780 -16.1520 -0.59765 0.14044 -0.78936 0.325034 0.371787
-14.8990 -3.1400 -0.7180 0.97328 -0.18681 -0.13354 0.166794 0.409444
-42.8780 -5.6800 -16.8040 -0.47924 0.10634 -0.87122 0.320109 0.368276
-42.2600 -4.8290 -17.0120 -0.41098 0.10626 -0.90543 0.318088 0.372190
-14.8800 -3.8520 0.8960 0.98013 -0.19178 -0.05058 0.159660 0.406670
-42.8950 -3.2620 -16.4340 -0.53845 0.13372 -0.83198 0.322793 0.377628
-42.6760 -1.3810 -16.2570 -0.56826 0.14303 -0.81032 0.323903 0.385127
-14.4200 0.0810 -1.7010 0.96297 -0.20481 -0.17534 0.171970 0.423759
-41.7720 -3.1580 -17.0330 -0.39623 0.10537 -0.91209 0.317569 0.379178
-40.7310 -3.1890 -17.3840 -0.22694 0.06823 -0.97151 0.312974 0.380108
-14.3040 1.7640 -2.8790 0.95198 -0.21382 -0.21912 0.177554 0.430994
-14.3820 -1.3440 0.7360 0.97713 -0.20142 -0.06820 0.161070 0.418036
-13.6760 2.7580 -0.9330 0.95896 -0.23316 -0.16134 0.169337 0.436315
-15.8510 3.0280 -8.8260 0.90171 -0.20002 -0.38329 0.204406 0.433685
-15.8450 4.8230 -9.7090 0.85914 -0.20275 -0.46987 0.208981 0.441286
-16.1750 6.9790 -10.9480 0.69454 -0.19110 -0.69361 0.215826 0.449958
-15.7590 6.2480 -10.1840 0.81150 -0.21257 -0.54432 0.211583 0.447450
-15.4330 6.5000 -9.7140 0.87229 -0.21931 -0.43705 0.209356 0.449010
-14.8050 6.3700 -8.1520 0.90874 -0.23143 -0.34733 0.202127 0.449468
-15.6230 8.0690 -10.6830 0.75106 -0.19709 -0.63013 0.214469 0.455362
-49.8600 -9.7910 -9.7000 -0.86207 0.13486 -0.48852 0.359626 0.345034
-49.0320 -8.5860 -10.7080 -0.82591 0.13760 -0.54675 0.354810 0.350601
-14.8190 8.8330 -9.7160 0.85239 -0.24689 -0.46096 0.209822 0.459814
-14.4170 8.1390 -8.4000 0.89925 -0.25280 -0.35700 0.203572 0.457537
-14.9260 3.5210 -6.5340 0.92822 -0.21552 -0.30323 0.194174 0.437286
-48.7630 -6.1250 -10.4770 -0.83229 0.14667 -0.53459 0.356214 0.360299
-50.2110 -9.0460 -8.7880 -0.87694 0.13940 -0.45994 0.363990 0.347430
-49.4060 -7.4730 -9.8130 -0.85491 0.14334 -0.49858 0.359332 0.354407
-51.3130 -8.4480 -6.5130 -0.88777 0.13370 -0.44045 0.374766 0.348327
-13.8010 6.8370 -5.5790 0.92520 -0.24385 -0.29076 0.190651 0.453113
-50.4900 -7.3680 -7.7630 -0.87558 0.13529 -0.46375 0.369049 0.353464
-14.4360 2.7110 -4.2800 0.94171 -0.21805 -0.25621 0.183948 0.434715
-13.5360 4.1550 -2.0140 0.95045 -0.23793 -0.20010 0.174357 0.442363
-13.7180 5.1260 -3.8210 0.93902 -0.23677 -0.24938 0.182482 0.446080
-51.1410 -6.3320 -6.2230 -0.88880 0.13730 -0.43724 0.376461 0.356589
-12.9760 5.9420 -1.5530 0.94903 -0.25066 -0.19106 0.172744 0.450829
-13.0590 7.1540 -3.2850 0.93603 -0.25679 -0.24063 0.180560 0.455726
-13.1750 8.9340 -5.4420 0.91845 -0.26968 -0.28934 0.190416 0.462968
-12.4880 9.3520 -3.5940 0.92801 -0.27861 -0.24733 0.182277 0.465899
-12.5150 7.6330 -1.4990 0.94525 -0.26545 -0.18985 0.172853 0.458707
-33.2060 -89.1490 -3.1190 -0.35602 -0.92344 0.14317 0.105209 0.016409
-33.2060 -89.1490 -3.1190 -0.08085 -0.99653 0.01974 0.224703 0.014331
-35.6610 -87.5790 -3.1050 -0.67884 -0.72581 0.11124 0.092889 0.019866
-17.9480 -51.9350 -1.1530 0.99937 0.03439 -0.00866 0.155642 0.197153
-18.1040 -50.4300 -2.4370 0.99607 0.05358 -0.07048 0.161001 0.203322
-18.0780 -49.5240 -0.3780 0.99846 0.04790 0.02797 0.152621 0.207329
-28.2830 -86.8250 -11.2890 0.25597 -0.80893 -0.52926 0.219428 0.052657
-20.0720 -77.8790 -0.9970 0.92646 -0.23660 0.29273 0.156601 0.087927
-19.8230 -78.0520 -2.2920 0.96894 -0.22069 0.11156 0.161938 0.087342
-19.6710 -76.8190 -1.5930 0.96101 -0.19333 0.19770 0.158925 0.092725
-20.6830 -78.0090 0.3880 0.85996 -0.24404 0.44824 0.150576 0.087098
-20.8930 -79.0400 0.2350 0.85600 -0.26168 0.44585 0.151307 0.082498
-20.0930 -77.2170 -0.4900 0.91493 -0.21696 0.34033 0.154378 0.090794
-20.3400 -76.1500 0.7160 0.86618 -0.19826 0.45872 0.149087 0.095293
-18.2140 -47.7100 -2.1580 0.99687 0.04138 -0.06730 0.160149 0.214754
-19.4620 -76.1370 -2.3920 0.98507 -0.16419 0.05175 0.162015 0.095777
-19.3320 -74.9500 -1.5370 0.97418 -0.16253 0.15671 0.158444 0.100869
-27.6850 -74.3950 7.2610 0.33000 -0.29528 0.89661 0.107548 0.098960
-27.6190 -75.7090 6.7720 0.32664 -0.29714 0.89723 0.109872 0.093386
-26.2630 -75.3590 6.2580 0.43745 -0.27121 0.85737 0.115407 0.095719
-29.1850 -88.1550 -8.5320 0.10700 -0.95743 -0.26812 0.217985 0.040902
-28.7040 -87.9440 -8.9770 0.18734 -0.93123 -0.31260 0.216764 0.043336
-28.4310 -74.7900 7.3390 0.23618 -0.31716 0.91849 0.105035 0.096692
-29.0710 -76.2220 6.9900 0.16953 -0.32504 0.93038 0.104572 0.090061
-19.7550 -75.0480 -0.1590 0.92096 -0.18433 0.34330 0.152738 0.100247
-18.1670 -47.6390 -0.4010 0.99971 0.02355 0.00543 0.152883 0.215249
-19.3960 -74.3400 -0.8890 0.95207 -0.17406 0.25153 0.155714 0.103414
-27.3810 -86.8070 -10.7270 0.30987 -0.84791 -0.43015 0.214991 0.052411
-19.3550 -75.5340 -4.2640 0.98795 -0.15272 -0.02533 0.169352 0.098569
-19.1310 -73.8960 -3.4880 0.98945 -0.14487 -0.00232 0.166046 0.105495
-26.8640 -73.6370 7.1430 0.41329 -0.26743 0.87044 0.110048 0.102700
-18.9990 -72.8550 -4.3830 0.99148 -0.12295 -0.04306 0.169470 0.109995
-18.8340 -72.0440 -2.5610 0.99161 -0.12905 0.00746 0.162144 0.113340
-18.6780 -70.0290 -4.4420 0.99277 -0.08706 -0.08258 0.169393 0.121843
-19.1430 -73.0490 -6.1100 0.98543 -0.10395 -0.13464 0.176369 0.109334
-26.6580 -87.2860 -9.0280 0.34626 -0.87529 -0.33759 0.208594 0.047977
-27.6730 -87.7010 -8.8900 0.28334 -0.90205 -0.32563 0.212349 0.045134
-28.5290 -73.6080 7.7550 0.24825 -0.27279 0.92949 0.102889 0.101646
-19.2000 -47.6580 -8.1530 0.96235 0.05974 -0.26516 0.185241 0.213744
-26.2290 -86.5610 -10.2920 0.39243 -0.81248 -0.43114 0.209877 0.053583
-25.8670 -87.1810 -8.3960 0.41275 -0.86565 -0.28334 0.204010 0.047862
-27.9980 -88.1200 -7.8130 0.24790 -0.94642 -0.20698 0.211480 0.040735
-26.8550 -87.7260 -7.8790 0.33627 -0.91756 -0.21213 0.206794 0.043577
-19.0610 -73.3970 -1.7950 0.98283 -0.16493 0.08274 0.159268 0.107552
-31.3600 -73.8820 7.9930 -0.09741 -0.28816 0.95261 0.091913 0.097781
-30.8330 -72.1920 8.3810 -0.00329 -0.26507 0.96422 0.091667 0.105403
-18.9090 -71.9330 -1.0060 0.97298 -0.13624 0.18641 0.155970 0.113767
-19.3620 -72.7640 0.0240 0.92983 -0.16568 0.32858 0.151807 0.110079
-29.6820 -88.7240 -6.3410 0.11474 -0.97803 -0.17402 0.216005 0.032449
-18.6860 -70.5470 -1.7290 0.99314 -0.09906 0.06208 0.158671 0.119632
-29.6430 -72.4590 8.2940 0.11723 -0.24617 0.96211 0.096754 0.105535
-29.4900 -73.6500 7.9660 0.16251 -0.28075 0.94592 0.098998 0.100679
-28.5360 -72.4190 8.0650 0.25334 -0.23785 0.93768 0.101248 0.106639
-28.9300 -71.6490 8.3720 0.23038 -0.24377 0.94207 0.098604 0.109577
-25.8830 -83.0410 3.1730 0.43974 -0.43143 0.78772 0.130339 0.062882
-25.7600 -84.1250 2.5030 0.44785 -0.45290 0.77091 0.133246 0.058042
-25.0470 -83.4360 2.4140 0.53312 -0.42226 0.73313 0.135615 0.061396
-28.4870 -88.5210 -5.8660 0.29610 -0.94511 -0.13819 0.209616 0.033300
-24.9360 -82.1780 3.0400 0.52200 -0.38850 0.75933 0.133337 0.067152
-28.5600 -83.3570 3.8650 0.06473 -0.47443 0.87791 0.118791 0.059552
-27.8600 -83.7390 3.5650 0.16657 -0.48201 0.86018 0.122489 0.058517
-27.5220 -82.7440 4.0200 0.21725 -0.44715 0.86767 0.122046 0.063245
-26.5660 -82.1670 3.9850 0.35823 -0.41491 0.83638 0.125247 0.066456
-27.0980 -84.0910 3.1710 0.29375 -0.48129 0.82588 0.126573 0.057527
-27.4490 -88.0810 -6.8750 0.31882 -0.94486 -0.07474 0.207066 0.038959
-25.9300 -81.6700 3.9210 0.44112 -0.37346 0.81605 0.127267 0.068993
-18.9570 -45.5280 -6.7710 0.97302 0.04593 -0.22610 0.179834 0.222976
-18.8070 -47.7230 -6.5070 0.97805 0.05639 -0.20059 0.178269 0.213899
-27.2740 -81.6270 4.5140 0.26540 -0.39625 0.87895 0.121030 0.068383
-25.6080 -73.4700 6.5250 0.47752 -0.25359 0.84123 0.115540 0.104140
-26.7710 -72.5990 7.3930 0.42858 -0.21686 0.87709 0.109024 0.107143
-27.5040 -72.5810 7.7110 0.33346 -0.23399 0.91327 0.105793 0.106737
-24.9660 -80.1720 3.9670 0.51610 -0.32383 0.79296 0.129223 0.075934
-18.6900 -45.8170 -5.4240 0.98546 0.03895 -0.16538 0.174089 0.222099
-27.2440 -87.9470 -5.7450 0.30810 -0.94413 -0.11700 0.203418 0.036031
-26.0270 -87.6620 -6.2460 0.29135 -0.94728 -0.13331 0.199243 0.040593
-24.8630 -75.4280 5.4590 0.50934 -0.25520 0.82185 0.122000 0.096231
-25.2180 -87.2800 -6.8110 0.40259 -0.89350 -0.19893 0.197262 0.044606
-24.8570 -72.3990 6.3930 0.52311 -0.20230 0.82791 0.117538 0.109095
-24.2680 -73.8130 5.5880 0.54969 -0.24075 0.79993 0.122388 0.103422
-24.5370 -86.6090 -7.8420 0.47371 -0.83663 -0.27505 0.197327 0.050155
-30.4930 -80.4580 5.4110 -0.02509 -0.44639 0.89449 0.105747 0.070400
-32.4330 -80.4060 5.2380 -0.14343 -0.44905 0.88192 0.097954 0.068159
-31.6190 -81.6870 4.6330 -0.10457 -0.48154 0.87016 0.103397 0.063398
-31.4430 -79.3820 5.8700 -0.09760 -0.39807 0.91215 0.100152 0.074007
-25.1640 -87.5240 -5.3830 0.36670 -0.91691 -0.15751 0.193197 0.040236
-25.9700 -71.8870 7.1130 0.46623 -0.18684 0.86471 0.111822 0.110599
-18.8290 -43.9430 -5.8420 0.97947 0.04195 -0.19716 0.176254 0.229845
-23.2040 -86.4780 -5.9590 0.50102 -0.83921 -0.21144 0.186281 0.048658
-23.5600 -86.8440 -5.0320 0.46996 -0.87094 -0.14352 0.184803 0.044511
-27.6430 -86.0670 -11.8560 0.32072 -0.61044 -0.72422 0.218273 0.056706
-22.9720 -72.1660 5.0970 0.62915 -0.18171 0.75574 0.126525 0.111043
-24.9170 -70.7230 6.7750 0.52990 -0.18950 0.82662 0.115291 0.116099
-27.0460 -86.3800 -11.2160 0.37326 -0.71888 -0.58641 0.214811 0.055125
-27.3240 -85.0540 -12.3340 0.33026 -0.39736 -0.85617 0.218335 0.061017
-26.8640 -85.5390 -11.8530 0.39080 -0.52967 -0.75281 0.215602 0.059090
-25.7400 -85.9830 -10.7490 0.44826 -0.68144 -0.57854 0.209206 0.056843
-25.8650 -70.2900 7.4200 0.46487 -0.21774 0.85819 0.110361 0.117372
-30.0370 -78.7660 6.1910 0.03327 -0.37793 0.92524 0.104698 0.078327
-29.0860 -79.8520 5.6230 0.10795 -0.40546 0.90772 0.110373 0.074517
-25.1330 -85.0650 -11.2070 0.49548 -0.53805 -0.68191 0.208276 0.061210
-27.0950 -83.6090 -12.7770 0.32974 -0.27772 -0.90230 0.218935 0.066708
-18.4440 -47.7100 -4.4230 0.98972 0.05202 -0.13320 0.169551 0.214389
-18.4610 -45.7080 -3.7840 0.99248 0.03677 -0.11675 0.167232 0.222895
-28.2860 -81.7720 4.6390 0.12731 -0.42710 0.89520 0.117042 0.066869
-29.3120 -81.6590 4.7850 0.03957 -0.44953 0.89239 0.112626 0.066340
-25.6670 -84.6030 -11.8050 0.42538 -0.39126 -0.81607 0.211537 0.063178
-25.2210 -83.4710 -11.9850 0.44466 -0.26596 -0.85530 0.210737 0.067718
-27.3790 -71.4840 7.9240 0.37159 -0.21029 0.90427 0.104937 0.111436
-27.8240 -79.4610 5.5630 0.23720 -0.36715 0.89941 0.114914 0.077314
-30.1010 -82.5750 4.2980 -0.04106 -0.48188 0.87528 0.111057 0.061324
-18.5800 -43.5760 -4.2160 0.98985 0.02819 -0.13928 0.169458 0.231763
-23.8600 -83.8570 -11.0520 0.54784 -0.36969 -0.75046 0.203906 0.066249
-26.3240 -80.1210 4.7540 0.39564 -0.33657 0.85451 0.122630 0.075476
-24.8810 -85.8020 -10.1930 0.53656 -0.67543 -0.50587 0.204903 0.057298
-24.0010 -84.8340 -10.3640 0.55271 -0.59361 -0.58493 0.202464 0.061712
-23.0080 -84.2340 -10.1160 0.59003 -0.51924 -0.61826 0.198773 0.064451
-26.7210 -82.4930 -12.9230 0.35445 -0.21758 -0.90941 0.218353 0.071092
-27.5450 -70.4280 8.2470 0.36800 -0.23682 0.89916 0.102900 0.115779
-25.5460 -78.9940 4.7660 0.47165 -0.29419 0.83126 0.124327 0.080724
-25.2920 -81.6570 -12.4820 0.44570 -0.19354 -0.87401 0.212692 0.074725
-26.9540 -78.6120 5.5990 0.36030 -0.31153 0.87928 0.117233 0.081565
-18.3120 -45.1460 -1.9910 0.99646 0.03451 -0.07663 0.159835 0.225546
-23.8910 -82.6670 -11.4380 0.54375 -0.21506 -0.81122 0.205227 0.070987
-28.8230 -78.2680 6.2410 0.16028 -0.34255 0.92572 0.108791 0.081605
-23.3230 -70.4140 5.6830 0.60183 -0.17116 0.78007 0.122851 0.118211
-27.8520 -78.1700 6.0580 0.25821 -0.31312 0.91394 0.112658 0.082819
-29.8310 -77.3350 6.6960 0.06600 -0.33352 0.94043 0.103238 0.084623
-18.4300 -43.7020 -3.0010 0.99505 0.02349 -0.09652 0.164317 0.231473
-23.8300 -80.8130 -11.7930 0.53762 -0.17718 -0.82436 0.206424 0.078237
-25.6740 -77.6910 5.2640 0.46573 -0.26432 0.84453 0.121617 0.086202
-24.2340 -78.0500 4.2630 0.55052 -0.26486 0.79170 0.129092 0.085420
-24.7200 -79.4840 -12.6030 0.46910 -0.16974 -0.86668 0.211787 0.083258
-23.7400 -69.0320 6.3640 0.58888 -0.20763 0.78109 0.119010 0.123834
-23.6080 -79.3640 -11.9610 0.54422 -0.16999 -0.82154 0.206556 0.083946
-23.0420 -83.5960 -10.4880 0.63354 -0.29602 -0.71484 0.199934 0.067181
-22.5520 -70.1260 5.1150 0.66817 -0.16337 0.72585 0.126514 0.119796
-22.4540 -68.3450 5.4920 0.66594 -0.19596 0.71981 0.124817 0.127352
-25.2370 -86.2050 -9.9510 0.47096 -0.77585 -0.41982 0.205504 0.055154
-26.9640 -77.3470 6.0050 0.37735 -0.27577 0.88406 0.115220 0.086903
-27.7780 -76.7000 6.5070 0.27525 -0.29556 0.91481 0.110705 0.089080
-22.7630 -67.3510 6.0460 0.64530 -0.19751 0.73795 0.121915 0.131418
-24.6720 -86.1940 -9.2400 0.51128 -0.78002 -0.36078 0.201664 0.054371
-23.5420 -85.2190 -9.3970 0.54680 -0.69740 -0.46330 0.198315 0.059235
-27.8480 -68.4400 8.9490 0.36873 -0.28899 0.88347 0.099059 0.124049
-25.9320 -68.6090 7.9290 0.46897 -0.24044 0.84985 0.107932 0.124479
-23.6440 -85.9670 -8.1700 0.51531 -0.78725 -0.33867 0.195056 0.054305
-25.2010 -69.4300 7.2750 0.51945 -0.21882 0.82601 0.112357 0.121400
-23.5870 -76.0140 4.4000 0.58295 -0.24039 0.77613 0.129172 0.094396
-18.6490 -41.0810 -4.2130 0.98706 0.02518 -0.15834 0.170010 0.242267
-25.1790 -66.9210 7.9450 0.52618 -0.21393 0.82302 0.109388 0.132053
-22.4460 -84.6870 -8.9730 0.68429 -0.60316 -0.40980 0.193799 0.061807
-22.2880 -83.8750 -9.6070 0.75199 -0.39215 -0.52984 0.195246 0.065740
-24.1740 -84.2790 1.2140 0.62007 -0.43769 0.65111 0.142719 0.057731
-24.1860 -81.8600 2.6500 0.59402 -0.36727 0.71572 0.136670 0.068835
-23.4190 -82.1070 1.7840 0.67107 -0.37373 0.64031 0.141887 0.067877
-22.7320 -85.4330 -7.9870 0.59866 -0.72783 -0.33448 0.191499 0.057138
-18.5070 -41.6160 -3.2810 0.99331 0.02417 -0.11293 0.165928 0.240216
-21.7380 -83.8390 -8.3830 0.86950 -0.39859 -0.29171 0.189783 0.064788
-21.8210 -84.5440 -7.4780 0.84960 -0.46957 -0.24018 0.186989 0.060742
-23.7380 -67.0730 6.9090 0.58878 -0.20647 0.78148 0.116573 0.132136
-22.5750 -81.8980 0.9270 0.72897 -0.36459 0.57938 0.146984 0.068969
-23.0150 -80.7740 2.0820 0.67899 -0.33414 0.65370 0.141137 0.073983
-22.8340 -86.0000 -6.7180 0.57183 -0.77683 -0.26372 0.187570 0.052574
-18.4840 -40.0970 -2.7740 0.99430 0.01108 -0.10606 0.164126 0.246747
-22.2650 -85.3310 -7.1270 0.72884 -0.63561 -0.25455 0.187166 0.056660
-24.4560 -65.6150 7.7910 0.55234 -0.18952 0.81179 0.111389 0.137958
-23.7260 -79.5860 3.3130 0.59976 -0.31007 0.73766 0.134464 0.079027
-21.9670 -80.2870 1.1700 0.73653 -0.31866 0.59664 0.146510 0.076540
-31.0840 -70.5660 8.9480 0.03240 -0.32136 0.94640 0.088484 0.112178
-22.5730 -81.9360 -10.6100 0.63912 -0.20809 -0.74042 0.199095 0.073791
-22.1540 -82.9100 -9.8640 0.74985 -0.25629 -0.60995 0.195618 0.069691
-30.0040 -70.3840 8.8910 0.13145 -0.29278 0.94710 0.092595 0.113988
-21.5870 -82.9200 -8.9480 0.87097 -0.29325 -0.39423 0.191210 0.069093
-22.3600 -78.5560 2.4060 0.72088 -0.26250 0.64143 0.140299 0.084023
-23.0170 -79.1170 2.8810 0.67045 -0.28925 0.68325 0.137446 0.081345
-18.6100 -38.4040 -3.6500 0.98941 0.00749 -0.14493 0.168269 0.253740
-21.4650 -78.9860 1.1510 0.77766 -0.26546 0.56989 0.146874 0.082506
-21.3270 -82.9560 -8.1010 0.92564 -0.29897 -0.23197 0.187622 0.068234
-21.3240 -81.1720 -9.4390 0.86353 -0.19145 -0.46654 0.192176 0.076476
-21.0560 -77.0120 1.4620 0.78481 -0.23521 0.57337 0.145526 0.091262
-22.5530 -77.2310 3.1060 0.69650 -0.24317 0.67509 0.136710 0.089665
-21.5480 -80.6080 0.4140 0.79551 -0.33936 0.50199 0.150326 0.075237
-22.7670 -80.5420 -11.0890 0.61338 -0.17441 -0.77029 0.201274 0.079357
-30.7900 -69.3260 9.3310 0.07658 -0.34368 0.93596 0.088044 0.117815
-21.7880 -81.3590 -10.0470 0.74227 -0.19865 -0.63997 0.195291 0.075988
-28.8940 -69.9750 8.7910 0.24469 -0.27761 0.92901 0.096631 0.116679
-21.0530 -81.5670 -8.5300 0.93188 -0.22326 -0.28592 0.188422 0.074342
-23.4240 -77.6070 3.7890 0.62131 -0.24899 0.74296 0.132518 0.087687
-21.2650 -79.8620 -9.6810 0.84155 -0.15984 -0.51600 0.192906 0.081834
-21.6700 -79.6130 -10.3280 0.73213 -0.17518 -0.65825 0.196062 0.083007
-21.0560 -80.2430 -9.1810 0.89954 -0.15587 -0.40808 0.190699 0.080109
-18.8920 -53.8980 3.2100 0.90394 -0.02952 0.42664 0.137265 0.189079
-18.3770 -54.3970 1.9480 0.93057 -0.02448 0.36530 0.142803 0.187012
-18.2490 -52.3720 1.7020 0.95080 0.00684 0.30972 0.143914 0.195494
-29.4790 -68.8720 9.3140 0.21732 -0.33723 0.91599 0.092745 0.120985
-18.0900 -52.4870 1.0620 0.98698 0.02683 0.15856 0.146596 0.194989
-18.1220 -53.3400 1.3270 0.97218 -0.00711 0.23413 0.145510 0.191431
-20.7480 -80.5780 -8.1760 0.94965 -0.19433 -0.24577 0.186472 0.078238
-18.1210 -50.5340 0.7570 0.99251 0.03449 0.11723 0.147898 0.203164
-18.0040 -51.5730 -0.1220 0.99677 0.03388 0.07286 0.151454 0.198755
-22.2890 -85.6780 -6.2430 0.72335 -0.66499 -0.18587 0.184028 0.053751
-22.8950 -76.3320 3.7370 0.64476 -0.23730 0.72661 0.133283 0.093371
-22.0600 -75.1160 3.3580 0.70461 -0.22500 0.67298 0.135877 0.098962
-22.8260 -86.3440 -5.4160 0.59440 -0.78999 -0.15035 0.182814 0.048693
-22.1320 -85.7970 -4.7750 0.83506 -0.54712 -0.05785 0.177398 0.050880
-18.1850 -51.3120 1.3150 0.98125 0.02648 0.19091 0.145556 0.199925
-21.7310 -84.8120 -6.5460 0.87018 -0.47019 -0.14731 0.183417 0.058445
-18.5140 -50.7800 2.4950 0.93838 -0.00835 0.34551 0.140565 0.202194
-18.2910 -50.2160 1.7470 0.97156 0.02011 0.23593 0.143792 0.204544
-21.2910 -83.5180 -6.9780 0.93383 -0.32518 -0.14909 0.183479 0.064697
-21.2920 -83.9700 -5.3880 0.93333 -0.35810 -0.02579 0.177232 0.060951
-20.8820 -82.0190 -7.1240 0.96061 -0.23964 -0.14072 0.182843 0.071375
-19.1130 -51.8760 3.7840 0.89593 -0.02459 0.44351 0.134724 0.197564
-20.9370 -82.7500 -5.8250 0.96161 -0.26568 -0.06875 0.177992 0.067059
-20.3500 -79.6140 -7.0030 0.97072 -0.20023 -0.13271 0.181272 0.081692
-30.3490 -67.7340 9.9690 0.12247 -0.32112 0.93909 0.087663 0.125326
-24.6470 -77.7850 -12.8920 0.45581 -0.13982 -0.87903 0.212795 0.089890
-18.2830 -48.9230 1.5180 0.98313 0.02253 0.18152 0.144802 0.209979
-18.6540 -49.4340 2.8360 0.93878 0.00912 0.34441 0.139105 0.207867
-18.9810 -49.1200 3.6050 0.90349 0.00075 0.42861 0.135664 0.209194
-21.1640 -75.9080 2.0150 0.77360 -0.22041 0.59411 0.142815 0.095961
-20.3350 -74.7930 1.1720 0.85199 -0.18686 0.48907 0.146855 0.101070
-19.6630 -72.2870 0.9800 0.88025 -0.14437 0.45202 0.147684 0.111964
-22.8670 -76.3110 -12.0630 0.54823 -0.12627 -0.82674 0.205386 0.096136
-18.1780 -48.4600 0.3790 0.99608 0.02767 0.08401 0.149569 0.211858
-24.4150 -75.9300 -13.0000 0.45495 -0.08869 -0.88609 0.212929 0.097196
-21.0110 -74.0910 2.4770 0.78586 -0.19618 0.58647 0.140672 0.103767
-28.6520 -67.3600 9.6440 0.29888 -0.31855 0.89955 0.094178 0.128210
-27.8400 -66.6290 9.5630 0.41558 -0.27595 0.86669 0.096748 0.131882
-18.1780 -45.6580 -0.2350 0.99923 0.03513 0.01764 0.152429 0.223609
-22.2380 -78.1020 -11.2280 0.63140 -0.17171 -0.75621 0.200679 0.089109
-18.2110 -46.1890 0.4230 0.99630 0.01602 0.08440 0.149612 0.221435
-18.3590 -47.5360 1.8660 0.97755 0.00664 0.21058 0.143437 0.215846
-18.7220 -69.7960 -0.8320 0.97067 -0.10096 0.21820 0.154987 0.122745
-30.8210 -66.3280 10.3590 0.02112 -0.25283 0.96728 0.084132 0.130846
-19.1690 -71.3260 0.0440 0.93655 -0.11214 0.33211 0.151537 0.116192
-29.6790 -66.5910 10.1650 0.17444 -0.28955 0.94113 0.088982 0.130752
-21.0030 -78.0720 -9.9250 0.82463 -0.17913 -0.53656 0.193357 0.089192
-18.7490 -47.8640 3.0370 0.92969 -0.00357 0.36834 0.138286 0.214499
-21.6950 -76.4260 -11.1490 0.65599 -0.15571 -0.73853 0.199311 0.095884
-21.2440 -77.3370 -10.4550 0.75102 -0.17116 -0.63771 0.195785 0.092222
-20.6470 -71.8720 2.6510 0.80696 -0.14263 0.57313 0.139820 0.113304
-19.3390 -70.3140 0.7880 0.90254 -0.10475 0.41767 0.148233 0.120355
-26.5420 -66.9370 8.7570 0.47973 -0.23881 0.84429 0.103050 0.131261
-20.0210 -69.9340 2.0550 0.85802 -0.13435 0.49573 0.142370 0.121671
-20.5860 -70.6090 2.8210 0.81023 -0.12933 0.57166 0.138853 0.118622
-19.2370 -69.1800 0.8630 0.90462 -0.12970 0.40601 0.147781 0.125126
-28.7580 -66.2270 10.0710 0.29382 -0.28571 0.91216 0.092290 0.133037
-20.6540 -79.1210 -8.7630 0.91789 -0.18726 -0.34987 0.188442 0.084558
-20.4290 -79.2290 -7.8990 0.95849 -0.18925 -0.21325 0.184829 0.083742
-20.5840 -77.6910 -9.3050 0.89563 -0.17958 -0.40694 0.190354 0.090609
-18.6190 -46.8760 2.7250 0.94563 -0.01515 0.32488 0.139767 0.218675
-20.1290 -77.5970 -8.0650 0.95360 -0.18221 -0.23970 0.185026 0.090677
-18.3910 -46.2140 1.9270 0.98235 0.00958 0.18679 0.143298 0.221431
-23.0310 -74.5470 4.4370 0.62651 -0.22817 0.74527 0.129695 0.100929
-27.9900 -65.0960 10.0900 0.41985 -0.20833 0.88336 0.094270 0.138359
-18.4500 -44.4680 2.0590 0.98103 0.00776 0.19370 0.142916 0.228848
-20.5650 -76.3460 -9.7580 0.85779 -0.16000 -0.48846 0.192043 0.096189
-21.0390 -75.8820 -10.6120 0.75804 -0.13815 -0.63741 0.196042 0.098130
-29.5620 -64.9290 10.6710 0.17775 -0.24600 0.95283 0.087480 0.138019
-20.2600 -76.6250 -9.0140 0.91863 -0.16234 -0.36022 0.188794 0.094935
-19.5530 -51.1920 4.6150 0.86478 -0.02258 0.50164 0.130859 0.200401
-20.3060 -49.7980 5.8790 0.80357 -0.03198 0.59435 0.124762 0.206178
-20.2350 -51.1380 5.7280 0.80319 -0.03328 0.59479 0.125499 0.200513
-21.7700 -72.4790 3.8600 0.71907 -0.18068 0.67104 0.133600 0.110271
-19.8410 -75.9550 -8.0670 0.96227 -0.14029 -0.23315 0.184663 0.097519
-20.2020 -52.8980 5.5500 0.80436 -0.04736 0.59226 0.126285 0.193095
-19.4980 -48.3580 4.6180 0.87801 -0.01897 0.47827 0.130975 0.212386
-22.6120 -74.5870 -12.0930 0.54789 -0.08065 -0.83265 0.205173 0.103019
-21.7890 -75.5040 -11.3890 0.63762 -0.10224 -0.76354 0.200501 0.099555
-23.8770 -73.2360 -12.9250 0.46873 -0.08166 -0.87956 0.211817 0.107963
-21.6610 -71.2600 4.0250 0.72905 -0.13852 0.67029 0.132734 0.115447
-21.3330 -51.8990 6.9170 0.73274 -0.04470 0.67904 0.118906 0.197055
-20.2560 -68.3670 2.9390 0.82713 -0.15126 0.54127 0.138297 0.128154
-21.1660 -69.6470 3.7660 0.75272 -0.15998 0.63861 0.134014 0.122419
-22.8000 -72.0790 -12.4180 0.51645 -0.10637 -0.84969 0.207319 0.112909
-21.6480 -49.7730 7.3950 0.71729 -0.05031 0.69495 0.116372 0.205977
-22.1130 -51.8120 7.7120 0.68275 -0.05348 0.72869 0.114311 0.197197
-21.9500 -72.0840 -11.8580 0.60133 -0.10331 -0.79229 0.203143 0.113148
-21.6150 -73.9580 -11.3890 0.66133 -0.07655 -0.74618 0.200381 0.105747
-21.1020 -48.6700 6.8870 0.74502 -0.04719 0.66537 0.119389 0.210801
-26.0110 -65.0300 8.8980 0.51145 -0.18841 0.83841 0.103457 0.139646
-20.2690 -47.3210 5.9710 0.81571 -0.03621 0.57733 0.124515 0.216686
-21.1610 -68.2160 4.2060 0.75265 -0.17318 0.63524 0.132035 0.128450
-20.9270 -74.8290 -10.6410 0.75607 -0.07199 -0.65052 0.196059 0.102367
-21.9010 -67.5860 5.1480 0.70591 -0.18243 0.68441 0.126986 0.130792
-20.5420 -75.2540 -10.0490 0.84564 -0.10761 -0.52279 0.193148 0.100662
-20.2280 -73.4100 -9.7800 0.87187 -0.08889 -0.48161 0.191815 0.108129
-20.1400 -71.1540 -10.0910 0.84711 -0.10589 -0.52076 0.192969 0.117280
-20.0820 -69.3610 -10.3060 0.87118 -0.08404 -0.48373 0.193712 0.124554
-19.7400 -70.6220 -9.4240 0.91913 -0.08066 -0.38560 0.189860 0.119476
-19.7770 -71.7950 -9.1970 0.92407 -0.09426 -0.37041 0.189021 0.114695
-19.7460 -73.6080 -8.6630 0.94125 -0.09456 -0.32419 0.186887 0.107272
-19.4200 -72.0140 -8.0130 0.96599 -0.08707 -0.24348 0.184035 0.113757
-20.1350 -75.2460 -9.2630 0.91703 -0.11436 -0.38208 0.189590 0.100634
-19.3560 -70.7270 -8.2270 0.96278 -0.07191 -0.26053 0.184795 0.119047
-19.1230 -46.2030 3.9960 0.90504 -0.01656 0.42501 0.134114 0.221542
-20.6910 -73.4200 -10.4730 0.78372 -0.08610 -0.61512 0.195196 0.108051
-19.5930 -69.0390 -9.2840 0.93891 -0.06540 -0.33789 0.189134 0.125919
-20.9500 -71.4200 -11.0840 0.72344 -0.11408 -0.68090 0.198140 0.116062
-18.6070 -45.6860 2.8090 0.94846 0.00421 0.31687 0.139569 0.223714
-19.8560 -67.1650 -10.3290 0.89375 -0.09359 -0.43869 0.193431 0.133482
-19.0020 -70.3050 -6.6950 0.98278 -0.07263 -0.16991 0.178483 0.120738
-18.7770 -44.9420 3.1880 0.93679 -0.00316 0.34988 0.137919 0.226887
-19.0220 -68.9480 -7.2340 0.97590 -0.05786 -0.21039 0.180577 0.126323
-19.6470 -46.6050 4.9770 0.87104 -0.02385 0.49064 0.129441 0.219801
-19.0810 -67.4650 -7.8700 0.96744 -0.07281 -0.24239 0.183063 0.132379
-19.3130 -65.3900 -9.2680 0.95006 -0.07540 -0.30281 0.188649 0.140782
-22.5240 -70.6650 -12.4930 0.52558 -0.13551 -0.83988 0.206937 0.118651
-28.4440 -63.6140 10.5880 0.38906 -0.17577 0.90429 0.090835 0.144350
-18.7200 -68.5070 -5.5380 0.98749 -0.07283 -0.13988 0.173664 0.128150
-18.8310 -67.6520 -6.6410 0.98029 -0.07456 -0.18297 0.178053 0.131657
-20.1490 -66.1390 -11.0680 0.84385 -0.10400 -0.52640 0.196622 0.137568
-20.5660 -67.9850 -11.2920 0.76830 -0.12428 -0.62791 0.198217 0.130012
-20.8460 -66.6190 -11.9070 0.70711 -0.13596 -0.69391 0.200978 0.135450
-20.5040 -65.5830 -11.6820 0.77663 -0.10978 -0.62032 0.199489 0.139718
-21.4700 -64.8620 -12.7720 0.61679 -0.13473 -0.77551 0.205414 0.142320
-21.5780 -69.3620 -12.0380 0.63626 -0.12154 -0.76184 0.203051 0.124183
-19.2550 -44.9330 4.2890 0.89866 -0.02358 0.43801 0.132873 0.226935
-22.3690 -65.7930 6.0940 0.67131 -0.17776 0.71954 0.122200 0.138159
-20.6100 -64.2530 -12.0930 0.75164 -0.08961 -0.65346 0.201135 0.145049
-21.3680 -65.2660 5.1880 0.74298 -0.15443 0.65126 0.127341 0.140776
-19.9750 -63.8700 -11.1740 0.86995 -0.07363 -0.48761 0.196701 0.146766
-20.3870 -45.7480 6.2430 0.81252 -0.04430 0.58124 0.123337 0.223358
-19.9260 -44.8080 5.5570 0.86335 -0.02981 0.50372 0.126851 0.227418
-22.2600 -68.8950 -12.5960 0.54257 -0.12688 -0.83037 0.206743 0.125826
-22.0610 -67.2110 -12.7340 0.55841 -0.14916 -0.81604 0.206792 0.132646
-19.3760 -42.7030 4.7040 0.89482 -0.01995 0.44599 0.131301 0.236439
-19.6360 -65.0310 -10.2930 0.91762 -0.07831 -0.38966 0.192938 0.142165
-21.5430 -68.1960 -12.1630 0.63294 -0.12950 -0.76330 0.203500 0.128866
-23.5310 -65.1340 7.2300 0.60549 -0.17556 0.77625 0.115432 0.140432
-22.4630 -64.0270 6.5920 0.66210 -0.14152 0.73593 0.119806 0.145566
-18.2230 -44.5670 -0.3960 0.99950 0.02350 -0.02110 0.153240 0.228206
-18.2500 -42.3950 -0.3040 0.99959 0.01834 -0.02218 0.153216 0.237418
-20.5040 -69.9640 -10.8580 0.77712 -0.11123 -0.61944 0.196474 0.122044
-18.2550 -43.9760 0.4310 0.99753 0.00847 0.06971 0.149861 0.230796
-18.3590 -41.5270 -1.5650 0.99682 0.01581 -0.07809 0.158696 0.240905
-21.7250 -63.7220 5.9140 0.72282 -0.12327 0.67995 0.123674 0.147133
-18.6980 -64.4580 -7.3850 0.97081 -0.06983 -0.22945 0.180738 0.144761
-23.9240 -64.0760 7.7420 0.58603 -0.14674 0.79689 0.112433 0.144714
-19.4160 -63.1820 -10.0400 0.93502 -0.05670 -0.35002 0.191671 0.149716
-23.0620 -62.1760 7.3750 0.62480 -0.11815 0.77180 0.115185 0.153092
-19.0650 -62.9630 -9.0050 0.95410 -0.05479 -0.29445 0.187317 0.150722
-18.2890 -41.4650 0.6790 0.99820 0.00524 0.05981 0.149234 0.241488
-18.2890 -41.2900 -0.4630 0.99923 0.01204 -0.03746 0.154093 0.242084
-18.3730 -43.0040 1.6340 0.98804 -0.00139 0.15416 0.144937 0.235034
-20.5820 -63.0790 4.6880 0.77665 -0.12703 0.61699 0.130109 0.150227
-21.4050 -62.2540 5.7990 0.73314 -0.11519 0.67026 0.124355 0.153414
-18.5120 -65.8100 -5.8300 0.98407 -0.08510 -0.15612 0.174569 0.139282
-18.5130 -67.2020 -4.9260 0.98862 -0.09097 -0.11983 0.171072 0.133561
-22.1370 -61.4680 6.6980 0.68341 -0.10890 0.72187 0.119466 0.156449
-21.5110 -63.9590 -12.9350 0.61408 -0.09334 -0.78371 0.206092 0.145930
-20.4810 -61.9350 4.7980 0.77445 -0.12079 0.62099 0.129680 0.155062
-20.7390 -60.7420 5.3220 0.75427 -0.10559 0.64802 0.127080 0.159977
-18.2950 -63.3270 -5.6490 0.98672 -0.05788 -0.15176 0.173639 0.149540
-18.3060 -66.3000 -3.5840 0.99484 -0.08776 -0.05087 0.165629 0.137339
-18.2010 -64.6250 -4.0730 0.99426 -0.07510 -0.07625 0.167438 0.144272
-30.5150 -88.9530 -5.0870 0.01336 -0.99190 -0.12635 0.217365 0.026602
-21.0070 -58.3390 5.9930 0.73785 -0.08315 0.66982 0.123713 0.169999
-22.3930 -58.2070 7.3720 0.66372 -0.09108 0.74241 0.115819 0.170072
-18.0360 -62.7530 -3.0440 0.99858 -0.04765 -0.02397 0.163233 0.152077
-18.0970 -62.4770 -4.3820 0.99518 -0.04181 -0.08875 0.168530 0.153135
-29.5080 -89.0950 -3.3370 0.10131 -0.99477 -0.01322 0.209139 0.022402
-29.3470 -88.8660 -5.0610 0.16290 -0.97712 -0.13675 0.211957 0.028714
-28.5040 -88.7880 -4.1610 0.24876 -0.96009 -0.12787 0.206249 0.027434
-31.7870 -89.1050 -3.4110 0.05898 -0.99090 -0.12099 0.219419 0.018230
-30.7420 -89.0910 -2.9890 0.05335 -0.99855 -0.00760 0.213823 0.018706
-31.8060 -89.2230 -2.5700 0.03315 -0.99943 0.00614 0.217415 0.015064
-18.4720 -67.8330 -3.8430 0.99421 -0.08761 -0.06219 0.166801 0.130961
-18.5940 -69.7180 -2.9570 0.99580 -0.09096 -0.01080 0.163451 0.123121
-25.1740 -63.9520 8.6230 0.53349 -0.15963 0.83061 0.106274 0.144642
-28.4060 -88.8750 -3.1310 0.21673 -0.97623 -0.00294 0.203769 0.024044
-18.5370 -68.5180 -1.3900 0.99247 -0.08907 0.08404 0.157088 0.128113
-29.4050 -88.9750 -2.2170 0.12682 -0.98319 0.13134 0.206303 0.018659
-18.3310 -39.9830 -1.0370 0.99753 0.00429 -0.07016 0.156786 0.247551
-26.6600 -88.4420 -2.9170 0.29980 -0.95387 -0.01606 0.195341 0.027360
-27.2440 -88.5570 -2.3780 0.23455 -0.96468 0.11995 0.196963 0.024022
-18.3930 -67.3650 -1.9150 0.99489 -0.09447 0.03564 0.159080 0.132931
-24.1060 -61.8450 8.2360 0.58594 -0.12491 0.80067 0.109639 0.154038
-25.1740 -61.5920 9.0200 0.54493 -0.13099 0.82819 0.104217 0.154613
-18.2640 -39.9910 0.2340 0.99998 0.00316 0.00501 0.151404 0.247709
-18.2790 -38.8550 -0.1670 0.99968 -0.00019 -0.02546 0.153335 0.252500
-27.5900 -88.4420 -4.5360 0.30386 -0.93177 -0.19866 0.202714 0.030898
-18.4090 -37.8230 -1.9760 0.99547 -0.00181 -0.09505 0.161266 0.256572
-26.2280 -88.0230 -4.6050 0.29451 -0.93617 -0.19195 0.196469 0.034552
-21.3880 -61.7710 -13.0540 0.62405 -0.07615 -0.77766 0.206303 0.154750
-20.7530 -62.0490 -12.4490 0.72911 -0.06748 -0.68106 0.202770 0.153849
-26.5320 -88.2960 -3.7360 0.29339 -0.94382 -0.15210 0.196276 0.030636
-20.5070 -63.3680 -12.0280 0.76803 -0.06763 -0.63683 0.200747 0.148626
-27.2300 -63.4230 9.9580 0.49614 -0.15440 0.85440 0.096193 0.145828
-25.6720 -88.0370 -3.3800 0.37347 -0.92352 -0.08735 0.191470 0.031773
-24.2010 -87.2930 -4.3210 0.43368 -0.89353 -0.11626 0.185982 0.039803
-20.1260 -62.3000 -11.6260 0.83328 -0.05147 -0.55045 0.198624 0.153041
-19.6170 -61.8990 -10.7650 0.90747 -0.04929 -0.41721 0.194651 0.154829
-18.4500 -39.9470 2.0690 0.98642 -0.01631 0.16343 0.143587 0.248099
-23.8000 -87.1110 -3.8170 0.50743 -0.86124 -0.02804 0.182542 0.039677
-20.7960 -60.7870 -12.6060 0.72191 -0.06880 -0.68856 0.203452 0.158908
-24.2990 -87.4260 -3.0220 0.48909 -0.87175 0.02923 0.183849 0.034736
-20.2610 -60.9410 -11.9270 0.81436 -0.06311 -0.57692 0.199989 0.158469
-26.9410 -61.1640 10.1880 0.50076 -0.14056 0.85409 0.095505 0.155540
-18.7670 -43.4460 3.3560 0.94320 -0.01241 0.33200 0.137445 0.233259
-26.4630 -88.2820 -1.9680 0.31768 -0.93313 0.16838 0.192546 0.024434
-19.7440 -60.3940 -11.1710 0.89100 -0.04625 -0.45163 0.196363 0.160857
-23.3830 -60.0430 7.9500 0.62084 -0.10938 0.77627 0.111903 0.161952
-25.2930 -87.8880 -2.4750 0.41012 -0.90781 0.08768 0.187941 0.029526
-25.0310 -87.6020 -1.6520 0.42289 -0.88816 0.17982 0.184979 0.027083
-25.0310 -87.6020 -1.6520 0.43282 -0.80565 0.40448 0.149324 0.039140
-26.3850 -88.0230 -1.0530 0.39274 -0.80056 0.45262 0.141144 0.036407
-26.3850 -88.0230 -1.0530 0.32396 -0.91718 0.23200 0.190239 0.021144
-19.1210 -60.2140 -9.6340 0.94735 -0.02615 -0.31914 0.189769 0.161853
-24.1160 -87.1900 -2.0490 0.59792 -0.75190 0.27775 0.155220 0.041830
-24.1160 -87.1900 -2.0490 0.50865 -0.85274 0.11877 0.181102 0.031388
-18.6710 -41.5440 3.0250 0.95678 -0.01214 0.29056 0.139161 0.241357
-32.3730 -89.1440 -2.1510 -0.07327 -0.98937 0.12557 0.218639 0.012314
-32.3730 -89.1440 -2.1510 -0.23664 -0.91195 0.33518 0.109801 0.020322
-31.3670 -88.9180 -0.9960 0.04615 -0.97278 0.22708 0.211702 0.010111
-31.3670 -88.9180 -0.9960 -0.25810 -0.82956 0.49519 0.114925 0.025585
-31.5090 -89.1580 -1.9230 0.04996 -0.98588 0.15981 0.214594 0.013311
-30.5330 -89.0030 -1.8970 0.08956 -0.98878 0.11951 0.210412 0.015193
-32.4090 -88.3440 -0.7260 -0.28642 -0.80235 0.52364 0.109936 0.027545
-30.4470 -88.8080 -0.6440 0.03989 -0.96032 0.27602 0.207298 0.010729
-18.7120 -62.0340 -7.9520 0.96717 -0.04447 -0.25021 0.182899 0.154638
-19.1010 -41.2280 4.1300 0.91866 -0.03082 0.39385 0.134180 0.242734
-28.8810 -88.5660 -0.5610 0.23349 -0.87999 0.41365 0.128413 0.031610
-28.8810 -88.5660 -0.5610 0.16922 -0.96728 0.18905 0.200580 0.013592
-29.8920 -88.6190 -0.1670 0.06046 -0.76258 0.64406 0.122659 0.031035
-29.8920 -88.6190 -0.1670 0.09160 -0.95768 0.27288 0.204035 0.010021
-20.8630 -59.1730 -12.8610 0.70826 -0.05430 -0.70386 0.204503 0.165378
-20.1800 -59.4650 -12.0110 0.81948 -0.04515 -0.57133 0.200152 0.164441
-32.4880 -87.7180 0.1550 -0.23151 -0.75093 0.61847 0.109253 0.032102
-24.0720 -59.7150 8.5200 0.58202 -0.11224 0.80539 0.108182 0.163051
-31.7860 -88.3700 -0.3100 -0.26905 -0.77052 0.57785 0.112993 0.029268
-20.3540 -58.3410 -12.2820 0.81075 0.00215 -0.58539 0.201483 0.168912
-30.9760 -87.7650 0.5030 -0.15913 -0.68335 0.71254 0.116179 0.034226
-18.3210 -39.1100 1.2290 0.99570 -0.00790 0.09233 0.147353 0.251590
-30.4640 -88.5910 -0.1410 -0.12920 -0.71739 0.68459 0.119534 0.030303
-30.4640 -88.5910 -0.1410 -0.03203 -0.91812 0.39501 0.206144 0.008677
-26.0550 -59.1630 9.9470 0.53707 -0.12241 0.83461 0.098100 0.164456
-29.9880 -87.9840 0.4830 -0.04666 -0.68571 0.72638 0.121064 0.034646
-28.9270 -88.2360 0.1670 0.16922 -0.81009 0.56135 0.126709 0.034569
-30.8760 -86.9560 1.2930 -0.12548 -0.64993 0.74956 0.115426 0.039015
-19.8020 -58.9080 -11.4000 0.89156 -0.00148 -0.45291 0.197325 0.166835
-19.3670 -58.6470 -10.3470 0.93431 0.00315 -0.35645 0.192807 0.168104
-18.7440 -58.4750 -8.4540 0.96469 -0.00005 -0.26339 0.184889 0.169136
-27.8510 -88.4050 -0.8440 0.26274 -0.87336 0.41012 0.133747 0.033030
-27.8510 -88.4050 -0.8440 0.21879 -0.95744 0.18827 0.196572 0.016902
-23.8230 -58.1860 8.5430 0.60124 -0.09516 0.79338 0.108360 0.169610
-18.2750 -37.4190 0.8000 0.99871 -0.01361 0.04897 0.149553 0.258780
-18.2670 -36.8860 -0.1160 0.99931 -0.00984 -0.03590 0.153573 0.260919
-25.1910 -58.0720 9.5220 0.56190 -0.10450 0.82058 0.101510 0.169484
-19.8650 -56.7450 -11.3900 0.89011 0.01562 -0.45549 0.197518 0.175598
-27.3250 -88.0540 -0.4370 0.28775 -0.84070 0.45871 0.135311 0.036152
-20.5040 -56.3260 -12.4280 0.81192 0.00566 -0.58374 0.202421 0.177016
-28.9800 -87.6480 0.8260 0.05821 -0.70321 0.70860 0.125134 0.037993
-18.6740 -39.8900 3.1760 0.95758 -0.03570 0.28594 0.138808 0.248433
-27.7390 -87.3230 0.8740 0.24437 -0.74844 0.61654 0.130539 0.041002
-21.0220 -66.9930 4.3260 0.76636 -0.15948 0.62230 0.131517 0.133633
-29.7900 -86.5420 1.7970 -0.05118 -0.63009 0.77483 0.119456 0.042907
-28.1820 -86.9520 1.3820 0.11994 -0.66895 0.73357 0.127460 0.042730
-19.0100 -38.4330 4.2020 0.91865 -0.04026 0.39301 0.134445 0.254721
-18.5900 -38.1690 3.1650 0.96576 -0.03349 0.25726 0.139244 0.255814
-25.5540 -87.4550 -0.9130 0.42162 -0.77633 0.46857 0.144716 0.040176
-24.6850 -86.8800 -0.6280 0.46403 -0.72962 0.50233 0.147648 0.044429
-24.2720 -87.0290 -1.2930 0.54681 -0.74313 0.38570 0.151653 0.043463
-26.6010 -87.4820 0.0630 0.37096 -0.76849 0.52136 0.137401 0.040452
-20.2700 -65.0370 3.8540 0.81515 -0.13807 0.56255 0.134126 0.142119
-25.6240 -86.8130 0.1370 0.43042 -0.72006 0.54429 0.141399 0.044479
-18.4070 -36.9980 2.1490 0.99000 -0.02519 0.13882 0.143874 0.260745
-18.3650 -61.7180 -6.4520 0.98239 -0.03760 -0.18304 0.176782 0.156088
-18.5290 -60.6300 -7.4320 0.97402 -0.02527 -0.22504 0.180715 0.160456
-19.9500 -63.5670 3.7210 0.83850 -0.12439 0.53052 0.134841 0.148380
-26.3930 -86.5050 1.1610 0.39385 -0.65238 0.64752 0.135367 0.046386
-25.8980 -86.0580 1.2270 0.45957 -0.58779 0.66581 0.137061 0.048763
-27.3820 -86.7120 1.4100 0.24940 -0.66003 0.70863 0.130726 0.044743
-20.0060 -62.1080 4.1230 0.83319 -0.10785 0.54237 0.133011 0.154472
-26.6780 -85.3110 2.2360 0.34657 -0.53922 0.76755 0.131130 0.052126
-24.7060 -86.3480 0.0470 0.50544 -0.62762 0.59214 0.145322 0.047502
-20.0990 -60.7780 4.5060 0.82290 -0.09340 0.56045 0.131227 0.160021
-19.3600 -61.8430 3.0380 0.87255 -0.09246 0.47970 0.137973 0.155741
-23.8590 -49.1630 9.4470 0.62499 -0.07548 0.77697 0.103742 0.207895
-22.8270 -49.8230 8.5040 0.66428 -0.06331 0.74480 0.109653 0.205424
-22.5060 -47.6510 8.4130 0.68255 -0.06805 0.72767 0.110666 0.214777
-22.7380 -86.5010 -3.7520 0.56298 -0.82628 0.01770 0.175532 0.044364
-18.1140 -61.1830 -4.9060 0.99300 -0.02893 -0.11456 0.170564 0.158442
-18.2190 -59.7440 -5.9120 0.98667 -0.01681 -0.16189 0.174561 0.164271
-23.1370 -86.6190 -2.9540 0.53767 -0.83757 0.09691 0.176976 0.038849
-23.1370 -86.6190 -2.9540 0.62829 -0.73961 0.24129 0.164140 0.044477
-24.2280 -47.4040 9.9150 0.62100 -0.08157 0.77955 0.101056 0.215275
-22.4330 -86.2590 -3.6260 0.75728 -0.64087 0.12571 0.172370 0.046139
-23.0200 -86.3790 -2.5230 0.70005 -0.64835 0.29930 0.162628 0.046276
-17.9680 -59.1810 -4.0250 0.99648 -0.01804 -0.08192 0.166997 0.166785
-21.4690 -46.7480 7.4400 0.73868 -0.06267 0.67114 0.116567 0.218892
-22.1130 -46.1420 8.1740 0.70575 -0.07461 0.70452 0.112449 0.221322
-18.7740 -57.6340 2.5650 0.90781 -0.05222 0.41611 0.140085 0.173449
-19.4530 -57.2100 3.9440 0.86909 -0.05740 0.49132 0.133871 0.175113
-19.2240 -59.4340 3.2500 0.87949 -0.07104 0.47059 0.137060 0.165851
-20.1930 -59.1490 4.8860 0.81253 -0.08077 0.57730 0.129407 0.166824
-23.2010 -45.4950 9.2560 0.65073 -0.08885 0.75409 0.105950 0.223773
-23.4470 -85.9760 -0.8650 0.69011 -0.54713 0.47371 0.153278 0.049432
-18.8070 -56.5020 2.7650 0.90394 -0.04515 0.42528 0.139199 0.178177
-23.9560 -86.0440 -0.3830 0.60455 -0.55527 0.57113 0.149616 0.049092
-19.1950 -56.4930 -9.8270 0.94041 0.01905 -0.33952 0.190741 0.176985
-22.3340 -85.1800 -2.1230 0.80920 -0.45921 0.36650 0.162157 0.052789
-18.9160 -55.3960 -8.8270 0.96064 0.03618 -0.27544 0.186656 0.181677
-23.0390 -84.8400 -0.4930 0.74899 -0.42717 0.50650 0.152746 0.054944
-24.7710 -85.2970 1.0030 0.55502 -0.51369 0.65428 0.141754 0.052767
-20.1410 -56.2570 5.1820 0.81075 -0.05845 0.58247 0.128040 0.178973
-18.3890 -57.5290 -6.8780 0.97977 0.01228 -0.19977 0.178490 0.173260
-25.4660 -84.8630 1.8650 0.48839 -0.49205 0.72067 0.136488 0.054746
-18.1120 -58.1790 -5.3540 0.99006 0.00391 -0.14059 0.172316 0.170784
-18.5050 -55.6690 -7.2160 0.97684 0.03504 -0.21106 0.179991 0.180854
-21.1150 -43.4970 7.3600 0.78136 -0.05833 0.62135 0.117808 0.232849
-20.4730 -44.5870 6.4380 0.81421 -0.04057 0.57915 0.122500 0.228296
-20.2340 -42.9000 6.1770 0.84219 -0.04685 0.53715 0.124080 0.235535
-21.2280 -45.3270 7.3160 0.75667 -0.06889 0.65016 0.117612 0.225001
-18.1520 -55.9120 1.3000 0.96412 -0.02254 0.26451 0.145612 0.180688
-30.8280 -85.8660 2.1480 -0.12122 -0.58903 0.79897 0.113869 0.044760
-18.1630 -56.6010 -5.4660 0.98905 0.02502 -0.14542 0.172823 0.177285
-18.1460 -55.0980 1.2320 0.97595 -0.00059 0.21798 0.145864 0.184079
-21.7190 -44.1640 7.9930 0.73294 -0.07467 0.67619 0.114105 0.229865
-29.5420 -85.6170 2.4780 -0.04508 -0.56815 0.82169 0.118843 0.047827
-19.2940 -55.1890 3.8500 0.87322 -0.04600 0.48515 0.134303 0.183623
-22.5960 -44.6090 8.8300 0.68425 -0.08942 0.72374 0.109001 0.227740
-18.5980 -68.0070 -0.5020 0.96985 -0.11922 0.21256 0.153475 0.130230
-31.1100 -84.6790 2.9510 -0.11591 -0.54680 0.82920 0.110640 0.050247
-21.6570 -41.9360 8.1650 0.74683 -0.06379 0.66195 0.113764 0.239416
-18.2780 -65.8700 -1.1810 0.99304 -0.09645 0.06760 0.156055 0.139180
-18.4580 -66.1710 -0.0420 0.96404 -0.12618 0.23388 0.151512 0.137918
-18.9840 -67.6090 0.8660 0.91000 -0.14681 0.38774 0.147732 0.131775
-29.7290 -84.1720 3.3990 -0.03984 -0.51707 0.85501 0.115449 0.054459
-22.4810 -42.8060 8.9360 0.69247 -0.07529 0.71751 0.108985 0.235495
-31.1500 -83.5530 3.6490 -0.11065 -0.50891 0.85368 0.108521 0.055505
-19.4610 -53.3200 4.3140 0.86506 -0.04094 0.50000 0.132191 0.191444
-20.1710 -54.2930 5.3850 0.81025 -0.04883 0.58405 0.127049 0.187224
-18.8780 -66.0500 1.1480 0.90801 -0.13144 0.39780 0.146476 0.138308
-19.2340 -65.8500 1.9250 0.86968 -0.13137 0.47581 0.143034 0.139030
-28.3420 -85.6830 2.4350 0.08110 -0.59278 0.80127 0.124117 0.049020
-18.1770 -64.9780 -2.1780 0.99683 -0.07922 0.00758 0.159949 0.142871
-18.2280 -64.5890 -0.3960 0.99075 -0.08837 0.10294 0.152865 0.144532
-28.4290 -84.7530 3.0640 0.07277 -0.52352 0.84890 0.121949 0.053341
-27.6520 -85.2920 2.5910 0.20605 -0.55191 0.80805 0.126428 0.051576
-18.0560 -62.8530 -1.0550 0.99730 -0.04776 0.05578 0.155361 0.151742
-21.4070 -57.1120 6.5390 0.72244 -0.07853 0.68696 0.120724 0.175024
-21.9810 -56.4960 7.1900 0.67963 -0.08276 0.72887 0.117078 0.177438
-18.3280 -64.4880 0.3300 0.95658 -0.09922 0.27406 0.149955 0.144956
-26.6050 -49.1070 11.5130 0.56213 -0.09391 0.82170 0.089374 0.207047
-21.2800 -55.1150 6.6420 0.73104 -0.06106 0.67960 0.120364 0.183474
-18.1910 -63.4970 -0.0300 0.98428 -0.06339 0.16487 0.151333 0.149078
-19.6650 -67.9420 2.0210 0.86374 -0.14729 0.48194 0.142504 0.130144
-20.1360 -66.8440 3.1610 0.82783 -0.14868 0.54092 0.137288 0.134583
-23.4210 -56.7610 8.3800 0.61950 -0.08141 0.78076 0.109585 0.175791
-25.2490 -45.2150 10.9510 0.59943 -0.09069 0.79527 0.094697 0.224273
-26.6350 -47.0490 11.7340 0.56707 -0.08947 0.81880 0.088316 0.215854
-32.3480 -82.5750 4.0250 -0.15281 -0.50018 0.85233 0.101981 0.058351
-22.3090 -55.3070 7.6170 0.66332 -0.07158 0.74491 0.114641 0.182344
-27.8190 -46.1890 12.6100 0.50459 -0.09462 0.85816 0.081932 0.219027
-18.8270 -64.3230 1.5170 0.89637 -0.10310 0.43115 0.144831 0.145519
-23.2780 -55.0190 8.4440 0.61561 -0.07092 0.78486 0.109388 0.183215
-19.1090 -63.4670 2.2510 0.87852 -0.10193 0.46671 0.141530 0.149015
-18.4280 -63.0540 0.9230 0.92633 -0.07799 0.36854 0.147370 0.150891
-18.2200 -62.8870 0.4280 0.95572 -0.02773 0.29298 0.149471 0.151612
-18.1650 -62.2540 0.1300 0.98364 -0.04131 0.17536 0.150589 0.154252
-18.7400 -61.2320 1.9690 0.90406 -0.07375 0.42100 0.142769 0.158423
-18.2280 -61.0940 0.7510 0.96036 -0.05370 0.27353 0.148005 0.159078
-26.5910 -44.3530 12.0020 0.56164 -0.09242 0.82221 0.087359 0.227455
-22.3710 -86.0940 -4.7190 0.70227 -0.69886 -0.13570 0.178034 0.049095
-21.4540 -53.1840 6.9670 0.72153 -0.05156 0.69046 0.118588 0.191582
-24.7720 -43.5040 10.7830 0.60775 -0.09364 0.78859 0.096545 0.231792
-21.6690 -84.6900 -3.6980 0.90840 -0.40547 0.10200 0.170458 0.055705
-20.9220 -82.8250 -4.7170 0.95925 -0.28246 0.00790 0.173448 0.065964
-21.1830 -83.4930 -3.7220 0.93775 -0.33616 0.08734 0.169606 0.062049
-18.0030 -61.1900 -3.3650 0.99854 -0.03315 -0.04276 0.164432 0.158522
-17.9930 -61.4250 -1.8220 0.99894 -0.04310 0.01596 0.158314 0.157638
-23.3640 -43.3210 9.6740 0.64615 -0.08784 0.75814 0.104130 0.233033
-21.9480 -84.9060 -2.7820 0.86606 -0.43175 0.25204 0.165907 0.054241
-22.6250 -53.3750 8.0510 0.65023 -0.06190 0.75721 0.112095 0.190408
-21.4550 -83.7860 -2.6630 0.89362 -0.37733 0.24303 0.165010 0.060171
-17.8770 -59.1640 -1.9140 0.99973 -0.02300 0.00093 0.158598 0.167019
-17.9400 -60.2010 -0.8360 0.99577 -0.04858 0.07802 0.154350 0.162767
-21.6010 -83.0020 -1.4340 0.82287 -0.39009 0.41317 0.158880 0.063974
-21.0540 -82.6120 -2.5400 0.92656 -0.32536 0.18876 0.164037 0.066093
-21.1260 -82.1950 -1.7630 0.87996 -0.35917 0.31091 0.160428 0.068006
-23.9350 -41.5370 10.3460 0.63525 -0.08467 0.76765 0.100345 0.240521
-20.4510 -81.0150 -4.3120 0.96949 -0.24454 -0.01700 0.170854 0.074215
-20.5550 -81.0580 -5.9700 0.97284 -0.21791 -0.07814 0.177666 0.074823
-17.9200 -57.3900 -3.4430 0.99734 0.00590 -0.07263 0.164669 0.174253
-20.1800 -79.5310 -5.4800 0.97531 -0.20635 -0.07864 0.175083 0.081382
-20.1600 -79.8620 -4.3310 0.97580 -0.21632 -0.03196 0.170558 0.079544
-20.6790 -81.7800 -3.4640 0.95647 -0.28425 0.06606 0.167666 0.070339
-18.2920 -54.1580 -5.7750 0.98463 0.04640 -0.16837 0.174241 0.187337
-20.3570 -80.5720 -2.8280 0.96675 -0.23987 0.08867 0.164663 0.075959
-18.0450 -54.6470 -4.1160 0.99381 0.03733 -0.10464 0.167472 0.185552
-20.6250 -81.0990 -1.9740 0.93038 -0.28751 0.22747 0.161228 0.073380
-20.1000 -79.4310 -3.3840 0.97668 -0.20908 0.04883 0.166606 0.081255
-29.7610 -62.9550 11.1650 0.17942 -0.19292 0.96467 0.084641 0.146249
-25.7330 -42.1840 11.6560 0.58324 -0.09630 0.80657 0.090929 0.237125
-22.3380 -83.9060 -1.0760 0.80279 -0.40317 0.43930 0.156575 0.059196
-28.4980 -62.2340 10.8610 0.40541 -0.16289 0.89951 0.089305 0.150147
-29.3230 -61.4750 11.3070 0.28716 -0.16726 0.94317 0.085066 0.152824
-22.8150 -84.0440 -0.1010 0.74767 -0.42278 0.51210 0.151435 0.058943
-17.8550 -56.9900 -1.6650 0.99992 -0.00091 0.01298 0.157569 0.176056
-17.8820 -55.5550 -2.4950 0.99889 0.02833 -0.03763 0.160909 0.181949
-19.8030 -41.6360 5.5810 0.87584 -0.03660 0.48120 0.127297 0.240977
-20.5410 -41.1270 6.8520 0.82330 -0.05455 0.56499 0.121110 0.243087
-22.3010 -83.0390 -0.2670 0.81045 -0.37246 0.45216 0.152798 0.063617
-17.9350 -57.6590 -0.4560 0.99498 -0.01120 0.09948 0.152736 0.173348
-18.1180 -58.9530 0.8040 0.96658 -0.03654 0.25374 0.147719 0.167998
-19.4810 -39.2610 5.1540 0.89245 -0.04329 0.44906 0.129813 0.251177
-23.3100 -83.8160 0.5550 0.67152 -0.41090 0.61662 0.147446 0.059901
-22.6750 -83.0490 0.3670 0.73423 -0.36402 0.57306 0.149441 0.063629
-28.6790 -60.6730 11.2180 0.39947 -0.14696 0.90489 0.087097 0.156649
-17.9010 -55.9930 -0.7430 0.99760 0.00915 0.06870 0.153876 0.180269
-17.9200 -54.6500 -1.1250 0.99946 0.02245 0.02406 0.155427 0.185830
-21.9700 -81.8470 0.0740 0.78715 -0.37297 0.49121 0.151462 0.069287
-18.1660 -57.4220 1.0950 0.96317 -0.03433 0.26668 0.146453 0.174378
-27.4240 -59.6650 10.6950 0.48616 -0.13668 0.86311 0.092034 0.161626
-20.4730 -39.1400 6.9580 0.83350 -0.05355 0.54992 0.121064 0.251621
-19.5910 -37.3790 5.5560 0.88852 -0.04672 0.45645 0.128318 0.259266
-17.9930 -54.7580 0.1530 0.99494 -0.00331 0.10037 0.150263 0.185464
-20.9880 -81.3100 -1.1640 0.86098 -0.32976 0.38726 0.157684 0.072222
-29.9720 -61.4350 11.4690 0.12894 -0.17738 0.97566 0.082351 0.152517
-21.3750 -39.7170 8.0570 0.75954 -0.06345 0.64735 0.114972 0.248991
-17.9570 -53.2730 -0.2290 0.99828 0.00761 0.05812 0.151842 0.191644
-20.2660 -79.5520 -1.9860 0.95426 -0.23183 0.18876 0.160948 0.080486
-20.5900 -79.7150 -0.9990 0.91259 -0.25184 0.32210 0.156795 0.079584
-18.0760 -61.2270 -0.2200 0.99186 -0.04355 0.11967 0.151928 0.158517
-29.3880 -59.7230 11.6160 0.26720 -0.15999 0.95027 0.083248 0.160211
-19.5780 -74.4550 -7.7030 0.97075 -0.11574 -0.21034 0.182980 0.103668
-18.6050 -59.5630 1.8960 0.91558 -0.05710 0.39807 0.143018 0.165403
-18.6500 -36.3480 3.5790 0.95251 -0.03751 0.30217 0.137822 0.263672
-19.3740 -35.5150 5.3120 0.90321 -0.05191 0.42604 0.129942 0.267307
-19.8650 -77.3910 -6.7270 0.97481 -0.18060 -0.13085 0.179518 0.091128
-32.4810 -77.7440 6.3150 -0.16648 -0.34003 0.92556 0.093396 0.079567
-19.7360 -77.3600 -5.5140 0.98012 -0.18438 -0.07333 0.174652 0.090911
-19.8960 -78.5200 -3.9900 0.98006 -0.19805 -0.01575 0.168827 0.085447
-20.5980 -37.6360 7.2650 0.82055 -0.05485 0.56893 0.119822 0.258074
-27.2530 -58.3890 10.8150 0.49319 -0.12964 0.86021 0.091782 0.167138
-31.0990 -77.1880 6.7560 -0.08129 -0.34705 0.93432 0.097963 0.083843
-31.2920 -75.8160 7.2280 -0.11064 -0.36240 0.92543 0.095074 0.089445
-19.4940 -75.6460 -6.0790 0.98215 -0.15185 -0.11098 0.176593 0.098391
-26.8630 -57.0930 10.7520 0.52325 -0.10827 0.84527 0.092703 0.172841
-19.8670 -34.7810 6.3630 0.87135 -0.05951 0.48704 0.125081 0.270458
-30.5100 -76.2470 7.1150 0.01556 -0.34616 0.93805 0.098827 0.088537
-20.4830 -36.1340 7.2520 0.83575 -0.06028 0.54579 0.120296 0.264563
-19.5990 -77.0510 -3.8020 0.98351 -0.18044 -0.01194 0.167777 0.091920
-28.9990 -57.8560 11.8000 0.36739 -0.14406 0.91884 0.083364 0.168416
-28.8100 -59.3730 11.4700 0.39660 -0.14394 0.90664 0.085437 0.162075
-22.5550 -40.8250 9.1990 0.69344 -0.07231 0.71688 0.107961 0.243971
-29.5970 -74.8980 7.5590 0.13186 -0.33483 0.93301 0.100405 0.095260
-19.1920 -74.1470 -5.3790 0.98813 -0.13182 -0.07887 0.173577 0.104639
-30.9550 -74.9160 7.6300 -0.03963 -0.36249 0.93115 0.095031 0.093784
-27.8940 -56.9920 11.3520 0.47270 -0.12443 0.87239 0.087794 0.172733
-27.7700 -55.0590 11.5570 0.49956 -0.10704 0.85964 0.087016 0.181031
-22.3100 -39.2090 9.1180 0.71061 -0.07109 0.69998 0.108963 0.250971
-21.7750 -37.1760 8.7460 0.74038 -0.07076 0.66845 0.111770 0.259848
-30.5800 -73.8600 8.0220 0.03045 -0.28517 0.95799 0.094946 0.098745
-26.1580 -55.1970 10.5200 0.55852 -0.08637 0.82498 0.094924 0.181235
-23.3730 -39.5470 10.0850 0.65592 -0.07632 0.75096 0.102831 0.249243
-25.2790 -40.2650 11.5620 0.59950 -0.09182 0.79509 0.092572 0.245562
-22.9130 -38.2100 9.8070 0.68300 -0.07789 0.72626 0.105084 0.255125
-24.7000 -38.7730 11.2610 0.62187 -0.09289 0.77759 0.095249 0.252180
-21.1420 -35.5480 8.2060 0.77237 -0.07100 0.63119 0.115388 0.266988
-24.4060 -56.2580 9.1680 0.58532 -0.08044 0.80680 0.104305 0.177519
-24.0330 -53.8110 9.1130 0.59698 -0.07212 0.79901 0.104957 0.188049
-23.1010 -35.8400 10.2500 0.68274 -0.07809 0.72648 0.103245 0.265295
-22.4180 -34.8700 9.6910 0.71135 -0.08202 0.69804 0.107037 0.269650
-26.7640 -52.9070 11.1600 0.55163 -0.08503 0.82975 0.090661 0.190714
-18.5560 -36.4770 -3.3040 0.98994 -0.00495 -0.14138 0.167286 0.262016
-25.0450 -51.4250 10.1000 0.58878 -0.08734 0.80356 0.098603 0.197781
-23.3970 -51.3420 8.8580 0.62740 -0.07173 0.77539 0.107130 0.198772
-18.3650 -35.5010 -1.6530 0.99586 -0.01492 -0.08963 0.160476 0.266555
-18.3160 -34.0780 -1.4780 0.99591 -0.02209 -0.08758 0.160110 0.272690
-18.2550 -36.0880 1.0310 0.99832 -0.02028 0.05435 0.148884 0.264518
-18.2380 -34.7930 -0.0500 0.99938 -0.01843 -0.03014 0.153808 0.269904
-18.3930 -35.2840 2.5580 0.98643 -0.02295 0.16257 0.142533 0.268170
-28.2590 -52.9160 12.0920 0.49795 -0.09833 0.86161 0.083384 0.189924
-18.3700 -33.9710 2.5060 0.98622 -0.04457 0.15932 0.143064 0.273823
-18.1570 -32.4860 0.9390 0.99917 -0.03615 0.01872 0.150207 0.280017
-18.3240 -32.8240 2.7570 0.98499 -0.06424 0.16024 0.142310 0.278819
-18.2500 -34.0400 1.4010 0.99698 -0.03396 0.06983 0.147803 0.273381
-18.2480 -32.3900 -1.0850 0.99669 -0.03764 -0.07205 0.158896 0.280038
-26.6800 -51.4990 11.2390 0.55343 -0.09493 0.82747 0.090364 0.196754
-18.1460 -31.6970 0.1700 0.99811 -0.05431 -0.02867 0.153721 0.283286
-18.1420 -30.6550 2.3320 0.99131 -0.06430 0.11477 0.144758 0.288164
-18.0130 -30.0930 0.5220 0.99758 -0.06876 -0.00992 0.152680 0.290309
-19.5310 -54.4130 -10.5610 0.92654 0.04000 -0.37407 0.194104 0.185299
-17.9280 -28.3160 0.5670 0.99784 -0.06407 -0.01467 0.153026 0.298030
-18.6970 -33.9970 3.9590 0.94695 -0.05465 0.31671 0.136672 0.273840
-19.2890 -32.9780 5.5000 0.89832 -0.06835 0.43400 0.129766 0.278284
-18.5070 -31.6460 3.9430 0.95389 -0.06844 0.29226 0.137451 0.284039
-18.7630 -30.8600 4.7220 0.91198 -0.06989 0.40425 0.134085 0.287475
-18.7740 -54.1400 -8.0470 0.97099 0.04992 -0.23385 0.183595 0.186995
-19.1420 -52.6770 -9.1380 0.95293 0.05836 -0.29753 0.188358 0.192768
-17.9920 -28.8850 1.9600 0.99499 -0.06927 0.07213 0.146884 0.295802
-18.8790 -51.0800 -7.8250 0.96932 0.05885 -0.23866 0.183112 0.199665
-18.1240 -29.1250 2.8860 0.98304 -0.07160 0.16883 0.142810 0.294885
-18.4440 -29.9710 4.1380 0.95036 -0.06823 0.30359 0.137081 0.291327
-19.4640 -50.6500 -9.6820 0.94665 0.06098 -0.31645 0.191093 0.200960
-19.3210 -30.1160 6.0270 0.88826 -0.07844 0.45259 0.128121 0.290718
-18.8250 -28.5860 5.2890 0.91302 -0.08898 0.39809 0.132145 0.297388
-18.2880 -28.2330 3.9510 0.95906 -0.08294 0.27078 0.138406 0.298876
-18.3620 -26.9910 4.6150 0.93322 -0.09439 0.34668 0.135859 0.304353
-20.5780 -33.7320 7.6530 0.81896 -0.07018 0.56954 0.118898 0.274921
-20.1220 -32.9190 7.0570 0.85629 -0.07559 0.51094 0.122200 0.278496
-20.2810 -31.4210 7.5830 0.83208 -0.08061 0.54876 0.120101 0.284980
-21.4230 -32.8060 8.8510 0.75816 -0.07966 0.64719 0.112687 0.278783
-20.7010 -32.1800 8.0320 0.79485 -0.08434 0.60092 0.117419 0.281622
-22.6720 -33.0550 10.1840 0.70122 -0.08780 0.70752 0.104842 0.277437
-18.4660 -50.9370 -5.6580 0.98393 0.05305 -0.17049 0.174180 0.200708
-18.2440 -52.1210 -4.6960 0.98984 0.05548 -0.13091 0.170070 0.195960
-21.4650 -30.7470 9.1510 0.75303 -0.08504 0.65247 0.111721 0.287691
-19.2430 -28.1420 6.2720 0.88318 -0.09552 0.45921 0.127630 0.299321
-20.2910 -29.0950 7.9230 0.82205 -0.08910 0.56240 0.119114 0.295074
-18.0260 -52.2910 -2.7720 0.99588 0.04458 -0.07901 0.162202 0.195504
-19.7530 -26.7060 7.4770 0.85329 -0.09187 0.51328 0.122228 0.305544
-17.7550 -25.9910 1.6660 0.99588 -0.07865 0.04520 0.149045 0.308372
-18.8030 -49.3890 -7.0510 0.97534 0.06040 -0.21229 0.180209 0.206845
-17.9780 -27.5620 2.7540 0.98571 -0.07440 0.15111 0.143872 0.301683
-17.8240 -25.7900 2.4700 0.98664 -0.09169 0.13466 0.145647 0.309372
-18.1350 -26.4960 4.0070 0.97131 -0.09300 0.21888 0.138743 0.306475
-18.4970 -49.1820 -5.3830 0.98545 0.05434 -0.16107 0.173294 0.208055
-18.3090 -49.5570 -4.1210 0.99207 0.04958 -0.11549 0.168024 0.206724
-17.6770 -24.5460 2.4270 0.99200 -0.07822 0.09910 0.146253 0.314821
-18.0880 -25.6330 4.2090 0.95809 -0.09258 0.27110 0.138151 0.310271
-17.6160 -23.4840 2.4180 0.99270 -0.07978 0.09046 0.146621 0.319461
-17.9470 -53.8470 -2.0200 0.99914 0.02869 -0.03006 0.159065 0.189104
-18.9010 -26.0240 6.0360 0.89474 -0.09214 0.43699 0.129506 0.308584
-18.2790 -24.2520 5.0730 0.92557 -0.08930 0.36789 0.134661 0.316352
-19.8030 -25.2920 7.8310 0.84066 -0.09648 0.53291 0.120983 0.311700
-18.8290 -23.3010 6.4670 0.88436 -0.09368 0.45731 0.128386 0.320504
-17.8300 -23.4760 3.8760 0.97179 -0.08328 0.22065 0.140304 0.319685
-17.9900 -22.0890 4.8920 0.94112 -0.08540 0.32710 0.136229 0.325838
-17.6710 -21.4070 3.8630 0.97291 -0.09516 0.21069 0.141007 0.328757
-18.3870 -21.1530 6.0520 0.90203 -0.09804 0.42039 0.131132 0.329950
-17.9100 -21.1270 4.8700 0.94444 -0.08988 0.31616 0.136619 0.330055
-17.9330 -19.7720 5.2980 0.92912 -0.10596 0.35426 0.135098 0.336028
-18.3140 -19.0330 6.4010 0.89699 -0.10955 0.42827 0.130205 0.339263
-9.9570 48.8160 -17.0970 0.18142 -0.14969 -0.97195 0.271540 0.627393
-10.3830 47.0270 -16.9010 0.20853 -0.15513 -0.96563 0.268968 0.620040
-11.6110 47.3490 -17.1930 0.17181 -0.13087 -0.97640 0.274287 0.618593
-21.5880 35.2570 -17.4190 0.11485 -0.06513 -0.99125 0.287520 0.554806
-23.9660 32.9070 -17.5240 0.08468 -0.03570 -0.99577 0.292556 0.541897
-23.6420 36.0480 -17.6130 0.02595 -0.01824 -0.99950 0.296921 0.554153
-36.7840 14.5130 -17.1240 -0.26737 0.07344 -0.96079 0.316324 0.453144
-9.5160 50.7280 -17.3160 0.15819 -0.14412 -0.97683 0.274421 0.635163
-7.8780 49.6190 -16.8140 0.19860 -0.17826 -0.96373 0.265781 0.634849
-11.9210 49.8800 -17.5540 0.13097 -0.11059 -0.98520 0.281180 0.626973
-18.4640 21.7250 -14.9950 0.40115 -0.15740 -0.90239 0.250674 0.507650
-19.5330 20.1780 -15.1990 0.38765 -0.15108 -0.90934 0.252781 0.499721
-20.4360 21.7540 -15.7950 0.34261 -0.13959 -0.92905 0.259309 0.504602
-35.6830 15.1380 -17.3000 -0.15865 0.04781 -0.98618 0.312561 0.456947
-19.5350 24.2550 -15.8840 0.33672 -0.15250 -0.92918 0.259758 0.515997
-34.6040 16.6320 -17.3860 -0.11783 0.03148 -0.99254 0.310093 0.464084
-14.0210 51.0650 -17.7980 0.01730 -0.02121 -0.99963 0.291446 0.626717
-12.1550 51.3490 -17.7170 0.07013 -0.06507 -0.99541 0.285401 0.631645
-12.8730 49.8300 -17.6580 0.08803 -0.07801 -0.99306 0.284538 0.624784
-32.9550 15.2400 -17.5340 -0.03372 0.00723 -0.99941 0.301527 0.460902
-17.8330 19.3650 -14.2680 0.43105 -0.15462 -0.88898 0.243794 0.499117
-16.4990 21.2140 -13.9530 0.44520 -0.17069 -0.87901 0.240952 0.508772
-17.1770 22.8870 -14.6090 0.41875 -0.17707 -0.89067 0.246971 0.514422
-21.1090 37.8260 -17.5290 0.08645 -0.05472 -0.99475 0.290485 0.565211
-35.8590 17.1640 -17.1590 -0.23901 0.07155 -0.96838 0.315987 0.464458
-36.7140 15.9050 -17.0190 -0.31784 0.09136 -0.94373 0.317899 0.458544
-37.5520 16.3280 -16.5810 -0.49312 0.14386 -0.85799 0.322287 0.459059
-11.5440 53.5000 -17.7940 0.03217 -0.03476 -0.99888 0.288177 0.640453
-10.5320 52.1990 -17.6380 0.10350 -0.09391 -0.99019 0.281551 0.638117
-17.5890 25.7360 -15.3800 0.37798 -0.17610 -0.90891 0.254026 0.525116
-38.5950 16.4940 -15.8080 -0.62293 0.19607 -0.75731 0.327838 0.458314
-36.7680 17.5230 -16.8170 -0.40862 0.12304 -0.90437 0.320405 0.464621
-27.2250 39.1210 -17.2060 -0.21899 0.11381 -0.96907 0.316467 0.559227
-25.2190 39.0370 -17.5080 -0.10495 0.05532 -0.99294 0.308517 0.562375
-26.8860 37.3480 -17.4260 -0.13719 0.06818 -0.98820 0.311835 0.553362
-37.3920 18.4310 -16.2980 -0.56490 0.16948 -0.80757 0.324764 0.467219
-19.2000 10.8060 -13.5630 0.45252 -0.13210 -0.88191 0.236563 0.461861
-24.3330 39.5160 -17.5670 -0.07095 0.03751 -0.99677 0.306009 0.565663
-24.1870 38.2000 -17.6010 -0.03625 0.01482 -0.99923 0.302995 0.561113
-10.0380 53.4930 -17.7020 0.08186 -0.07597 -0.99374 0.282838 0.643707
-36.2320 19.2290 -16.8300 -0.40651 0.11881 -0.90589 0.320509 0.471794
-35.0670 19.0340 -17.2160 -0.21862 0.05861 -0.97405 0.315263 0.472626
-8.1250 52.9790 -17.4300 0.13949 -0.13678 -0.98073 0.274814 0.646176
-25.5310 41.2520 -17.3100 -0.16978 0.08594 -0.98173 0.313941 0.569830
-18.6370 13.1890 -13.6280 0.44993 -0.14321 -0.88151 0.237513 0.472552
-17.3380 11.6000 -12.6540 0.50477 -0.14631 -0.85076 0.228969 0.467804
-33.9610 20.2470 -17.3460 -0.15359 0.04219 -0.98723 0.312431 0.478739
-33.7030 18.7040 -17.4250 -0.10865 0.02727 -0.99371 0.309221 0.473215
-20.4850 12.1230 -14.3610 0.41042 -0.12582 -0.90318 0.244347 0.465509
-32.9900 17.4090 -17.5130 -0.05559 0.01024 -0.99840 0.304557 0.469218
-24.1490 42.4510 -17.4320 -0.13154 0.05870 -0.98957 0.310939 0.576592
-35.2760 20.6230 -17.0540 -0.31677 0.09504 -0.94373 0.318384 0.478355
-12.2040 39.1080 -15.9920 0.33664 -0.19260 -0.92173 0.258332 0.586960
-10.0850 39.6090 -15.2520 0.35989 -0.22521 -0.90540 0.250674 0.593166
-11.0620 38.2510 -15.3400 0.37592 -0.20520 -0.90365 0.251694 0.586009
-16.5630 10.6730 -11.9880 0.56547 -0.15651 -0.80978 0.223703 0.465033
-16.0850 13.5120 -12.2240 0.53766 -0.17740 -0.82429 0.225930 0.477642
-32.7710 20.9170 -17.4670 -0.09995 0.02695 -0.99463 0.308546 0.482940
-11.3630 40.6470 -16.0160 0.32866 -0.20801 -0.92126 0.258339 0.594458
-15.3930 10.1750 -10.9860 0.66264 -0.18545 -0.72562 0.216773 0.464621
-9.5880 37.7390 -14.6020 0.39388 -0.23218 -0.88936 0.244374 0.587044
-8.1340 39.2090 -14.3770 0.39179 -0.26159 -0.88208 0.241721 0.595706
-8.0480 37.8100 -13.8910 0.43197 -0.27246 -0.85975 0.237937 0.590501
-39.7250 16.3300 -14.7900 -0.69056 0.22658 -0.68687 0.334017 0.456206
-39.3980 17.7070 -14.7050 -0.69602 0.21079 -0.68638 0.334633 0.461802
-14.9770 9.7740 -10.4140 0.77767 -0.22184 -0.58823 0.213440 0.463538
-19.9610 39.4270 -17.5290 0.09316 -0.06739 -0.99337 0.289148 0.573217
-19.1690 36.8150 -17.2030 0.15041 -0.08759 -0.98474 0.281032 0.564979
-14.2150 10.6410 -9.6370 0.85316 -0.25619 -0.45441 0.209663 0.468372
-10.7440 41.8650 -16.0990 0.30855 -0.20286 -0.92932 0.258661 0.600304
-38.3210 18.8950 -15.3900 -0.66536 0.20059 -0.71907 0.330627 0.467704
-39.4100 18.9790 -14.2790 -0.71458 0.22283 -0.66312 0.337172 0.466540
-40.5660 17.2100 -13.5960 -0.73573 0.22846 -0.63758 0.340870 0.458386
-15.0110 11.9230 -11.1290 0.63823 -0.19249 -0.74539 0.217849 0.472563
-21.9680 39.4310 -17.6260 0.01445 -0.01718 -0.99975 0.296803 0.569568
-14.4520 11.4140 -10.3910 0.76623 -0.23595 -0.59767 0.213505 0.471262
-8.1520 40.8690 -14.8450 0.35278 -0.24160 -0.90398 0.245761 0.601995
-9.4130 42.5630 -15.7650 0.33281 -0.22630 -0.91544 0.254891 0.605693
-14.2370 9.7670 -9.1130 0.88423 -0.26647 -0.38356 0.207098 0.464667
-38.3360 20.3170 -14.9510 -0.69507 0.22125 -0.68405 0.333396 0.473002
-39.6250 20.3140 -13.5790 -0.73700 0.23663 -0.63312 0.341207 0.471225
-22.2470 40.9700 -17.6350 -0.03355 0.00776 -0.99941 0.300827 0.574668
-13.8250 10.8440 -8.8840 0.89246 -0.26515 -0.36497 0.206207 0.469864
-13.7960 12.3020 -9.7750 0.85018 -0.25783 -0.45904 0.210563 0.476033
-6.1420 36.5280 -12.4500 0.47842 -0.30025 -0.82521 0.226339 0.589500
-8.8170 36.1930 -13.7990 0.44299 -0.25751 -0.85875 0.237455 0.582635
-20.5080 13.7540 -14.6010 0.40649 -0.14145 -0.90264 0.246875 0.472166
-37.7740 19.9830 -15.6040 -0.65276 0.20415 -0.72954 0.329501 0.472527
-6.4270 39.1310 -13.5100 0.44202 -0.29491 -0.84714 0.234169 0.599030
-17.2350 13.8720 -12.9890 0.48607 -0.16054 -0.85905 0.232044 0.477434
-19.8070 41.1550 -17.6150 0.05432 -0.04542 -0.99749 0.291938 0.579829
-38.9390 21.5890 -13.8750 -0.72353 0.24429 -0.64563 0.339627 0.476905
-37.6730 21.8990 -15.0990 -0.68319 0.22596 -0.69440 0.332652 0.479820
-18.5480 40.8900 -17.4750 0.11584 -0.08241 -0.98984 0.286629 0.581233
-36.4760 22.6250 -15.9950 -0.61354 0.20660 -0.76216 0.327306 0.484204
-37.0080 23.6470 -15.1800 -0.67978 0.23721 -0.69400 0.332315 0.487253
-17.8650 15.2440 -13.5860 0.45574 -0.15942 -0.87572 0.237217 0.482168
-19.4170 16.0550 -14.4870 0.41125 -0.14268 -0.90029 0.245579 0.483181
-18.3790 16.6780 -14.1040 0.42758 -0.14882 -0.89164 0.241902 0.487293
-38.5480 23.1400 -13.7130 -0.72792 0.24418 -0.64070 0.340580 0.483204
-15.7130 15.3390 -12.4210 0.52430 -0.18106 -0.83207 0.227319 0.485828
-17.1260 16.8570 -13.5050 0.46241 -0.15653 -0.87274 0.236475 0.489950
-7.1470 40.6920 -14.3960 0.39179 -0.26460 -0.88118 0.241225 0.603471
-36.7780 20.5690 -16.2750 -0.57246 0.18055 -0.79981 0.325220 0.476090
-35.8740 21.8840 -16.5810 -0.49808 0.16235 -0.85180 0.323023 0.482277
-15.8310 16.9800 -12.8060 0.50312 -0.15947 -0.84938 0.230625 0.492464
-35.0800 22.4970 -16.8920 -0.39138 0.13679 -0.91000 0.320374 0.485685
-19.5080 31.7280 -16.7940 0.18868 -0.08828 -0.97806 0.272871 0.545130
-21.7390 33.3540 -17.3000 0.13897 -0.07263 -0.98763 0.284642 0.547403
-18.8880 34.0750 -16.8990 0.17730 -0.09550 -0.97951 0.274729 0.555174
-14.8090 13.4140 -11.3140 0.60551 -0.19876 -0.77062 0.219351 0.479148
-5.2220 41.5780 -13.7600 0.41814 -0.30424 -0.85592 0.235301 0.611024
-4.2510 39.1140 -12.2990 0.47297 -0.32408 -0.81931 0.224485 0.603673
-17.6150 32.3330 -16.4460 0.23990 -0.11940 -0.96343 0.266407 0.550825
-34.2740 21.7660 -17.2280 -0.21563 0.07398 -0.97367 0.315867 0.484059
-11.6840 42.0610 -16.4010 0.25244 -0.16099 -0.95413 0.262768 0.599089
-10.4100 43.2870 -16.2530 0.27246 -0.17907 -0.94536 0.260523 0.606280
-34.2210 22.7950 -17.1400 -0.24921 0.09439 -0.96384 0.317187 0.488012
-32.9410 22.6420 -17.3810 -0.14144 0.04758 -0.98880 0.311729 0.489247
-14.0530 12.8750 -10.4680 0.75351 -0.23484 -0.61406 0.214078 0.478034
-31.9130 21.9840 -17.5160 -0.07522 0.01813 -0.99700 0.306612 0.488220
-33.0660 24.0360 -17.2790 -0.18912 0.06627 -0.97972 0.314328 0.494326
-32.1640 23.8680 -17.4330 -0.13100 0.04098 -0.99054 0.310406 0.495001
-13.0260 14.2640 -9.4730 0.86506 -0.27835 -0.41736 0.209377 0.485527
-12.9260 13.2220 -8.4750 0.89204 -0.27905 -0.35553 0.204655 0.481335
-8.3900 45.0150 -16.0430 0.29723 -0.21450 -0.93040 0.256744 0.616991
-13.8620 15.1910 -11.0570 0.64790 -0.22201 -0.72866 0.217698 0.488076
-13.0720 15.3280 -10.2160 0.80167 -0.26851 -0.53408 0.213033 0.489905
-13.2750 15.6410 -10.6150 0.72828 -0.25829 -0.63474 0.215167 0.490894
-6.8370 42.5140 -14.7600 0.35985 -0.25598 -0.89721 0.244353 0.611033
-17.2110 36.3600 -16.8150 0.18510 -0.10301 -0.97731 0.272498 0.566892
-16.8980 34.3530 -16.5300 0.21614 -0.12507 -0.96832 0.267392 0.559871
-34.0830 24.2820 -17.0140 -0.33298 0.12042 -0.93521 0.318906 0.493786
-35.1930 24.3420 -16.4690 -0.51220 0.18823 -0.83798 0.323998 0.492427
-10.1910 44.8150 -16.4770 0.23824 -0.17186 -0.95588 0.263172 0.612384
-35.6980 25.2700 -15.8380 -0.63049 0.22583 -0.74262 0.328338 0.495152
-12.2660 14.9800 -8.1710 0.88908 -0.28929 -0.35476 0.203514 0.489828
-12.5040 16.0430 -9.5710 0.86304 -0.28660 -0.41596 0.210062 0.493854
-13.6500 9.6730 -7.5000 0.90696 -0.26599 -0.32662 0.199758 0.465254
-15.5370 33.8940 -16.1020 0.29386 -0.17137 -0.94036 0.261015 0.560641
-15.9890 31.4070 -15.8400 0.32151 -0.16098 -0.93312 0.258015 0.550192
-34.1580 25.9210 -16.7280 -0.44567 0.15823 -0.88110 0.321930 0.499798
-14.1120 33.7870 -15.5630 0.35091 -0.18971 -0.91699 0.254862 0.562901
-13.7880 31.2170 -14.9580 0.39249 -0.20217 -0.89726 0.248353 0.553506
-15.2840 35.2470 -16.3090 0.26075 -0.15717 -0.95253 0.262770 0.566305
-12.8170 11.9390 -7.0630 0.90504 -0.27709 -0.32268 0.198119 0.476162
-5.1390 43.6940 -14.4700 0.36277 -0.28171 -0.88828 0.240539 0.619225
-12.6280 11.0130 -5.7280 0.91338 -0.27838 -0.29707 0.191988 0.472604
-37.3910 24.9720 -14.3160 -0.70190 0.24546 -0.66865 0.337374 0.491617
-11.7090 13.2890 -5.0610 0.91194 -0.29469 -0.28553 0.189321 0.483716
-33.6170 27.6720 -16.6820 -0.45609 0.17814 -0.87192 0.322488 0.507099
-33.2580 26.7560 -17.0100 -0.36425 0.12821 -0.92243 0.319343 0.504226
-33.0650 25.9350 -17.1630 -0.27069 0.08180 -0.95918 0.317216 0.501447
-31.6520 26.6800 -17.4010 -0.15427 0.05726 -0.98637 0.312624 0.506325
-30.6450 25.8150 -17.5370 -0.08153 0.02809 -0.99627 0.307255 0.504578
-13.4760 35.7680 -15.7840 0.34946 -0.19870 -0.91564 0.256423 0.571749
-12.4800 33.4130 -14.8220 0.40219 -0.20001 -0.89344 0.247179 0.564561
-32.5450 27.7270 -17.1280 -0.29019 0.12070 -0.94933 0.317921 0.508903
-6.2060 45.8290 -15.4390 0.33024 -0.25597 -0.90853 0.250058 0.624782
-11.6640 11.7350 -3.1970 0.92733 -0.28995 -0.23663 0.180892 0.477302
-4.3680 45.6140 -14.7430 0.33996 -0.27202 -0.90024 0.242351 0.628130
-30.8200 28.3180 -17.4160 -0.14023 0.05803 -0.98842 0.311905 0.513712
-31.4920 29.0810 -17.2400 -0.22705 0.09106 -0.96962 0.315853 0.515526
-12.3790 13.4060 -7.1180 0.90157 -0.28926 -0.32170 0.198559 0.483052
-34.7230 26.5340 -16.2450 -0.56378 0.20228 -0.80077 0.325714 0.501249
-35.2300 27.2250 -15.6400 -0.64507 0.22890 -0.72904 0.329721 0.503063
-18.0680 38.9520 -17.2270 0.14772 -0.09702 -0.98426 0.280923 0.574985
-4.9800 37.6010 -12.1690 0.49375 -0.30676 -0.81370 0.223844 0.596190
-4.5740 36.5430 -11.5000 0.57471 -0.35415 -0.73776 0.219185 0.592895
-16.4320 38.9150 -16.9550 0.17682 -0.11973 -0.97693 0.274532 0.577948
-34.2530 27.9560 -16.2280 -0.56657 0.21426 -0.79567 0.326017 0.507208
-11.6280 15.2130 -6.7290 0.89627 -0.30532 -0.32168 0.196983 0.491900
-34.8990 28.7080 -15.4540 -0.65418 0.25937 -0.71048 0.330984 0.509027
-36.1010 28.0640 -14.5140 -0.69384 0.26444 -0.66982 0.336461 0.504887
-3.7000 38.4220 -11.6670 0.52901 -0.35890 -0.76899 0.220044 0.602185
-3.9530 37.2980 -11.3540 0.59905 -0.36420 -0.71309 0.218151 0.597211
-33.1530 29.5290 -16.5130 -0.49353 0.20459 -0.84532 0.323786 0.514663
-34.0220 29.6890 -15.8620 -0.60462 0.25773 -0.75366 0.328397 0.513944
-11.5010 16.9240 -7.9090 0.88206 -0.30865 -0.35596 0.202505 0.499269
-32.3990 29.2230 -16.9410 -0.36656 0.15377 -0.91760 0.319870 0.514673
-3.7320 36.8400 -10.8390 0.69507 -0.42671 -0.57861 0.215327 0.595844
-3.1610 38.0460 -11.0320 0.64109 -0.42709 -0.63765 0.216122 0.601869
-3.0520 37.3360 -10.3380 0.71593 -0.46785 -0.51823 0.212635 0.599252
-31.2810 30.5330 -17.1570 -0.27683 0.10979 -0.95463 0.317398 0.521230
-2.6490 39.2690 -11.4100 0.55031 -0.41462 -0.72474 0.217709 0.607845
-10.8410 13.8750 -2.6660 0.92554 -0.30808 -0.22016 0.178821 0.487688
-30.1770 30.0130 -17.4000 -0.14674 0.05745 -0.98751 0.312099 0.521012
-30.2890 31.9110 -17.2550 -0.19505 0.08084 -0.97746 0.315706 0.527868
-33.0710 30.9930 -16.1750 -0.56893 0.23386 -0.78843 0.326279 0.520179
-10.4690 15.8180 -3.7620 0.91290 -0.31831 -0.25551 0.183805 0.496453
-31.9050 31.4390 -16.7570 -0.43570 0.16866 -0.88415 0.321686 0.523608
-2.5840 41.6570 -12.4240 0.45388 -0.34429 -0.82186 0.224185 0.617240
-14.6190 37.6220 -16.4230 0.21525 -0.12784 -0.96815 0.264841 0.576584
-14.0210 36.5730 -16.1290 0.29306 -0.15628 -0.94324 0.260348 0.573768
-32.3870 32.1070 -16.3410 -0.54263 0.21264 -0.81261 0.325168 0.525315
-1.9790 39.5820 -11.0080 0.66092 -0.46194 -0.59143 0.215182 0.610548
-1.5010 41.0420 -11.4830 0.55908 -0.43189 -0.70774 0.217519 0.617339
-30.7650 32.4400 -17.0900 -0.32104 0.13253 -0.93775 0.318535 0.529071
-0.9640 40.2640 -10.2810 0.70537 -0.48908 -0.51308 0.211225 0.615413
-15.9390 19.4550 -13.3040 0.47672 -0.16645 -0.86315 0.235260 0.502499
-31.5920 33.2100 -16.5580 -0.47991 0.20790 -0.85233 0.323591 0.530595
-30.1560 33.8060 -17.1130 -0.30970 0.13010 -0.94189 0.318435 0.535049
-3.5750 44.3500 -13.9820 0.40686 -0.31200 -0.85855 0.235803 0.625214
-29.2860 32.9670 -17.3650 -0.16420 0.06862 -0.98404 0.313498 0.533358
-32.1100 33.3420 -16.1790 -0.57533 0.25431 -0.77739 0.326355 0.530263
-30.5330 35.1340 -16.6820 -0.47445 0.21357 -0.85398 0.322609 0.539300
-14.3250 18.8800 -12.2310 0.53210 -0.17827 -0.82770 0.226602 0.502737
-14.3270 16.7870 -11.8070 0.56154 -0.18332 -0.80689 0.222985 0.494028
-14.6830 39.9410 -16.7630 0.18929 -0.13505 -0.97259 0.269857 0.585168
-13.2470 38.8280 -16.2840 0.26534 -0.16691 -0.94960 0.261949 0.583829
-12.4160 37.3260 -15.7070 0.35743 -0.19571 -0.91320 0.255360 0.579776
-29.5920 37.1740 -16.6910 -0.45614 0.21192 -0.86431 0.322506 0.548238
-28.9910 36.2380 -17.1230 -0.29483 0.14014 -0.94522 0.318130 0.545810
-28.4080 35.1430 -17.3520 -0.16055 0.07412 -0.98424 0.313834 0.542770
-0.6360 41.9480 -11.4430 0.55283 -0.46275 -0.69299 0.216506 0.622867
-13.3130 17.0020 -11.0980 0.65656 -0.21440 -0.72316 0.218168 0.496543
-0.6710 41.0350 -10.5990 0.66455 -0.51914 -0.53747 0.212591 0.619119
-28.1160 37.6370 -17.1720 -0.26073 0.12277 -0.95757 0.317211 0.552352
-12.6770 16.6470 -10.2440 0.79166 -0.25715 -0.55420 0.213378 0.496085
-12.5050 17.9270 -10.5770 0.74357 -0.25541 -0.61795 0.215295 0.501733
-1.2040 43.5630 -12.4630 0.43264 -0.34965 -0.83100 0.223613 0.627698
-14.0890 24.7280 -13.4600 0.46398 -0.21392 -0.85963 0.236469 0.527091
-15.1690 22.6830 -13.5510 0.45996 -0.19179 -0.86698 0.237489 0.516955
-15.9300 25.4390 -14.5780 0.42193 -0.20066 -0.88414 0.246181 0.526767
-11.6130 18.2950 -9.3970 0.84991 -0.31554 -0.42200 0.209414 0.504779
-13.4400 26.1090 -13.4790 0.46651 -0.22210 -0.85618 0.236279 0.533810
-12.7330 19.1000 -11.1800 0.60515 -0.22430 -0.76386 0.219056 0.506252
-13.3170 22.7080 -12.5450 0.50471 -0.20761 -0.83795 0.228995 0.520192
0.4390 43.3150 -11.4780 0.58495 -0.45243 -0.67316 0.215912 0.630627
-29.2520 13.0150 -17.2320 0.15341 -0.05383 -0.98670 0.283444 0.457120
-12.0600 19.3410 -10.6690 0.70161 -0.27523 -0.65726 0.215877 0.508387
-26.8950 13.1080 -16.7830 0.22626 -0.08089 -0.97070 0.273747 0.460650
0.1100 42.1100 -10.7370 0.68394 -0.52900 -0.50238 0.212637 0.625125
-12.1320 24.5950 -12.3040 0.51387 -0.22985 -0.82650 0.227074 0.529982
-28.4820 15.8550 -17.2610 0.13730 -0.05239 -0.98914 0.284080 0.469340
-27.3370 14.4770 -16.9830 0.19801 -0.07174 -0.97757 0.277454 0.465487
-9.1210 47.0580 -16.6190 0.22836 -0.17598 -0.95754 0.264295 0.622876
-14.7630 27.1410 -14.4180 0.43110 -0.20681 -0.87828 0.244330 0.535606
-13.9430 20.7160 -12.4350 0.50823 -0.20396 -0.83672 0.228180 0.510951
-16.3760 27.4460 -15.2180 0.37827 -0.18727 -0.90656 0.252002 0.533978
-13.4600 28.2280 -13.9980 0.44984 -0.22072 -0.86541 0.240608 0.542273
-7.1090 46.6890 -16.0150 0.29008 -0.23236 -0.92837 0.255805 0.625952
-6.5950 48.5660 -16.3170 0.24299 -0.21233 -0.94650 0.258477 0.633929
-11.5340 27.2130 -12.6860 0.49901 -0.23738 -0.83345 0.229707 0.541711
-24.7150 12.7390 -16.1270 0.30922 -0.11093 -0.94450 0.263944 0.462144
-11.6390 22.2710 -11.2970 0.58963 -0.23793 -0.77183 0.219877 0.521282
-10.8170 24.1440 -11.3170 0.61038 -0.23767 -0.75561 0.219788 0.530451
-25.3630 13.9720 -16.4620 0.26489 -0.09646 -0.95944 0.268458 0.466204
-12.7390 21.0110 -11.7500 0.55522 -0.22236 -0.80143 0.222943 0.514186
-14.9030 29.1450 -14.9430 0.39918 -0.20262 -0.89420 0.248921 0.543303
-6.0770 47.8070 -15.9870 0.30401 -0.25013 -0.91924 0.254635 0.632341
-22.7990 12.9230 -15.4570 0.36415 -0.12642 -0.92272 0.255850 0.465538
-23.7600 14.5020 -16.0370 0.31995 -0.11575 -0.94034 0.262385 0.470572
-11.3070 20.6800 -10.4220 0.76692 -0.28580 -0.57459 0.214493 0.515240
-11.4740 21.3060 -10.8600 0.65278 -0.25358 -0.71384 0.216995 0.517558
-22.0680 10.7050 -14.8630 0.39145 -0.11552 -0.91292 0.249415 0.457492
-5.0310 49.2150 -16.0250 0.31474 -0.25444 -0.91444 0.254202 0.639821
-4.6100 47.7430 -15.4100 0.33231 -0.26126 -0.90627 0.248685 0.635418
-11.3970 19.4970 -9.8760 0.82035 -0.31391 -0.47801 0.211713 0.510161
-10.5710 21.3540 -9.5700 0.84173 -0.32011 -0.43477 0.210412 0.519335
-10.8650 22.3580 -10.6490 0.72369 -0.29089 -0.62582 0.215826 0.522983
-10.9600 25.3010 -11.7350 0.56356 -0.24608 -0.78857 0.222848 0.534958
-10.3150 22.5380 -9.9510 0.80117 -0.32934 -0.49966 0.212289 0.524705
-25.5320 16.2000 -16.7200 0.23637 -0.08681 -0.96778 0.272355 0.474839
-24.2740 15.7150 -16.3290 0.28718 -0.09992 -0.95265 0.266342 0.474709
-10.0710 24.4250 -10.7100 0.70427 -0.29076 -0.64766 0.216193 0.532952
-21.7180 14.8640 -15.3160 0.37665 -0.13473 -0.91651 0.254004 0.474949
-9.4910 24.6380 -10.0590 0.80083 -0.33096 -0.49913 0.212794 0.534876
-3.3920 46.6260 -14.6910 0.35708 -0.26980 -0.89426 0.241148 0.634122
-10.8330 19.6910 -8.7510 0.87143 -0.32705 -0.36558 0.206528 0.511959
-2.6910 48.0290 -14.7980 0.34905 -0.26920 -0.89761 0.241976 0.640906
-1.9470 45.8290 -13.7580 0.41252 -0.31398 -0.85513 0.233114 0.634514
-10.5280 18.6110 -6.9520 0.88326 -0.32890 -0.33418 0.198273 0.508006
-1.5880 47.2370 -14.0660 0.38727 -0.30521 -0.86998 0.235427 0.640582
-10.3160 17.0460 -4.7410 0.90099 -0.32886 -0.28297 0.188222 0.501851
-10.1690 26.9660 -11.7400 0.55681 -0.25834 -0.78945 0.222646 0.543211
-30.4250 15.1250 -17.4490 0.08225 -0.03356 -0.99605 0.291049 0.463825
-6.7730 51.3070 -16.9140 0.18051 -0.17882 -0.96718 0.265868 0.643343
-9.4970 26.3740 -10.9980 0.65916 -0.30001 -0.68956 0.217787 0.542027
-5.6010 50.3820 -16.4900 0.23490 -0.21972 -0.94686 0.259312 0.642719
-31.7470 15.7830 -17.5350 0.01950 -0.01666 -0.99967 0.297316 0.464622
-9.2750 25.6790 -10.3730 0.77291 -0.32969 -0.54214 0.214406 0.539572
-9.5880 18.8670 -4.6210 0.89662 -0.34372 -0.27916 0.187759 0.510728
-9.7320 21.2300 -7.5280 0.87102 -0.34368 -0.35100 0.200973 0.520316
-9.4710 23.6380 -9.2180 0.84737 -0.35130 -0.39820 0.208790 0.530776
-30.8680 18.6670 -17.5640 0.01562 -0.01222 -0.99980 0.297680 0.476981
-12.2180 30.5280 -13.9940 0.45036 -0.23936 -0.86017 0.239931 0.553714
-30.4910 16.7720 -17.5170 0.06521 -0.03013 -0.99742 0.293555 0.470162
-8.8950 21.2000 -5.2820 0.88530 -0.35483 -0.30056 0.190773 0.521681
-5.0260 51.9210 -16.7100 0.22442 -0.20185 -0.95336 0.261105 0.649525
-5.3310 53.3930 -17.0340 0.18294 -0.17930 -0.96664 0.265859 0.653997
-4.5360 51.1100 -16.3670 0.29443 -0.24773 -0.92301 0.257190 0.647773
-32.0950 19.3600 -17.5330 -0.04805 0.00751 -0.99882 0.303612 0.477938
-8.7090 23.2310 -6.9640 0.86792 -0.35953 -0.34270 0.198436 0.530465
-3.4370 49.7190 -15.5530 0.32455 -0.27146 -0.90608 0.249274 0.645316
-28.6540 18.3080 -17.4120 0.10824 -0.04378 -0.99316 0.288207 0.478700
-9.6740 28.2960 -11.8020 0.54998 -0.26739 -0.79122 0.223119 0.549542
-27.9360 29.8850 -17.6190 -0.03410 0.01355 -0.99933 0.302995 0.524057
-28.7190 27.0490 -17.6200 -0.02045 0.00750 -0.99976 0.301533 0.512158
-29.1780 28.8880 -17.5570 -0.08322 0.03001 -0.99608 0.306288 0.518370
-28.4500 24.7660 -17.6220 0.03965 -0.01673 -0.99907 0.296907 0.503909
-27.0970 26.6000 -17.5820 0.06685 -0.02513 -0.99745 0.294384 0.512969
-26.8980 28.5310 -17.6140 0.04322 -0.01580 -0.99894 0.296706 0.520603
-10.1890 29.4170 -12.5260 0.50576 -0.26402 -0.82128 0.228202 0.553093
-1.8110 48.9850 -14.7700 0.33149 -0.29544 -0.89601 0.241115 0.646484
-25.0060 28.2420 -17.4410 0.11903 -0.04240 -0.99199 0.288726 0.522536
-25.2430 26.3870 -17.3650 0.13121 -0.05081 -0.99005 0.286642 0.515066
-8.7690 28.1570 -11.0840 0.63150 -0.32221 -0.70525 0.218228 0.550692
-8.4390 27.3550 -10.2590 0.76754 -0.36504 -0.52691 0.213760 0.548025
-2.8970 51.9290 -16.0490 0.29156 -0.27289 -0.91680 0.253140 0.654529
-3.5650 53.1170 -16.5790 0.24352 -0.23434 -0.94116 0.258781 0.657165
-23.8790 25.6470 -17.1200 0.16992 -0.06418 -0.98337 0.279966 0.514395
-26.4020 18.3310 -17.0780 0.18005 -0.06817 -0.98129 0.279016 0.482019
-22.8800 27.5370 -17.0740 0.17034 -0.06972 -0.98292 0.279048 0.523299
-26.1680 30.1920 -17.6090 0.04898 -0.02122 -0.99857 0.296556 0.528042
-23.8190 29.3180 -17.3300 0.13111 -0.05717 -0.98972 0.285810 0.528566
-0.9970 51.4470 -15.2820 0.30596 -0.30103 -0.90320 0.244703 0.657349
-24.4450 30.8370 -17.5040 0.10149 -0.04914 -0.99362 0.290873 0.533302
-22.2830 31.1950 -17.2290 0.14812 -0.06313 -0.98695 0.282928 0.538294
-8.2990 30.1300 -11.5220 0.55655 -0.30350 -0.77339 0.220779 0.559612
-7.7480 29.5890 -10.8570 0.67817 -0.36238 -0.63935 0.216547 0.558491
0.4180 44.6930 -12.1300 0.45382 -0.35432 -0.81762 0.220072 0.635821
-24.3690 18.4740 -16.6400 0.24813 -0.09396 -0.96416 0.270814 0.485551
-23.3120 17.7870 -16.2580 0.30156 -0.10993 -0.94709 0.265317 0.484384
-0.8330 46.4510 -13.4270 0.40909 -0.32415 -0.85298 0.230184 0.639459
-8.8330 25.0530 -9.1250 0.84202 -0.35754 -0.40394 0.208357 0.537794
-22.3730 16.2830 -15.7540 0.34198 -0.11760 -0.93232 0.259006 0.479735
-21.2590 18.7740 -15.6720 0.35383 -0.13375 -0.92570 0.258021 0.491409
-20.9970 17.0720 -15.3120 0.38226 -0.13110 -0.91471 0.254182 0.484958
-28.8650 31.3920 -17.5110 -0.10837 0.04301 -0.99318 0.309156 0.528200
-26.7270 31.9690 -17.6280 -0.01617 0.00971 -0.99982 0.301738 0.533791
0.6770 45.7500 -12.4220 0.43183 -0.35522 -0.82906 0.221985 0.640430
-7.6560 25.7420 -7.0430 0.85588 -0.38386 -0.34660 0.198751 0.542792
0.9980 47.9870 -13.1970 0.39305 -0.34851 -0.85091 0.227145 0.649559
-27.4630 33.5210 -17.5520 -0.08050 0.03927 -0.99598 0.307274 0.538353
0.9700 44.1850 -11.5440 0.57033 -0.41742 -0.70745 0.216077 0.635197
-30.3150 20.8880 -17.5850 0.00202 -0.01012 -0.99995 0.298605 0.486313
-29.2340 19.7670 -17.5120 0.06454 -0.03341 -0.99736 0.292635 0.483542
-24.9370 32.2020 -17.5780 0.05438 -0.01582 -0.99839 0.295140 0.537620
-7.7660 27.2890 -8.9250 0.83042 -0.39349 -0.39442 0.207386 0.548997
2.4180 47.4090 -12.2750 0.43518 -0.37997 -0.81624 0.219681 0.650884
-28.1850 22.0500 -17.5290 0.08102 -0.03695 -0.99603 0.291737 0.493884
-25.4960 34.0830 -17.6180 -0.00064 0.00312 -0.99999 0.300597 0.543695
-27.7820 20.6250 -17.4140 0.12022 -0.05138 -0.99142 0.288009 0.488968
-0.0160 49.7700 -14.3550 0.35725 -0.32060 -0.87727 0.236320 0.653659
-7.1370 29.1630 -9.6050 0.80222 -0.41118 -0.43287 0.210328 0.557901
-30.7120 23.9450 -17.5800 -0.06620 0.01367 -0.99771 0.304688 0.497413
-29.7490 23.2980 -17.6130 -0.00549 -0.01345 -0.99989 0.299869 0.496358
1.6410 49.7300 -13.6270 0.37690 -0.35101 -0.85717 0.229664 0.657562
-7.0000 28.0690 -8.0460 0.83558 -0.41295 -0.36233 0.203235 0.553630
-7.0230 30.3130 -10.4410 0.74993 -0.39141 -0.53329 0.214211 0.562842
0.3220 51.2250 -14.7430 0.33099 -0.32394 -0.88629 0.239100 0.659761
-25.9100 21.7130 -17.2200 0.15927 -0.06133 -0.98533 0.282029 0.495981
-24.4220 20.6550 -16.8590 0.22115 -0.08231 -0.97176 0.274341 0.494082
-5.6930 30.1980 -7.5780 0.82634 -0.43971 -0.35187 0.200788 0.564870
-6.0850 30.6420 -8.9680 0.81041 -0.43181 -0.39595 0.207183 0.565968
-22.1560 26.0050 -16.8150 0.20765 -0.08691 -0.97434 0.273570 0.518560
3.2180 48.8050 -12.4950 0.41770 -0.38552 -0.82274 0.220569 0.658057
3.0740 50.8690 -13.4680 0.37836 -0.36580 -0.85031 0.227377 0.665285
-23.4360 22.1300 -16.7630 0.22781 -0.09191 -0.96936 0.272557 0.501380
-12.0470 31.9960 -14.3030 0.43889 -0.21307 -0.87291 0.242342 0.559839
-21.4500 23.9310 -16.4400 0.26737 -0.11424 -0.95680 0.267235 0.511597
-20.3020 26.3240 -16.4130 0.26236 -0.11815 -0.95771 0.266548 0.522862
-7.5910 55.6000 -17.6770 0.08400 -0.09339 -0.99208 0.279305 0.656449
-20.3450 28.2890 -16.6400 0.22314 -0.10054 -0.96959 0.270123 0.530434
-29.4380 24.6940 -17.6230 -0.02333 0.00623 -0.99971 0.300729 0.502145
-10.2000 31.6450 -13.2320 0.46720 -0.24310 -0.85007 0.233303 0.561992
-20.9200 29.7340 -16.8910 0.18433 -0.08133 -0.97949 0.274963 0.535030
-18.9010 28.0380 -16.2280 0.28297 -0.13425 -0.94969 0.263767 0.531929
-18.7870 25.6980 -15.8510 0.33384 -0.14878 -0.93081 0.259128 0.522945
-5.4920 54.9090 -17.3340 0.14396 -0.15828 -0.97684 0.270239 0.658901
-10.5090 33.1950 -13.7940 0.44896 -0.22709 -0.86421 0.238047 0.567523
-17.9720 27.2690 -15.7870 0.33745 -0.15618 -0.92830 0.258460 0.530508
-24.7130 23.9470 -17.1600 0.17079 -0.06353 -0.98326 0.280622 0.506497
-10.5020 34.6760 -14.2020 0.42680 -0.24005 -0.87191 0.241333 0.573335
-9.3230 34.1550 -13.4340 0.45888 -0.25148 -0.85217 0.234909 0.573640
-3.5290 54.7310 -16.9580 0.19583 -0.20671 -0.95860 0.262858 0.662913
-26.4570 24.3920 -17.4400 0.11717 -0.04270 -0.99219 0.288354 0.505508
-5.6160 56.3300 -17.5580 0.10624 -0.13385 -0.98529 0.274237 0.663504
-8.8160 31.8950 -12.5200 0.50840 -0.25951 -0.82109 0.227550 0.565694
-9.0150 33.0580 -12.9560 0.47874 -0.23886 -0.84484 0.231047 0.569924
-4.1780 55.9280 -17.3140 0.14946 -0.17900 -0.97243 0.268228 0.665516
-7.3200 31.2250 -11.2570 0.60329 -0.33064 -0.72575 0.218693 0.565962
-19.0530 30.3610 -16.5650 0.22687 -0.10837 -0.96788 0.268584 0.540672
-23.1880 23.9170 -16.8540 0.21047 -0.08054 -0.97428 0.274369 0.508771
-7.5790 32.3920 -11.8840 0.52475 -0.28127 -0.80345 0.222861 0.570139
-2.1220 54.3770 -16.5520 0.23990 -0.25307 -0.93723 0.256899 0.665051
-17.7310 29.6900 -16.1340 0.28751 -0.14384 -0.94692 0.261980 0.540402
-0.5360 54.1220 -16.0230 0.27226 -0.29068 -0.91727 0.250415 0.668000
-7.7530 34.1100 -12.5470 0.49062 -0.27102 -0.82815 0.227717 0.576637
-16.4050 29.6090 -15.6600 0.35095 -0.17443 -0.92000 0.256284 0.542430
-22.2290 20.6860 -16.2700 0.29482 -0.11694 -0.94837 0.265220 0.497553
-2.5240 55.4190 -16.8940 0.19857 -0.22240 -0.95452 0.261086 0.667704
-6.2930 33.3150 -11.3520 0.60281 -0.31755 -0.73197 0.218946 0.576436
-11.6630 35.7360 -15.0010 0.38930 -0.21925 -0.89464 0.248669 0.575157
-19.6060 18.2970 -14.8980 0.39694 -0.14413 -0.90646 0.249957 0.492017
-10.5050 36.2250 -14.6310 0.40034 -0.23105 -0.88676 0.244864 0.579350
-26.0320 36.5500 -17.5460 -0.06714 0.03088 -0.99727 0.307065 0.551896
-3.6730 58.4610 -17.6680 0.08753 -0.13269 -0.98729 0.272990 0.675355
-2.3850 57.1080 -17.2670 0.16043 -0.20576 -0.96536 0.265068 0.673861
-1.6980 59.2710 -17.5920 0.11818 -0.17348 -0.97772 0.268410 0.682884
-0.8870 56.0910 -16.7040 0.22332 -0.25654 -0.94038 0.257093 0.674025
-28.2790 38.6580 -16.9580 -0.36088 0.17569 -0.91592 0.319845 0.555781
0.6370 55.6830 -16.1910 0.25599 -0.29165 -0.92163 0.250536 0.676372
0.5020 57.3260 -16.7040 0.22890 -0.26651 -0.93626 0.255577 0.681710
0.1010 58.7760 -17.2050 0.18124 -0.24205 -0.95319 0.260966 0.685672
1.9770 58.0700 -16.5650 0.23136 -0.29624 -0.92667 0.252499 0.687990
0.8140 53.8990 -15.5260 0.29557 -0.31950 -0.90031 0.244820 0.670535
-5.6220 34.9940 -11.5080 0.55848 -0.33507 -0.75884 0.219897 0.584519
2.0560 52.2430 -14.4670 0.33962 -0.34717 -0.87415 0.235406 0.667722
-6.4970 31.9790 -10.8520 0.70060 -0.36877 -0.61087 0.216213 0.570639
-5.9320 32.0500 -10.1100 0.77167 -0.41531 -0.48170 0.212422 0.572039
3.2270 54.0130 -14.7500 0.32324 -0.35784 -0.87605 0.236258 0.677022
4.3680 50.5430 -12.7250 0.39671 -0.38342 -0.83403 0.221241 0.667362
-5.1640 32.6340 -9.3380 0.78917 -0.43918 -0.42935 0.208593 0.575923
4.0170 52.3470 -13.7020 0.36757 -0.37699 -0.85016 0.228172 0.673039
4.6760 54.1410 -14.2260 0.34844 -0.38905 -0.85278 0.231167 0.681188
-5.3850 33.5460 -10.5060 0.72642 -0.40521 -0.55508 0.214205 0.579197
2.5030 55.9440 -15.7260 0.27618 -0.32149 -0.90574 0.244572 0.681995
4.4790 55.8860 -15.0640 0.30209 -0.36884 -0.87903 0.237286 0.686868
-5.0640 34.5060 -10.7690 0.68317 -0.38966 -0.61761 0.215465 0.583719
-4.4910 34.4460 -9.9430 0.76070 -0.43517 -0.48162 0.211222 0.584633
-4.1310 33.7840 -8.5780 0.79463 -0.45405 -0.40299 0.204809 0.582634
5.1910 57.5990 -15.5430 0.27223 -0.35336 -0.89500 0.239944 0.694723
-3.1730 36.1920 -9.4080 0.76059 -0.46673 -0.45130 0.208320 0.594361
6.8630 56.7820 -14.6160 0.32431 -0.40258 -0.85601 0.231415 0.696304
-22.3170 43.0200 -17.5960 -0.07583 0.02678 -0.99676 0.305107 0.581948
-20.5460 42.6940 -17.6760 -0.00964 -0.00919 -0.99991 0.297775 0.584042
-0.0760 60.5690 -17.6400 0.12004 -0.18161 -0.97602 0.266428 0.691261
2.0540 60.1300 -17.2100 0.18187 -0.25822 -0.94881 0.258113 0.695208
-19.3950 43.3330 -17.6690 0.02926 -0.02687 -0.99921 0.294727 0.588518
1.3900 61.7730 -17.6730 0.12209 -0.17757 -0.97651 0.264824 0.698985
3.3190 61.8680 -17.4090 0.16318 -0.22789 -0.95992 0.258768 0.704304
-21.4080 44.7230 -17.6120 -0.07450 0.02852 -0.99681 0.305075 0.589715
-19.8460 44.7280 -17.6870 -0.02336 0.00133 -0.99973 0.299242 0.592670
0.2560 62.2680 -17.8600 0.07673 -0.12158 -0.98961 0.269850 0.697710
3.0170 63.2280 -17.7350 0.11304 -0.17136 -0.97870 0.263502 0.707970
3.8540 59.3330 -16.5320 0.22882 -0.32043 -0.91922 0.249705 0.697186
-21.1490 46.6730 -17.5590 -0.10687 0.05370 -0.99282 0.308085 0.597137
-19.9530 46.5890 -17.6560 -0.05903 0.02669 -0.99790 0.303458 0.599103
-17.1730 45.7530 -17.6930 0.03901 -0.04437 -0.99825 0.291420 0.601512
-18.0480 46.7340 -17.7250 -0.01235 -0.00866 -0.99989 0.296706 0.603305
-18.2540 48.5150 -17.7060 -0.05221 0.02446 -0.99834 0.301242 0.609197
-16.2020 49.2700 -17.7690 -0.01441 -0.00307 -0.99989 0.295358 0.615943
5.2840 61.3030 -16.8600 0.21274 -0.30046 -0.92977 0.250650 0.707607
-16.3140 40.6160 -17.1480 0.15570 -0.11177 -0.98146 0.277542 0.584490
6.6020 59.9440 -16.0330 0.25091 -0.34141 -0.90581 0.242137 0.706536
7.2740 58.7940 -15.3780 0.28952 -0.37702 -0.87979 0.236315 0.704415
-16.5110 42.5730 -17.3730 0.12524 -0.10434 -0.98662 0.282312 0.591302
-15.0560 42.2530 -17.1310 0.16037 -0.12425 -0.97920 0.276132 0.592999
8.7410 57.8230 -14.3980 0.32508 -0.42109 -0.84676 0.227980 0.705007
-17.8590 43.0740 -17.5730 0.08259 -0.07004 -0.99412 0.288438 0.590523
9.0500 60.5210 -15.5470 0.27926 -0.38134 -0.88125 0.235608 0.715188
-16.2520 44.1220 -17.5180 0.10135 -0.08971 -0.99080 0.284589 0.597450
-14.6560 43.9030 -17.2910 0.15509 -0.11707 -0.98094 0.278126 0.599832
-13.0240 40.0310 -16.4480 0.24808 -0.16193 -0.95511 0.263646 0.588796
5.9570 62.5790 -17.1050 0.19556 -0.27080 -0.94256 0.252141 0.713651
-13.6110 42.3880 -16.8870 0.19596 -0.13436 -0.97136 0.270895 0.596378
5.2930 63.6300 -17.4970 0.15555 -0.21885 -0.96328 0.257297 0.715320
4.4600 65.0590 -17.8830 0.08788 -0.14410 -0.98565 0.263925 0.717707
2.1650 64.2300 -17.9520 0.06777 -0.10989 -0.99163 0.268941 0.708994
5.6300 65.4070 -17.8190 0.11176 -0.16935 -0.97920 0.261209 0.721964
6.3950 64.6090 -17.5360 0.15156 -0.22931 -0.96148 0.256545 0.721476
7.7570 63.8640 -17.1030 0.18356 -0.27822 -0.94282 0.250060 0.722783
7.6860 62.1150 -16.5480 0.22982 -0.32798 -0.91630 0.245073 0.716809
-15.2170 46.2220 -17.5900 0.09642 -0.08151 -0.99200 0.285182 0.607099
9.4660 64.1890 -16.8640 0.19555 -0.31204 -0.92973 0.245604 0.728630
9.7680 62.7280 -16.2410 0.23885 -0.35885 -0.90232 0.240129 0.724634
7.6620 65.2270 -17.5050 0.15008 -0.23428 -0.96051 0.254339 0.726942
-15.9700 47.3220 -17.7150 0.04098 -0.04541 -0.99813 0.290328 0.609510
7.3980 66.8170 -17.8510 0.10412 -0.16183 -0.98131 0.259667 0.731279
9.1260 66.5850 -17.5860 0.13623 -0.21603 -0.96684 0.253720 0.735385
-14.0750 45.7920 -17.4020 0.14831 -0.11028 -0.98277 0.280008 0.607862
7.0070 68.2520 -18.0730 0.06163 -0.09835 -0.99324 0.264874 0.734693
9.1440 68.6360 -17.9790 0.07559 -0.13402 -0.98809 0.259539 0.741868
10.6980 65.6350 -17.0850 0.18001 -0.28982 -0.94000 0.246087 0.736806
11.0150 64.1990 -16.5210 0.23017 -0.34912 -0.90837 0.240714 0.733046
-11.9700 44.6080 -16.8700 0.20728 -0.14549 -0.96740 0.269480 0.607892
12.4000 66.9710 -17.1950 0.18070 -0.28642 -0.94091 0.244953 0.746024
12.0720 64.7920 -16.4720 0.22945 -0.35754 -0.90527 0.239181 0.738016
10.9820 68.2390 -17.7380 0.12077 -0.20339 -0.97162 0.252943 0.745893
-13.2380 48.1950 -17.5450 0.12139 -0.09912 -0.98764 0.282203 0.618213
10.7890 69.7660 -17.9950 0.07868 -0.11787 -0.98991 0.257896 0.750060
13.6790 68.9610 -17.4850 0.17532 -0.22964 -0.95736 0.247072 0.756039
-14.7280 48.7800 -17.7260 0.05438 -0.05351 -0.99709 0.288942 0.617223
12.5380 69.7290 -17.8160 0.12328 -0.15861 -0.97961 0.252694 0.755054
12.1980 71.4560 -18.0530 0.08115 -0.06978 -0.99426 0.258622 0.759287
13.9690 70.6340 -17.7670 0.14077 -0.14703 -0.97906 0.251167 0.762058
52.8680 78.4500 -11.9880 0.56113 -0.80877 0.17613 0.161509 0.915128
52.8010 78.6390 -11.1400 0.45429 -0.84701 0.27603 0.158531 0.913293
52.3160 78.2230 -11.8650 0.23459 -0.93646 0.26078 0.162387 0.912680
53.2740 79.0160 -11.0910 0.71684 -0.66826 0.19893 0.156898 0.915283
22.2810 71.7520 -16.0210 0.28224 -0.30403 -0.90989 0.230253 0.791365
21.9060 73.2780 -16.5760 0.25898 -0.22397 -0.93956 0.236388 0.794886
23.6830 73.0940 -15.9740 0.29046 -0.26593 -0.91919 0.230546 0.800124
40.2920 81.7460 -16.4760 -0.11049 -0.28677 -0.95161 0.216836 0.884282
41.7860 81.0350 -16.3820 -0.10509 -0.36966 -0.92320 0.210437 0.887800
40.2600 80.7220 -16.0930 -0.08298 -0.36467 -0.92743 0.213020 0.881268
23.4590 74.4140 -16.3930 0.26370 -0.19090 -0.94553 0.235644 0.803452
52.2690 78.5780 -10.8050 0.08182 -0.93131 0.35493 0.158472 0.910634
52.9440 79.0890 -10.0980 0.49757 -0.81058 0.30884 0.154099 0.911955
23.9540 71.4690 -15.3680 0.30730 -0.33110 -0.89215 0.224230 0.795852
25.2270 72.6290 -15.3440 0.30320 -0.30293 -0.90350 0.224345 0.803714
44.0260 79.5310 -15.9670 -0.10433 -0.43530 -0.89422 0.199340 0.892235
41.7800 79.2940 -15.6140 -0.07682 -0.40637 -0.91047 0.203705 0.883040
20.7170 73.2500 -16.8780 0.23091 -0.19782 -0.95265 0.239706 0.790936
21.1610 74.5660 -16.9920 0.21559 -0.13487 -0.96712 0.242607 0.796327
53.1170 78.5230 -12.8070 0.72319 -0.68820 0.05808 0.163720 0.917809
52.9240 78.2910 -14.0660 0.76445 -0.64248 -0.05335 0.168613 0.919251
53.3700 78.9840 -13.8950 0.88263 -0.45569 -0.11537 0.166561 0.922033
53.5060 79.0520 -12.9900 0.86626 -0.49772 -0.04316 0.162945 0.920595
53.8640 79.9610 -13.1230 0.95174 -0.28858 -0.10446 0.222143 0.989470
53.8640 79.9610 -13.1230 0.92397 -0.36852 -0.10234 0.161389 0.924506
24.8360 74.5080 -16.0020 0.28499 -0.21688 -0.93367 0.231978 0.808337
26.4820 73.9420 -15.3390 0.29399 -0.26662 -0.91787 0.225123 0.812042
11.4850 59.8710 -14.3720 0.32242 -0.42392 -0.84637 0.225046 0.719735
11.1270 62.1550 -15.6180 0.28260 -0.39792 -0.87281 0.233832 0.726539
53.5330 79.1760 -11.8070 0.83112 -0.54710 0.09957 0.158556 0.918142
44.2640 81.1280 -16.7220 -0.11821 -0.37853 -0.91801 0.204888 0.897321
53.9530 80.0140 -12.2150 0.96124 -0.27545 -0.01210 0.226187 0.989075
53.9530 80.0140 -12.2150 0.91633 -0.39867 0.03742 0.157584 0.922443
38.5840 77.6130 -14.7070 0.01742 -0.52114 -0.85330 0.204821 0.866189
39.1360 79.0650 -15.3490 -0.04707 -0.37370 -0.92636 0.209341 0.872413
40.2070 78.2670 -15.0710 -0.03736 -0.45914 -0.88758 0.203481 0.874281
25.2390 71.1540 -14.7650 0.33353 -0.36805 -0.86793 0.219099 0.798935
26.4010 72.4310 -14.8580 0.32527 -0.34055 -0.88217 0.219996 0.806877
26.8100 71.0290 -14.0880 0.36270 -0.41936 -0.83222 0.213568 0.803476
13.0180 61.7760 -14.7460 0.31414 -0.43047 -0.84617 0.226101 0.730598
12.4330 63.6490 -15.8750 0.27255 -0.40494 -0.87278 0.234337 0.735267
53.6870 80.2520 -14.9580 0.91979 -0.34544 -0.18615 0.168949 0.928902
53.6870 80.2520 -14.9580 0.94026 -0.16372 -0.29852 0.214024 0.988484
54.3480 81.6300 -13.3240 0.97881 -0.11981 -0.16606 0.221006 0.982151
53.7590 82.1740 -15.4530 0.94561 -0.04784 -0.32176 0.211410 0.980337
42.8340 77.7030 -14.7810 0.01314 -0.77046 -0.63736 0.194568 0.882771
41.3450 77.3590 -14.3450 0.06302 -0.82310 -0.56438 0.196286 0.875818
41.9240 78.1890 -15.1150 -0.04482 -0.54019 -0.84035 0.198967 0.880676
54.1160 82.8030 -14.1240 0.97696 0.03157 -0.21108 0.217002 0.977291
38.5160 81.3080 -16.1650 -0.08551 -0.28617 -0.95436 0.219751 0.876586
14.2080 63.1990 -15.0470 0.31022 -0.43662 -0.84447 0.226922 0.738860
54.4710 81.9610 -12.6110 0.99839 -0.02282 -0.05187 0.223998 0.980666
14.4610 61.3820 -13.9900 0.32454 -0.44797 -0.83307 0.219809 0.733397
44.0850 77.8670 -14.8920 0.01595 -0.78405 -0.62050 0.192109 0.887901
43.6140 77.4580 -14.1800 0.09732 -0.95728 -0.27229 0.190303 0.884318
53.7010 79.8000 -10.7500 0.88751 -0.44269 0.12789 0.153372 0.917232
45.0070 77.6970 -14.5510 0.02609 -0.91863 -0.39425 0.188442 0.890521
45.2480 77.5810 -14.0870 0.05890 -0.99352 -0.09717 0.186124 0.890417
34.1530 76.2900 -14.3500 0.16562 -0.38892 -0.90626 0.211354 0.845647
33.3590 75.4360 -14.1230 0.20947 -0.44766 -0.86932 0.210260 0.840075
32.3450 75.8890 -14.5010 0.14968 -0.32903 -0.93238 0.215100 0.838088
43.0790 78.4960 -15.3610 -0.06365 -0.50557 -0.86043 0.197465 0.885932
44.3860 78.4850 -15.4410 -0.07058 -0.56575 -0.82155 0.194309 0.890902
33.4000 77.2780 -14.7700 0.09630 -0.28474 -0.95376 0.217471 0.846156
53.3930 79.5480 -9.9970 0.73775 -0.63449 0.23054 0.152048 0.913818
34.2950 75.5780 -13.9460 0.28712 -0.55064 -0.78381 0.207852 0.843729
54.0460 80.7680 -10.6330 0.93646 -0.33938 0.08861 0.149983 0.920039
54.0460 80.7680 -10.6330 0.97468 -0.20075 0.09851 0.233334 0.985338
45.4080 78.0520 -15.1590 -0.05841 -0.76534 -0.64097 0.189970 0.893560
35.6430 76.1810 -13.9310 0.21732 -0.64636 -0.73143 0.206115 0.850438
35.1750 75.6170 -13.5120 0.37041 -0.77403 -0.51349 0.204494 0.846644
53.7610 80.2280 -9.4990 0.88000 -0.44747 0.15927 0.148259 0.914689
13.7610 64.8470 -16.0450 0.26411 -0.41171 -0.87221 0.234010 0.743104
13.9790 66.4600 -16.6530 0.21376 -0.32757 -0.92033 0.238518 0.749012
46.6800 78.1130 -15.3800 -0.07400 -0.78085 -0.62032 0.187609 0.898725
45.9520 77.8860 -14.9470 -0.01811 -0.87883 -0.47678 0.187688 0.894987
32.0960 78.7920 -15.2560 0.06398 -0.20049 -0.97760 0.227063 0.846319
34.2550 78.8180 -15.1780 0.02324 -0.27026 -0.96251 0.221232 0.853932
35.3240 78.0370 -14.8890 0.02550 -0.34016 -0.94002 0.215110 0.855305
46.4880 77.6490 -14.4290 0.01760 -0.98279 -0.18391 0.184376 0.895756
54.3740 81.6070 -11.7440 0.97964 -0.18478 0.07849 0.227904 0.982033
47.8160 77.9190 -15.2520 -0.05105 -0.86094 -0.50613 0.184174 0.902432
14.4580 65.6450 -16.2370 0.24595 -0.41032 -0.87815 0.234486 0.747800
46.2530 77.6920 -13.5340 0.07865 -0.98779 0.13445 0.181710 0.893095
54.2540 82.0500 -10.5560 0.99063 -0.05641 0.12438 0.233078 0.979851
33.7670 80.4030 -15.5750 -0.02100 -0.21167 -0.97711 0.228866 0.857015
35.7090 79.1870 -15.2960 -0.01944 -0.31079 -0.95028 0.218761 0.860189
35.9080 80.4380 -15.6870 -0.06130 -0.27644 -0.95907 0.223219 0.864666
15.8750 64.6380 -15.1660 0.32792 -0.43747 -0.83731 0.226272 0.748574
54.4030 82.1940 -11.4680 0.99503 0.03453 0.09336 0.228842 0.979524
35.3190 76.9390 -14.4570 0.09813 -0.43950 -0.89287 0.210571 0.851851
15.3680 66.3640 -16.3180 0.28797 -0.38798 -0.87553 0.234055 0.752858
36.5400 76.7070 -14.1920 0.11143 -0.59506 -0.79592 0.206058 0.855554
36.7540 78.0620 -14.9030 -0.00137 -0.38063 -0.92473 0.211410 0.860623
36.8830 77.3940 -14.5820 0.03750 -0.48004 -0.87645 0.208227 0.859053
16.6500 62.8320 -13.8900 0.35733 -0.45022 -0.81830 0.217350 0.744738
48.7650 82.4120 -17.8280 -0.15595 -0.22909 -0.96083 0.199453 0.917360
47.9060 83.3220 -17.8060 -0.12035 0.09429 -0.98824 0.204410 0.916252
49.7270 83.0520 -18.0800 -0.21074 -0.00460 -0.97753 0.199476 0.922296
49.3110 83.5740 -17.9300 -0.12672 0.28574 -0.94989 0.202203 0.921913
36.1200 75.9650 -13.4350 0.30245 -0.85305 -0.42525 0.202813 0.851075
45.6910 79.4950 -16.1790 -0.11530 -0.44278 -0.88918 0.195533 0.898566
36.9910 76.4920 -13.8960 0.17028 -0.78787 -0.59183 0.203503 0.856387
36.8760 76.1190 -13.2230 0.25952 -0.91951 -0.29522 0.200623 0.854108
37.7020 76.5830 -13.8290 0.14145 -0.82613 -0.54544 0.201809 0.859291
38.3880 76.5900 -13.5990 0.18814 -0.92491 -0.33036 0.199436 0.861661
37.5530 76.9310 -14.2530 0.07199 -0.65310 -0.75384 0.204322 0.860084
47.2640 83.6600 -17.6670 -0.12929 0.22698 -0.96528 0.206992 0.914631
48.4460 84.1320 -17.6160 -0.09431 0.41653 -0.90422 0.206136 0.920018
16.4740 66.2640 -15.7540 0.33068 -0.46997 -0.81840 0.229851 0.755747
17.9970 65.0770 -14.5350 0.33496 -0.45048 -0.82757 0.220661 0.756334
49.6030 84.5300 -17.4970 -0.18669 0.53100 -0.82655 0.205224 0.925183
49.7870 83.9230 -17.9070 -0.27951 0.37123 -0.88547 0.202344 0.924392
45.9640 78.5790 -15.7040 -0.10389 -0.57715 -0.81000 0.191275 0.897305
47.1030 79.2820 -16.2480 -0.11209 -0.45906 -0.88130 0.191675 0.903457
37.3250 80.0160 -15.6250 -0.04466 -0.32880 -0.94334 0.217785 0.868484
45.5040 85.0780 -16.6960 -0.13612 0.54903 -0.82464 0.216567 0.911567
46.6730 84.3040 -17.3390 -0.12068 0.44011 -0.88980 0.210700 0.913933
44.6190 84.2440 -17.0430 -0.14737 0.43535 -0.88812 0.215272 0.906311
43.8930 84.9270 -16.4970 -0.16402 0.54942 -0.81929 0.219874 0.905383
14.5640 67.9410 -17.0040 0.22346 -0.29147 -0.93011 0.241314 0.755467
47.7560 78.5360 -15.8940 -0.08742 -0.60744 -0.78954 0.187357 0.904105
42.6250 77.2430 -13.8080 0.11344 -0.97829 -0.17342 0.191177 0.879619
44.2350 77.5120 -13.2330 0.12626 -0.98582 0.11056 0.185346 0.884876
38.7330 76.9890 -14.1950 0.09362 -0.75123 -0.65337 0.201399 0.864738
16.1530 67.5360 -16.4420 0.27644 -0.32047 -0.90603 0.235171 0.758936
39.3520 76.8380 -13.7930 0.14127 -0.92444 -0.35419 0.198300 0.866250
43.2340 86.5510 -15.1370 -0.17655 0.63408 -0.75284 0.228808 0.907478
44.3210 85.7000 -16.0240 -0.15909 0.59238 -0.78979 0.222177 0.908963
39.2550 76.6800 -13.0950 0.20708 -0.97694 -0.05207 0.195683 0.864384
39.6680 77.1180 -14.2270 0.07243 -0.78277 -0.61809 0.199519 0.868696
15.7350 69.8930 -17.3070 0.20880 -0.23369 -0.94963 0.243800 0.765101
40.1040 77.5490 -14.6100 0.02354 -0.62816 -0.77773 0.200580 0.871786
40.4900 77.1050 -14.0150 0.11450 -0.91839 -0.37874 0.196805 0.871522
45.2410 86.7500 -15.3840 -0.15561 0.63156 -0.75955 0.224500 0.915044
15.5530 71.5350 -17.6530 0.16440 -0.14201 -0.97612 0.249252 0.769557
45.4400 77.9630 -11.9110 0.12226 -0.95868 0.25689 0.177394 0.887031
40.4720 76.9460 -13.5250 0.15982 -0.97731 -0.13899 0.194869 0.870357
16.4120 68.3610 -16.6630 0.26617 -0.30999 -0.91272 0.236989 0.762343
17.6470 70.5710 -17.0130 0.25159 -0.25659 -0.93320 0.240245 0.773054
41.6800 77.1470 -13.7600 0.11113 -0.97528 -0.19098 0.193154 0.875784
16.3850 66.6370 -16.0220 0.33342 -0.41379 -0.84712 0.231541 0.756731
41.1600 82.3350 -16.7710 -0.14089 -0.17177 -0.97501 0.216810 0.889076
40.1370 82.5550 -16.6280 -0.15775 -0.05399 -0.98600 0.220177 0.885912
39.9370 76.8660 -12.6000 0.21848 -0.97029 0.10395 0.192307 0.866435
41.6060 77.1520 -12.9150 0.16576 -0.98027 0.10772 0.190065 0.873899
17.5430 67.5350 -15.9810 0.31319 -0.36000 -0.87881 0.230781 0.763129
18.0200 66.6350 -15.3880 0.31991 -0.43073 -0.84388 0.226178 0.761618
42.7900 82.2960 -16.9690 -0.13065 -0.24753 -0.96003 0.212661 0.894936
42.4690 82.9480 -17.0150 -0.15459 -0.00844 -0.98794 0.215708 0.895385
45.4770 83.6020 -17.4180 -0.13933 0.21956 -0.96560 0.210863 0.907951
19.6700 66.5220 -14.6910 0.33660 -0.45132 -0.82644 0.220397 0.766234
19.8440 65.0240 -13.7220 0.40005 -0.52738 -0.74955 0.214218 0.761669
41.0620 83.1960 -16.7540 -0.17895 0.17354 -0.96843 0.220122 0.890887
42.5650 83.5190 -16.9650 -0.18083 0.24391 -0.95279 0.217496 0.897116
19.1700 67.4990 -15.3600 0.31668 -0.39317 -0.86321 0.225435 0.767946
18.7680 68.9380 -16.0940 0.29511 -0.33840 -0.89353 0.231513 0.771367
33.9510 81.4110 -15.7820 -0.07317 -0.09022 -0.99323 0.232340 0.860686
44.7290 82.5450 -17.3130 -0.13875 -0.19356 -0.97123 0.208944 0.902730
35.8070 81.5090 -15.9610 -0.10401 -0.15023 -0.98316 0.227690 0.867517
47.7710 85.4470 -16.7630 -0.06700 0.56287 -0.82383 0.212848 0.920768
20.5410 68.3890 -15.2850 0.31298 -0.38618 -0.86770 0.224203 0.775091
37.2170 81.5150 -16.1180 -0.09670 -0.20228 -0.97454 0.223951 0.872545
42.0800 84.1530 -16.6170 -0.19374 0.44744 -0.87308 0.221186 0.896920
43.3670 84.1110 -16.8910 -0.16435 0.42858 -0.88843 0.217778 0.901442
44.0910 83.5070 -17.2450 -0.14977 0.17586 -0.97295 0.213750 0.902660
22.2480 68.3450 -14.5970 0.32784 -0.42973 -0.84134 0.218560 0.780217
45.6210 83.1180 -17.4780 -0.14418 0.01527 -0.98943 0.208870 0.907368
49.5580 86.0640 -16.2900 -0.06218 0.61456 -0.78642 0.211912 0.929185
38.1510 82.2520 -16.3230 -0.12362 -0.07335 -0.98962 0.224223 0.877941
14.7960 72.2730 -17.8360 0.11958 -0.07651 -0.98987 0.253567 0.769489
37.0530 82.4300 -16.1750 -0.14891 0.08353 -0.98532 0.227818 0.874530
35.5590 82.2280 -15.9600 -0.12871 0.06796 -0.98935 0.231111 0.868694
47.7810 86.6840 -15.8790 -0.05501 0.60434 -0.79483 0.217999 0.924007
36.0910 82.8250 -15.9370 -0.17111 0.29955 -0.93861 0.231992 0.872236
37.0210 83.2460 -15.9480 -0.18692 0.40711 -0.89405 0.231134 0.876652
48.9140 87.1400 -15.5280 0.01162 0.64376 -0.76514 0.217647 0.929571
38.3580 82.8810 -16.3250 -0.16409 0.17953 -0.96997 0.226009 0.880367
46.8040 86.8620 -15.6010 -0.12930 0.61501 -0.77784 0.221060 0.920903
39.4820 82.2960 -16.5180 -0.13241 -0.10036 -0.98610 0.220930 0.882857
40.3080 83.6970 -16.4250 -0.19500 0.41412 -0.88909 0.224046 0.889448
16.6550 73.4830 -17.6850 0.13668 -0.06900 -0.98821 0.251860 0.778791
41.8040 84.7730 -16.1550 -0.19730 0.55995 -0.80469 0.224613 0.897556
18.1560 72.6010 -17.3300 0.19541 -0.15818 -0.96788 0.244977 0.780830
38.8720 83.5110 -16.2160 -0.18649 0.41571 -0.89017 0.227114 0.883865
37.7360 84.1450 -15.5630 -0.20299 0.56005 -0.80320 0.233178 0.881744
39.4630 84.4810 -15.7510 -0.20266 0.55713 -0.80531 0.229808 0.888638
39.7620 83.1110 -16.5200 -0.17717 0.19387 -0.96490 0.223172 0.885990
19.1970 70.2180 -16.4300 0.27902 -0.30966 -0.90899 0.234418 0.776756
46.6280 87.5560 -14.9780 -0.14070 0.70067 -0.69947 0.224597 0.922143
21.2240 69.9770 -15.6810 0.29394 -0.34459 -0.89155 0.227418 0.782355
47.6040 87.5580 -15.1330 -0.06210 0.69413 -0.71716 0.222235 0.925679
20.6550 71.6110 -16.4450 0.26590 -0.28812 -0.91994 0.234581 0.785712
47.3250 87.9260 -14.6910 -0.08362 0.81228 -0.57724 0.224745 0.925720
18.9790 71.8300 -16.9720 0.24340 -0.23702 -0.94052 0.240217 0.781081
46.7970 81.6190 -17.2580 -0.12938 -0.35677 -0.92519 0.200987 0.908064
48.9730 79.9640 -16.8520 -0.14757 -0.45339 -0.87901 0.190277 0.912276
48.7540 88.0270 -14.6600 -0.00777 0.83740 -0.54654 0.222190 0.931470
19.2600 74.2770 -17.3360 0.17414 -0.09703 -0.97993 0.246989 0.789341
48.8840 81.3750 -17.4750 -0.15840 -0.37374 -0.91391 0.195569 0.915347
17.1570 74.7760 -17.6760 0.11371 -0.01330 -0.99343 0.254299 0.784173
50.0490 88.0390 -14.6450 -0.08486 0.81026 -0.57990 0.219517 0.936700
46.6990 82.8130 -17.6290 -0.13455 -0.12960 -0.98239 0.205382 0.910661
49.4840 88.1870 -14.2960 -0.02273 0.95144 -0.30698 0.222064 0.935114
50.5980 82.9500 -18.3260 -0.19876 -0.06646 -0.97779 0.197156 0.925286
51.3530 82.2130 -18.3170 -0.00410 -0.19426 -0.98094 0.193173 0.926599
50.1950 82.0060 -17.9730 -0.22978 -0.27952 -0.93224 0.194935 0.921738
51.3570 81.2090 -18.0590 -0.07264 -0.27919 -0.95748 0.189827 0.924746
51.4320 83.0330 -18.4000 0.13762 0.02375 -0.99020 0.195640 0.928374
51.7430 82.2290 -18.2370 0.31678 -0.11667 -0.94130 0.192368 0.928061
52.0650 81.6450 -18.0400 0.43740 -0.15735 -0.88539 0.189652 0.928242
52.0430 83.1000 -18.1400 0.52625 0.03793 -0.84949 0.194525 0.930865
52.6060 81.5190 -17.5630 0.74210 -0.10479 -0.66204 0.187497 0.930467
52.4800 82.7810 -17.7810 0.70428 0.00400 -0.70991 0.192352 0.932324
49.2620 78.6920 -16.1410 -0.07317 -0.59575 -0.79983 0.184779 0.910212
48.8440 78.0570 -15.5690 -0.01399 -0.80775 -0.58936 0.182917 0.906859
22.2500 69.3200 -15.0520 0.31279 -0.38580 -0.86794 0.221992 0.783440
48.8720 77.7670 -14.8690 0.01343 -0.97852 -0.20573 0.180291 0.905368
51.6550 83.8220 -18.2550 0.27610 0.23640 -0.93160 0.197663 0.930670
22.8070 70.3370 -15.3060 0.29991 -0.36638 -0.88081 0.223828 0.788525
23.3450 69.1450 -14.5750 0.31736 -0.41100 -0.85461 0.217952 0.786302
23.5650 67.8770 -13.8430 0.37430 -0.53038 -0.76066 0.212666 0.782728
50.5690 83.6100 -18.2620 -0.18804 0.21804 -0.95765 0.199332 0.926492
24.4960 68.7620 -13.9450 0.40028 -0.46986 -0.78677 0.212907 0.788591
24.4490 70.1280 -14.6350 0.33365 -0.38912 -0.85864 0.217991 0.793034
50.5850 84.2270 -18.0250 -0.22085 0.42789 -0.87643 0.201415 0.927864
50.2790 77.9910 -15.3030 -0.01706 -0.88811 -0.45931 0.178793 0.911460
50.7310 77.7450 -14.6620 -0.05615 -0.98456 -0.16579 0.175462 0.911668
50.0390 77.7600 -14.4340 -0.01554 -0.99605 0.08747 0.176194 0.908716
51.3380 84.2270 -18.1440 0.01746 0.38646 -0.92214 0.199648 0.930433
49.9000 78.4870 -15.9690 -0.04442 -0.75881 -0.64979 0.182416 0.911920
50.6510 78.3380 -15.9390 -0.20368 -0.81292 -0.54560 0.180312 0.914364
52.9180 82.8940 -17.2500 0.82974 0.05041 -0.55587 0.191471 0.935132
53.2680 81.8660 -16.6140 0.85621 -0.04537 -0.51463 0.186131 0.935609
53.2680 81.8660 -16.6140 0.91948 -0.11389 -0.37629 0.206222 0.982130
50.8410 77.9010 -15.1920 -0.14383 -0.91940 -0.36608 0.177082 0.913172
51.6300 78.0200 -15.9210 -0.03561 -0.88401 -0.46611 0.177490 0.917519
52.3380 83.7120 -17.8270 0.67922 0.19914 -0.70640 0.195867 0.933432
51.6880 77.7340 -15.1390 0.01387 -0.97035 -0.24130 0.174884 0.915980
52.1810 77.9320 -15.4900 0.35966 -0.87622 -0.32076 0.174999 0.918504
25.3050 69.6560 -14.0450 0.39980 -0.46133 -0.79204 0.213454 0.794108
52.0190 77.6750 -14.5870 0.22453 -0.97361 -0.04098 0.172453 0.916089
51.4930 77.6830 -14.1110 -0.02317 -0.99487 0.09847 0.171962 0.913396
52.4870 77.9270 -14.8430 0.57191 -0.81003 -0.12949 0.172337 0.918442
52.5380 77.9730 -13.5870 0.48649 -0.86898 0.09054 0.167996 0.916493
51.1090 84.9480 -17.7320 -0.11881 0.50664 -0.85394 0.202709 0.931374
51.6880 84.8590 -17.7690 0.19846 0.45483 -0.86819 0.201085 0.933205
51.3930 78.4970 -16.5280 -0.17829 -0.72954 -0.66029 0.180247 0.918391
50.9620 79.1040 -16.9120 -0.28523 -0.56562 -0.77377 0.183345 0.918341
51.7590 78.9210 -16.9660 0.04630 -0.62072 -0.78266 0.181107 0.921061
51.8270 78.3560 -16.4040 0.12091 -0.76877 -0.62799 0.178714 0.919512
50.5750 84.9240 -17.5940 -0.28522 0.53957 -0.79216 0.204085 0.929510
50.2920 79.8650 -17.0880 -0.28643 -0.47616 -0.83140 0.187269 0.917267
51.0410 80.2450 -17.6250 -0.27096 -0.40493 -0.87328 0.187233 0.921468
51.6030 79.8390 -17.5550 -0.05399 -0.46008 -0.88624 0.184684 0.922815
52.1540 79.7040 -17.4140 0.33641 -0.43617 -0.83462 0.182786 0.924505
51.4720 85.9040 -17.2000 0.00310 0.54775 -0.83664 0.205289 0.935061
52.1350 85.4030 -17.3120 0.53637 0.39718 -0.74468 0.202185 0.936343
51.9590 86.2440 -16.8780 0.34657 0.58438 -0.73375 0.205609 0.937793
52.0280 84.7780 -17.6650 0.55129 0.33951 -0.76211 0.200150 0.934404
51.8520 80.7310 -17.8870 0.21984 -0.29295 -0.93051 0.187093 0.925610
53.1700 84.2760 -16.4890 0.83899 0.21040 -0.50183 0.196023 0.940369
52.4240 80.3680 -17.4890 0.61686 -0.21957 -0.75582 0.184071 0.927046
52.8800 80.3520 -16.8920 0.91222 -0.13297 -0.38752 0.205090 0.988785
52.8800 80.3520 -16.8920 0.81113 -0.13678 -0.56865 0.181638 0.929330
52.3540 85.8860 -16.7760 0.70861 0.40286 -0.57929 0.203688 0.938938
49.6260 79.4660 -16.6640 -0.16107 -0.53406 -0.82996 0.187031 0.913557
50.0650 80.7030 -17.4040 -0.26275 -0.38453 -0.88493 0.190682 0.918291
50.2990 78.7690 -16.3360 -0.20984 -0.65369 -0.72709 0.182991 0.914392
53.6270 83.0720 -15.8250 0.94581 0.02512 -0.32376 0.209394 0.976574
53.6270 83.0720 -15.8250 0.89293 0.07289 -0.44426 0.189817 0.941714
53.5380 84.4180 -15.6740 0.87719 0.22775 -0.42269 0.195860 0.944187
53.5380 84.4180 -15.6740 0.93338 0.19716 -0.29988 0.209453 0.970461
49.9560 85.4840 -16.8530 -0.30168 0.59520 -0.74480 0.208391 0.928978
51.1220 86.5530 -16.6790 -0.20121 0.66238 -0.72164 0.208713 0.935696
50.1020 86.3660 -16.1440 -0.31224 0.65132 -0.69158 0.211856 0.931980
50.2450 86.9650 -15.6190 -0.20424 0.67272 -0.71115 0.214220 0.934303
52.4350 78.8360 -16.6450 0.52287 -0.58647 -0.61860 0.178563 0.922955
52.9070 85.8330 -15.9240 0.82509 0.35236 -0.44167 0.202866 0.943049
52.6750 79.7130 -17.0380 0.70786 -0.31151 -0.63396 0.180619 0.926335
52.9760 79.5360 -16.4640 0.91691 -0.09539 -0.38753 0.207208 0.992105
52.9760 79.5360 -16.4640 0.82028 -0.35685 -0.44699 0.177467 0.926815
53.2000 86.1230 -14.9930 0.91732 0.31065 -0.24905 0.211760 0.961894
53.2000 86.1230 -14.9930 0.85864 0.34615 -0.37805 0.204154 0.947168
52.3240 78.2260 -15.9850 0.46888 -0.75726 -0.45465 0.176337 0.920303
52.8550 78.7640 -15.8930 0.77136 -0.52480 -0.35998 0.175154 0.923259
52.7330 78.2660 -15.2410 0.75071 -0.62346 -0.21849 0.173193 0.920558
53.0540 79.0280 -15.7510 0.87690 -0.40148 -0.26431 0.174254 0.924450
54.0190 83.7270 -14.5400 0.97190 0.12249 -0.20104 0.214827 0.973352
54.1970 83.0240 -13.4690 0.98608 0.13060 -0.10289 0.219726 0.976233
53.6820 84.7500 -14.8770 0.93610 0.26777 -0.22809 0.212810 0.968700
47.5980 77.6940 -14.5670 0.02521 -0.99173 -0.12582 0.182213 0.900120
48.1500 77.7630 -13.8580 0.05281 -0.99094 0.12349 0.178422 0.900720
54.2400 83.1710 -11.9360 0.98848 0.15128 -0.00452 0.226252 0.975483
54.2240 83.0340 -10.7730 0.99416 0.09270 0.05520 0.231395 0.975855
53.9830 85.4050 -11.3540 0.98662 0.15671 -0.04508 0.227314 0.966143
53.8160 85.1750 -13.3440 0.96637 0.22360 -0.12702 0.219127 0.966762
50.2520 78.1200 -12.6300 0.00608 -0.96111 0.27609 0.169240 0.906111
53.4250 86.3110 -13.8030 0.94018 0.28104 -0.19254 0.216883 0.961209
51.2690 77.9680 -12.9310 -0.10210 -0.95963 0.26209 0.168263 0.910457
49.0060 78.1320 -12.3100 0.06469 -0.96174 0.26621 0.170809 0.900951
53.6160 86.5990 -12.3520 0.95184 0.27458 -0.13641 0.222824 0.960684
47.2140 78.0570 -12.1440 0.07351 -0.96261 0.26074 0.174238 0.894053
51.8900 86.9080 -16.2650 0.26586 0.67819 -0.68511 0.208634 0.939663
51.2220 87.1440 -16.0470 -0.19299 0.72499 -0.66117 0.211284 0.937966
51.4500 87.9460 -15.2460 -0.09028 0.75338 -0.65136 0.214552 0.941472
52.3260 86.6090 -16.2110 0.65406 0.51354 -0.55541 0.206763 0.940981
48.0690 78.4830 -11.0580 0.06610 -0.94713 0.31396 0.168028 0.895242
52.1750 88.2010 -14.8210 0.41454 0.67869 -0.60625 0.214544 0.945542
52.7580 87.3230 -14.8500 0.75001 0.45856 -0.47667 0.210062 0.946866
52.7580 87.3230 -14.8500 0.87015 0.37637 -0.31808 0.212452 0.955395
50.1340 78.5870 -11.2900 0.06332 -0.94303 0.32663 0.164342 0.903235
48.8740 78.8860 -9.9870 0.08564 -0.93223 0.35159 0.162051 0.896268
50.5700 88.2090 -14.6030 -0.23046 0.83704 -0.49624 0.218784 0.939135
51.9210 77.8580 -13.0780 0.10051 -0.97410 0.20254 0.167558 0.913222
50.3680 88.4010 -13.8130 -0.15941 0.98115 -0.10926 0.222099 0.939630
51.8870 78.1630 -11.9870 -0.07406 -0.94586 0.31602 0.163665 0.911256
51.9810 88.5620 -14.4010 0.07335 0.88948 -0.45104 0.216878 0.945952
51.0960 88.5230 -13.9890 -0.21073 0.96427 -0.16055 0.220075 0.942535
53.0490 87.4700 -13.8800 0.90415 0.34830 -0.24739 0.216715 0.955320
50.9920 78.4980 -11.5990 -0.07668 -0.93387 0.34929 0.163753 0.906991
52.4550 88.4680 -14.2230 0.61491 0.66522 -0.42352 0.216247 0.948763
51.1260 78.9630 -10.3330 -0.06620 -0.93409 0.35085 0.158582 0.905226
52.1320 88.7780 -13.7770 0.04758 0.97097 -0.23444 0.219063 0.947323
52.6150 88.7210 -13.4760 0.60888 0.75990 -0.22765 0.219543 0.949605
-30.7250 -43.1220 14.1860 0.15454 -0.11152 0.98167 0.067104 0.230845
-31.1230 -41.1340 14.4510 0.11787 -0.12170 0.98554 0.064562 0.239279
-31.8150 -42.7960 14.3130 0.05062 -0.11948 0.99155 0.062310 0.231591
-51.7690 -1.2900 3.7110 -0.95892 0.14803 0.24200 0.420594 0.373012
-52.1020 -1.8990 2.6830 -0.96560 0.15323 0.21009 0.416067 0.370666
-52.0060 -3.1230 3.7420 -0.96133 0.13183 0.24180 0.420447 0.365614
-32.8580 -41.1400 14.5490 0.01981 -0.13024 0.99128 0.057160 0.238190
-34.2900 -39.5510 14.7780 -0.02278 -0.14134 0.98970 0.050403 0.244308
-34.9830 -41.3030 14.4900 -0.05343 -0.13770 0.98903 0.048184 0.236067
-48.1670 -49.2390 9.3880 -0.70909 -0.20370 0.67506 0.425078 0.168680
-12.7750 8.2730 6.8570 0.88215 -0.28200 0.37721 0.136727 0.462102
-12.4430 7.7270 5.4870 0.91402 -0.29306 0.28049 0.142809 0.460044
-11.8190 9.8730 5.6970 0.90233 -0.29151 0.31753 0.142288 0.469991
-32.3680 -38.6380 14.8710 0.03616 -0.13284 0.99048 0.058214 0.249496
-51.5830 -2.2840 5.0510 -0.94763 0.12992 0.29174 0.426210 0.368861
-51.3810 -1.0760 5.0420 -0.94617 0.15895 0.28195 0.426401 0.373778
-45.5440 -51.6150 10.3830 -0.38449 -0.25356 0.88762 0.432117 0.154724
-51.4650 0.1630 3.8940 -0.95425 0.16441 0.24976 0.421646 0.378894
-51.5940 -3.9750 5.6520 -0.93313 0.12544 0.33694 0.428591 0.361955
-50.9260 -2.2190 6.7070 -0.91443 0.12173 0.38600 0.433667 0.369091
-12.1000 10.9850 7.3290 0.87217 -0.29258 0.39207 0.135056 0.474458
-46.5260 -49.8570 10.4750 -0.47132 -0.22429 0.85296 0.432168 0.163700
-31.1560 -39.1620 14.7340 0.11803 -0.13557 0.98371 0.063597 0.247917
-51.0030 -0.8320 6.0420 -0.92699 0.13930 0.34827 0.430869 0.374745
-30.1040 -40.2690 14.3780 0.26181 -0.12597 0.95686 0.068621 0.243623
-11.1500 12.3880 6.1450 0.89496 -0.30250 0.32794 0.140668 0.481565
-30.1940 -38.6970 14.6140 0.26118 -0.12901 0.95663 0.067590 0.250455
-31.0130 -37.4050 14.9490 0.13504 -0.13060 0.98220 0.063516 0.255695
-43.9010 -51.1820 11.1540 -0.31580 -0.24861 0.91568 0.440607 0.154220
-43.9010 -51.1820 11.1540 -0.30092 -0.20490 0.93138 0.015710 0.182265
-13.7310 7.3100 8.1800 0.84497 -0.26457 0.46480 0.130257 0.457005
-13.1660 9.2070 8.2980 0.83850 -0.28121 0.46673 0.130152 0.465695
-14.1780 8.6550 9.6020 0.80274 -0.26713 0.53315 0.123520 0.462249
-45.1070 -50.1670 11.0220 -0.35422 -0.24484 0.90254 0.437791 0.160352
-34.9450 -38.2040 14.9580 -0.04498 -0.13742 0.98949 0.047087 0.249880
-50.0230 -46.6540 7.3530 -0.88475 -0.15131 0.44082 0.417136 0.182564
-50.0450 -44.2890 8.0730 -0.87217 -0.14796 0.46629 0.422547 0.192330
-50.9200 -4.6380 7.4150 -0.90552 0.12114 0.40663 0.436500 0.359194
-50.4400 -3.6030 8.1340 -0.90519 0.11121 0.41020 0.440022 0.363452
-50.3430 -2.7060 8.1940 -0.90483 0.10422 0.41282 0.440368 0.367121
-33.2630 -36.2770 15.2020 0.00631 -0.12917 0.99160 0.053492 0.259383
-12.4170 11.8260 8.5160 0.83213 -0.29123 0.47196 0.129595 0.477651
-50.5590 -43.0890 7.4250 -0.89225 -0.16086 0.42192 0.420456 0.198167
-13.0210 11.7720 9.4650 0.80292 -0.28065 0.52589 0.124913 0.476689
-30.1270 -42.2920 14.1340 0.27356 -0.10434 0.95618 0.069370 0.234784
-29.5050 -41.1380 14.0510 0.39271 -0.11459 0.91249 0.071703 0.240122
-16.1610 5.2910 10.9840 0.77648 -0.23289 0.58553 0.115585 0.446105
-15.2690 5.0390 9.5780 0.81237 -0.23641 0.53307 0.122747 0.445838
-15.7220 6.6350 10.9580 0.77776 -0.23536 0.58283 0.116140 0.452176
-50.0440 -1.4140 8.4170 -0.89058 0.13084 0.43561 0.441641 0.372455
-29.4930 -39.4380 14.2660 0.39064 -0.12026 0.91266 0.071059 0.247542
-50.3320 0.2110 7.3100 -0.90616 0.13344 0.40134 0.436755 0.379044
-14.5580 7.1040 9.4310 0.81463 -0.24657 0.52496 0.124011 0.455291
-28.3490 -40.0800 13.6080 0.47064 -0.10939 0.87552 0.076792 0.245220
-29.3280 -37.4870 14.4600 0.40838 -0.12452 0.90428 0.071050 0.256124
-28.3070 -38.5780 13.7840 0.48789 -0.11471 0.86534 0.076394 0.251768
-51.5810 -40.7270 6.0820 -0.91708 -0.15501 0.36733 0.415935 0.209586
-52.0210 0.1860 -0.7760 -0.98101 0.18284 -0.06480 0.401841 0.379749
-51.6780 1.2800 -1.8830 -0.95653 0.18597 -0.22462 0.397333 0.384503
-52.1140 -0.8990 -1.7120 -0.96650 0.15960 -0.20103 0.397723 0.375723
-50.6890 -41.7730 7.7230 -0.88796 -0.16766 0.42827 0.422706 0.203731
-51.6100 2.2510 -0.8640 -0.97740 0.19825 -0.07333 0.401780 0.388063
-15.1080 8.5690 10.8890 0.77917 -0.24841 0.57548 0.116877 0.460896
-51.1390 3.7530 -1.9760 -0.95399 0.19995 -0.22342 0.397264 0.394473
-26.4430 -38.5800 12.6020 0.56727 -0.10297 0.81707 0.085836 0.252442
-27.3860 -40.1510 13.0350 0.53670 -0.09879 0.83797 0.081588 0.245291
-51.8420 1.2130 0.3050 -0.98055 0.19288 0.03638 0.406533 0.383596
-49.9940 -42.9380 8.5850 -0.85630 -0.16198 0.49042 0.426042 0.197831
-24.7320 -36.6140 11.5790 0.61994 -0.09593 0.77876 0.094237 0.261502
-50.1300 -41.4660 8.8580 -0.84211 -0.15727 0.51587 0.428325 0.204118
-51.2160 4.3780 -0.4840 -0.97717 0.20841 -0.04128 0.403688 0.396491
-17.4290 5.8510 12.7290 0.71968 -0.21660 0.65965 0.106225 0.447277
-50.8480 5.8330 -0.9890 -0.96856 0.22071 -0.11478 0.401750 0.402500
-27.9200 -36.3760 13.8590 0.50948 -0.11887 0.85223 0.077443 0.261490
-50.4800 5.1320 -3.0980 -0.91148 0.19547 -0.36194 0.392488 0.400560
-50.5720 5.9140 -2.3700 -0.94171 0.20665 -0.26547 0.395838 0.403325
-50.7000 -40.5360 8.1500 -0.87923 -0.14505 0.45379 0.425512 0.208796
-16.9120 7.8980 12.8190 0.72310 -0.23080 0.65104 0.106195 0.456245
-16.0170 9.2700 12.3180 0.73884 -0.24964 0.62594 0.109395 0.462851
-48.9010 -48.5350 8.7020 -0.80540 -0.18120 0.56435 0.421948 0.172776
-26.5060 -36.3640 12.9290 0.57051 -0.10610 0.81441 0.084690 0.262019
-48.7240 -47.6250 9.1880 -0.76366 -0.16670 0.62373 0.425307 0.176317
-14.4760 10.6970 11.0290 0.76957 -0.26815 0.57953 0.116708 0.470479
-25.7280 -35.1220 12.5200 0.59522 -0.10018 0.79730 0.088368 0.267650
-50.6840 6.6860 -0.3840 -0.97328 0.22912 -0.01532 0.404416 0.405792
-24.4130 -34.2970 11.6000 0.63997 -0.09149 0.76293 0.095216 0.271611
-27.0670 -34.6920 13.5340 0.56069 -0.10813 0.82093 0.081160 0.269093
-52.3870 -1.8080 -0.4210 -0.98636 0.16118 -0.03336 0.402993 0.371662
-25.9800 -33.7490 12.8850 0.59161 -0.09620 0.80046 0.086528 0.273520
-52.1800 -0.6090 0.2660 -0.98371 0.17576 0.03783 0.406077 0.376286
-49.1140 -45.6560 9.2330 -0.80332 -0.16047 0.57353 0.427103 0.185144
-25.0610 -32.1870 12.3540 0.61530 -0.08673 0.78351 0.091003 0.280553
-48.3570 -46.3250 9.9370 -0.70491 -0.17350 0.68775 0.430500 0.181253
-23.7450 -31.8130 11.3140 0.65553 -0.08428 0.75045 0.098192 0.282537
-47.7670 -47.3690 10.2310 -0.61867 -0.18080 0.76457 0.431593 0.176020
-51.7970 0.8990 1.4290 -0.97667 0.18467 0.10962 0.411224 0.382136
-52.1630 -1.1160 1.4520 -0.97724 0.17708 0.11683 0.410983 0.374014
-31.7950 -36.1130 15.1880 0.06489 -0.12509 0.99002 0.059672 0.260931
-32.8900 -34.6890 15.4090 0.02415 -0.12139 0.99231 0.054479 0.266587
-13.8230 12.9850 11.2430 0.76495 -0.27212 0.58378 0.116078 0.480722
-51.8230 -0.3030 2.8860 -0.96665 0.16579 0.19518 0.417188 0.377069
-30.7600 -34.5300 15.2860 0.13374 -0.13251 0.98212 0.063502 0.268402
-48.7970 -44.7710 9.8640 -0.73305 -0.15296 0.66276 0.431145 0.188412
-47.9140 -45.7120 10.4890 -0.60118 -0.16040 0.78285 0.434316 0.183255
-30.8020 -36.0420 15.0880 0.15620 -0.12928 0.97923 0.063903 0.261764
-30.0040 -36.5400 14.8550 0.28690 -0.12839 0.94932 0.067575 0.259976
-51.4690 1.5250 2.9980 -0.96593 0.17622 0.18952 0.417970 0.384447
-47.4440 -49.2020 10.0210 -0.59310 -0.20580 0.77838 0.429122 0.167790
-46.8940 -48.5180 10.5610 -0.49254 -0.18572 0.85024 0.433423 0.169928
-51.5920 2.3780 0.4820 -0.97928 0.19672 0.04809 0.407461 0.388258
-15.5130 11.6160 12.6940 0.72126 -0.25526 0.64392 0.107951 0.473050
-31.7080 -33.3910 15.5160 0.06058 -0.11817 0.99114 0.059025 0.272909
-44.1810 -49.9150 11.3980 -0.27401 -0.21908 0.93644 0.442397 0.160118
-30.0090 -35.1750 15.0450 0.27628 -0.14445 0.95016 0.067023 0.265937
-45.2770 -48.9400 11.2410 -0.36256 -0.18960 0.91247 0.439887 0.165884
-51.3110 3.1310 1.8480 -0.97296 0.19931 0.11674 0.413345 0.391084
-29.1490 -35.4100 14.6620 0.42647 -0.12988 0.89513 0.071086 0.265253
-29.7680 -34.1170 15.1510 0.31773 -0.13774 0.93812 0.067647 0.270674
-46.9030 -46.9910 10.8730 -0.47244 -0.16940 0.86493 0.436662 0.176473
-30.5300 -33.1380 15.4450 0.16418 -0.11754 0.97940 0.063967 0.274607
-44.0210 -48.2510 11.7940 -0.27662 -0.19415 0.94116 0.446809 0.167120
-51.1730 4.2950 0.9290 -0.97409 0.21211 0.07853 0.409626 0.395905
-50.7170 6.1710 1.2000 -0.97160 0.22198 0.08201 0.411041 0.403474
-47.0610 -45.8380 10.9940 -0.47205 -0.15570 0.86772 0.438223 0.181614
-45.5850 -46.1660 11.6300 -0.37288 -0.15800 0.91433 0.444363 0.178299
-44.0620 -46.9950 12.0320 -0.29085 -0.16899 0.94173 0.449350 0.172672
-28.0720 -34.5410 14.2140 0.50478 -0.11958 0.85493 0.075963 0.269423
-44.3770 -44.6650 12.2900 -0.30522 -0.15411 0.93973 0.452552 0.183377
-48.1910 -7.3760 12.6520 -0.78077 0.08328 0.61924 0.461364 0.347983
-49.3740 -6.8660 10.8870 -0.83602 0.09176 0.54098 0.452461 0.349995
-48.7930 -9.0710 12.0680 -0.80777 0.08534 0.58329 0.457987 0.340804
-48.5690 -5.6800 11.8850 -0.80471 0.10183 0.58486 0.457716 0.355042
-50.8870 2.4340 4.6280 -0.95194 0.17560 0.25095 0.425171 0.388065
-47.8020 -5.9600 12.9210 -0.75567 0.09676 0.64776 0.463123 0.354008
-49.3940 -43.7880 9.3080 -0.81923 -0.15053 0.55336 0.428991 0.193391
-51.0140 1.0600 5.1130 -0.94831 0.16029 0.27387 0.427048 0.382455
-29.2920 -32.9030 15.1310 0.39923 -0.10987 0.91024 0.069358 0.276142
-29.9040 -31.9550 15.4430 0.28151 -0.10668 0.95361 0.066297 0.280030
-49.5230 -42.4210 9.4940 -0.81100 -0.16015 0.56271 0.430906 0.199291
-51.0700 3.3520 3.2990 -0.96315 0.18817 0.19216 0.419529 0.391818
-47.3950 -7.3500 13.5440 -0.67146 0.06694 0.73801 0.466356 0.348235
-48.9260 -43.1060 10.0980 -0.73271 -0.16082 0.66127 0.433662 0.195619
-48.0220 -43.6540 10.8070 -0.59259 -0.15828 0.78980 0.437722 0.192159
-27.6470 -32.9590 14.1500 0.53998 -0.09879 0.83586 0.077547 0.276436
-47.1500 -44.3920 11.2040 -0.46658 -0.15428 0.87092 0.440591 0.187940
-47.1010 -6.1780 13.6760 -0.65769 0.07746 0.74930 0.467453 0.353257
-46.3330 -6.5350 14.2830 -0.51956 0.04482 0.85326 0.471609 0.351972
-46.2280 -4.7830 14.2310 -0.56838 0.07996 0.81887 0.471459 0.359426
-26.5620 -31.3850 13.5690 0.58281 -0.08864 0.80776 0.082709 0.283589
-47.1890 -4.9400 13.4510 -0.69733 0.10297 0.70932 0.466326 0.358451
-49.1930 -4.8410 10.8380 -0.83678 0.10765 0.53686 0.452556 0.358427
-47.7350 -3.9930 12.6530 -0.77102 0.11382 0.62655 0.462171 0.362281
-48.3920 -42.5530 10.7430 -0.62792 -0.16145 0.76135 0.437844 0.197313
-50.4050 1.7740 6.5630 -0.91946 0.15683 0.36056 0.433572 0.385382
-48.6620 -2.8560 11.2110 -0.82004 0.11889 0.55983 0.454848 0.366776
-49.3070 -40.7330 10.2530 -0.75086 -0.13991 0.64547 0.435886 0.206110
-50.5910 2.5020 5.6820 -0.93669 0.17804 0.30152 0.429760 0.388319
-50.0630 -39.7270 9.4280 -0.82146 -0.13476 0.55412 0.432285 0.211286
-27.9640 -30.8690 14.5960 0.52664 -0.09510 0.84475 0.075239 0.285404
-29.1330 -31.7350 15.1560 0.43929 -0.09555 0.89325 0.069784 0.281268
-47.5200 -42.4080 11.3550 -0.48580 -0.15620 0.86000 0.442483 0.196910
-50.3910 4.1830 5.2140 -0.94286 0.17923 0.28087 0.427991 0.395182
-48.3370 -40.6210 11.1910 -0.59060 -0.14506 0.79382 0.441652 0.205498
-42.5890 -38.6030 13.8210 -0.22674 -0.14965 0.96239 0.470853 0.208719
-41.1380 -38.0710 14.2150 -0.16925 -0.15827 0.97278 0.477881 0.209769
-41.1200 -36.0530 14.5530 -0.17525 -0.15085 0.97290 0.481177 0.219163
-47.3400 -40.7770 11.7250 -0.45366 -0.14757 0.87887 0.446138 0.203760
-46.8570 -3.5540 13.5530 -0.68177 0.10341 0.72422 0.467346 0.364390
-45.5890 -41.6230 12.4310 -0.36427 -0.15463 0.91837 0.452790 0.198206
-46.3150 -8.1400 14.3760 -0.49043 0.03135 0.87092 0.472166 0.345142
-39.7340 -39.4620 14.1910 -0.14358 -0.15938 0.97672 0.481481 0.201848
-39.7340 -39.4620 14.1910 -0.13745 -0.15827 0.97778 0.027126 0.241167
-39.3520 -37.8390 14.4990 -0.13526 -0.15250 0.97900 0.028174 0.248861
-39.3520 -37.8390 14.4990 -0.13317 -0.15726 0.97854 0.485734 0.208887
-44.5860 -6.5130 15.0920 -0.37591 0.01768 0.92649 0.479656 0.352622
-44.3160 -8.4500 15.2260 -0.34372 -0.00511 0.93906 0.481295 0.344353
-45.6210 -43.3160 12.0970 -0.36935 -0.16068 0.91529 0.449608 0.190782
-43.4360 -45.4890 12.4600 -0.26326 -0.14687 0.95348 0.455075 0.178571
-44.0880 -43.5340 12.5810 -0.29439 -0.16634 0.94110 0.455940 0.188064
-39.4350 -34.9740 14.9450 -0.13384 -0.12772 0.98274 0.490058 0.223003
-39.4350 -34.9740 14.9450 -0.11550 -0.13524 0.98406 0.026771 0.261661
-41.3210 -34.4080 14.7490 -0.17697 -0.12053 0.97681 0.482569 0.227026
-43.3920 -44.5570 12.6030 -0.26583 -0.15514 0.95145 0.457041 0.182680
-37.5380 -36.2740 14.9890 -0.10443 -0.13604 0.98518 0.035345 0.256914
-50.6170 5.4400 3.4920 -0.96073 0.20304 0.18916 0.420658 0.400270
-50.2930 8.0100 1.2300 -0.97280 0.21751 0.07963 0.411415 0.410917
-44.4510 -41.3890 12.8390 -0.30697 -0.15899 0.93834 0.458171 0.198021
-47.2930 -2.1520 12.8770 -0.75159 0.11671 0.64922 0.463731 0.370110
-42.6950 -43.6230 12.9600 -0.23490 -0.16536 0.95785 0.461840 0.186099
-47.7780 -1.0630 12.0470 -0.79015 0.13140 0.59866 0.459527 0.374483
-43.3690 -42.1760 13.0390 -0.25976 -0.16581 0.95133 0.461516 0.193356
-50.2230 7.2730 3.3450 -0.96401 0.21628 0.15463 0.420302 0.407740
-41.0620 -32.8020 14.9650 -0.16472 -0.10908 0.98029 0.485624 0.234398
-48.5270 -0.4900 10.8470 -0.82606 0.13213 0.54787 0.453504 0.376607
-50.2530 5.6620 4.6270 -0.94514 0.19606 0.26130 0.425647 0.401201
-47.3440 0.7310 12.2020 -0.77274 0.13605 0.61998 0.460730 0.382091
-48.0630 1.1930 11.1450 -0.81431 0.13860 0.56364 0.455260 0.383699
-38.3070 -33.0840 15.3030 -0.12112 -0.10923 0.98661 0.497472 0.232001
-38.3070 -33.0840 15.3030 -0.09070 -0.11772 0.98890 0.030837 0.270583
-42.7130 -52.0890 11.3310 -0.25779 -0.22638 0.93931 0.021594 0.179708
-50.0670 4.9780 5.8540 -0.93408 0.17520 0.31113 0.430879 0.398435
-42.1120 -51.1700 11.6860 -0.25090 -0.20283 0.94652 0.023437 0.184769
-39.7180 -30.4620 15.4300 -0.13254 -0.09735 0.98639 0.493798 0.244868
-41.7600 -52.5260 11.4470 -0.25272 -0.19042 0.94861 0.025971 0.178883
-41.6260 -30.9640 15.0640 -0.19843 -0.09580 0.97542 0.485030 0.243275
-45.5840 -4.9160 14.6140 -0.44750 0.05207 0.89277 0.474624 0.359098
-50.0360 7.3420 4.1510 -0.94770 0.20999 0.24034 0.423785 0.408016
-41.3970 -29.0060 15.2790 -0.18981 -0.08378 0.97824 0.487768 0.252250
-43.1700 -7.4350 15.6090 -0.29165 -0.00958 0.95648 0.486165 0.349112
-43.0000 -5.8070 15.6550 -0.31163 0.00391 0.95019 0.486506 0.356247
-49.8400 6.2430 5.6780 -0.93275 0.20535 0.29634 0.430320 0.403611
-36.2950 -30.4400 15.7790 -0.09585 -0.09725 0.99063 0.508761 0.244044
-36.2950 -30.4400 15.7790 -0.04386 -0.10802 0.99318 0.038434 0.283484
-44.1320 -4.7410 15.2340 -0.36964 0.03815 0.92839 0.481151 0.360406
-45.9180 -3.1530 14.2620 -0.54331 0.08711 0.83500 0.472157 0.366435
-44.7260 -3.1430 14.8680 -0.42180 0.05751 0.90486 0.477746 0.366989
-38.4690 -51.9660 12.2850 -0.19296 -0.16867 0.96660 0.039483 0.185254
-35.2110 -35.4210 15.2780 -0.04957 -0.11883 0.99168 0.044905 0.262060
-36.1440 -33.4850 15.4420 -0.06442 -0.11293 0.99151 0.040200 0.270091
-49.3800 5.1720 -5.4650 -0.87603 0.19717 -0.44010 0.381551 0.402163
-48.8010 3.5750 -7.1910 -0.85956 0.18490 -0.47641 0.373152 0.396919
-49.5040 2.8310 -6.1710 -0.87248 0.18172 -0.45359 0.377924 0.393239
-37.1780 -51.6780 12.6040 -0.17598 -0.16310 0.97079 0.044729 0.187936
-50.4010 3.2380 -4.2310 -0.89420 0.18599 -0.40719 0.387085 0.393613
-48.2550 6.0270 -7.2090 -0.85591 0.20127 -0.47635 0.373337 0.406791
-48.8090 7.8710 -5.3110 -0.87308 0.20816 -0.44090 0.382504 0.412958
-43.1570 -49.9600 11.6360 -0.23814 -0.21807 0.94643 0.446590 0.158414
-43.1570 -49.9600 11.6360 -0.26786 -0.20269 0.94190 0.017998 0.189068
-34.0090 -34.5820 15.4170 -0.02251 -0.11698 0.99288 0.049687 0.266444
-42.7760 -3.6990 15.7050 -0.34287 0.02797 0.93897 0.486805 0.365480
-41.7130 -49.7200 12.0880 -0.23244 -0.19436 0.95299 0.024086 0.191978
-33.3220 -32.1130 15.7030 -0.00481 -0.10576 0.99438 0.051697 0.277683
-42.8030 -48.9730 11.9620 -0.25528 -0.21110 0.94354 0.450266 0.162089
-42.8030 -48.9730 11.9620 -0.24372 -0.20064 0.94886 0.018913 0.194309
-46.5770 -2.0940 13.6110 -0.67300 0.11454 0.73072 0.468002 0.370623
-41.5480 -48.0010 12.4660 -0.21688 -0.18649 0.95822 0.023712 0.200144
-39.5980 -49.6740 12.5580 -0.18833 -0.18973 0.96360 0.033097 0.194481
-45.9830 -1.5160 14.0330 -0.60851 0.10119 0.78707 0.470860 0.373303
-49.8870 7.3230 -3.3490 -0.90134 0.21052 -0.37851 0.391611 0.409511
-43.0460 -47.8610 12.1300 -0.24811 -0.18833 0.95025 0.451810 0.167427
-43.0460 -47.8610 12.1300 -0.23191 -0.19347 0.95330 0.017189 0.199277
-42.1800 -46.7650 12.5610 -0.21413 -0.17382 0.96121 0.020257 0.205266
-42.1800 -46.7650 12.5610 -0.24196 -0.16671 0.95586 0.457878 0.171245
-49.1500 9.5950 -3.7630 -0.89255 0.21507 -0.39637 0.389915 0.418918
-45.3910 -1.9830 14.4500 -0.49222 0.07054 0.86761 0.474046 0.371608
-39.5350 -28.2160 15.6530 -0.13484 -0.08429 0.98728 0.496441 0.255323
-47.0070 -0.4870 12.8630 -0.73710 0.13142 0.66288 0.464076 0.377171
-48.3330 9.8520 -5.3310 -0.86912 0.20974 -0.44792 0.382624 0.420948
-47.6320 8.8580 -7.0890 -0.85111 0.21483 -0.47902 0.374138 0.418146
-39.9940 -47.2240 12.9410 -0.18419 -0.16845 0.96835 0.029887 0.205281
-47.5240 10.7250 -6.3880 -0.84889 0.22102 -0.48015 0.377610 0.425228
-37.4260 -26.5450 16.0580 -0.10351 -0.08373 0.99110 0.506791 0.262629
-46.3270 0.0390 13.4970 -0.69430 0.11352 0.71068 0.467804 0.379667
-35.4800 -28.0800 16.0540 -0.02709 -0.10389 0.99422 0.041180 0.294412
-35.4800 -28.0800 16.0540 -0.06859 -0.09158 0.99343 0.514066 0.254928
-45.3500 0.0970 14.3080 -0.55498 0.09038 0.82694 0.473090 0.380392
-37.6960 -50.7210 12.6920 -0.16896 -0.18554 0.96800 0.041864 0.191696
-45.5900 1.7110 13.9070 -0.64851 0.12178 0.75140 0.470625 0.387025
-48.0430 11.4110 -5.1720 -0.86499 0.21937 -0.45130 0.383550 0.427115
-38.5470 -48.0830 13.0450 -0.15921 -0.17074 0.97237 0.036560 0.202764
-35.9580 -50.5860 12.9970 -0.14200 -0.16473 0.97606 0.049093 0.194009
-36.6160 -48.1670 13.3170 -0.13603 -0.16311 0.97719 0.044776 0.204178
-47.5780 12.9570 -5.2680 -0.86108 0.22187 -0.45750 0.383194 0.433450
-33.8650 -29.4080 15.9630 -0.01205 -0.10100 0.99481 0.048465 0.289299
-47.7780 4.7640 -8.5390 -0.84121 0.19104 -0.50584 0.366770 0.402663
-33.6480 -27.3820 16.1720 -0.00499 -0.10175 0.99480 0.048786 0.298306
-43.6600 -2.2460 15.3060 -0.38394 0.03051 0.92285 0.482219 0.371312
-32.1210 -31.2710 15.7660 0.03526 -0.10616 0.99372 0.056525 0.281972
-31.6210 -29.7130 15.9150 0.04912 -0.09900 0.99387 0.058153 0.289024
-31.5730 -27.6170 16.1260 0.05077 -0.09874 0.99382 0.057708 0.298182
-40.5550 -45.6200 13.0990 -0.18850 -0.15310 0.97007 0.026561 0.212091
-44.2750 -0.8220 14.9720 -0.44284 0.05791 0.89473 0.478735 0.377076
-46.8620 7.9350 -8.7840 -0.83227 0.20762 -0.51402 0.365791 0.415675
-38.3300 -46.1940 13.3850 -0.15235 -0.15550 0.97602 0.036363 0.211496
-41.0620 -26.2370 15.5710 -0.18473 -0.06807 0.98043 0.491336 0.264909
-42.0190 -1.5070 15.9000 -0.33148 0.02627 0.94310 0.489205 0.375328
-42.8500 -0.0420 15.5670 -0.36457 0.04652 0.93001 0.484836 0.381164
-36.5970 -45.4530 13.7510 -0.12097 -0.14923 0.98137 0.043318 0.216341
-35.0550 -46.7330 13.7400 -0.08950 -0.14436 0.98547 0.050555 0.211922
-37.7380 -44.3620 13.7620 -0.14393 -0.14225 0.97931 0.037885 0.220298
-42.1570 -45.2560 12.8060 -0.21127 -0.15268 0.96543 0.019474 0.212258
-42.1570 -45.2560 12.8060 -0.23036 -0.15517 0.96065 0.461042 0.178041
-43.7320 -9.6300 15.3860 -0.29563 -0.01405 0.95520 0.484008 0.339368
-41.7070 -8.1160 15.9660 -0.23969 -0.03131 0.97035 0.492605 0.346590
-30.7290 -30.8000 15.7410 0.12824 -0.10796 0.98585 0.062317 0.284703
-41.1890 -43.6880 13.2640 -0.18095 -0.14756 0.97236 0.022752 0.220347
-41.1890 -43.6880 13.2640 -0.19437 -0.15855 0.96803 0.468264 0.184255
-41.8610 -10.1330 15.8920 -0.22879 -0.02554 0.97314 0.492204 0.337627
-39.6780 -9.0890 16.3890 -0.17829 -0.04828 0.98279 0.501471 0.342937
-40.1870 -7.1960 16.3680 -0.20720 -0.02859 0.97788 0.499002 0.351230
-41.9940 -42.5470 13.2930 -0.20001 -0.16498 0.96580 0.466760 0.190238
-30.3790 -29.3450 15.8310 0.17748 -0.09750 0.97928 0.063376 0.291181
-29.8150 -30.7080 15.5600 0.30295 -0.10137 0.94760 0.066279 0.285484
-39.0070 -44.8600 13.4840 -0.16441 -0.14543 0.97561 0.032742 0.216948
-38.8140 -11.4330 16.3720 -0.15864 -0.04326 0.98639 0.505301 0.332598
-36.7380 -8.9210 16.8330 -0.13513 -0.05059 0.98954 0.513947 0.344743
-29.0230 -29.8930 15.3000 0.44091 -0.09067 0.89296 0.069717 0.289299
-29.7210 -28.9020 15.6960 0.34066 -0.09457 0.93542 0.066163 0.293355
-38.2610 -7.3180 16.7010 -0.15325 -0.04400 0.98721 0.507238 0.351437
-46.2590 10.9690 -8.4820 -0.82774 0.22574 -0.51370 0.367476 0.427759
-38.7620 -43.1410 13.7660 -0.15636 -0.13896 0.97788 0.032874 0.224978
-52.6380 -22.8310 6.6860 -0.92327 0.01344 0.38393 0.427988 0.284509
-52.3590 -24.5980 7.4170 -0.90838 -0.00421 0.41812 0.430533 0.276880
-51.9460 -22.7930 8.2030 -0.89597 0.01498 0.44387 0.434918 0.284080
-52.3850 -21.9050 7.2840 -0.91099 0.01851 0.41202 0.431016 0.288118
-51.3490 -23.4850 9.3830 -0.87320 0.00477 0.48734 0.440144 0.280744
-35.7030 -43.5610 14.1400 -0.08634 -0.13979 0.98641 0.046167 0.225515
-51.8860 -21.1720 8.2290 -0.89129 0.03748 0.45189 0.435695 0.290822
-34.4730 -44.9750 14.0190 -0.05451 -0.13320 0.98959 0.052080 0.220163
-51.2740 -22.4280 9.4860 -0.87012 0.02039 0.49242 0.441059 0.285143
-50.6780 -22.5560 10.4520 -0.84066 0.01727 0.54128 0.445738 0.284277
-50.9570 -24.2970 10.0450 -0.85231 -0.00825 0.52297 0.443019 0.277077
-50.2810 -23.8900 11.0920 -0.81537 -0.00858 0.57888 0.448373 0.278407
-35.8890 -7.0520 17.0290 -0.11441 -0.04434 0.99244 0.517248 0.353664
-50.9680 -20.8990 9.9350 -0.85501 0.03645 0.51733 0.443819 0.291411
-34.8540 -48.4870 13.4890 -0.09995 -0.15154 0.98339 0.052403 0.204323
-46.6050 12.9200 -7.0100 -0.83827 0.22670 -0.49589 0.374787 0.434570
-51.0400 -18.9990 9.6650 -0.85867 0.05622 0.50944 0.443249 0.299447
-41.7640 -6.4540 16.0110 -0.24903 -0.01560 0.96837 0.492059 0.353892
-46.9640 14.7410 -5.5610 -0.85114 0.22741 -0.47312 0.381980 0.440861
-52.1410 -17.8540 7.4030 -0.89975 0.04551 0.43403 0.433091 0.304831
-46.1180 15.8750 -6.4480 -0.83206 0.23512 -0.50238 0.377725 0.446152
-33.1150 -49.5610 13.4710 -0.04801 -0.13945 0.98906 0.060339 0.201078
-49.9420 -21.6430 11.5170 -0.80756 0.02594 0.58922 0.451449 0.287802
-49.5090 -23.2370 12.1100 -0.76371 -0.00944 0.64549 0.453938 0.280827
-42.2190 -4.3370 15.9020 -0.28676 -0.00034 0.95800 0.489484 0.362964
-40.0140 -4.6950 16.4450 -0.21514 -0.02105 0.97636 0.499105 0.362388
-46.6090 17.6540 -4.7660 -0.85713 0.24990 -0.45042 0.386051 0.452094
-45.4120 18.5160 -6.3470 -0.82736 0.24753 -0.50419 0.378397 0.456836
-50.4550 -18.9520 10.5260 -0.83265 0.04665 0.55184 0.447608 0.299428
-39.1960 -5.8020 16.5930 -0.18830 -0.02496 0.98180 0.502910 0.357838
-33.4700 -46.7440 13.8300 -0.03845 -0.12893 0.99091 0.057235 0.213126
-32.0230 -47.9170 13.7170 0.01457 -0.11809 0.99290 0.063960 0.209098
-49.3840 -19.6980 12.1700 -0.78219 0.02593 0.62250 0.455604 0.295878
-49.4190 -25.0690 12.1310 -0.73040 -0.04224 0.68171 0.453511 0.272978
-44.8480 12.9700 -9.7600 -0.79728 0.23640 -0.55540 0.361111 0.437008
-49.0460 -23.5370 12.5890 -0.66562 -0.03969 0.74524 0.456604 0.279367
-48.9910 -21.7250 12.6900 -0.70025 0.00913 0.71384 0.457713 0.287100
-47.9510 -23.9100 13.3530 -0.50306 -0.05367 0.86258 0.462035 0.277378
-48.8070 -24.8650 12.7060 -0.62636 -0.04561 0.77819 0.457104 0.273588
-48.5370 -22.5750 13.0640 -0.59794 -0.03435 0.80081 0.459862 0.283322
-37.0650 -5.2040 16.9730 -0.13899 -0.03535 0.98966 0.511832 0.361520
-47.6650 -22.0870 13.6420 -0.46115 -0.04523 0.88617 0.464405 0.285191
-47.8180 -21.1180 13.5930 -0.51160 -0.01886 0.85902 0.464089 0.289408
-32.4100 -45.6290 13.9810 0.01603 -0.11925 0.99273 0.061127 0.218783
-41.0580 -2.7110 16.2560 -0.26227 0.00441 0.96498 0.493979 0.370610
-46.1400 -23.8370 14.1960 -0.38236 -0.05103 0.92260 0.470448 0.277132
-46.5640 -21.2030 14.1470 -0.38361 -0.04189 0.92254 0.469813 0.288767
-48.5420 -19.7470 13.0560 -0.66017 0.00390 0.75111 0.460704 0.295454
-45.2110 14.4130 -8.5680 -0.81463 0.23699 -0.52935 0.367147 0.441908
-38.1370 -4.2030 16.8250 -0.17100 -0.02388 0.98498 0.506974 0.365483
-31.1300 -49.1060 13.5570 0.06841 -0.11827 0.99062 0.068355 0.204582
-39.4660 -2.9010 16.6000 -0.20169 -0.00879 0.97941 0.500853 0.370587
-47.6590 -19.6760 13.7250 -0.51305 -0.01688 0.85819 0.465358 0.295596
-46.8520 -19.4820 14.1160 -0.39773 -0.01940 0.91730 0.469163 0.296306
-44.8010 -19.8280 14.9110 -0.33465 -0.03501 0.94169 0.478319 0.294519
-30.2050 -48.6630 13.4690 0.22807 -0.10365 0.96811 0.072016 0.207106
-50.9550 -17.5180 9.5960 -0.86455 0.04702 0.50034 0.443542 0.305655
-40.1530 -1.4670 16.4380 -0.22035 0.01592 0.97529 0.497312 0.376519
-30.6680 -47.6830 13.6530 0.15067 -0.09578 0.98393 0.069544 0.211046
-29.8080 -47.1540 13.4890 0.32448 -0.08988 0.94161 0.073019 0.213848
-30.7740 -46.1820 13.8310 0.15198 -0.11138 0.98209 0.068329 0.217497
-28.7020 -47.9720 12.8850 0.46170 -0.08865 0.88259 0.078575 0.210907
-43.7330 15.8270 -10.1130 -0.78605 0.23733 -0.57079 0.359348 0.449076
-37.6670 -1.7890 16.9650 -0.16589 -0.00593 0.98613 0.508096 0.376522
-29.5320 -46.4070 13.4630 0.36920 -0.10243 0.92369 0.073898 0.217230
-51.8450 -15.5660 7.7760 -0.89992 0.04919 0.43328 0.435497 0.314185
-50.8430 -15.8110 9.6950 -0.86338 0.03564 0.50330 0.444466 0.312762
-41.0440 -0.2460 16.1950 -0.28045 0.04090 0.95900 0.492912 0.381324
-49.7360 -17.0660 11.5230 -0.82960 0.03432 0.55730 0.453158 0.307160
-50.2320 -15.4230 10.6040 -0.83863 0.03631 0.54348 0.449108 0.314226
-48.9810 -18.5350 12.6230 -0.73908 0.02004 0.67332 0.458420 0.300725
-49.1490 -15.7380 12.2960 -0.79243 0.02709 0.60936 0.457454 0.312655
-53.6840 -31.9810 2.4230 -0.98660 -0.06001 0.15175 0.405302 0.248938
-53.7560 -30.8260 2.3910 -0.98657 -0.05707 0.15304 0.405775 0.253705
-53.5190 -31.2370 3.5510 -0.96663 -0.05161 0.25093 0.410441 0.251348
-54.0320 -27.6360 1.5750 -0.99108 -0.04517 0.12540 0.403895 0.267200
-34.6610 -5.6700 17.2150 -0.09648 -0.04137 0.99447 0.522134 0.360581
-53.4670 -32.7980 3.4750 -0.96880 -0.06270 0.23977 0.409264 0.244953
-48.1830 -18.1640 13.3390 -0.61701 0.00673 0.78693 0.462989 0.302176
-47.4350 -18.0300 13.8430 -0.48365 -0.00598 0.87524 0.466801 0.302661
-35.7320 -3.5190 17.2010 -0.11303 -0.02515 0.99327 0.516960 0.369845
-43.4460 19.4030 -8.9750 -0.79760 0.25157 -0.54822 0.365364 0.462709
-42.5550 18.2880 -10.6840 -0.77457 0.24334 -0.58380 0.356490 0.459757
-53.7030 -29.5510 3.1850 -0.97400 -0.05662 0.21934 0.409720 0.258504
-46.1980 -18.5450 14.3660 -0.37428 -0.00934 0.92727 0.472340 0.300298
-53.8370 -27.9090 3.1360 -0.97676 -0.05215 0.20789 0.410247 0.265284
-48.3320 -16.3500 13.1990 -0.66492 0.00943 0.74686 0.462453 0.309944
-47.4100 -16.1670 13.8770 -0.51115 -0.00600 0.85947 0.467286 0.310662
-48.5310 -14.8760 13.0010 -0.72255 0.01672 0.69112 0.461476 0.316243
-44.6910 -22.4340 14.8200 -0.32314 -0.04649 0.94521 0.477694 0.282968
-44.8620 -25.0050 14.6250 -0.32991 -0.05734 0.94227 0.475507 0.271582
-43.6240 -23.6140 15.0800 -0.26790 -0.04914 0.96219 0.481774 0.277462
-43.2400 -25.7800 15.0870 -0.26592 -0.05559 0.96239 0.482179 0.267601
-33.7110 -4.0660 17.3580 -0.07053 -0.02885 0.99709 0.525674 0.368458
-34.0070 -1.8980 17.3810 -0.08053 -0.01266 0.99667 0.523607 0.378241
-54.3530 -24.4580 0.1100 -0.99440 -0.02932 0.10150 0.399147 0.280822
-45.0110 16.9550 -7.7680 -0.81625 0.24072 -0.52516 0.371334 0.451594
-47.5330 3.0920 11.4040 -0.79603 0.16210 0.58315 0.456917 0.391745
-46.3390 1.7780 13.1650 -0.72865 0.14086 0.67025 0.466201 0.386910
-53.8930 -26.0630 3.0730 -0.97769 -0.01097 0.20975 0.410811 0.272852
-43.2460 -20.9870 15.3210 -0.26078 -0.04892 0.96416 0.484713 0.289171
-42.0790 -22.2670 15.5360 -0.22492 -0.04934 0.97313 0.489211 0.283232
-54.1040 -24.4290 1.6310 -0.98683 0.00112 0.16178 0.405516 0.280185
-45.6130 3.0530 13.6360 -0.68872 0.13975 0.71143 0.469241 0.392608
-41.0270 -24.8790 15.6630 -0.19509 -0.05219 0.97940 0.492375 0.271147
-39.0350 -24.3490 16.0090 -0.13897 -0.05997 0.98848 0.501297 0.273216
-44.7230 19.5950 -6.9140 -0.81502 0.25179 -0.52186 0.375647 0.461724
-40.6980 -23.0850 15.7990 -0.18950 -0.04429 0.98088 0.494777 0.279303
-53.3260 -27.8950 4.7340 -0.94290 -0.04571 0.32994 0.417190 0.264485
-53.0910 -29.2020 5.1810 -0.94073 -0.04945 0.33554 0.418579 0.258836
-46.4050 4.5670 12.3970 -0.75636 0.16712 0.63245 0.462596 0.398423
-53.5940 -26.1860 4.0930 -0.95265 -0.01483 0.30372 0.415153 0.271848
-53.9040 -24.0890 2.9460 -0.97901 0.01052 0.20356 0.411146 0.280950
-39.9610 -21.9610 15.9970 -0.16583 -0.04370 0.98519 0.498554 0.284378
-42.1060 -20.1380 15.6460 -0.21584 -0.03947 0.97563 0.490014 0.292873
-53.0070 -25.9250 5.7700 -0.93329 -0.02300 0.35837 0.422627 0.272121
-44.9240 2.2520 14.3460 -0.56205 0.09473 0.82166 0.473713 0.389672
-43.4950 0.9750 15.2210 -0.42509 0.05841 0.90326 0.481319 0.385128
-53.5730 -24.2880 4.2230 -0.95592 0.00575 0.29358 0.416511 0.279560
-49.8400 9.3020 -2.2330 -0.93845 0.22237 -0.26430 0.396844 0.416895
-45.2510 4.3540 13.7540 -0.69060 0.14153 0.70925 0.470121 0.398231
-50.2500 7.8270 -1.9980 -0.95115 0.21780 -0.21881 0.397705 0.410851
-43.7860 -18.9190 15.2730 -0.28194 -0.03262 0.95888 0.483093 0.298449
-50.1780 8.6210 -1.1470 -0.96862 0.22724 -0.10064 0.401422 0.413796
-54.4270 -24.3240 -1.0990 -0.99968 -0.02008 -0.01562 0.394203 0.281966
-44.6250 3.5570 14.4080 -0.57738 0.09984 0.81035 0.474251 0.395307
-50.0920 9.2140 -0.0730 -0.97674 0.21436 0.00423 0.406045 0.415949
-54.4090 -22.1070 -1.6310 -0.98546 0.00156 -0.16988 0.392862 0.291090
-54.2030 -20.8050 -2.2490 -0.96291 0.03972 -0.26688 0.390680 0.296605
-40.5490 -19.1860 15.9740 -0.17143 -0.02936 0.98476 0.497062 0.297100
-54.4540 -22.5120 -0.7070 -0.99976 -0.01260 0.01799 0.396520 0.289025
-49.8620 10.1410 -0.8610 -0.97307 0.21378 -0.08626 0.402818 0.419837
-54.4710 -20.8280 -1.0930 -0.99677 0.01984 -0.07784 0.395550 0.295930
-54.3560 -23.5910 0.3130 -0.99170 -0.01748 0.12739 0.400329 0.284208
-38.4810 -20.3650 16.2710 -0.13563 -0.03135 0.99026 0.505590 0.291657
-54.3930 -21.1710 0.0600 -0.99140 0.01193 0.13033 0.400189 0.294035
-37.1510 -21.9340 16.3590 -0.11487 -0.04352 0.99243 0.510689 0.284271
-54.0450 -22.8190 2.0080 -0.98282 0.00947 0.18431 0.407744 0.286529
-49.6010 10.7020 -1.9710 -0.94635 0.22104 -0.23571 0.398160 0.422398
-38.1420 -18.4540 16.3460 -0.13725 -0.01988 0.99034 0.507641 0.300510
-42.1110 1.3140 15.7480 -0.33035 0.03891 0.94306 0.487330 0.387403
-48.5170 13.0330 -3.3140 -0.89831 0.21525 -0.38303 0.392355 0.432503
-42.5930 2.3620 15.5440 -0.36656 0.02845 0.92996 0.484602 0.391572
-39.9370 1.1140 16.4170 -0.25492 0.02860 0.96654 0.496931 0.387899
-50.7300 -14.5380 9.7930 -0.86267 0.03874 0.50429 0.445263 0.318046
-43.5840 2.8320 15.0870 -0.46373 0.05246 0.88442 0.479801 0.392931
-50.8530 -12.4880 9.3820 -0.87471 0.06692 0.48001 0.443768 0.326636
-51.7490 -13.5770 7.7420 -0.90591 0.05989 0.41922 0.435859 0.322394
-50.0820 -12.7190 10.6850 -0.84172 0.06257 0.53627 0.450055 0.325529
-49.3280 -14.0450 11.9480 -0.81932 0.03790 0.57208 0.456056 0.319842
-49.2150 12.1300 -2.0180 -0.94021 0.23825 -0.24338 0.398077 0.428199
-42.8950 3.5680 15.3830 -0.39377 0.06048 0.91722 0.482504 0.396484
-54.3260 -18.7560 -1.4120 -0.97913 0.05293 -0.19623 0.394904 0.304346
-41.8280 3.2560 15.8010 -0.34243 0.03809 0.93877 0.487459 0.395891
-49.4070 12.0380 -0.9570 -0.96625 0.23269 -0.11052 0.402609 0.427506
-48.8420 -13.8550 12.5980 -0.77642 0.03958 0.62897 0.459453 0.320597
-41.2230 2.1780 16.0300 -0.30206 0.00922 0.95325 0.490762 0.391677
-54.1870 -17.0060 -1.4380 -0.97917 0.09338 -0.18030 0.395336 0.311341
-48.7130 13.9700 -2.2050 -0.93607 0.23703 -0.25997 0.397461 0.435689
-54.4310 -19.2000 -0.5420 -0.99779 0.04561 0.04834 0.398360 0.302178
-40.6540 3.5610 16.1950 -0.28918 0.01838 0.95710 0.492426 0.398007
-48.9420 14.1090 -0.7400 -0.96382 0.24614 -0.10234 0.403763 0.435789
-47.2940 4.6740 11.2230 -0.79548 0.18230 0.57791 0.456389 0.398365
-48.8010 -11.4150 12.4310 -0.78876 0.07447 0.61017 0.459169 0.330907
-49.3970 -10.5360 11.3940 -0.83162 0.08286 0.54914 0.454221 0.334648
-50.2870 -11.0950 10.1000 -0.84998 0.08183 0.52041 0.447640 0.332365
-54.3620 -17.8030 -0.8180 -0.99632 0.08358 -0.01916 0.397676 0.307859
-50.0760 -9.1180 10.1720 -0.84705 0.07855 0.52567 0.448422 0.340588
-50.7980 -10.0000 9.0340 -0.87982 0.08312 0.46799 0.442782 0.336992
-49.6180 11.4810 0.1130 -0.97659 0.21497 -0.00830 0.407087 0.425024
-46.0530 6.4340 12.3180 -0.75864 0.17491 0.62759 0.462530 0.406323
-46.7160 6.6170 11.4110 -0.79264 0.17729 0.58335 0.457751 0.406652
-49.5270 11.6380 1.2120 -0.97337 0.21273 0.08539 0.411756 0.425535
-49.3200 12.8140 0.2740 -0.97283 0.23153 0.00001 0.407913 0.430362
-24.8490 -30.4740 12.3830 0.62190 -0.08588 0.77837 0.091609 0.288032
-44.7870 6.9270 13.6320 -0.70639 0.16089 0.68930 0.469929 0.409201
-53.7310 -22.8130 3.5430 -0.96750 0.01906 0.25215 0.414213 0.285882
-23.3160 -29.6690 11.1560 0.66758 -0.08447 0.73973 0.100034 0.291926
-22.8380 -31.1170 10.5570 0.69621 -0.08073 0.71328 0.103267 0.285781
-22.0180 -29.1680 9.9770 0.71925 -0.08933 0.68898 0.107572 0.294416
-53.8120 -20.0150 3.0470 -0.97363 0.03264 0.22577 0.413129 0.297448
-44.0570 5.8740 14.4920 -0.58129 0.12407 0.80418 0.475140 0.405350
-43.0870 4.8010 15.1950 -0.44393 0.08278 0.89223 0.480739 0.401550
-53.5630 -21.3370 4.0800 -0.95576 0.01657 0.29369 0.417065 0.291668
-22.5270 -27.2910 10.7360 0.69189 -0.08847 0.71656 0.103767 0.302430
-21.2300 -27.6730 9.2920 0.75199 -0.09102 0.65286 0.112094 0.301070
-53.1210 -22.3840 5.4120 -0.94173 0.01782 0.33590 0.422507 0.286854
-24.0910 -27.8690 12.0450 0.64134 -0.08931 0.76204 0.095011 0.299510
-52.9760 -24.1810 5.9160 -0.93423 0.00382 0.35666 0.423977 0.279256
-22.0630 -26.1520 10.4110 0.71157 -0.08728 0.69717 0.106188 0.307479
-21.1390 -24.8130 9.5800 0.74625 -0.08726 0.65992 0.111550 0.313512
-45.2460 8.6660 12.6270 -0.75402 0.17481 0.63317 0.464671 0.416028
-46.7430 8.2330 10.9000 -0.80032 0.18241 0.57115 0.455313 0.413212
-49.8030 10.2800 1.1970 -0.97610 0.20314 0.07722 0.411548 0.420080
-28.1080 -29.1690 14.8650 0.51962 -0.08894 0.84976 0.073985 0.292727
-26.7700 -29.6030 13.9150 0.57506 -0.09114 0.81302 0.081045 0.291246
-53.2570 -18.9990 4.8270 -0.94492 0.03949 0.32491 0.421141 0.300932
-26.0250 -28.3320 13.5260 0.59362 -0.09264 0.79940 0.084561 0.296966
-49.8860 9.1100 2.7660 -0.96816 0.21545 0.12746 0.418083 0.415240
-52.8570 -21.0630 6.0670 -0.93233 0.02746 0.36057 0.425887 0.292031
-43.8330 7.8040 14.3460 -0.61816 0.12685 0.77575 0.474409 0.413539
-49.8730 8.6230 3.6260 -0.95600 0.22110 0.19284 0.421687 0.413218
-44.3920 8.5340 13.6360 -0.71915 0.16063 0.67603 0.470255 0.416124
-54.0680 -17.9680 1.1620 -0.98227 0.06197 0.17694 0.405900 0.306440
-49.5550 10.6730 2.7940 -0.96550 0.21317 0.14954 0.418379 0.421557
-27.4780 -27.4780 14.6350 0.54547 -0.09585 0.83263 0.076680 0.300239
-53.5840 -17.6520 3.5230 -0.96825 0.05764 0.24326 0.415943 0.306858
-53.8230 -15.8670 1.5720 -0.98162 0.07517 0.17539 0.408280 0.314752
-49.4180 10.2900 3.9240 -0.95036 0.22091 0.21913 0.423195 0.420024
-53.5720 -16.0030 3.1240 -0.97569 0.06105 0.21050 0.414756 0.313671
-40.8220 4.7490 16.1000 -0.32057 0.05317 0.94573 0.490901 0.402967
-26.4670 -26.3880 14.0710 0.57480 -0.10118 0.81201 0.081570 0.305251
-48.9930 13.1030 2.7280 -0.95604 0.23699 0.17270 0.418377 0.431426
-49.0870 13.3960 1.5290 -0.96666 0.23348 0.10518 0.413292 0.432626
-53.1650 -16.4640 4.6510 -0.94694 0.06229 0.31533 0.421215 0.311326
-38.9270 -0.1380 16.7010 -0.21360 0.01539 0.97680 0.501949 0.383071
-23.0650 -25.5770 11.4130 0.66613 -0.09253 0.74007 0.100106 0.309708
-48.9410 12.4310 3.7640 -0.94441 0.24056 0.22410 0.422764 0.428744
-53.5150 -15.1010 -3.1880 -0.94589 0.08035 -0.31437 0.388335 0.319842
-24.7390 -24.8980 12.9490 0.63079 -0.09729 0.76983 0.090339 0.312189
-23.1340 -23.9030 11.7170 0.66845 -0.09568 0.73758 0.098997 0.316943
-25.4220 -26.4090 13.2960 0.60817 -0.10051 0.78742 0.087154 0.305460
-48.8060 14.7770 0.8440 -0.96783 0.24672 0.04940 0.410528 0.438249
-37.1130 -0.0670 17.0440 -0.15751 0.00140 0.98752 0.509633 0.384520
-38.0990 1.1680 16.8590 -0.20118 0.01065 0.97950 0.504805 0.389344
-25.7140 -24.6800 13.7480 0.60007 -0.09747 0.79399 0.084918 0.312862
-54.0270 -15.5260 -1.5360 -0.96773 0.08082 -0.23869 0.395325 0.317298
-48.4660 15.2570 2.6530 -0.95218 0.25110 0.17407 0.418276 0.440191
-54.1270 -15.1470 -0.8790 -0.99528 0.08221 -0.05162 0.398206 0.318497
-39.5870 2.7000 16.4830 -0.24564 0.00881 0.96932 0.497541 0.395023
-54.1430 -16.1600 -0.0230 -0.99149 0.07527 0.10622 0.401465 0.314124
-48.1800 14.3640 -3.3850 -0.89356 0.22883 -0.38624 0.392215 0.437881
-20.3890 -25.5530 8.6040 0.78460 -0.09076 0.61333 0.116797 0.310457
-53.9440 -13.9310 -1.4210 -0.98228 0.09105 -0.16383 0.396284 0.323583
-53.6080 -13.1960 -2.4150 -0.95259 0.09742 -0.28824 0.392212 0.327008
-19.8850 -23.6240 8.2150 0.81829 -0.08899 0.56788 0.119572 0.318953
-22.1720 -24.1440 10.7660 0.70328 -0.09335 0.70476 0.104811 0.316159
-20.9200 -22.9970 9.6000 0.75109 -0.09525 0.65330 0.112173 0.321455
-47.4510 16.3090 -3.8260 -0.88298 0.24346 -0.40134 0.390348 0.446024
-52.8090 -11.3520 -4.0320 -0.92931 0.11588 -0.35064 0.385503 0.335250
-18.9720 -21.4160 7.0960 0.86578 -0.10305 0.48970 0.125947 0.328730
-19.0720 -19.8900 7.6290 0.85120 -0.11614 0.51183 0.123907 0.335404
-19.8400 -21.7160 8.4610 0.80984 -0.09743 0.57850 0.118963 0.327277
-35.6520 -1.2980 17.2260 -0.11015 -0.00557 0.99390 0.516403 0.379925
-52.1430 -9.9100 -5.2260 -0.90844 0.13046 -0.39713 0.380450 0.341685
-18.9740 -17.9730 7.9600 0.84750 -0.12109 0.51680 0.123075 0.343824
-20.0110 -19.8420 8.9880 0.78922 -0.11255 0.60370 0.116804 0.335405
-20.6650 -21.2230 9.5400 0.75388 -0.10365 0.64879 0.113136 0.329225
-48.2000 16.0190 -2.0760 -0.93356 0.25168 -0.25520 0.398211 0.443933
-53.3400 -10.8550 -2.3840 -0.94558 0.12088 -0.30211 0.392875 0.336331
-52.8550 -9.1190 -3.1450 -0.93468 0.12645 -0.33223 0.389903 0.343665
-33.3830 0.9330 17.4420 -0.08472 -0.01184 0.99633 0.524860 0.391574
-54.0200 -14.4320 -0.2280 -0.99171 0.09480 0.08677 0.401104 0.321113
-22.0530 -20.9550 11.1000 0.69974 -0.10967 0.70593 0.104159 0.330020
-53.8470 -12.3520 -0.9300 -0.99203 0.09683 -0.08067 0.398725 0.329673
-23.2150 -22.1730 11.9890 0.66479 -0.09853 0.74051 0.097921 0.324404
-53.8540 -12.6930 -0.1900 -0.99307 0.08160 0.08458 0.401715 0.328050
-45.9920 19.5720 -4.8440 -0.85482 0.25893 -0.44971 0.385793 0.459970
-36.1520 1.3470 17.1900 -0.12977 -0.00201 0.99154 0.512967 0.391469
-24.1940 -22.0130 12.8670 0.63869 -0.10322 0.76251 0.092270 0.324812
-53.6160 -12.9910 1.5370 -0.98211 0.07442 0.17296 0.408910 0.326320
-25.8050 -23.2710 13.9810 0.59635 -0.10032 0.79643 0.083938 0.318916
-37.3710 3.1620 16.9910 -0.18442 0.00743 0.98282 0.506747 0.398629
-53.3630 -14.3630 3.5750 -0.96615 0.07881 0.24564 0.417141 0.320164
-47.4450 18.7170 -2.1990 -0.92418 0.25974 -0.28007 0.397929 0.454885
-46.9070 19.3560 -3.0210 -0.88161 0.25445 -0.39753 0.394221 0.457954
-20.8110 -19.3780 10.0620 0.74780 -0.11377 0.65410 0.111055 0.337219
-45.9090 20.8170 -4.2120 -0.86766 0.26611 -0.41993 0.388800 0.464651
-39.4900 4.1400 16.5000 -0.24731 0.02030 0.96872 0.497077 0.401335
-53.6700 -11.2580 -1.4110 -0.97881 0.12114 -0.16508 0.396984 0.334235
-21.7920 -18.1700 11.3040 0.69971 -0.12398 0.70359 0.104255 0.342166
-53.7270 -11.2450 -0.1080 -0.99168 0.12215 0.04058 0.402401 0.333798
-20.6120 -18.0200 10.0470 0.74863 -0.12056 0.65193 0.111661 0.343173
-19.6690 -17.1750 9.0820 0.78439 -0.12648 0.60723 0.117439 0.347131
-37.6860 5.1980 16.9010 -0.20446 0.01901 0.97869 0.504068 0.407303
-53.3980 -9.5020 -1.5310 -0.97255 0.11832 -0.20035 0.396845 0.341314
-48.1140 17.2460 -0.7410 -0.95866 0.25913 -0.11758 0.404055 0.448489
-53.5260 -9.7540 -0.3810 -0.99230 0.12382 0.00088 0.401609 0.339867
-22.9830 -19.6440 12.1550 0.65994 -0.11716 0.74213 0.098093 0.335409
-53.7090 -11.6400 0.4880 -0.98642 0.08975 0.13752 0.404789 0.332034
-53.5070 -10.3900 0.7930 -0.98337 0.11641 0.13937 0.406379 0.336965
-53.3150 -11.7300 2.6420 -0.97683 0.08359 0.19700 0.413880 0.331081
-23.1530 -17.6740 12.6390 0.65836 -0.12677 0.74195 0.096045 0.343869
-48.4030 16.3820 0.1580 -0.96670 0.25568 -0.01038 0.407781 0.444824
-53.4130 -8.9540 -1.1150 -0.98754 0.11844 -0.10361 0.398726 0.343317
-21.6730 -16.5870 11.4910 0.69780 -0.13262 0.70391 0.103968 0.349065
-53.4120 -8.9870 0.1680 -0.99064 0.12276 0.05961 0.404066 0.342767
-48.3230 16.4590 1.3840 -0.96094 0.26002 0.09479 0.412979 0.445061
-53.2340 -8.6400 1.4130 -0.98166 0.10981 0.15581 0.409366 0.343821
-34.7540 3.8830 17.3610 -0.11386 -0.01253 0.99342 0.517331 0.403834
-52.9140 -9.5090 3.4870 -0.97023 0.11004 0.21576 0.417995 0.339832
-47.8810 18.3270 0.2480 -0.96408 0.26546 0.00951 0.408340 0.452704
-32.1600 -24.8310 16.4100 0.03622 -0.08032 0.99611 0.054393 0.310063
-31.0580 -26.0710 16.2200 0.10871 -0.08482 0.99045 0.059469 0.305114
-32.4650 2.6050 17.5640 -0.07755 -0.02304 0.99672 0.527752 0.399888
-47.3340 20.1340 -0.6220 -0.95627 0.27265 -0.10584 0.404806 0.460172
-52.4640 -19.4170 6.8400 -0.91608 0.03929 0.39906 0.429974 0.298545
-46.8300 20.4500 -2.4900 -0.90090 0.27358 -0.33695 0.396755 0.462078
-36.5550 -23.5760 16.3600 -0.09105 -0.05768 0.99417 0.512430 0.276462
-35.8000 4.7820 17.2360 -0.14781 -0.00141 0.98901 0.512328 0.406997
-47.0010 20.6730 -1.6190 -0.93771 0.27860 -0.20757 0.400573 0.462641
-52.5860 -17.3400 6.3510 -0.92362 0.05146 0.37985 0.428473 0.307245
-33.8930 6.1500 17.4930 -0.11315 -0.01100 0.99352 0.519362 0.414701
-35.8630 -25.4400 16.2720 -0.06638 -0.07872 0.99468 0.514238 0.267515
-47.2120 20.6870 0.2630 -0.95985 0.28011 0.01522 0.408587 0.462307
-46.6140 22.3990 -0.9330 -0.94416 0.29158 -0.15346 0.403632 0.469472
-32.4920 5.9880 17.6180 -0.08274 -0.02013 0.99637 0.525348 0.415208
-46.6650 22.5240 -0.0080 -0.95771 0.28681 -0.02316 0.407562 0.469821
-42.5170 7.5160 15.1970 -0.44929 0.08017 0.88978 0.481127 0.413362
-34.4200 -25.6760 16.3380 -0.00664 -0.08691 0.99619 0.045024 0.305515
-34.4200 -25.6760 16.3380 -0.05810 -0.07689 0.99535 0.520273 0.266030
-41.6140 6.3390 15.6800 -0.36351 0.07371 0.92867 0.486163 0.409121
-34.4450 -24.2470 16.4280 -0.01106 -0.07402 0.99720 0.044523 0.311743
-34.4450 -24.2470 16.4280 -0.05425 -0.06678 0.99629 0.521092 0.272925
-47.9590 17.5370 1.8540 -0.95298 0.26838 0.14075 0.415089 0.449477
-33.6030 -22.0550 16.6240 -0.05413 -0.04975 0.99729 0.525969 0.283530
-33.6030 -22.0550 16.6240 0.01674 -0.06451 0.99778 0.047464 0.321553
-53.1340 -12.6280 3.7690 -0.96461 0.07947 0.25143 0.418466 0.327152
-39.9480 5.9160 16.3020 -0.29736 0.05206 0.95335 0.493840 0.408624
-50.2830 -6.2920 9.2230 -0.88171 0.10574 0.45978 0.444517 0.352339
-50.3080 -7.9520 9.5940 -0.87085 0.10328 0.48058 0.445850 0.345439
-40.9600 7.7600 15.8200 -0.36045 0.05720 0.93102 0.487917 0.415652
-39.4560 7.5180 16.3780 -0.29393 0.03789 0.95508 0.494741 0.415864
-38.8520 6.1200 16.5970 -0.24709 0.03550 0.96834 0.498416 0.410368
-36.7100 -19.3550 16.5210 -0.10479 -0.03190 0.99398 0.513596 0.296404
-35.6320 -21.2050 16.5440 -0.07616 -0.04210 0.99621 0.517584 0.287705
-52.5790 -14.3830 5.8740 -0.93190 0.06541 0.35677 0.427232 0.319492
-50.2130 -4.6270 8.9930 -0.88995 0.11205 0.44208 0.443723 0.359214
-49.8320 -3.2660 9.3790 -0.87481 0.11961 0.46946 0.445806 0.364864
-34.4000 -19.7090 16.6740 -0.05587 -0.03915 0.99767 0.523503 0.294940
-52.5060 -12.5280 5.7090 -0.93511 0.06860 0.34764 0.426979 0.327103
-35.9020 7.0160 17.2020 -0.16949 0.00356 0.98552 0.510262 0.416746
-34.7110 -9.7140 17.0450 -0.10253 -0.04143 0.99387 0.522657 0.341911
-32.5510 -12.5260 17.1210 -0.05369 -0.05044 0.99728 0.532040 0.329638
-32.8500 -9.4190 17.2130 -0.06739 -0.03761 0.99702 0.530511 0.344036
-31.5710 -21.8170 16.5820 0.04666 -0.06575 0.99674 0.056023 0.323303
-52.8000 -10.5270 4.4880 -0.95487 0.09165 0.28254 0.422024 0.335480
-49.2860 -1.3030 9.8240 -0.85941 0.12836 0.49491 0.448321 0.373052
-36.2610 -11.1210 16.7900 -0.13915 -0.03924 0.98949 0.516177 0.334820
-32.9660 -19.6760 16.7330 -0.03625 -0.04175 0.99847 0.529733 0.295263
-32.9660 -19.6760 16.7330 0.02420 -0.05672 0.99810 0.049446 0.331990
-30.5540 -19.9150 16.6630 0.07528 -0.07014 0.99469 0.059761 0.331855
-30.1450 -22.9090 16.3960 0.14334 -0.07634 0.98672 0.062443 0.319148
-52.4630 -9.0540 4.9790 -0.94285 0.11147 0.31402 0.424541 0.341380
-49.7330 0.0020 8.6180 -0.88571 0.12896 0.44597 0.442800 0.378306
-33.9780 -7.4490 17.1990 -0.08435 -0.04137 0.99558 0.525412 0.352702
-51.9760 -10.3920 6.6310 -0.92149 0.08676 0.37858 0.431591 0.335662
-49.0890 1.3490 9.4870 -0.85861 0.14160 0.49268 0.447072 0.383973
-28.6100 -27.8520 15.2810 0.47805 -0.09492 0.87319 0.071116 0.298275
-29.3260 -27.2410 15.7280 0.39580 -0.10327 0.91251 0.067448 0.300705
-30.3370 -27.5580 16.0250 0.19259 -0.09469 0.97670 0.062992 0.298968
-27.8250 -25.8390 15.0610 0.52274 -0.10501 0.84600 0.074328 0.307239
-32.1090 -6.7750 17.3560 -0.05162 -0.03713 0.99798 0.533213 0.356716
-30.6750 -8.7710 17.3490 -0.02024 -0.04357 0.99885 0.539647 0.347992
-51.6410 -11.6090 7.6220 -0.90711 0.07390 0.41436 0.435820 0.330518
-30.7860 -10.5960 17.2740 -0.00741 -0.04836 0.99880 0.539373 0.339352
-30.1560 -24.3990 16.2820 0.17539 -0.09238 0.98016 0.062836 0.312716
-29.6940 -25.9220 16.0050 0.28567 -0.09682 0.95342 0.065344 0.306295
-29.2210 -12.3190 17.1170 0.04123 -0.06232 0.99720 0.546189 0.331817
-29.2210 -12.3190 17.1170 0.20727 -0.08473 0.97461 0.062528 0.364591
-30.7510 -12.8530 17.1250 0.00923 -0.06233 0.99801 0.539707 0.328796
-29.4220 -14.2600 17.0040 0.16323 -0.09582 0.98192 0.062491 0.356368
-29.4220 -14.2600 17.0040 0.02071 -0.05939 0.99802 0.545531 0.322787
-49.7370 4.0310 7.1520 -0.90626 0.17921 0.38285 0.436610 0.394691
-28.7180 -13.8670 16.9170 0.24986 -0.09057 0.96404 0.065347 0.358287
-28.6480 -11.3780 17.1120 0.25346 -0.10413 0.96173 0.064520 0.368742
-28.6480 -11.3780 17.1120 0.09709 -0.06061 0.99343 0.548563 0.336400
-28.0940 -12.2450 16.8740 0.34936 -0.10448 0.93114 0.067376 0.365328
-28.8410 -25.2250 15.7130 0.45125 -0.11347 0.88515 0.069104 0.309586
-51.3410 -9.5950 7.8950 -0.89936 0.09628 0.42647 0.437532 0.338771
-29.4280 -10.6770 17.2310 0.05571 -0.06010 0.99664 0.545146 0.339438
-26.8090 -24.5630 14.5490 0.56289 -0.10104 0.82033 0.079092 0.313047
-51.7690 -8.1550 6.5000 -0.92066 0.10905 0.37481 0.431561 0.344840
-28.2420 -24.0830 15.5310 0.49451 -0.10126 0.86325 0.071618 0.314705
-27.4030 -23.2680 15.1110 0.54427 -0.10499 0.83231 0.075543 0.318471
-26.8220 -21.3890 14.9650 0.55811 -0.10805 0.82270 0.077798 0.326742
-49.6490 1.9240 8.2190 -0.89187 0.15113 0.42630 0.441180 0.386156
-29.3710 -7.9500 17.3820 0.04058 -0.04854 0.99800 0.545081 0.352374
-51.0040 -7.7380 8.1190 -0.89574 0.11728 0.42882 0.439046 0.346408
-27.7230 -10.4210 16.9440 0.37422 -0.10736 0.92111 0.068082 0.373096
-29.2010 -24.1250 16.0330 0.38593 -0.09369 0.91776 0.066995 0.314236
-28.2520 -9.0920 17.2330 0.07690 -0.05885 0.99530 0.549983 0.347172
-28.2520 -9.0920 17.2330 0.28053 -0.09442 0.95519 0.065029 0.378356
-29.4400 -23.3010 16.2090 0.32566 -0.09085 0.94111 0.065637 0.317713
-27.4930 -9.1040 16.9860 0.38693 -0.10923 0.91561 0.068399 0.378662
-28.8340 -21.4990 16.1280 0.41128 -0.09857 0.90617 0.067857 0.325671
-27.8660 -21.6530 15.5860 0.50211 -0.10432 0.85849 0.072623 0.325294
-33.3490 -5.9460 17.3220 -0.06884 -0.03954 0.99684 0.527763 0.359963
-53.0760 -36.7990 3.3590 -0.95767 -0.12256 0.26048 0.406493 0.228360
-48.4780 2.7320 10.0290 -0.83127 0.15433 0.53402 0.450026 0.389860
-52.7650 -36.7200 4.5850 -0.94660 -0.10578 0.30456 0.411793 0.227850
-48.8600 3.5830 9.1980 -0.86205 0.16670 0.47862 0.446015 0.393169
-29.4640 -21.8620 16.3400 0.26990 -0.07515 0.95995 0.065082 0.323901
-29.5920 -20.5180 16.4940 0.20935 -0.09657 0.97306 0.064081 0.329632
-36.0010 -17.4180 16.6580 -0.10193 -0.02972 0.99435 0.517129 0.305604
-51.9790 -37.3960 6.3610 -0.91118 -0.12496 0.39260 0.419301 0.223700
-31.6190 -5.1460 17.4310 -0.03780 -0.03170 0.99878 0.534878 0.364595
-33.6980 -17.8670 16.7920 -0.04584 -0.04720 0.99783 0.527025 0.303949
-48.2910 4.2450 9.9010 -0.83024 0.17499 0.52923 0.449596 0.396114
-34.7880 -15.3440 16.8390 -0.09278 -0.03413 0.99510 0.522553 0.315621
-29.9930 -3.3160 17.5420 -0.00948 -0.03165 0.99945 0.541122 0.374146
-29.2510 -5.5860 17.4610 0.02427 -0.03561 0.99907 0.545061 0.363767
-33.1800 -15.9440 16.9210 -0.04268 -0.04941 0.99787 0.529438 0.313304
-51.4410 -39.0920 6.9920 -0.90615 -0.13356 0.40132 0.421148 0.215933
-50.7270 -39.3550 8.4490 -0.87159 -0.12696 0.47351 0.427694 0.213705
-27.5510 -7.6020 17.1960 0.29794 -0.09045 0.95029 0.067189 0.384858
-51.0780 -37.4400 8.2380 -0.87995 -0.11443 0.46108 0.427942 0.222150
-28.3570 -7.0080 17.3620 0.15604 -0.06373 0.98569 0.063415 0.386891
-28.3570 -7.0080 17.3620 0.05909 -0.03738 0.99755 0.549259 0.357324
-32.1490 -17.5940 16.8400 0.02395 -0.07013 0.99725 0.052214 0.341167
-32.1490 -17.5940 16.8400 -0.01924 -0.05469 0.99832 0.533854 0.305892
-49.5060 6.3460 6.5350 -0.90842 0.19813 0.36813 0.434172 0.404129
-26.8720 -6.4300 17.0530 0.37808 -0.10486 0.91981 0.069529 0.390032
-27.7380 -5.9110 17.3440 0.24157 -0.08663 0.96651 0.065418 0.391732
-27.7380 -5.9110 17.3440 0.06697 -0.04702 0.99665 0.551599 0.363070
-29.9850 -7.0320 17.4330 -0.00026 -0.03217 0.99948 0.542307 0.356508
-49.6360 8.2890 4.8110 -0.94199 0.20929 0.26242 0.426811 0.411923
-49.4030 7.7220 6.0010 -0.92344 0.20191 0.32633 0.431972 0.409703
-53.3800 -34.9560 3.1280 -0.96801 -0.08969 0.23433 0.406558 0.236236
-31.0360 -16.3250 16.9310 0.05050 -0.08124 0.99541 0.056472 0.346989
-31.0360 -16.3250 16.9310 -0.00443 -0.05629 0.99840 0.538762 0.312583
-52.9290 -34.8900 4.4990 -0.94345 -0.09318 0.31814 0.412577 0.235563
-30.1380 -17.7350 16.7800 0.08502 -0.07331 0.99368 0.060794 0.341327
-29.5040 -19.0930 16.5970 0.20998 -0.08131 0.97432 0.063979 0.335766
-48.8070 7.4010 7.6370 -0.89376 0.19761 0.40266 0.439364 0.408666
-53.0300 -33.8940 4.4990 -0.94252 -0.08545 0.32304 0.413130 0.239737
-31.7810 -14.3480 17.0410 -0.01579 -0.05355 0.99844 0.535394 0.321407
-48.6810 5.2950 8.8560 -0.87083 0.18477 0.45553 0.444708 0.400204
-29.4870 -15.9350 16.8530 0.15121 -0.09305 0.98411 0.062902 0.349240
-52.2890 -36.0950 5.9770 -0.92340 -0.09685 0.37143 0.418369 0.229507
-51.7760 -35.4070 7.3290 -0.90124 -0.09750 0.42221 0.424909 0.231507
-52.4010 -34.8240 6.0340 -0.92713 -0.08857 0.36412 0.419365 0.234849
-47.8530 5.8920 10.0080 -0.82071 0.18058 0.54206 0.450463 0.403037
-52.8870 -32.5280 5.2250 -0.93739 -0.06466 0.34223 0.417075 0.244986
-27.0560 -5.0340 17.2680 0.30004 -0.09467 0.94922 0.067806 0.395683
-48.1810 6.5630 9.2890 -0.84897 0.18672 0.49435 0.446961 0.405577
-27.5640 -19.0590 15.7450 0.51213 -0.10786 0.85211 0.073062 0.336538
-25.0490 -20.2050 13.8290 0.61488 -0.11337 0.78043 0.086715 0.332366
-25.9530 -18.8920 14.6950 0.57721 -0.11636 0.80826 0.081271 0.337740
-50.0490 -37.0670 10.0820 -0.80668 -0.11261 0.58016 0.437110 0.222416
-48.0030 8.5180 8.7870 -0.86908 0.19776 0.45342 0.444888 0.413571
-49.2980 -39.4670 10.4860 -0.73865 -0.13512 0.66041 0.438022 0.211471
-26.6740 -11.4190 16.2480 0.48671 -0.12819 0.86411 0.073699 0.369321
-25.9730 -9.7770 16.1030 0.49717 -0.12913 0.85799 0.076076 0.376501
-49.1570 -37.7950 10.9970 -0.68833 -0.12862 0.71390 0.441727 0.218402
-24.7630 -15.8310 14.2880 0.59976 -0.12722 0.79000 0.086030 0.351252
-24.1970 -18.0280 13.4800 0.62938 -0.12705 0.76664 0.090325 0.342010
-26.4040 -8.2590 16.5480 0.46584 -0.12484 0.87602 0.073025 0.382656
-49.0370 -36.9230 11.2570 -0.65922 -0.12223 0.74195 0.443722 0.222006
-52.0560 -33.2110 7.1780 -0.90840 -0.07116 0.41201 0.425441 0.240922
-26.1740 -15.4220 15.3570 0.55382 -0.11857 0.82415 0.078407 0.352530
-52.5990 -30.8510 6.2680 -0.92478 -0.05516 0.37648 0.422569 0.251379
-24.7130 -7.9030 15.6190 0.53774 -0.14015 0.83138 0.081061 0.384928
-25.1520 -5.6650 16.2620 0.50671 -0.12457 0.85307 0.077197 0.394044
-47.4670 7.7930 9.9270 -0.82549 0.17924 0.53520 0.450400 0.410972
-26.0860 -5.5560 16.7920 0.44759 -0.12593 0.88532 0.072606 0.394034
-23.6480 -16.1340 13.3340 0.64212 -0.13105 0.75532 0.092343 0.350331
-51.5500 -30.8390 8.5730 -0.88250 -0.05410 0.46718 0.433131 0.250129
-50.9910 -33.2770 9.2660 -0.85469 -0.07648 0.51348 0.435160 0.239352
-51.1080 -35.3130 8.6950 -0.86830 -0.09593 0.48668 0.431323 0.230998
-28.3360 -3.0150 17.5300 0.05142 -0.03464 0.99808 0.548003 0.376638
-28.7110 -20.0020 16.2690 0.39130 -0.10211 0.91458 0.067831 0.332150
-49.9360 -34.7500 10.6000 -0.79495 -0.08479 0.60073 0.441126 0.232088
-27.5190 -4.6160 17.4160 0.06506 -0.04516 0.99686 0.552084 0.369459
-27.5190 -4.6160 17.4160 0.25378 -0.07376 0.96445 0.065536 0.397151
-26.4830 -4.1780 17.1570 0.36943 -0.09957 0.92391 0.069782 0.399494
-28.5300 -18.1830 16.3730 0.39221 -0.09429 0.91503 0.068004 0.339992
-49.4250 -35.2080 11.1460 -0.71756 -0.09729 0.68967 0.443860 0.229664
-26.9760 -2.9790 17.4000 0.10639 -0.03569 0.99368 0.553763 0.377749
-26.9760 -2.9790 17.4000 0.27884 -0.08368 0.95668 0.066824 0.404119
-48.9720 8.9020 6.4580 -0.90345 0.20645 0.37571 0.434184 0.414613
-48.8280 -35.3790 11.6510 -0.60062 -0.10340 0.79282 0.446972 0.228412
-49.1300 9.4900 5.7170 -0.92600 0.21899 0.30751 0.430910 0.416891
-27.0920 -17.0020 15.7360 0.50806 -0.11205 0.85400 0.074482 0.345488
-29.2260 -17.3870 16.6750 0.22781 -0.08766 0.96975 0.064588 0.343153
-26.0920 -2.3420 17.1970 0.36517 -0.10664 0.92481 0.070250 0.407182
-48.9170 10.9000 5.2250 -0.93301 0.22288 0.28253 0.428963 0.422641
-28.6110 -16.5520 16.5670 0.35772 -0.09967 0.92850 0.067004 0.346926
-48.4840 10.5770 6.6550 -0.90394 0.21900 0.36733 0.435324 0.421567
-48.6600 -39.1900 11.1610 -0.63290 -0.13670 0.76207 0.442215 0.211963
-27.4550 -0.9380 17.5450 0.08644 -0.03907 0.99549 0.550790 0.387151
-27.0700 -15.0490 15.9750 0.49492 -0.11787 0.86091 0.073696 0.353820
-28.6110 -15.3780 16.7240 0.32787 -0.11604 0.93757 0.066470 0.351927
-47.9620 -39.4980 11.6090 -0.51018 -0.13475 0.84944 0.445306 0.209929
-26.3460 -1.5310 17.3580 0.32725 -0.09207 0.94044 0.068529 0.410297
-26.3460 -1.5310 17.3580 0.14191 -0.04642 0.98879 0.555800 0.385018
-25.1350 -1.2340 16.9140 0.44358 -0.12701 0.88719 0.073755 0.412259
-48.2070 9.3190 7.9320 -0.89040 0.20662 0.40558 0.441049 0.416688
-25.5920 -0.6160 17.2130 0.35087 -0.09727 0.93136 0.071110 0.414475
-25.1920 -13.4500 14.9770 0.56854 -0.13499 0.81151 0.082419 0.361270
-26.3840 0.2000 17.4740 0.25647 -0.06903 0.96408 0.067063 0.417207
-26.3840 0.2000 17.4740 0.11235 -0.03921 0.99289 0.554764 0.393364
-26.6920 -13.1840 16.0030 0.50774 -0.11956 0.85317 0.074626 0.361861
-25.4600 0.4730 17.2490 0.33393 -0.08941 0.93835 0.070848 0.418957
-46.9040 -38.9410 12.2380 -0.43344 -0.13756 0.89062 0.451138 0.211285
-48.5500 12.1540 5.5330 -0.92471 0.23089 0.30267 0.430436 0.427805
-47.9000 10.9130 7.8520 -0.88764 0.21449 0.40753 0.440830 0.423247
-31.3770 -2.6280 17.5260 -0.03927 -0.02387 0.99894 0.535005 0.376500
-28.0500 -13.8030 16.6790 0.41730 -0.10887 0.90222 0.068333 0.358790
-48.0420 -37.8890 11.8210 -0.51876 -0.13047 0.84491 0.447426 0.216932
-47.9920 -36.0890 12.1140 -0.49907 -0.11813 0.85847 0.450233 0.224646
-32.2420 -0.8100 17.5240 -0.05594 -0.01436 0.99833 0.530547 0.384382
-46.8460 -37.5090 12.4720 -0.42686 -0.12617 0.89547 0.453564 0.217483
-46.6180 -16.8130 14.2570 -0.40164 -0.01979 0.91558 0.470877 0.307849
-45.3920 -38.7150 12.9780 -0.36328 -0.13889 0.92127 0.458457 0.210856
-45.4590 -37.4370 13.1110 -0.37092 -0.12636 0.92003 0.460043 0.216568
-45.6950 -40.6100 12.5330 -0.37564 -0.14513 0.91533 0.453997 0.202766
-44.3410 -17.4090 15.1230 -0.32625 -0.02197 0.94503 0.481023 0.305155
-44.7300 -15.7610 15.0270 -0.33848 -0.01851 0.94079 0.479597 0.312399
-46.2170 -14.7830 14.4550 -0.39483 -0.00711 0.91873 0.473010 0.316629
-43.7090 -39.9030 13.3350 -0.27575 -0.15789 0.94817 0.463927 0.203937
-42.8190 -17.5810 15.5730 -0.23835 -0.02576 0.97084 0.487689 0.304366
-43.4510 -16.4070 15.4270 -0.27752 -0.01896 0.96053 0.485152 0.309586
-31.4250 1.1580 17.5860 -0.05157 -0.02246 0.99842 0.532963 0.394081
-28.9780 -0.9630 17.6100 0.01133 -0.02308 0.99967 0.544362 0.385944
-48.5390 13.8210 3.8210 -0.94067 0.23963 0.24024 0.423212 0.434474
-42.4880 -15.7590 15.6820 -0.21253 -0.00716 0.97713 0.489443 0.312513
-43.8630 -38.0180 13.5920 -0.28391 -0.14218 0.94825 0.466264 0.212557
-40.5980 -17.5450 16.0290 -0.16869 -0.01968 0.98547 0.497289 0.304551
-41.8210 -40.4830 13.7060 -0.19395 -0.16254 0.96745 0.471052 0.199414
-48.3330 14.6950 3.8770 -0.94354 0.22953 0.23886 0.423515 0.438028
-48.1060 -13.8220 13.3760 -0.64467 0.03635 0.76359 0.463931 0.320709
-48.0100 13.5570 5.9960 -0.91569 0.24006 0.32232 0.432694 0.433699
-47.6750 12.3930 7.5110 -0.89398 0.21734 0.39187 0.439463 0.429299
-48.5560 -12.5010 12.8220 -0.73660 0.05371 0.67419 0.461033 0.326314
-47.5190 -12.2120 13.7430 -0.59446 0.02447 0.80375 0.466841 0.327593
-47.7650 -10.6020 13.4810 -0.66161 0.05401 0.74790 0.465317 0.334413
-47.9670 -15.0850 13.4960 -0.60983 0.00295 0.79253 0.464586 0.315322
-47.2830 -14.6740 13.9640 -0.49560 0.00604 0.86853 0.468096 0.317074
-47.7720 15.0720 5.5280 -0.92175 0.24617 0.29963 0.430786 0.439850
-46.9120 -12.8540 14.1270 -0.46755 0.01028 0.88391 0.469863 0.324897
-29.2870 0.9730 17.6570 -0.00626 -0.03024 0.99952 0.542082 0.394844
-45.4930 -13.4480 14.7580 -0.37759 0.00471 0.92596 0.476362 0.322453
-44.7360 -14.0180 15.0480 -0.32853 -0.00147 0.94449 0.479752 0.320029
-30.4430 2.4930 17.6740 -0.03885 -0.03159 0.99875 0.536303 0.401031
-52.3240 -29.0040 7.1720 -0.91418 -0.04481 0.40281 0.427548 0.258617
-29.2230 3.2050 17.7210 0.00203 -0.03309 0.99945 0.540981 0.405349
-47.5590 8.5950 9.5340 -0.83493 0.18679 0.51768 0.448508 0.414143
-47.6680 9.6380 8.9350 -0.85619 0.20488 0.47430 0.445739 0.418279
-51.4830 -29.0790 8.8710 -0.86955 -0.03765 0.49240 0.435385 0.257409
-45.3630 -11.5510 14.7870 -0.37829 0.00888 0.92565 0.476890 0.330681
-44.6700 -12.1380 15.0590 -0.33488 -0.00428 0.94225 0.480033 0.328240
-43.1080 -13.0730 15.5230 -0.24852 -0.00548 0.96861 0.486914 0.324361
-46.5140 10.8940 10.2520 -0.81387 0.20744 0.54276 0.452479 0.424130
-30.0080 4.6210 17.7620 -0.03746 -0.02768 0.99891 0.536711 0.411227
-50.8350 -31.4910 9.7090 -0.83556 -0.05211 0.54693 0.438304 0.246695
-47.9860 -9.0600 13.0930 -0.73376 0.07391 0.67538 0.463449 0.340913
-47.2000 11.5550 8.9160 -0.84911 0.21300 0.48337 0.445929 0.426279
-52.1840 -26.1280 7.7220 -0.90418 -0.02308 0.42652 0.431307 0.270362
-51.7210 -28.0450 8.4950 -0.88426 -0.04107 0.46519 0.434094 0.261961
-49.2870 -33.9130 11.4380 -0.67875 -0.08490 0.72944 0.446244 0.235069
-46.8290 -10.7510 14.1590 -0.48683 0.02470 0.87315 0.470162 0.333912
-47.2480 -8.9410 13.7620 -0.61726 0.05175 0.78505 0.467607 0.341538
-49.8370 -32.6590 10.9890 -0.77573 -0.07040 0.62712 0.444291 0.240871
-49.2640 -32.2390 11.6570 -0.66883 -0.07387 0.73974 0.448291 0.242207
-48.1820 -33.8180 12.2920 -0.53497 -0.10000 0.83893 0.452196 0.234619
-45.9140 10.1640 11.3830 -0.78309 0.19346 0.59105 0.458128 0.421625
-27.6460 1.5480 17.6530 0.05538 -0.03532 0.99784 0.548671 0.398890
-48.0530 -31.5490 12.6190 -0.51998 -0.08985 0.84944 0.455335 0.244341
-45.9170 -10.3300 14.5310 -0.38848 0.00183 0.92146 0.474246 0.335863
-45.2270 12.7270 11.4120 -0.78306 0.21161 0.58484 0.458657 0.432538
-44.3820 10.6650 13.1350 -0.74555 0.17731 0.64243 0.467589 0.424877
-47.3210 13.5310 7.7010 -0.88086 0.23528 0.41077 0.440436 0.434063
-47.2420 14.7670 7.1040 -0.88946 0.24817 0.38376 0.437859 0.439027
-44.8340 -10.0160 14.9860 -0.36217 -0.00904 0.93207 0.479138 0.337435
-44.0380 -11.3670 15.3000 -0.30920 -0.00912 0.95095 0.482831 0.331711
-46.4870 -9.1640 14.2920 -0.48764 0.01578 0.87290 0.471511 0.340741
-47.6470 -34.4740 12.5050 -0.46426 -0.11690 0.87795 0.453946 0.231361
-46.0000 -35.3750 13.1610 -0.40659 -0.11561 0.90627 0.460461 0.226125
-45.4740 -8.9350 14.7620 -0.39041 -0.00019 0.92064 0.476157 0.341957
-45.0470 -35.6800 13.5370 -0.35716 -0.12501 0.92564 0.464428 0.224035
-47.0630 12.9090 8.5790 -0.85223 0.23899 0.46540 0.444441 0.431777
-26.4600 3.3180 17.6450 0.08449 -0.04975 0.99518 0.552515 0.408394
-47.2400 -33.2080 12.8600 -0.43526 -0.10379 0.89430 0.457372 0.236576
-25.8160 1.7070 17.4530 0.29424 -0.08976 0.95151 0.068286 0.423675
-25.8160 1.7070 17.4530 0.11623 -0.05490 0.99170 0.556325 0.401221
-46.1950 12.8350 9.9700 -0.81378 0.21904 0.53831 0.451335 0.432171
-46.4140 13.5980 9.2880 -0.82973 0.23638 0.50564 0.448074 0.435048
-43.4920 -14.7610 15.4410 -0.26720 0.00008 0.96364 0.485189 0.316862
-24.5700 2.1270 17.0950 0.38693 -0.12873 0.91308 0.073389 0.426256
-45.6920 -33.2890 13.5350 -0.38823 -0.10462 0.91560 0.464404 0.235119
-46.2280 15.7960 8.6020 -0.85079 0.23744 0.46880 0.444978 0.443925
-46.9000 16.3170 6.8950 -0.89110 0.24516 0.38188 0.437086 0.445408
-43.6480 -36.4840 13.8840 -0.27615 -0.14376 0.95030 0.469513 0.219288
-23.5780 -5.7340 15.2350 0.57303 -0.14174 0.80719 0.085185 0.394580
-25.0990 -4.3800 16.3940 0.49669 -0.11928 0.85969 0.076547 0.399385
-43.7080 -35.1650 14.0560 -0.28509 -0.12583 0.95021 0.471085 0.225307
-44.6010 -34.3780 13.8620 -0.34153 -0.10947 0.93347 0.468121 0.229509
-41.5750 -14.0410 15.8680 -0.18745 -0.00341 0.98227 0.493507 0.320273
-40.8460 -11.9040 16.0150 -0.18055 -0.03314 0.98301 0.496631 0.329970
-45.6060 14.5770 10.1370 -0.80804 0.22704 0.54363 0.452416 0.439633
-23.9470 -3.3510 15.8580 0.52464 -0.14644 0.83864 0.081419 0.404284
-40.6130 -15.6860 16.0080 -0.16186 -0.00036 0.98681 0.497483 0.312977
-43.6820 -33.7970 14.2220 -0.28508 -0.10670 0.95255 0.472916 0.231484
-42.3390 -34.8130 14.4720 -0.23511 -0.13250 0.96290 0.477597 0.225883
-25.2560 -2.9310 16.6890 0.46997 -0.13717 0.87196 0.074671 0.405252
-42.4840 -33.0930 14.6440 -0.24229 -0.10585 0.96441 0.479070 0.233902
-37.9500 -15.8240 16.4260 -0.14165 -0.01512 0.98980 0.508933 0.312671
-22.8150 -4.1450 14.9650 0.58843 -0.15190 0.79415 0.087846 0.401643
-22.5600 -1.8860 15.2280 0.57438 -0.15698 0.80340 0.087066 0.411209
-39.5570 -13.6100 16.1890 -0.16113 -0.01628 0.98680 0.502146 0.322540
-50.8210 -30.1020 9.8340 -0.83642 -0.04850 0.54594 0.439661 0.252538
-44.3880 15.2370 11.5580 -0.78118 0.22091 0.58392 0.459823 0.443388
-44.2650 13.5990 12.3260 -0.76969 0.20674 0.60402 0.463626 0.436907
-51.1000 -28.4110 9.5200 -0.84830 -0.04571 0.52754 0.438902 0.259892
-44.4830 17.3980 10.6080 -0.79870 0.23000 0.55603 0.455109 0.451915
-24.1680 -1.6880 16.3130 0.50499 -0.13095 0.85313 0.078787 0.411019
-49.8770 -30.8640 11.1100 -0.76896 -0.05573 0.63686 0.445837 0.248531
-22.8860 -0.6160 15.6740 0.53873 -0.14750 0.82947 0.084216 0.416242
-48.9650 -30.6790 12.0490 -0.64262 -0.07799 0.76220 0.451462 0.248689
-47.6860 17.1450 3.7230 -0.93704 0.26490 0.22756 0.423115 0.448082
-50.2920 -29.1230 10.7190 -0.80669 -0.05433 0.58847 0.444550 0.256243
-49.3480 -29.3640 11.8260 -0.72606 -0.06975 0.68408 0.450501 0.254579
-50.5200 -27.0690 10.5760 -0.82124 -0.04700 0.56864 0.444621 0.265097
-21.0080 -1.3680 14.1260 0.62920 -0.17938 0.75626 0.094865 0.414368
-21.4570 -0.5940 14.6610 0.59840 -0.17159 0.78260 0.091600 0.417297
-47.4300 18.9930 2.5490 -0.94503 0.26477 0.19185 0.418188 0.455490
-49.6780 -27.1850 11.6860 -0.75219 -0.05401 0.65673 0.450388 0.264078
-23.3130 1.3600 16.3070 0.50069 -0.15497 0.85164 0.080114 0.424045
-21.5730 1.3560 15.1700 0.56844 -0.16914 0.80515 0.088877 0.425280
-48.9050 -28.4110 12.3600 -0.63764 -0.07504 0.76667 0.453985 0.258398
-48.0150 -28.9280 12.9100 -0.49771 -0.08640 0.86303 0.458036 0.255671
-37.2740 -12.8290 16.5930 -0.14842 -0.02585 0.98859 0.511938 0.326647
-47.1750 17.1780 5.5570 -0.92036 0.25226 0.29882 0.431135 0.448564
-24.6280 0.2380 16.8350 0.46003 -0.12894 0.87849 0.074908 0.418575
-47.2110 18.2990 4.2920 -0.93558 0.25830 0.24077 0.425696 0.452936
-51.3160 -26.6310 9.3840 -0.86483 -0.03280 0.50100 0.438856 0.267512
-46.5750 19.1230 5.7910 -0.91370 0.24710 0.32264 0.432298 0.456661
-51.3040 -25.0480 9.4200 -0.87298 -0.01274 0.48758 0.439733 0.274160
-47.2850 20.1070 1.5980 -0.95310 0.27640 0.12329 0.414197 0.459935
-50.7320 -25.4710 10.3580 -0.83593 -0.02497 0.54826 0.444124 0.271988
-47.0040 20.0440 3.1490 -0.93989 0.27286 0.20531 0.420858 0.459887
-46.8160 21.7580 1.3170 -0.95286 0.28479 0.10464 0.413124 0.466693
-46.7090 21.5000 2.4620 -0.94155 0.28330 0.18230 0.418002 0.465770
-50.0170 -25.4110 11.3740 -0.79536 -0.03259 0.60527 0.449326 0.271819
-35.2350 -12.3450 16.8810 -0.11365 -0.03536 0.99289 0.520626 0.329493
-34.0520 -13.5130 16.9570 -0.07792 -0.03568 0.99632 0.525687 0.324445
-46.7480 19.6600 4.7030 -0.93512 0.25839 0.24244 0.427554 0.458602
-48.8530 -26.4330 12.5540 -0.64788 -0.06404 0.75905 0.455784 0.266870
-48.2870 -27.3930 12.8870 -0.52797 -0.07889 0.84559 0.457984 0.262464
-47.2200 -27.5140 13.4300 -0.43226 -0.08782 0.89746 0.462940 0.261424
-46.3180 20.1830 5.7350 -0.91100 0.26023 0.31995 0.432089 0.461010
-46.2090 21.7780 4.3150 -0.93123 0.27956 0.23380 0.426021 0.467281
-48.1950 -26.0340 13.0910 -0.53119 -0.07129 0.84425 0.459541 0.268296
-45.8060 23.5090 3.8850 -0.92941 0.29379 0.22337 0.424236 0.474315
-47.2730 -25.5620 13.6070 -0.42737 -0.06576 0.90168 0.464217 0.269968
-43.5500 10.0420 14.1750 -0.67417 0.14653 0.72389 0.473474 0.423006
-43.0370 8.7920 14.7950 -0.55103 0.09872 0.82863 0.477546 0.418267
-46.4740 18.0420 6.8010 -0.88954 0.24989 0.38247 0.436785 0.452537
-46.6430 -31.8960 13.2910 -0.41230 -0.09589 0.90599 0.461602 0.241898
-45.9540 19.3890 7.0430 -0.87672 0.25745 0.40631 0.438054 0.458279
-42.7520 10.9080 14.6790 -0.57833 0.12218 0.80660 0.476798 0.427263
-47.2680 -30.5190 13.1270 -0.43233 -0.08606 0.89760 0.460050 0.248327
-45.7130 -29.8170 13.8900 -0.38048 -0.08790 0.92060 0.467913 0.250530
-51.8400 -2.4400 -3.3030 -0.92778 0.14716 -0.34289 0.390458 0.370375
-52.3870 -2.5210 -1.5650 -0.96869 0.15361 -0.19507 0.398048 0.369203
-43.1430 11.6650 14.2140 -0.68335 0.13986 0.71657 0.473797 0.430027
-43.4350 12.4110 13.7340 -0.74000 0.17985 0.64812 0.471046 0.432817
-45.8660 18.0470 8.0840 -0.85656 0.24993 0.45148 0.442748 0.453115
-44.5750 -31.9550 14.1410 -0.33437 -0.09546 0.93759 0.471005 0.240348
-42.1150 9.6330 15.2370 -0.44744 0.08390 0.89037 0.481179 0.422537
-51.8950 -7.5040 -4.9500 -0.90903 0.13126 -0.39553 0.382093 0.351139
-46.7460 -29.1090 13.4890 -0.41686 -0.08599 0.90490 0.463761 0.254203
-40.5110 10.5730 15.8370 -0.36115 0.06044 0.93055 0.487527 0.427878
-44.0730 -29.7380 14.5040 -0.31723 -0.09108 0.94396 0.475369 0.250059
-45.6980 16.2390 9.2670 -0.82391 0.23667 0.51493 0.448284 0.446154
-45.6740 -27.9120 14.1000 -0.38195 -0.08549 0.92022 0.469758 0.258976
-44.2770 -28.0180 14.6180 -0.31539 -0.08153 0.94545 0.475974 0.257887
-52.3340 -5.9730 -3.3880 -0.93027 0.13358 -0.34170 0.389439 0.356340
-51.5990 -5.6960 -5.0310 -0.90321 0.13690 -0.40678 0.382048 0.358396
-39.9340 8.5580 16.1750 -0.33444 0.04857 0.94117 0.491814 0.419890
-50.8860 -4.8050 -6.2250 -0.88468 0.14941 -0.44160 0.376664 0.362699
-38.8080 8.8770 16.5260 -0.27967 0.04061 0.95924 0.496450 0.422242
-42.9250 -30.6680 14.7750 -0.26698 -0.09368 0.95914 0.479613 0.245275
-50.5910 -2.8690 -6.1600 -0.88197 0.14955 -0.44695 0.377240 0.370396
-41.6090 11.4350 15.3050 -0.45134 0.08342 0.88844 0.481797 0.430475
-44.7270 18.9820 9.5330 -0.81812 0.24883 0.51843 0.449889 0.457920
-51.7680 -3.7470 -3.9940 -0.91314 0.14075 -0.38258 0.387127 0.365546
-42.8330 -29.3080 14.9290 -0.25655 -0.08653 0.96265 0.481256 0.251446
-53.0660 -7.4490 -1.8040 -0.96476 0.13896 -0.22343 0.396112 0.349634
-39.1300 10.1730 16.3400 -0.30952 0.05124 0.94951 0.493905 0.427453
-39.0610 11.8150 16.2930 -0.31623 0.05246 0.94723 0.492736 0.434476
-52.9020 -5.5990 -1.3460 -0.97682 0.14039 -0.16158 0.398423 0.356820
-53.1970 -7.2480 -0.4020 -0.99006 0.13954 -0.01747 0.402048 0.349900
-43.1600 14.5280 13.4380 -0.75121 0.20284 0.62812 0.469562 0.441696
-53.0380 -6.9310 1.3380 -0.98368 0.12375 0.13064 0.409404 0.350695
-46.0270 -26.3550 14.0810 -0.38364 -0.07299 0.92059 0.469352 0.266004
-44.9580 -26.6020 14.4770 -0.33734 -0.06613 0.93906 0.473989 0.264501
-45.0110 20.4570 8.3220 -0.84070 0.25987 0.47508 0.444106 0.463391
-45.6400 20.8460 6.8390 -0.87552 0.25772 0.40870 0.437181 0.464248
-42.9330 12.2750 14.3160 -0.67462 0.13953 0.72486 0.474320 0.432722
-42.4290 12.2990 14.7160 -0.57727 0.11601 0.80827 0.476965 0.433282
-52.8670 -5.0040 0.2310 -0.99014 0.13681 0.03008 0.405139 0.358694
-45.8920 21.4160 5.8680 -0.90458 0.27652 0.32444 0.432772 0.466191
-42.5910 13.3430 14.3780 -0.67113 0.17134 0.72127 0.474799 0.437409
-41.7670 14.0990 14.8970 -0.56826 0.14878 0.80929 0.478227 0.441308
-45.4380 22.9520 5.8400 -0.89991 0.28711 0.32821 0.432728 0.472567
-41.3210 13.2830 15.2960 -0.46866 0.09913 0.87780 0.481317 0.438395
-52.3270 -3.7650 -2.4500 -0.94455 0.14106 -0.29654 0.393979 0.364659
-51.1800 -1.7210 -4.5670 -0.89823 0.14870 -0.41362 0.384830 0.373973
-45.3010 22.2670 6.6190 -0.87288 0.27432 0.40352 0.436266 0.470084
-52.6420 -3.9550 -1.4050 -0.97194 0.14891 -0.18211 0.398471 0.363410
-52.6440 -3.3940 -0.5540 -0.98726 0.15451 -0.03790 0.402153 0.365354
-44.8660 21.7780 7.8460 -0.84495 0.26994 0.46172 0.441928 0.468682
-42.5520 -27.5470 15.1480 -0.24090 -0.07305 0.96780 0.483910 0.259367
-42.2340 15.1990 14.2570 -0.67948 0.19090 0.70842 0.474216 0.445330
-51.0170 -0.2490 -4.3960 -0.89714 0.16408 -0.41014 0.385868 0.379740
-51.6750 -0.8210 -3.0370 -0.92715 0.15844 -0.33955 0.391916 0.376686
-51.0950 0.8030 -3.7460 -0.90923 0.17758 -0.37652 0.388971 0.383572
-50.3980 0.7080 -5.2630 -0.88155 0.17442 -0.43870 0.381937 0.384128
-43.6790 21.4980 9.8960 -0.80996 0.26396 0.52372 0.451970 0.468929
-41.2710 15.5200 14.9690 -0.55381 0.15824 0.81747 0.478901 0.447631
-41.8340 16.3790 14.3090 -0.67388 0.19924 0.71147 0.474682 0.450545
-40.9890 14.7860 15.2530 -0.47917 0.13421 0.86740 0.481132 0.444916
-44.2630 24.5030 7.2880 -0.85070 0.28786 0.43982 0.439485 0.479857
-40.2980 -41.8160 13.7220 -0.15170 -0.15318 0.97649 0.025666 0.229833
-40.2980 -41.8160 13.7220 -0.16379 -0.16532 0.97255 0.475234 0.191741
-43.9120 22.9400 8.7740 -0.82348 0.27100 0.49843 0.446556 0.474268
-40.2960 12.3490 15.7960 -0.36723 0.06517 0.92785 0.486807 0.435511
-38.9350 13.7620 16.1990 -0.33104 0.07033 0.94099 0.491354 0.442787
-51.0320 2.8170 -2.8830 -0.92272 0.18599 -0.33763 0.393127 0.391170
-43.7240 17.0580 11.7700 -0.77542 0.22283 0.59082 0.461088 0.451335
-40.6920 13.8850 15.5360 -0.41202 0.09641 0.90606 0.483544 0.441504
-40.2600 15.1170 15.5790 -0.40876 0.10664 0.90639 0.484103 0.447046
-43.6690 19.2470 10.9910 -0.78358 0.24426 0.57126 0.457222 0.460091
-49.7350 -1.6160 -7.3580 -0.86494 0.15739 -0.47655 0.371739 0.376206
-37.7590 -40.8230 14.2440 -0.13548 -0.14770 0.97971 0.036105 0.236253
-43.5210 20.5080 10.6280 -0.79294 0.25461 0.55355 0.455511 0.465223
-37.8180 12.6190 16.6320 -0.28086 0.04753 0.95857 0.497305 0.439113
-49.4220 0.8570 -7.1080 -0.86693 0.16830 -0.46915 0.373273 0.385932
-37.3370 -38.8510 14.6250 -0.11760 -0.15394 0.98106 0.037148 0.245475
-37.9440 14.5960 16.4740 -0.30939 0.06369 0.94880 0.494754 0.447337
-50.3010 -0.9270 -6.0640 -0.87796 0.15791 -0.45194 0.377968 0.378098
-36.4440 -42.0150 14.2670 -0.11781 -0.13329 0.98405 0.042268 0.231860
-42.8110 19.8030 11.8580 -0.77005 0.23801 0.59192 0.461864 0.463242
-42.5340 22.1830 11.2640 -0.78390 0.25317 0.56693 0.458879 0.472964
-37.5760 7.2520 16.8640 -0.22205 0.01936 0.97484 0.502996 0.416328
-43.0300 24.0410 9.6470 -0.81221 0.26898 0.51765 0.450844 0.479599
-37.0180 8.6970 16.9860 -0.21787 0.01293 0.97589 0.504236 0.423081
-17.9960 -17.0420 6.2120 0.90176 -0.11850 0.41567 0.131776 0.348049
-35.9300 -39.6370 14.6480 -0.09344 -0.14740 0.98465 0.043448 0.242848
-37.4830 10.7230 16.8000 -0.26200 0.03888 0.96428 0.500500 0.431361
-18.3910 -15.9550 7.3590 0.88302 -0.12761 0.45166 0.126715 0.352776
-17.5100 -15.6470 5.6130 0.92420 -0.12459 0.36102 0.135153 0.354268
-34.9120 9.1080 17.3770 -0.15712 -0.00608 0.98756 0.512752 0.426845
-52.6530 -6.7700 3.1700 -0.96914 0.11988 0.21538 0.417252 0.350964
-52.7840 -5.3250 1.7340 -0.98154 0.11948 0.14936 0.411389 0.357042
-36.3190 10.4560 17.1090 -0.21647 0.02586 0.97595 0.505686 0.431350
-52.6390 -4.2270 1.8670 -0.97872 0.13135 0.15763 0.412143 0.361412
-52.3850 -7.2320 4.5440 -0.95181 0.11697 0.28349 0.423049 0.348842
-18.9820 -16.5830 8.2660 0.83364 -0.11892 0.53935 0.122024 0.349905
-18.6140 -14.9920 8.0410 0.85217 -0.12936 0.50702 0.123752 0.356959
-17.2390 -14.2480 5.2970 0.93857 -0.12836 0.32034 0.137033 0.360463
-52.3970 -4.8500 3.2060 -0.96392 0.13141 0.23149 0.417786 0.358698
-17.8240 -14.4820 6.6570 0.89910 -0.13459 0.41654 0.130639 0.359365
-52.0790 -5.1760 4.6770 -0.95095 0.13028 0.28058 0.424063 0.357162
-33.0380 8.4530 17.6020 -0.11278 -0.01834 0.99345 0.521085 0.425744
-33.2820 9.7840 17.6140 -0.12316 -0.01755 0.99223 0.518963 0.431413
-17.0470 -12.5530 5.5060 0.92886 -0.15760 0.33523 0.136691 0.368009
-33.3050 -43.1590 14.2930 -0.01135 -0.12760 0.99176 0.056153 0.229001
-52.4020 -2.1900 1.0040 -0.98440 0.16221 0.06808 0.408895 0.369778
-30.9870 -44.3990 14.0550 0.11336 -0.12150 0.98610 0.066574 0.225111
-31.1900 9.2850 17.8200 -0.07644 -0.02560 0.99675 0.528073 0.431322
-18.3320 -13.5930 7.9560 0.85397 -0.14051 0.50099 0.124731 0.363162
-52.3810 -2.7110 2.1210 -0.96996 0.15137 0.19045 0.413493 0.367449
-52.2920 -3.2750 2.6570 -0.95795 0.13173 0.25492 0.415745 0.365137
-17.5160 -11.5580 7.0100 0.89018 -0.15636 0.42794 0.130046 0.372320
-29.1050 -44.6180 13.4630 0.43758 -0.09904 0.89371 0.075068 0.225193
-28.0920 -43.9760 13.0110 0.49241 -0.09553 0.86510 0.079627 0.228443
-16.7210 -10.7430 5.5640 0.92952 -0.16315 0.33071 0.137147 0.376117
-34.9590 10.7180 17.3780 -0.17701 0.00894 0.98417 0.511160 0.433840
-29.9320 -44.3570 13.8690 0.30163 -0.10939 0.94713 0.071094 0.225911
-51.6870 -6.1340 6.1300 -0.92416 0.11565 0.36409 0.430317 0.353123
-36.6790 12.3150 16.9440 -0.24141 0.03106 0.96993 0.502424 0.438982
-20.3550 -16.0540 10.1610 0.75226 -0.13171 0.64556 0.111973 0.351804
-29.4210 -43.2940 13.7540 0.41283 -0.09458 0.90588 0.073011 0.230784
-19.3040 -15.0770 9.0420 0.79896 -0.12699 0.58782 0.118527 0.356388
-36.4120 13.7830 16.9720 -0.25439 0.03995 0.96628 0.502127 0.445534
-35.1730 13.1920 17.2850 -0.20614 0.02185 0.97828 0.507921 0.444331
-51.2510 -6.6750 7.3070 -0.90469 0.11391 0.41056 0.435547 0.350825
-28.1970 -42.4450 13.2310 0.47497 -0.10590 0.87361 0.078503 0.235021
-27.3160 -42.7480 12.6720 0.53771 -0.09965 0.83722 0.082989 0.234084
-50.6850 -7.0840 8.5490 -0.89359 0.11409 0.43415 0.441247 0.349099
-33.8900 11.6020 17.5390 -0.14845 0.00472 0.98891 0.514781 0.438798
-27.9780 -41.0930 13.2930 0.48878 -0.10560 0.86599 0.078975 0.240981
-32.8200 13.9090 17.7000 -0.14369 0.00862 0.98958 0.516974 0.450055
-34.9740 14.7810 17.2830 -0.21326 0.03569 0.97634 0.507137 0.451392
-21.3060 -14.8390 11.4340 0.70949 -0.13581 0.69150 0.105117 0.356747
-20.9940 -12.5910 11.6070 0.71014 -0.15217 0.68742 0.105290 0.366586
-20.1890 -13.8070 10.4340 0.75476 -0.14145 0.64057 0.111440 0.361620
-19.1930 -12.9410 9.3750 0.79677 -0.14440 0.58677 0.117609 0.365734
-31.3760 12.1190 17.8580 -0.09423 -0.00979 0.99550 0.524679 0.443789
-18.2830 -12.2050 8.2410 0.84295 -0.14256 0.51877 0.123813 0.369262
-17.8940 -10.4750 8.1050 0.84774 -0.15897 0.50603 0.125148 0.376963
-19.1000 -11.5590 9.6160 0.79567 -0.15018 0.58682 0.116944 0.371792
-19.8310 -11.9560 10.4250 0.75930 -0.15302 0.63250 0.112316 0.369781
-42.5650 16.2940 13.5360 -0.74687 0.21958 0.62767 0.470335 0.449432
-42.7020 18.0770 12.6800 -0.76402 0.23110 0.60239 0.466022 0.456477
-41.7620 18.1540 13.8200 -0.72560 0.20959 0.65542 0.472101 0.457806
-16.3360 -10.1080 4.5340 0.95797 -0.16577 0.23411 0.141942 0.378950
-16.1180 -9.8530 3.6000 0.97577 -0.17260 0.13443 0.146104 0.380031
-15.9580 -8.8660 3.9380 0.96740 -0.17873 0.17940 0.145005 0.384521
-16.3500 -8.2050 5.7130 0.92738 -0.17171 0.33238 0.137311 0.387443
-41.0720 17.1520 14.7650 -0.59989 0.17582 0.78053 0.477664 0.454511
-41.6560 19.1680 13.6040 -0.74441 0.22085 0.63014 0.470971 0.462011
-15.5620 -7.2680 2.8040 0.98013 -0.18442 0.07304 0.150409 0.391571
-40.9430 19.0370 14.4170 -0.67092 0.19599 0.71516 0.475542 0.462298
-40.4190 18.2310 15.0220 -0.55227 0.15696 0.81876 0.479486 0.459632
-15.6510 -6.9660 4.0850 0.96081 -0.19287 0.19910 0.144982 0.393070
-40.1270 20.0850 14.8460 -0.59551 0.17966 0.78300 0.478308 0.467500
-39.8250 16.8940 15.5830 -0.43440 0.11363 0.89352 0.484028 0.454832
-15.2050 -5.1250 3.9070 0.96610 -0.20219 0.16050 0.146390 0.401419
-15.1060 -5.0630 2.1460 0.98149 -0.19046 0.01988 0.153946 0.401431
-38.6680 16.1230 16.0960 -0.34248 0.08263 0.93589 0.489958 0.452927
-14.9540 -3.8670 3.8840 0.97088 -0.19767 0.13534 0.146874 0.407099
-15.9950 -6.0210 5.9360 0.92093 -0.19075 0.33985 0.137048 0.397247
-39.1070 18.8920 15.6690 -0.43200 0.12109 0.89371 0.484807 0.463852
-15.1480 -3.9500 4.6430 0.94178 -0.19732 0.27225 0.143516 0.406706
-38.5440 17.5990 16.0000 -0.35388 0.07861 0.93198 0.488787 0.459188
-17.2880 -9.2610 7.4080 0.88285 -0.16606 0.43932 0.129006 0.382506
-37.3430 17.2560 16.4690 -0.32998 0.06722 0.94159 0.494396 0.459153
-37.6530 18.4510 16.2930 -0.34222 0.08295 0.93595 0.491711 0.463763
-17.8580 -9.2350 8.4380 0.83492 -0.16647 0.52460 0.123963 0.382411
-16.7640 -7.0510 7.1990 0.88863 -0.17483 0.42400 0.130780 0.392413
-17.3190 -7.6250 8.0780 0.85358 -0.16266 0.49491 0.126365 0.389676
-41.2670 21.4300 13.2560 -0.75182 0.23618 0.61562 0.469189 0.471508
-18.6380 -9.9160 9.3650 0.80604 -0.15618 0.57089 0.118858 0.379116
-18.3660 -7.6170 9.6620 0.79902 -0.16089 0.57938 0.118256 0.389229
-40.7980 20.5310 14.0850 -0.69810 0.21800 0.68201 0.473759 0.468481
-19.5260 -9.5890 10.6420 0.76916 -0.15448 0.62010 0.112178 0.380161
-39.3720 21.9980 14.9940 -0.58118 0.16927 0.79598 0.479280 0.476145
-41.3340 23.0190 12.4580 -0.76957 0.25358 0.58606 0.465177 0.477729
-16.4330 -5.0050 7.3890 0.87746 -0.18196 0.44379 0.130575 0.401541
-40.5390 22.9180 13.5530 -0.74633 0.23952 0.62099 0.470855 0.478337
-39.9160 22.6380 14.3400 -0.68679 0.20765 0.69656 0.475224 0.478023
-15.5970 -3.0010 6.5200 0.90195 -0.19245 0.38659 0.135318 0.410753
-17.1310 -5.8900 8.3100 0.84148 -0.17181 0.51224 0.125764 0.397332
-16.9080 -4.3960 8.4760 0.83786 -0.17671 0.51650 0.125458 0.403957
-39.0850 20.8970 15.3580 -0.48747 0.13845 0.86209 0.482202 0.472059
-16.6500 -2.7190 8.6080 0.84060 -0.18697 0.50836 0.125290 0.411393
-38.3780 20.3190 15.7910 -0.39195 0.11644 0.91259 0.486184 0.470574
-38.4390 21.3650 15.6320 -0.44422 0.11613 0.88836 0.484544 0.474771
-36.3210 19.1160 16.6800 -0.29985 0.08321 0.95035 0.496600 0.468147
-37.0860 21.0440 16.2240 -0.34334 0.08204 0.93562 0.490899 0.475164
-24.2160 -11.3790 14.6580 0.59458 -0.14837 0.79023 0.086144 0.370469
-23.7160 -13.7920 13.8140 0.62374 -0.13996 0.76900 0.090502 0.360359
-22.1730 -11.3270 12.9850 0.65591 -0.15288 0.73919 0.097386 0.371533
-22.2520 -14.0820 12.4820 0.66557 -0.14378 0.73235 0.099005 0.359668
-37.7300 22.2700 15.8940 -0.40982 0.10312 0.90632 0.486583 0.479360
-38.7270 23.3270 15.1850 -0.55272 0.16143 0.81758 0.480489 0.482334
-37.4080 23.3440 15.8750 -0.40326 0.12001 0.90718 0.486483 0.484149
-35.9820 20.3720 16.6660 -0.29966 0.09037 0.94976 0.496461 0.473798
-36.3840 22.7840 16.3230 -0.32325 0.08968 0.94205 0.491660 0.483234
-36.9510 15.7040 16.7280 -0.29233 0.05854 0.95452 0.497838 0.453095
-35.6060 16.2190 17.0650 -0.24038 0.04645 0.96957 0.502947 0.456802
-36.2550 17.2660 16.8370 -0.28141 0.06360 0.95748 0.499058 0.460476
-35.2700 17.7220 17.0650 -0.23818 0.05795 0.96949 0.502664 0.463572
-20.7570 -10.4600 11.8570 0.70947 -0.15838 0.68670 0.104926 0.375879
-33.8820 16.1470 17.4520 -0.19446 0.03676 0.98022 0.510212 0.458523
-33.0600 18.6760 17.5170 -0.19332 0.04269 0.98021 0.510727 0.470373
-20.0310 -8.6260 11.4840 0.74279 -0.15402 0.65157 0.107892 0.384092
-30.5440 14.2660 17.9340 -0.08972 -0.00844 0.99593 0.525910 0.454254
-22.6320 -10.0540 13.6570 0.63844 -0.15958 0.75295 0.093768 0.376782
-21.0170 -8.2780 12.6000 0.68438 -0.15445 0.71258 0.101478 0.385116
-31.7580 16.3350 17.8210 -0.13625 0.01628 0.99054 0.518764 0.461897
-29.7070 15.7500 18.0300 -0.06804 -0.00582 0.99767 0.527737 0.461848
-25.2100 -11.1610 15.3910 0.54447 -0.14194 0.82668 0.080837 0.370986
-29.5560 17.9500 18.0360 -0.07707 0.00732 0.99700 0.525867 0.471739
-30.4540 19.6760 17.9060 -0.12781 0.02967 0.99135 0.520185 0.478081
-28.8700 19.7790 18.0620 -0.07818 0.01471 0.99683 0.526460 0.480688
-35.0920 19.3610 17.0060 -0.25242 0.06593 0.96537 0.501471 0.470706
-33.6240 20.4940 17.3010 -0.22835 0.06193 0.97161 0.506185 0.477372
-23.2950 -8.2430 14.5520 0.60244 -0.14694 0.78453 0.088706 0.384171
-34.9960 21.6630 16.8540 -0.27813 0.07248 0.95781 0.498984 0.480452
-24.7550 -9.3520 15.4020 0.55402 -0.14080 0.82051 0.081890 0.378823
-32.9900 22.1250 17.3320 -0.21899 0.06109 0.97381 0.506715 0.485096
-21.9360 -6.8920 13.7000 0.64025 -0.15042 0.75330 0.095081 0.390559
-31.8780 21.2550 17.6240 -0.18178 0.05259 0.98193 0.512421 0.482949
-30.4480 21.3470 17.8510 -0.13593 0.04005 0.98991 0.518108 0.485309
-29.3900 7.0100 17.8520 -0.02989 -0.02992 0.99911 0.537455 0.422799
-28.1250 5.9160 17.8180 0.01869 -0.03856 0.99908 0.543615 0.419019
-19.1790 -6.3480 11.0330 0.75967 -0.15695 0.63109 0.111287 0.394304
-18.1030 -4.8020 10.0730 0.79164 -0.17160 0.58640 0.117034 0.401543
-20.1220 -6.1180 12.1550 0.71864 -0.15582 0.67770 0.104996 0.394804
-21.0390 -6.0640 13.0670 0.67468 -0.15599 0.72144 0.099480 0.394541
-25.2080 3.6690 17.5070 0.31119 -0.11233 0.94369 0.069127 0.431957
-25.2080 3.6690 17.5070 0.12406 -0.05348 0.99083 0.557572 0.411271
-24.3700 3.6430 17.2280 0.37406 -0.12299 0.91921 0.072827 0.432503
-18.9540 -4.5520 11.1980 0.75563 -0.17264 0.63184 0.110961 0.402135
-26.1810 5.5640 17.7170 0.08262 -0.04489 0.99557 0.552031 0.419350
-24.6890 5.5950 17.5350 0.12202 -0.05441 0.99104 0.558257 0.421148
-24.6890 5.5950 17.5350 0.28796 -0.11690 0.95048 0.069554 0.440039
-17.6750 -3.0740 10.0200 0.79736 -0.18502 0.57444 0.117920 0.409246
-18.5510 -3.0370 11.1690 0.75959 -0.18491 0.62356 0.111761 0.408869
-23.8410 5.2860 17.2430 0.37767 -0.13686 0.91577 0.073546 0.439488
-19.7970 -3.8580 12.3730 0.71586 -0.17433 0.67613 0.104644 0.404619
-19.1930 -2.2170 12.1440 0.72787 -0.18553 0.66014 0.106581 0.411968
-18.5500 -1.0910 11.7360 0.75268 -0.18822 0.63090 0.109312 0.417175
-27.2320 8.3290 17.8880 0.03625 -0.03918 0.99857 0.545264 0.431130
-28.7290 9.4500 17.9340 -0.01908 -0.03335 0.99926 0.538056 0.434654
-27.6640 10.8970 17.9900 0.01240 -0.03239 0.99940 0.541070 0.442441
-24.0080 7.0390 17.5370 0.13876 -0.06374 0.98827 0.559864 0.428842
-24.0080 7.0390 17.5370 0.34703 -0.13395 0.92824 0.070990 0.446353
-21.7740 -5.0140 13.9530 0.63152 -0.16299 0.75803 0.094299 0.398580
-24.3600 8.4640 17.6810 0.12763 -0.05602 0.99024 0.557047 0.435065
-22.8700 9.1820 17.4520 0.20774 -0.07307 0.97545 0.562618 0.440279
-22.8700 9.1820 17.4520 0.43857 -0.16495 0.88343 0.073575 0.455719
-25.4180 10.8210 17.9020 0.07195 -0.04551 0.99637 0.550358 0.444707
-23.3530 10.2640 17.6450 0.17643 -0.06951 0.98185 0.559447 0.444606
-21.1720 -3.4140 13.7990 0.64733 -0.16891 0.74326 0.096086 0.405681
-20.2460 -0.1300 13.7870 0.65705 -0.18368 0.73113 0.097673 0.420076
-20.3590 1.5860 14.2980 0.63107 -0.18450 0.75347 0.095052 0.427134
-22.3830 2.7350 15.9820 0.52701 -0.15940 0.83478 0.083283 0.430325
-20.1770 -2.0740 13.2050 0.68270 -0.18345 0.70729 0.100390 0.411947
-19.1780 3.1770 13.6670 0.67029 -0.20144 0.71424 0.099688 0.434660
-20.2230 3.4410 14.6390 0.60743 -0.18499 0.77253 0.093525 0.434894
-21.0780 4.1670 15.4130 0.55387 -0.17488 0.81403 0.088240 0.437175
-23.4820 2.9230 16.6820 0.47535 -0.14052 0.86850 0.077685 0.430266
-23.1600 4.1160 16.6810 0.47075 -0.15004 0.86942 0.078030 0.435321
-19.2110 -0.5450 12.6560 0.71630 -0.18716 0.67223 0.104336 0.419043
-22.4070 5.0520 16.4450 0.49181 -0.16769 0.85440 0.080591 0.439686
-14.5900 -2.4840 2.5680 0.97960 -0.19816 0.03326 0.152917 0.413207
-18.9410 5.2970 14.0550 0.65333 -0.20227 0.72955 0.098101 0.443616
-14.3100 -1.1340 2.7000 0.97687 -0.21024 0.03898 0.152738 0.419363
-20.0660 5.3730 14.9700 0.58684 -0.18702 0.78781 0.091963 0.442939
-18.8000 6.6980 14.3200 0.63661 -0.20296 0.74400 0.096910 0.449488
-14.6050 -1.7780 4.3710 0.95766 -0.20477 0.20239 0.145384 0.416572
-21.1270 6.0020 15.8580 0.54166 -0.18460 0.82008 0.085739 0.444571
-13.9660 0.5280 1.2620 0.97564 -0.21822 -0.02252 0.159330 0.426690
-19.8960 7.1710 15.2740 0.57515 -0.18816 0.79611 0.090507 0.450387
-18.9030 8.4560 14.8380 0.60020 -0.20491 0.77316 0.093951 0.456533
-13.8310 1.3060 0.4250 0.96937 -0.22548 -0.09739 0.163121 0.430066
-21.3330 7.3560 16.2910 0.51119 -0.17579 0.84130 0.083025 0.449820
-13.4600 2.8660 0.4450 0.96556 -0.24176 -0.09615 0.163428 0.437242
-20.0630 8.9870 15.8170 0.54766 -0.19830 0.81286 0.087225 0.457500
-13.5760 2.0920 1.5240 0.96997 -0.24134 -0.03033 0.158616 0.433929
-18.1540 3.5330 12.7410 0.71279 -0.22030 0.66588 0.105334 0.436989
-13.8270 1.1370 2.8630 0.97060 -0.23774 0.03749 0.152647 0.429736
-14.1660 0.0910 4.1000 0.96405 -0.21658 0.15393 0.147056 0.425056
-13.7420 1.8400 4.0780 0.95242 -0.25840 0.16163 0.147615 0.433059
-13.1910 3.5500 2.8660 0.96805 -0.25050 0.01138 0.153252 0.440874
-13.4660 2.6690 3.9530 0.95245 -0.26034 0.15831 0.148394 0.436927
-23.0170 7.2360 17.1770 0.41949 -0.15556 0.89433 0.075192 0.447926
-15.1870 -1.1770 6.5210 0.90257 -0.20852 0.37667 0.135868 0.418991
-14.3820 0.2750 5.1400 0.93344 -0.22155 0.28213 0.142521 0.425806
-21.4530 8.9240 16.6750 0.48395 -0.17274 0.85788 0.080505 0.455927
-16.0230 -0.8800 8.2970 0.84656 -0.20816 0.48991 0.127442 0.419780
-14.0070 1.5790 4.9740 0.93782 -0.22944 0.26047 0.143622 0.431789
-14.4190 2.1380 6.6550 0.89942 -0.22773 0.37308 0.136219 0.434020
-24.3850 11.8070 17.8530 0.09989 -0.05063 0.99371 0.553612 0.450476
-22.2220 11.9980 17.5890 0.16173 -0.07639 0.98387 0.562381 0.453928
-22.2220 11.9980 17.5890 0.35142 -0.16044 0.92237 0.072958 0.466927
-13.5530 3.1030 4.6710 0.93262 -0.24725 0.26284 0.145327 0.438805
-14.7900 0.8640 6.7000 0.89428 -0.22928 0.38432 0.135606 0.428182
-21.1860 14.5320 17.5920 0.14632 -0.07923 0.98606 0.563860 0.466987
-21.1860 14.5320 17.5920 0.32739 -0.13006 0.93590 0.074026 0.477738
-23.1270 14.0980 17.8550 0.11070 -0.05901 0.99210 0.556336 0.462563
-21.6470 13.1690 17.5620 0.15549 -0.06320 0.98581 0.563499 0.460137
-21.6470 13.1690 17.5620 0.32143 -0.12402 0.93878 0.073878 0.472100
-15.5970 0.9730 8.3770 0.84491 -0.21563 0.48952 0.127659 0.428103
-17.7660 8.3950 13.8770 0.66081 -0.22626 0.71564 0.100209 0.457437
-14.0300 2.9090 6.0260 0.92265 -0.23419 0.30637 0.139215 0.437653
-14.0560 3.9100 6.8090 0.88774 -0.24119 0.39211 0.135900 0.442016
-13.7130 3.9010 5.9440 0.91161 -0.25696 0.32084 0.139865 0.442242
-19.0830 10.7210 15.6070 0.56119 -0.21230 0.80000 0.089559 0.465417
-17.1390 9.4050 13.6320 0.68296 -0.23784 0.69065 0.102082 0.462209
-18.0960 9.9730 14.6430 0.61636 -0.22509 0.75461 0.095867 0.463485
-16.9800 11.7880 14.2380 0.66079 -0.23271 0.71359 0.098962 0.472039
-17.6920 12.2950 15.0140 0.60378 -0.21870 0.76656 0.094191 0.473235
-12.9560 4.8330 0.2690 0.96051 -0.25463 -0.11220 0.164631 0.446311
-12.4950 6.5370 0.3190 0.95803 -0.26090 -0.11876 0.164777 0.454238
-13.0680 4.1520 1.4670 0.96701 -0.25185 -0.03816 0.159359 0.443413
-12.4740 6.3510 1.3150 0.96274 -0.26686 -0.04385 0.160487 0.453587
-12.7600 5.2080 2.9870 0.96574 -0.25745 0.03264 0.153103 0.448543
-12.2940 6.8780 2.9690 0.95899 -0.28128 0.03497 0.153536 0.456292
-17.6590 14.1730 15.5020 0.57765 -0.22510 0.78463 0.091262 0.480685
-16.4500 13.7830 14.4020 0.64490 -0.23533 0.72713 0.098371 0.480663
-14.5430 14.2380 12.6490 0.72575 -0.26163 0.63627 0.108688 0.484920
-15.5420 13.4100 13.4130 0.69009 -0.24884 0.67959 0.104237 0.480303
-11.8840 8.6390 0.5340 0.95564 -0.27662 -0.10115 0.164265 0.464088
-11.9400 9.2820 -1.0670 0.94313 -0.28243 -0.17533 0.171262 0.466607
-15.1780 15.0260 13.6310 0.68288 -0.25693 0.68385 0.103224 0.487254
-11.9560 8.0370 2.5480 0.95992 -0.27988 -0.01520 0.155561 0.461644
-20.4310 10.3410 16.3850 0.50429 -0.19678 0.84081 0.083483 0.462489
-22.0940 10.5900 17.3360 0.26541 -0.11803 0.95688 0.564497 0.447519
-22.0940 10.5900 17.3360 0.44319 -0.16929 0.88030 0.075367 0.461767
-11.5580 9.4460 2.1710 0.95646 -0.28921 -0.03934 0.157426 0.468163
-11.1080 11.2690 0.5270 0.94852 -0.29943 -0.10325 0.164722 0.476417
-13.2300 3.5640 3.8880 0.95912 -0.24738 0.13745 0.148891 0.441035
-21.3120 11.3260 17.1020 0.43876 -0.18128 0.88013 0.077911 0.465409
-13.1370 5.0350 5.1280 0.92874 -0.25648 0.26769 0.143800 0.447645
-12.9360 4.9370 4.1200 0.95644 -0.24778 0.15436 0.148185 0.447320
-19.9850 11.8380 16.4750 0.50521 -0.19190 0.84139 0.083420 0.468828
-18.9770 12.8230 16.0580 0.54090 -0.20196 0.81648 0.086877 0.473809
-12.4550 6.8730 4.4600 0.94068 -0.28790 0.17953 0.147133 0.456258
-13.5660 5.7280 6.8620 0.88517 -0.26205 0.38446 0.136109 0.450335
-13.0630 6.1160 5.8620 0.90970 -0.27656 0.30978 0.140763 0.452462
-21.4470 12.5020 17.4080 0.38401 -0.16017 0.90933 0.075612 0.469762
-19.8320 13.4840 16.7380 0.48543 -0.18807 0.85381 0.081737 0.475360
-11.8620 8.4670 4.1200 0.94154 -0.31278 0.12518 0.148953 0.463792
-11.4370 9.7290 4.0340 0.94847 -0.30635 0.08093 0.149561 0.469726
-11.6820 9.4500 4.8410 0.92269 -0.30460 0.23637 0.146023 0.468294
-17.1670 15.4950 15.5470 0.57974 -0.22854 0.78209 0.091402 0.486485
-18.8930 14.6110 16.4550 0.51139 -0.20300 0.83503 0.084424 0.480839
-11.0690 11.1040 4.5780 0.93638 -0.29613 0.18840 0.147446 0.476125
-17.2340 -0.8990 10.1490 0.79421 -0.19565 0.57528 0.118030 0.418887
-21.0520 13.5780 17.4080 0.39749 -0.15435 0.90453 0.075914 0.474311
-20.3790 15.2210 17.4060 0.39579 -0.15810 0.90463 0.076553 0.481314
-18.7890 15.9980 16.7270 0.48710 -0.19436 0.85144 0.082663 0.486291
-20.2190 16.6010 17.5710 0.33254 -0.12963 0.93414 0.075206 0.486693
-19.4550 17.3430 17.3540 0.41817 -0.17282 0.89178 0.077469 0.490483
-17.7510 17.1120 16.3800 0.52300 -0.20218 0.82800 0.085698 0.491946
-18.2390 0.4400 11.8310 0.74846 -0.19056 0.63521 0.109322 0.423892
-16.7130 1.4360 10.2460 0.79173 -0.20884 0.57406 0.118262 0.429269
-14.9890 3.2590 8.3330 0.84843 -0.22729 0.47803 0.128487 0.438449
-15.8290 2.2800 9.2510 0.81605 -0.21682 0.53577 0.123599 0.433560
-29.2640 11.7440 17.9970 -0.04026 -0.02183 0.99895 0.533704 0.444462
-14.3060 5.7260 8.3620 0.84568 -0.24802 0.47256 0.129005 0.449660
-16.5040 3.3420 10.6740 0.78342 -0.22597 0.57895 0.116612 0.437550
-19.2640 1.3150 13.2070 0.69920 -0.19335 0.68829 0.101724 0.426822
-29.3570 13.1360 18.0070 -0.04981 -0.01241 0.99868 0.531934 0.450606
-27.9100 12.8250 18.0440 -0.00549 -0.02431 0.99969 0.538144 0.450925
-27.5440 16.0490 18.1070 -0.02121 -0.01441 0.99967 0.536198 0.465883
-17.5800 2.3370 11.6450 0.74901 -0.21970 0.62507 0.110971 0.432412
-26.4660 14.2590 18.0880 0.02005 -0.02954 0.99936 0.542503 0.459153
-25.6530 12.8610 17.9920 0.05300 -0.03974 0.99780 0.547325 0.453772
-17.4360 3.8800 12.0570 0.74477 -0.22812 0.62712 0.109342 0.439044
-25.5450 15.5550 18.0870 0.03740 -0.03432 0.99871 0.544841 0.466195
-26.0150 17.3120 18.1560 0.00718 -0.02011 0.99977 0.540929 0.473539
-24.3000 16.4960 18.0680 0.05789 -0.04074 0.99749 0.548824 0.472073
-27.2470 18.8370 18.1480 -0.02733 -0.00189 0.99962 0.534153 0.478717
-24.3460 19.5920 18.1580 0.03064 -0.01726 0.99938 0.544921 0.486127
-22.5240 15.8640 17.9000 0.11096 -0.05994 0.99202 0.556784 0.471455
-20.9790 15.7450 17.6730 0.28955 -0.12652 0.94876 0.073243 0.482507
-20.9790 15.7450 17.6730 0.13921 -0.07599 0.98734 0.563279 0.472851
-22.0940 18.5590 17.9840 0.09239 -0.04272 0.99481 0.555308 0.484431
-20.6030 17.3320 17.7230 0.21642 -0.09188 0.97197 0.072601 0.488917
-20.6030 17.3320 17.7230 0.12923 -0.05868 0.98988 0.562909 0.480679
-23.9540 -37.1010 10.8800 0.64847 -0.08910 0.75601 0.098718 0.259621
-29.1170 33.1260 17.4220 -0.20349 0.08043 0.97577 0.505626 0.536813
-27.7750 32.0630 17.7340 -0.16137 0.05733 0.98523 0.512707 0.534822
-26.7130 34.1670 17.7810 -0.15403 0.06697 0.98579 0.513115 0.545442
-40.9980 18.8140 -12.4730 -0.75630 0.23931 -0.60888 0.347048 0.463789
-8.4110 64.2980 16.5240 -0.02713 0.14087 0.98966 0.020576 0.676541
-8.4110 64.2980 16.5240 -0.08020 0.17286 0.98168 0.495184 0.711802
-10.2510 63.4610 16.5340 -0.08688 0.16921 0.98174 0.493329 0.702512
-9.3000 62.9960 16.6610 -0.03447 0.13342 0.99046 0.020604 0.669836
-9.3000 62.9960 16.6610 -0.05509 0.14423 0.98801 0.497700 0.703858
-25.1640 32.5330 18.0730 -0.11059 0.04306 0.99293 0.522005 0.541509
-26.1300 30.9980 18.0330 -0.12409 0.04371 0.99131 0.520933 0.533299
-10.6420 64.9470 16.2120 -0.12333 0.20546 0.97086 0.486776 0.706526
-9.3890 65.9040 16.1520 -0.10981 0.21152 0.97118 0.486519 0.714150
-11.0800 66.3130 15.8200 -0.16422 0.25782 0.95214 0.480454 0.709794
-12.6270 65.0310 15.8670 -0.19199 0.25063 0.94886 0.480960 0.700190
-41.1370 20.6310 -11.5320 -0.76617 0.24879 -0.59253 0.352093 0.470340
-13.4300 14.6010 11.4580 0.75741 -0.27353 0.59289 0.115145 0.487867
-39.7380 21.8310 -12.8110 -0.75325 0.24938 -0.60862 0.345383 0.476702
-7.9470 66.3100 16.2080 -0.03864 0.18033 0.98285 0.017333 0.684799
-7.9470 66.3100 16.2080 -0.09980 0.20595 0.97346 0.488835 0.720421
-14.0580 16.0240 12.8550 0.71792 -0.27355 0.64013 0.107812 0.492772
-12.1080 70.4830 -11.7150 -0.56126 0.57708 -0.59327 0.341594 0.696811
-13.6770 68.9970 -11.6050 -0.57701 0.56513 -0.58966 0.343391 0.688734
-14.0670 70.6410 -9.6120 -0.59017 0.58903 -0.55203 0.353065 0.693940
-12.5760 17.0280 11.5460 0.76324 -0.27797 0.58327 0.115026 0.498911
-15.1910 67.9010 -11.1630 -0.59334 0.55345 -0.58450 0.346700 0.682150
-13.3790 18.0080 12.9460 0.71806 -0.27067 0.64119 0.107537 0.501665
-14.7990 69.0140 13.4470 -0.50524 0.52715 0.68326 0.458607 0.705397
-15.0170 67.8780 14.0900 -0.44080 0.46329 0.76880 0.463042 0.701302
-13.2940 69.7240 13.9320 -0.43559 0.47997 0.76151 0.460736 0.712889
-13.8110 68.1310 14.5500 -0.33676 0.38496 0.85930 0.465921 0.706270
-42.8900 20.9290 -9.0750 -0.79073 0.25135 -0.55819 0.364925 0.469087
-11.3570 72.0510 -10.8660 -0.54931 0.60337 -0.57811 0.344870 0.703772
-10.2890 70.7410 -13.0940 -0.52625 0.58160 -0.62032 0.333419 0.701087
-15.7790 16.0560 14.5670 0.63896 -0.24629 0.72874 0.097771 0.490536
-13.0990 66.6930 15.2600 -0.23132 0.29417 0.92734 0.473443 0.704149
-12.1610 68.0070 15.0890 -0.22912 0.30505 0.92437 0.471036 0.711671
-12.8980 69.0340 14.5070 -0.32161 0.39297 0.86148 0.464968 0.712262
-10.6100 67.7790 15.4790 -0.17458 0.27496 0.94547 0.476015 0.716430
-14.6000 17.3530 13.9690 0.66874 -0.25703 0.69765 0.101663 0.497301
-11.6910 69.2310 14.7730 -0.24133 0.34559 0.90682 0.467420 0.717244
-14.3470 19.2090 14.3950 0.64509 -0.25500 0.72030 0.099227 0.504951
-13.8770 70.2720 13.1280 -0.51733 0.55098 0.65482 0.455916 0.712284
-12.7810 70.5690 13.6900 -0.44636 0.49334 0.74657 0.458542 0.717202
-11.4650 17.4250 10.1400 0.80065 -0.28793 0.52540 0.122156 0.502154
-12.0260 18.7320 11.6150 0.76283 -0.28805 0.57890 0.114670 0.506584
-41.0790 22.4710 -10.8480 -0.77112 0.24896 -0.58599 0.355834 0.477228
-12.3310 72.2500 -9.6650 -0.56849 0.61468 -0.54680 0.351247 0.702802
-12.4580 69.9700 14.1970 -0.34338 0.42952 0.83523 0.462234 0.716674
-13.0180 71.1420 13.0980 -0.51313 0.56487 0.64623 0.454830 0.717866
-39.6930 24.3720 -11.8380 -0.75982 0.25223 -0.59921 0.350785 0.486154
-10.6730 19.0490 9.8700 0.79773 -0.30985 0.51733 0.123575 0.509972
-11.1120 71.2580 14.1210 -0.32405 0.42299 0.84621 0.460429 0.725518
-11.2920 20.8790 11.7830 0.75451 -0.30516 0.58103 0.113886 0.516302
-10.5370 71.0330 14.3850 -0.22975 0.36373 0.90273 0.462850 0.727067
-12.5320 20.1420 12.9070 0.71798 -0.28502 0.63503 0.107810 0.511396
-13.9160 72.5140 -7.6190 -0.59025 0.61944 -0.51759 0.361888 0.701141
-10.0350 69.0590 15.2160 -0.17740 0.30353 0.93616 0.472370 0.722771
-13.7560 19.9890 14.1400 0.66445 -0.26276 0.69962 0.100831 0.508892
-12.7900 21.4430 13.7370 0.68148 -0.27212 0.67937 0.103143 0.516072
-11.8000 22.1100 12.9830 0.70636 -0.29337 0.64420 0.107425 0.520301
-8.7730 67.7570 15.7820 -0.13326 0.25096 0.95878 0.480889 0.722840
-6.2510 57.4480 -17.7410 0.05912 -0.08479 -0.99464 0.279226 0.665831
-43.7930 22.3130 -7.0880 -0.81598 0.26205 -0.51527 0.375028 0.472976
-7.8710 67.6300 15.9220 -0.11697 0.23337 0.96533 0.483764 0.725449
-7.8710 67.6300 15.9220 -0.06110 0.22082 0.97340 0.014376 0.689745
-15.9730 17.5430 15.2070 0.60179 -0.23097 0.76453 0.093887 0.496082
-7.5840 68.9420 15.6140 -0.08275 0.23651 0.96810 0.012187 0.695199
-7.5840 68.9420 15.6140 -0.14850 0.27188 0.95080 0.478838 0.731385
-8.6450 69.8750 15.1680 -0.16647 0.30593 0.93739 0.472257 0.730709
-42.5500 23.9820 -8.1680 -0.79965 0.26711 -0.53779 0.369767 0.480789
-18.3980 18.4400 17.0400 0.47201 -0.18934 0.86102 0.080459 0.496082
-41.4260 25.4970 -9.0520 -0.78618 0.27171 -0.55506 0.365381 0.487894
-17.1280 18.7560 16.3660 0.52790 -0.21130 0.82260 0.085873 0.499104
-15.9500 19.1110 15.6670 0.57618 -0.23215 0.78366 0.090981 0.502179
-5.4030 59.7670 -17.8840 0.02091 -0.05563 -0.99823 0.282151 0.675607
-17.6830 19.7960 16.9480 0.47557 -0.19204 0.85846 0.081379 0.502221
-7.4600 63.0260 16.7210 -0.00235 0.12523 0.99212 0.026996 0.674322
-8.6310 61.4710 16.8970 -0.01077 0.11473 0.99334 0.026663 0.666089
-8.6310 61.4710 16.8970 -0.03810 0.12665 0.99122 0.505021 0.700142
-6.7210 60.6900 16.9820 0.02931 0.09889 0.99467 0.035235 0.667920
-42.7270 26.3940 -6.5620 -0.81454 0.28634 -0.50452 0.377775 0.489386
-2.6990 59.7240 -17.7490 0.06697 -0.11998 -0.99052 0.272954 0.681943
-5.1320 62.9520 16.6620 0.04295 0.10684 0.99335 0.035325 0.679605
-5.2750 60.0070 16.9630 0.07270 0.07245 0.99472 0.041943 0.668986
-16.3120 21.1340 16.4710 0.51994 -0.21011 0.82796 0.085359 0.509340
-38.2210 26.2230 -12.9040 -0.73886 0.26166 -0.62099 0.345297 0.495049
-14.7330 20.9340 15.2820 0.59454 -0.24125 0.76702 0.093630 0.511016
-14.8810 22.6860 15.9160 0.56106 -0.22742 0.79592 0.089340 0.517448
-15.7070 24.1450 16.8520 0.49567 -0.20568 0.84381 0.082480 0.521587
-6.2410 65.4470 16.4030 0.00243 0.14351 0.98965 0.025435 0.685738
-4.2090 64.5670 16.4530 0.05443 0.11673 0.99167 0.034674 0.687454
5.2730 50.1720 -12.0840 0.47027 -0.45091 -0.75863 0.216385 0.668298
4.3970 49.4230 -12.2080 0.45256 -0.42009 -0.78658 0.217710 0.663312
-3.3810 59.7650 16.7960 0.11467 0.05073 0.99211 0.049168 0.672659
-1.8040 62.5740 16.4470 0.11394 0.07493 0.99066 0.047898 0.686192
-3.6250 61.5710 16.7110 0.08538 0.08187 0.99298 0.043941 0.678349
-0.5690 59.6820 16.4130 0.15817 0.02728 0.98704 0.059248 0.679105
-13.6570 22.5990 14.9780 0.61886 -0.24789 0.74536 0.095705 0.519114
5.7970 51.4090 -12.4760 0.40446 -0.41217 -0.81641 0.218329 0.674207
6.3430 50.7780 -11.8190 0.52412 -0.51207 -0.68051 0.213950 0.673283
0.5500 62.5060 16.1370 0.15705 0.05523 0.98604 0.056309 0.691599
6.8100 52.1640 -12.3540 0.44015 -0.45112 -0.77638 0.216707 0.679601
-36.3120 29.4340 -13.6910 -0.71197 0.28174 -0.64321 0.341040 0.509609
6.0780 53.1720 -13.1510 0.36419 -0.40129 -0.84044 0.222717 0.681334
-9.8890 21.7520 10.2970 0.79033 -0.32110 0.52179 0.121437 0.522126
-38.2030 29.1320 -11.5900 -0.75024 0.28485 -0.59666 0.352382 0.505751
-36.8340 32.0160 -11.9040 -0.73820 0.29674 -0.60581 0.350802 0.518270
-10.9430 22.4270 12.1520 0.74503 -0.31292 0.58907 0.111951 0.522987
-9.3990 23.1540 10.4470 0.78071 -0.33646 0.52658 0.120659 0.528545
-35.4580 31.4200 -13.7690 -0.69866 0.28947 -0.65427 0.340653 0.518138
-34.3690 30.6560 -15.1670 -0.66213 0.27723 -0.69622 0.332543 0.516975
7.1560 54.6200 -13.4200 0.35657 -0.41529 -0.83689 0.223315 0.689389
7.4840 53.2330 -12.5990 0.38981 -0.44104 -0.80842 0.217607 0.685272
-10.6620 23.8340 12.5430 0.72289 -0.30383 0.62058 0.109855 0.528967
-9.5350 24.7300 11.6060 0.75002 -0.32876 0.57392 0.114719 0.534474
8.6100 55.8400 -13.4020 0.35235 -0.43072 -0.83086 0.221807 0.697628
-12.1800 23.5010 13.9670 0.66588 -0.27049 0.69530 0.101783 0.525036
-39.8200 27.2960 -10.3750 -0.76994 0.27752 -0.57461 0.358663 0.496728
-8.7090 24.2870 10.1510 0.79024 -0.34534 0.50622 0.122084 0.534269
-8.6220 22.7890 8.9260 0.81208 -0.33731 0.47617 0.128106 0.528485
-7.7540 24.9880 9.0630 0.79924 -0.36725 0.47575 0.127305 0.538828
-7.9710 26.2570 10.3500 0.77578 -0.35156 0.52400 0.120932 0.543368
-2.0660 64.7180 16.2740 0.09388 0.10923 0.98957 0.041828 0.693078
-6.4920 62.0010 -17.9060 -0.04895 0.02327 -0.99853 0.291445 0.680421
-3.7750 61.2740 -17.9490 0.01214 -0.05431 -0.99845 0.280526 0.684475
-4.5570 62.9150 -17.9640 -0.03491 0.00459 -0.99938 0.287319 0.687969
-4.9080 66.9080 16.1600 0.02151 0.16352 0.98631 0.026616 0.694075
-10.1750 25.8160 12.9020 0.69636 -0.31385 0.64543 0.107634 0.537493
-9.1410 26.8480 12.2900 0.72667 -0.32956 0.60277 0.110955 0.543393
-41.4190 28.2760 -7.5830 -0.80167 0.29182 -0.52170 0.372842 0.498069
-7.8560 27.4620 10.9620 0.75069 -0.36006 0.55391 0.117705 0.548251
-39.8360 30.3900 -8.7670 -0.78300 0.29680 -0.54665 0.367001 0.508008
-1.4860 61.2200 -17.8620 0.05857 -0.11132 -0.99206 0.272806 0.689892
-12.6370 24.6840 14.7850 0.62194 -0.25276 0.74115 0.096638 0.528773
-3.2170 64.5280 -17.9990 -0.03558 0.01829 -0.99920 0.287059 0.696410
-2.4840 62.5590 -17.9850 0.00570 -0.03958 -0.99920 0.279564 0.691829
-2.3160 67.6680 15.9020 0.07256 0.15410 0.98539 0.033896 0.702926
-4.4450 64.4490 -17.9440 -0.06458 0.03844 -0.99717 0.290892 0.693199
-11.0660 25.8990 13.8470 0.66001 -0.28969 0.69315 0.102255 0.536183
0.5140 65.1080 15.9220 0.13986 0.10080 0.98503 0.049930 0.700630
-0.3310 66.2670 15.8950 0.11252 0.12291 0.98602 0.044202 0.702694
-14.0650 24.5160 15.8720 0.56946 -0.23054 0.78903 0.089624 0.525700
-0.8970 62.8730 -17.9800 0.02890 -0.06759 -0.99729 0.275203 0.696782
-38.3720 32.1200 -9.8720 -0.76503 0.30509 -0.56714 0.361420 0.516405
-11.4130 27.1330 14.6550 0.61829 -0.27753 0.73533 0.097305 0.540214
-45.3100 20.6210 -5.4920 -0.83605 0.25961 -0.48334 0.382753 0.464732
-12.9970 26.2490 15.5970 0.58127 -0.24864 0.77479 0.091260 0.534041
-4.4410 68.8810 15.7970 0.01413 0.19151 0.98139 0.023543 0.702236
-45.2430 22.8370 -4.3470 -0.85491 0.27771 -0.43818 0.388353 0.472961
-46.3980 22.0860 -2.2940 -0.90650 0.28767 -0.30903 0.397730 0.468650
-0.0340 68.8360 15.5160 0.10271 0.15872 0.98197 0.039129 0.712529
-9.7050 27.5630 13.2840 0.68141 -0.30310 0.66619 0.105462 0.545032
-9.1640 28.5640 13.1520 0.68590 -0.30803 0.65929 0.105970 0.549873
-44.7120 24.6950 -4.1690 -0.85240 0.28641 -0.43747 0.389265 0.480479
-43.4250 24.2390 -6.6140 -0.82173 0.27775 -0.49762 0.377403 0.480541
-9.9060 29.1540 14.1330 0.64441 -0.29941 0.70363 0.100222 0.550637
-1.7040 66.7260 -17.9900 -0.04930 0.04679 -0.99769 0.287906 0.707128
-3.0710 66.8740 -17.9000 -0.08318 0.08607 -0.99281 0.292711 0.704248
-0.9740 64.6630 -18.0470 -0.01306 -0.01139 -0.99985 0.280132 0.702367
-12.6170 28.1370 15.9360 0.55805 -0.25809 0.78865 0.088875 0.541745
-45.8030 23.5920 -2.5100 -0.89307 0.29849 -0.33664 0.396804 0.474967
-6.8870 66.6330 16.1920 -0.03082 0.18585 0.98209 0.020299 0.688445
-46.0130 23.9320 -1.4670 -0.92428 0.30553 -0.22884 0.401412 0.475913
-45.0370 25.8250 -2.6310 -0.89117 0.29898 -0.34121 0.396397 0.484169
-10.6990 29.2530 14.8790 0.60938 -0.28406 0.74024 0.095716 0.549481
-45.9690 24.7110 -0.3540 -0.94674 0.30961 -0.08846 0.406224 0.478800
-45.5580 25.3840 -1.3650 -0.92679 0.30492 -0.21929 0.401926 0.481841
-27.5390 20.9500 18.1390 -0.04522 0.00487 0.99896 0.530348 0.487693
-44.1460 26.7220 -3.8730 -0.85410 0.29836 -0.42601 0.390696 0.488652
0.5470 66.6830 -18.0830 -0.02786 0.00915 -0.99957 0.280612 0.712636
-44.4700 27.6810 -2.4060 -0.89106 0.32032 -0.32157 0.397466 0.491714
-6.6050 68.1470 15.8880 -0.04967 0.21145 0.97613 0.017631 0.694558
-4.3040 65.6870 -17.8770 -0.08933 0.07632 -0.99307 0.293636 0.697500
-25.4030 21.6090 18.1770 -0.00746 -0.00606 0.99995 0.538082 0.493692
-45.0260 27.0790 -1.3280 -0.92197 0.32359 -0.21275 0.402191 0.488759
-23.8910 21.5730 18.1710 0.02733 -0.01193 0.99956 0.544210 0.495771
-5.7190 69.5320 15.6420 -0.04600 0.23155 0.97173 0.017457 0.701616
-45.2660 26.8270 -0.2420 -0.94509 0.32182 -0.05696 0.406799 0.487497
-6.9690 70.3700 15.3190 -0.07428 0.26026 0.96268 0.010935 0.701831
-6.9690 70.3700 15.3190 -0.17514 0.29708 0.93865 0.473927 0.738806
-25.2310 23.3510 18.1790 -0.01319 -0.00421 0.99990 0.536394 0.501709
-4.4570 66.7890 -17.7580 -0.12563 0.11089 -0.98586 0.297023 0.700648
-23.0760 23.6960 18.1750 0.02248 -0.02223 0.99950 0.544510 0.506607
-44.6840 28.2470 -0.8450 -0.92738 0.33606 -0.16441 0.404279 0.493484
-20.1440 18.4560 17.7380 0.12147 -0.06576 0.99041 0.563420 0.486397
-20.1440 18.4560 17.7380 0.23288 -0.10013 0.96734 0.072858 0.493601
-1.6900 68.1300 -17.8820 -0.08536 0.10924 -0.99034 0.291591 0.711582
-4.8670 67.9500 -17.5390 -0.16660 0.17370 -0.97060 0.301455 0.703361
-3.5280 68.1700 -17.6880 -0.12118 0.14868 -0.98143 0.297646 0.707234
-13.6020 71.5260 12.1900 -0.55508 0.60635 0.56940 0.450140 0.716551
-12.5040 72.2600 12.3890 -0.53073 0.61500 0.58317 0.450320 0.722664
-13.2040 72.5300 11.4310 -0.55593 0.66534 0.49827 0.445629 0.720407
-22.2730 21.7080 18.0870 0.05912 -0.03181 0.99774 0.550591 0.498773
0.8040 64.4640 -18.0420 0.02406 -0.05823 -0.99801 0.273908 0.706234
-12.6600 73.0470 11.3230 -0.56654 0.66304 0.48930 0.444597 0.723717
-11.7830 73.1370 12.1790 -0.53651 0.63095 0.56041 0.448214 0.727654
-11.1620 74.6260 10.8490 -0.54560 0.69101 0.47416 0.440463 0.733092
-20.3750 20.3070 17.8940 0.14572 -0.06209 0.98738 0.069116 0.499988
-20.3750 20.3070 17.8940 0.08714 -0.04525 0.99517 0.560136 0.494765
-43.6390 25.9340 -5.3120 -0.82975 0.28546 -0.47960 0.383835 0.486461
-43.1670 27.8040 -4.9890 -0.82950 0.29647 -0.47333 0.385458 0.493935
-10.5370 76.2680 8.9180 -0.54421 0.73883 0.39744 0.429999 0.737806
-11.1060 76.6780 7.1600 -0.56010 0.76308 0.32249 0.422292 0.735088
-12.3800 75.4200 7.9870 -0.58200 0.73126 0.35573 0.427485 0.728402
-9.7220 77.2030 8.2380 -0.53909 0.76006 0.36289 0.425659 0.742243
-43.8130 28.1460 -3.5650 -0.85994 0.30251 -0.41109 0.392214 0.494306
-21.0560 23.9700 18.1150 0.06220 -0.03632 0.99740 0.552157 0.511126
-43.8570 29.0410 -2.7010 -0.88243 0.32358 -0.34149 0.396171 0.497507
-11.5390 75.3590 9.1820 -0.54848 0.71724 0.42981 0.432478 0.732213
-12.6330 74.0770 9.8860 -0.58777 0.67798 0.44144 0.437150 0.725629
-20.2510 22.1260 17.9750 0.07298 -0.04439 0.99634 0.558138 0.503820
-20.2510 22.1260 17.9750 0.13427 -0.05712 0.98930 0.066778 0.507021
-43.7360 30.3570 -1.6230 -0.90744 0.33755 -0.25023 0.400973 0.502469
-10.4490 74.2020 12.1300 -0.51704 0.65541 0.55056 0.446582 0.735516
-10.0770 75.2570 11.1710 -0.53430 0.69129 0.48646 0.440827 0.738999
-21.8080 25.7850 18.1960 0.03119 -0.02867 0.99910 0.546358 0.518122
-19.8970 25.8590 18.1060 0.07452 -0.04634 0.99614 0.553748 0.521792
-19.0500 24.2420 17.9320 0.12349 -0.05648 0.99074 0.068242 0.516662
-19.0500 24.2420 17.9320 0.09663 -0.04887 0.99412 0.559704 0.515883
-28.8010 22.1450 18.0170 -0.10526 0.02908 0.99402 0.523724 0.491095
-27.2850 22.5170 18.1440 -0.05546 0.01575 0.99834 0.529318 0.494944
-8.9260 76.4620 10.6630 -0.50995 0.72689 0.45998 0.436627 0.745865
-8.7130 77.2710 9.4960 -0.51924 0.75153 0.40692 0.430463 0.747416
-42.3910 30.0590 -4.9190 -0.82480 0.30993 -0.47292 0.385880 0.503226
-40.6540 31.7920 -6.7060 -0.80554 0.31669 -0.50081 0.377258 0.511954
-7.8670 77.2830 10.4230 -0.49082 0.73775 0.46349 0.433991 0.751626
-8.6720 75.7090 11.9740 -0.48688 0.69442 0.52985 0.443344 0.746257
-26.9110 24.2470 18.1210 -0.06627 0.01731 0.99765 0.528409 0.503050
-7.3420 76.6930 11.8410 -0.46511 0.70726 0.53241 0.440749 0.753843
-39.1450 33.4080 -8.0370 -0.78793 0.31749 -0.52761 0.370704 0.519972
-25.0230 26.2450 18.2180 -0.04078 0.00092 0.99917 0.532965 0.514775
-26.4680 26.8780 18.1060 -0.08643 0.01946 0.99607 0.526282 0.515148
-23.8200 25.4470 18.2230 0.00132 -0.01847 0.99983 0.538926 0.513235
-26.3200 58.4680 -7.2270 -0.71653 0.50068 -0.48569 0.371997 0.629712
-27.5400 57.7620 -6.0840 -0.73368 0.50152 -0.45846 0.377694 0.625295
-25.8840 60.2300 -5.9600 -0.71870 0.52439 -0.45661 0.377524 0.636840
-11.5000 72.0670 13.4330 -0.45001 0.54251 0.70935 0.455487 0.726255
-25.0120 59.8100 -7.7290 -0.69972 0.51108 -0.49919 0.369104 0.636618
-10.4570 72.1200 13.9000 -0.32114 0.45453 0.83083 0.458202 0.730533
-10.1840 73.4410 13.1840 -0.45780 0.57063 0.68176 0.452425 0.735076
-43.2280 29.6530 -3.6440 -0.85316 0.31042 -0.41924 0.391898 0.500596
-24.1400 61.2340 -7.4660 -0.69062 0.53282 -0.48902 0.369877 0.643168
-42.2880 32.1630 -3.6200 -0.84385 0.34125 -0.41408 0.392066 0.511030
-24.7440 62.2400 -5.3470 -0.70432 0.54262 -0.45770 0.379669 0.646007
-27.6490 59.7380 -3.6210 -0.74353 0.52450 -0.41481 0.388749 0.632443
-20.0580 17.5770 17.6270 0.28249 -0.11669 0.95215 0.074503 0.490525
-42.9620 31.2300 -2.9780 -0.87172 0.33937 -0.35344 0.395023 0.506706
-19.1460 18.7650 17.5030 0.37180 -0.15968 0.91447 0.076500 0.496214
-9.1060 72.3130 14.2100 -0.21792 0.36476 0.90524 0.460452 0.736526
-8.6410 73.1550 13.9760 -0.22347 0.40188 0.88800 0.457618 0.740861
-9.0640 74.0230 13.4040 -0.34850 0.51378 0.78395 0.452600 0.741256
-41.0560 33.2800 -5.0000 -0.81796 0.33282 -0.46922 0.385465 0.516798
-19.3690 19.6330 17.6970 0.22375 -0.10165 0.96933 0.074179 0.499090
-18.8540 19.9250 17.5790 0.36403 -0.14323 0.92031 0.075852 0.500954
-18.1310 21.1690 17.4730 0.39407 -0.16048 0.90496 0.076918 0.506676
-25.9710 61.6610 -4.1130 -0.72545 0.53904 -0.42797 0.385795 0.642029
-39.4320 34.8110 -6.6740 -0.80459 0.32963 -0.49394 0.377384 0.524649
-18.9420 21.1450 17.7370 0.22019 -0.08614 0.97165 0.073540 0.505349
-41.8560 33.9510 -3.0380 -0.86175 0.34820 -0.36899 0.394752 0.518122
-40.4300 35.3750 -4.6110 -0.82390 0.33724 -0.45547 0.387341 0.525281
-7.9110 71.4080 14.7930 -0.18987 0.32922 0.92497 0.467119 0.738556
-42.4800 33.2970 -1.9360 -0.89402 0.35523 -0.27303 0.399612 0.514899
-18.1230 22.3920 17.6560 0.26891 -0.11521 0.95625 0.074898 0.511241
-43.1780 31.8520 -1.5240 -0.90238 0.35850 -0.23913 0.401417 0.508681
-6.5640 71.6560 14.9760 -0.17923 0.34392 0.92174 0.468751 0.744936
-6.5640 71.6560 14.9760 -0.07106 0.29706 0.95221 0.009236 0.707513
-26.9860 61.2170 -2.8530 -0.75109 0.54500 -0.37261 0.391792 0.638947
-41.7010 35.1120 -2.0750 -0.88774 0.36807 -0.27649 0.398991 0.522573
-25.7150 63.2120 -2.4830 -0.74337 0.56434 -0.35905 0.392798 0.648263
-17.3450 22.9650 17.4660 0.39933 -0.17000 0.90091 0.077229 0.514579
-41.2570 35.5470 -2.8140 -0.85999 0.36376 -0.35790 0.395700 0.524757
-17.8730 23.7370 17.7590 0.21672 -0.09958 0.97114 0.073702 0.516612
-26.9620 62.1690 -1.3680 -0.78217 0.57228 -0.24639 0.398146 0.642683
-35.7310 33.2290 -12.5990 -0.71585 0.30249 -0.62933 0.347027 0.524324
-7.6440 74.4840 13.5680 -0.21394 0.43364 0.87532 0.453111 0.748616
-6.7580 73.4940 14.1910 -0.17120 0.38774 0.90573 0.459401 0.750037
-28.1800 60.4440 -1.4270 -0.79241 0.55634 -0.25015 0.398451 0.634470
-29.0040 59.4520 -0.7730 -0.80827 0.56144 -0.17745 0.401513 0.629749
-28.7160 60.2050 0.5770 -0.81907 0.57250 -0.03702 0.406997 0.633336
-27.8770 61.2530 -0.1060 -0.80785 0.57399 -0.13384 0.403798 0.638271
-18.7090 23.0500 17.8260 0.14695 -0.06925 0.98672 0.071482 0.512779
-34.1580 32.7160 -14.5170 -0.68640 0.28774 -0.66788 0.336288 0.524826
-33.0300 32.7970 -15.6100 -0.64087 0.26549 -0.72028 0.329962 0.526846
-27.2620 62.1730 0.2330 -0.80179 0.59507 -0.05495 0.404913 0.642731
-5.6950 73.4500 14.4030 -0.17291 0.38399 0.90700 0.461195 0.754905
-5.6950 73.4500 14.4030 -0.11265 0.32686 0.93834 0.007895 0.716250
-4.9590 71.6680 15.0960 -0.06030 0.27890 0.95843 0.014986 0.711207
-17.5500 25.3430 17.8140 0.17141 -0.07694 0.98219 0.072353 0.523019
-33.4830 33.7250 -14.7910 -0.67752 0.29172 -0.67518 0.334774 0.529537
-16.7790 25.0560 17.6040 0.34409 -0.14525 0.92763 0.075956 0.523212
-25.4400 64.1810 -1.3500 -0.76078 0.59996 -0.24751 0.397454 0.652465
-8.6320 75.1360 12.7350 -0.44588 0.63835 0.62745 0.447562 0.745542
-19.1630 28.2280 18.1620 0.06327 -0.04508 0.99698 0.552696 0.533934
-18.4240 26.8860 18.0230 0.08771 -0.05622 0.99456 0.557863 0.529102
-18.4240 26.8860 18.0230 0.12829 -0.07100 0.98919 0.066299 0.527156
-34.5950 34.7970 -13.1380 -0.70322 0.30357 -0.64291 0.344085 0.531734
-26.1370 63.6120 -0.1270 -0.78382 0.61688 -0.07128 0.402875 0.649672
-24.5380 28.4100 18.2250 -0.05034 0.00728 0.99871 0.531444 0.525020
-31.5120 52.3650 7.9970 -0.79575 0.46289 0.39052 0.440667 0.603551
-32.1880 52.9360 5.5920 -0.82168 0.47774 0.31080 0.430000 0.603459
-33.1320 51.0910 5.9240 -0.82239 0.46656 0.32556 0.431821 0.595257
-31.4390 53.6280 6.4950 -0.80575 0.48399 0.34134 0.433762 0.607653
-32.4190 34.2530 -15.5780 -0.63535 0.29578 -0.71334 0.330104 0.533105
-31.4720 54.4670 5.0870 -0.81069 0.50530 0.29573 0.427472 0.610019
-32.2420 53.6600 4.1990 -0.82970 0.49751 0.25314 0.423837 0.605413
-22.9760 27.3170 18.2580 0.00055 -0.01383 0.99990 0.539327 0.522939
-31.4600 35.1780 -16.0200 -0.59726 0.27333 -0.75404 0.327240 0.537981
-7.6480 75.2580 13.1490 -0.31313 0.53772 0.78282 0.449264 0.750258
-32.7860 35.9660 -14.4650 -0.66880 0.30370 -0.67858 0.336509 0.538764
-22.9720 29.7350 18.2810 -0.02352 -0.00023 0.99972 0.535320 0.533553
-31.5540 54.9370 3.9850 -0.82446 0.51263 0.23974 0.422628 0.611085
-30.2910 56.7080 4.2590 -0.80633 0.53660 0.24878 0.423439 0.619820
-30.5860 56.6940 3.1230 -0.80486 0.54976 0.22351 0.418649 0.618751
-26.0290 29.1450 18.1020 -0.09903 0.02549 0.99476 0.524412 0.525613
-31.5720 36.9070 -15.2450 -0.65327 0.29676 -0.69654 0.331989 0.544086
-30.3630 37.5190 -16.0640 -0.59296 0.28035 -0.75486 0.326973 0.548235
-6.2730 74.6610 13.7670 -0.18292 0.40683 0.89500 0.454314 0.755468
-25.0050 30.5320 18.1640 -0.07797 0.02543 0.99663 0.526096 0.533321
-4.6380 74.5060 14.1720 -0.16580 0.41031 0.89675 0.456753 0.763640
-4.6380 74.5060 14.1720 -0.08343 0.33155 0.93974 0.009165 0.722565
-29.7920 57.8010 3.3460 -0.81032 0.54651 0.21146 0.419302 0.624218
-7.5720 75.8200 12.7110 -0.39439 0.64934 0.65024 0.446175 0.751640
-6.7450 75.7610 13.1470 -0.26274 0.52422 0.81004 0.448206 0.755486
-28.7620 58.9730 4.3020 -0.79443 0.55412 0.24864 0.422981 0.630721
-33.5890 36.4940 -13.4110 -0.69190 0.31640 -0.64897 0.342522 0.539435
-28.9940 57.9790 5.4920 -0.79157 0.53008 0.30403 0.428392 0.627371
-6.0880 77.2020 12.2120 -0.38809 0.66884 0.63407 0.440857 0.760635
-32.2920 50.7160 8.2710 -0.79912 0.44549 0.40367 0.442278 0.596253
-5.7250 76.5400 12.9480 -0.25407 0.54458 0.79930 0.445374 0.761652
-20.9100 27.5790 18.2280 0.03240 -0.03041 0.99901 0.546971 0.527786
-5.1340 75.5560 13.5910 -0.16827 0.43357 0.88527 0.451041 0.763138
-32.4860 37.8240 -13.8980 -0.68009 0.32041 -0.65941 0.339672 0.545954
-4.4800 76.5800 13.1900 -0.17486 0.46284 0.86902 0.446212 0.768033
-30.6000 53.4650 8.4660 -0.77771 0.47338 0.41360 0.442549 0.609444
-20.1070 30.1280 18.2830 0.02679 -0.02745 0.99926 0.545694 0.540596
-36.6540 34.1880 -11.0200 -0.74612 0.30950 -0.58950 0.355487 0.526432
-35.2570 35.7630 -11.8980 -0.72475 0.31678 -0.61187 0.350806 0.534233
-30.7090 54.9620 6.1960 -0.79886 0.50720 0.32337 0.432191 0.613675
-30.5760 54.3650 7.3470 -0.79130 0.48930 0.36666 0.437379 0.612274
-37.5900 34.0540 -9.8420 -0.76445 0.30813 -0.56627 0.361550 0.524569
-0.6330 70.3620 15.2930 0.08396 0.19373 0.97746 0.033412 0.716584
-23.3910 31.9790 18.2310 -0.05826 0.01356 0.99821 0.529788 0.542450
-37.0540 35.5480 -9.7530 -0.75662 0.32121 -0.56951 0.362059 0.530768
1.0990 67.8050 15.5260 0.13973 0.12871 0.98179 0.045556 0.711570
-31.3230 51.3330 9.4140 -0.77617 0.43894 0.45265 0.447345 0.600707
-21.6270 31.1530 18.3030 -0.01507 -0.00558 0.99987 0.538012 0.542216
1.7050 69.3440 15.2120 0.14544 0.16030 0.97629 0.044035 0.718519
-30.3220 52.3740 10.0670 -0.75396 0.45240 0.47632 0.450132 0.606662
-3.2140 70.4340 15.4490 0.02524 0.21321 0.97668 0.024159 0.710726
-24.0960 34.8420 18.0840 -0.11173 0.05615 0.99215 0.521871 0.553198
-31.0450 50.3320 10.7710 -0.76197 0.42280 0.49055 0.453900 0.598065
-23.3080 33.3950 18.2250 -0.07266 0.02632 0.99701 0.527540 0.548625
-2.0440 71.8190 15.0910 0.04199 0.22919 0.97247 0.024993 0.718509
-29.8080 51.9310 11.2200 -0.72564 0.44773 0.52248 0.455696 0.606496
-35.1480 37.2120 -11.2700 -0.72837 0.33113 -0.59986 0.354145 0.539635
-36.4110 37.3380 -9.5590 -0.75259 0.33767 -0.56532 0.363008 0.538198
-22.3860 34.7820 18.2340 -0.06310 0.03254 0.99748 0.528430 0.556287
-21.6940 32.9510 18.3050 -0.03285 0.00554 0.99944 0.534489 0.549848
-20.2820 34.2160 18.3400 -0.01283 0.00914 0.99988 0.537430 0.558072
1.1270 70.6130 15.0600 0.11837 0.18809 0.97499 0.039003 0.721699
-29.4360 55.0360 8.8730 -0.75860 0.48751 0.43227 0.443957 0.617535
-20.1670 31.9760 18.3180 0.00998 -0.01468 0.99984 0.542095 0.548605
-29.4380 53.8890 9.9890 -0.74000 0.46356 0.48735 0.449437 0.613879
-33.0540 39.6190 -12.3700 -0.70704 0.34133 -0.61935 0.348060 0.551540
-17.8650 28.7400 18.1030 0.13586 -0.07581 0.98782 0.065205 0.534772
-17.8650 28.7400 18.1030 0.06708 -0.04752 0.99662 0.556826 0.538813
-18.1370 31.0940 18.2300 0.06188 -0.03832 0.99735 0.551462 0.548777
-34.9430 39.0820 -10.4250 -0.73120 0.34523 -0.58836 0.358459 0.546696
-0.8490 73.4310 14.6500 0.05607 0.24821 0.96708 0.025377 0.727213
-1.6650 75.5950 14.0060 -0.05001 0.35481 0.93360 0.450839 0.783729
-1.6650 75.5950 14.0060 -0.01631 0.30209 0.95314 0.017262 0.733367
-3.0340 73.4030 14.6760 -0.02758 0.29543 0.95497 0.017679 0.722033
-28.3320 55.6820 9.8910 -0.73324 0.46807 0.49323 0.448568 0.622567
-29.1020 39.0410 -16.4630 -0.52484 0.24784 -0.81432 0.324248 0.555796
-18.0940 33.4940 18.3000 0.04275 -0.02012 0.99888 0.547064 0.559398
-0.1040 72.1250 14.8580 0.09184 0.21233 0.97287 0.031094 0.724253
-16.4640 31.9470 18.1330 0.12794 -0.06451 0.98968 0.064710 0.548427
-16.4640 31.9470 18.1330 0.07759 -0.03930 0.99621 0.556226 0.555943
-30.0340 56.1040 6.1020 -0.79336 0.52255 0.31229 0.431484 0.618972
-29.8710 55.6550 7.1910 -0.78099 0.51227 0.35726 0.436336 0.618172
-27.6050 40.2120 -16.9280 -0.36983 0.17696 -0.91209 0.320141 0.562512
-31.0450 38.8030 -14.8810 -0.65347 0.31549 -0.68807 0.333998 0.551780
-30.2860 39.0540 -15.4410 -0.62867 0.29804 -0.71829 0.330565 0.553909
-29.2550 39.8630 -16.0520 -0.61525 0.27972 -0.73703 0.326959 0.558508
1.7920 72.1810 14.6700 0.11289 0.20649 0.97191 0.037646 0.728972
2.9050 71.5240 14.6380 0.15092 0.17854 0.97229 0.043118 0.729282
-29.0150 56.5320 7.6860 -0.77304 0.51681 0.36786 0.438350 0.623235
-31.9300 39.9630 -13.4430 -0.68734 0.33169 -0.64618 0.342188 0.554542
-15.2020 25.5770 16.9160 0.49352 -0.20705 0.84473 0.081977 0.527741
0.6680 73.7170 14.4180 0.09635 0.22879 0.96870 0.030045 0.731917
-30.0070 40.1650 -15.2460 -0.65361 0.30622 -0.69212 0.331813 0.558360
-29.2050 41.3930 -15.4620 -0.64368 0.31492 -0.69750 0.330582 0.564089
-14.2180 26.5400 16.5410 0.52617 -0.22223 0.82083 0.084669 0.532988
0.0110 75.2790 14.0850 0.01833 0.29349 0.95579 0.450832 0.793300
0.0110 75.2790 14.0850 0.04544 0.25499 0.96588 0.024006 0.736083
-15.5790 27.0590 17.4500 0.40769 -0.18973 0.89319 0.077380 0.532546
-27.9980 58.5030 7.1410 -0.77732 0.52338 0.34905 0.435313 0.631991
-28.5840 40.3940 -16.3730 -0.53032 0.25918 -0.80721 0.324860 0.561530
-27.3670 41.8210 -16.6790 -0.45062 0.22701 -0.86337 0.322476 0.568698
-28.3260 41.7830 -16.0640 -0.58646 0.29633 -0.75383 0.326913 0.566943
-16.8380 26.4640 17.7840 0.21594 -0.09755 0.97152 0.073248 0.528272
3.1070 73.2260 14.2810 0.12413 0.20452 0.97096 0.039825 0.735949
2.4350 74.6830 14.0000 0.11315 0.22917 0.96679 0.450549 0.806850
2.4350 74.6830 14.0000 0.10234 0.22428 0.96914 0.034010 0.739702
-28.4230 43.2910 -15.2670 -0.64435 0.32849 -0.69058 0.331557 0.572175
-28.5110 56.2020 9.0820 -0.75512 0.48882 0.43686 0.444664 0.623692
-30.3700 42.0910 -13.9570 -0.67138 0.33724 -0.65994 0.339154 0.564686
-27.4120 43.0900 -16.2500 -0.55634 0.29478 -0.77691 0.325623 0.573158
-15.9930 27.9460 17.7700 0.23101 -0.12884 0.96438 0.073941 0.535068
-27.6700 44.1710 -15.5420 -0.62402 0.32544 -0.71042 0.329891 0.576577
-27.9320 57.4800 8.6940 -0.76433 0.50123 0.40566 0.442474 0.629254
-27.5250 57.2320 9.6490 -0.73780 0.48194 0.47264 0.446897 0.629673
-3.7310 71.6770 15.1400 -0.01857 0.24822 0.96853 0.019352 0.714061
-32.4260 41.3340 -12.0990 -0.70994 0.34552 -0.61368 0.349359 0.558691
-31.4120 41.9300 -12.9380 -0.69674 0.34229 -0.63039 0.344832 0.562436
-27.3230 58.0410 9.0990 -0.73982 0.51540 0.43247 0.444113 0.632717
-15.8290 29.6740 17.8940 0.17547 -0.08352 0.98093 0.071430 0.541567
-15.3690 28.4570 17.6700 0.34249 -0.15548 0.92657 0.075490 0.537996
-14.2030 28.6150 17.0960 0.48352 -0.22178 0.84677 0.080342 0.540628
-4.5130 72.6040 14.8570 -0.08175 0.29958 0.95056 0.014330 0.715681
-28.9740 59.2180 2.7530 -0.79876 0.56665 0.20220 0.416413 0.630458
-29.1570 59.5130 0.9670 -0.79345 0.58613 0.16398 0.408837 0.630296
-29.5850 58.8000 1.5850 -0.78554 0.58743 0.19456 0.411620 0.627284
-33.6640 41.4000 -10.6150 -0.71948 0.35596 -0.59636 0.357298 0.557000
-14.5180 30.2360 17.6380 0.35149 -0.16856 0.92089 0.075559 0.545908
-13.1010 29.8890 16.8160 0.49609 -0.23748 0.83516 0.082525 0.547264
-28.5130 60.4260 1.1620 -0.81285 0.56575 0.13858 0.409353 0.634742
-14.8810 31.2610 17.8750 0.19076 -0.09791 0.97674 0.072103 0.548906
-27.8480 61.1030 1.9130 -0.78680 0.58551 0.19526 0.412279 0.638738
-29.5770 43.8440 -13.8410 -0.67454 0.33804 -0.65630 0.339683 0.572249
-28.6370 44.8110 -14.3530 -0.66403 0.34474 -0.66349 0.336908 0.577241
-30.6480 44.0840 -12.6160 -0.68952 0.35718 -0.63006 0.346554 0.571360
-29.7810 44.9190 -13.0490 -0.68326 0.35976 -0.63540 0.344052 0.575749
-10.9570 31.4620 15.8840 0.55899 -0.27424 0.78251 0.088940 0.557084
-32.1670 42.7880 -11.6020 -0.71558 0.35010 -0.60447 0.352023 0.564311
-13.2510 32.0620 17.4430 0.43642 -0.20268 0.87662 0.077104 0.554798
-28.1690 60.0740 3.4500 -0.79525 0.57243 0.19977 0.419081 0.635343
-32.2630 44.6510 -10.3640 -0.72601 0.36814 -0.58084 0.358475 0.570828
-3.3440 75.3460 13.9700 -0.12983 0.41087 0.90240 0.452799 0.773063
-3.3440 75.3460 13.9700 -0.06874 0.33100 0.94113 0.011786 0.728651
-27.3720 61.5040 2.5490 -0.78445 0.58680 0.20076 0.414812 0.641405
-31.0560 45.6850 -11.2030 -0.70949 0.37201 -0.59853 0.354055 0.576427
-16.7790 30.5910 18.0760 0.12921 -0.06553 0.98945 0.066071 0.543164
-16.7790 30.5910 18.0760 0.09324 -0.05268 0.99425 0.557599 0.549329
-2.6820 76.6610 13.4880 -0.12672 0.41833 0.89941 0.446308 0.777861
-27.6550 60.4730 4.4300 -0.78471 0.57101 0.24121 0.423053 0.638238
-28.0850 61.1080 0.7730 -0.80385 0.59363 0.03789 0.407523 0.637716
-38.2970 34.9610 -8.3780 -0.78279 0.31896 -0.53433 0.369055 0.526828
-15.7750 34.1600 18.1510 0.08131 -0.03077 0.99621 0.554475 0.567244
-15.7750 34.1600 18.1510 0.11311 -0.04274 0.99266 0.063088 0.557452
-27.3130 61.9950 1.2690 -0.78902 0.59863 0.13818 0.409279 0.642514
-37.3740 36.9570 -8.4810 -0.76985 0.33771 -0.54156 0.368519 0.535392
-37.4050 39.4700 9.1850 -0.80576 0.36005 0.47023 0.448130 0.546276
-37.7640 38.0470 9.6270 -0.79486 0.35139 0.49469 0.450352 0.540458
-36.8510 38.8140 10.5130 -0.78663 0.33991 0.51543 0.454585 0.544943
-37.8370 36.9230 10.2760 -0.78669 0.33957 0.51556 0.453571 0.536209
-26.5300 62.6720 2.4000 -0.77971 0.59746 0.18732 0.413750 0.647026
-36.5550 37.2210 11.9850 -0.77184 0.32900 0.54408 0.461930 0.539621
-35.5940 39.5260 11.9240 -0.76596 0.34216 0.54428 0.461376 0.549932
-26.5370 63.1500 0.8860 -0.76817 0.63422 0.08766 0.407248 0.647771
-36.2310 40.1790 10.5900 -0.78310 0.34973 0.51425 0.454738 0.551096
-6.2890 71.0300 -15.9420 -0.42720 0.52746 -0.73436 0.315750 0.709973
-6.6790 69.3890 -16.6620 -0.34500 0.37984 -0.85831 0.311771 0.703772
-7.4070 69.5170 -16.2570 -0.43717 0.45088 -0.77819 0.314992 0.702595
-38.1230 37.3520 -7.0970 -0.79594 0.34169 -0.49972 0.375367 0.535730
-36.7060 41.0530 9.1620 -0.80780 0.37256 0.45679 0.447857 0.553309
-25.8120 63.8640 1.2360 -0.76009 0.63687 0.12908 0.408420 0.651907
-5.7520 68.8190 -17.1660 -0.24823 0.26158 -0.93272 0.306812 0.704046
-3.6080 70.0740 -17.3310 -0.19185 0.22711 -0.95478 0.303081 0.713008
-35.2040 38.1110 13.2980 -0.74052 0.32088 0.59048 0.468417 0.545438
-4.4100 70.8200 -16.9010 -0.30719 0.36636 -0.87830 0.307937 0.713470
-2.9100 71.1680 -17.1980 -0.21555 0.29397 -0.93119 0.303838 0.718078
-34.5240 39.6440 13.3160 -0.74166 0.32853 0.58481 0.468289 0.552441
-35.6280 40.1670 -8.9030 -0.75600 0.35152 -0.55217 0.366312 0.549564
-35.3350 40.8710 11.4070 -0.76806 0.35229 0.53477 0.458693 0.555350
-37.3150 38.4650 -7.6030 -0.78060 0.34863 -0.51876 0.372883 0.540930
-5.0620 71.7930 -16.0460 -0.41183 0.53185 -0.73995 0.313736 0.715179
-3.9420 71.6920 -16.6690 -0.33752 0.43694 -0.83376 0.309011 0.717320
-27.0030 61.4790 4.0900 -0.77669 0.58508 0.23331 0.421267 0.642872
-33.6580 42.0440 13.0630 -0.73930 0.34842 0.57622 0.466593 0.563005
-25.8190 62.8670 4.5100 -0.76688 0.58811 0.25695 0.422497 0.650352
-25.6510 63.5160 3.5680 -0.76589 0.60426 0.21973 0.418232 0.652363
-34.2660 37.7200 14.5460 -0.66622 0.29033 0.68692 0.475133 0.545711
-33.8780 39.0130 14.3980 -0.67719 0.29453 0.67429 0.474057 0.551321
-37.1560 41.0080 -6.0680 -0.79171 0.36937 -0.48658 0.380328 0.550332
-35.7250 41.8710 -7.6130 -0.76752 0.36881 -0.52431 0.372692 0.555557
-35.8570 41.7760 10.0120 -0.78905 0.36538 0.49385 0.451796 0.557575
-35.8740 42.8990 9.0930 -0.80714 0.38326 0.44904 0.447333 0.561524
-7.3880 70.7760 -15.3710 -0.48438 0.57034 -0.66340 0.319658 0.706860
-39.5730 36.4200 -5.3470 -0.81069 0.33885 -0.47745 0.383820 0.530279
-34.9690 42.9810 10.5510 -0.78053 0.36863 0.50486 0.454178 0.563697
-8.5230 70.0920 -15.0950 -0.49329 0.54723 -0.67616 0.322089 0.702238
-7.7960 71.1740 -14.6610 -0.49487 0.59044 -0.63757 0.323410 0.707454
-34.6900 44.7340 9.6180 -0.79620 0.38709 0.46501 0.449524 0.570455
-36.3110 43.7940 7.4630 -0.82575 0.38869 0.40872 0.439728 0.563709
-38.7060 39.1010 -4.8560 -0.80978 0.35819 -0.46471 0.386137 0.541213
-39.6750 37.9570 -4.0310 -0.82263 0.35473 -0.44435 0.390082 0.535701
-33.8240 44.0400 11.4760 -0.76198 0.37112 0.53071 0.458519 0.569863
-6.2560 72.7610 -14.3800 -0.47511 0.59712 -0.64631 0.323128 0.716044
-40.3820 37.1590 -3.3140 -0.85379 0.35086 -0.38463 0.393438 0.531824
-27.6340 59.6840 6.0890 -0.77539 0.55115 0.30823 0.430365 0.636362
-32.7590 43.4400 13.3030 -0.71827 0.35686 0.59728 0.467674 0.569947
-3.2130 73.1340 -16.0860 -0.39971 0.55151 -0.73216 0.311391 0.723673
-32.7950 44.7930 12.3920 -0.74121 0.37380 0.55756 0.462890 0.574758
-26.3390 61.3310 6.2230 -0.76346 0.56848 0.30654 0.430397 0.644906
-4.1730 73.9830 -14.7620 -0.44452 0.60440 -0.66113 0.318978 0.724517
-35.1980 46.0720 7.4330 -0.81998 0.41444 0.39480 0.439292 0.573934
-34.4250 46.7400 8.3170 -0.80416 0.41580 0.42478 0.443185 0.577945
-8.4350 72.0840 -13.3530 -0.50313 0.59534 -0.62644 0.330340 0.709363
-9.7080 70.2960 -13.9640 -0.51462 0.57288 -0.63795 0.328674 0.700645
-33.6310 45.9860 10.3760 -0.77261 0.39606 0.49620 0.452840 0.577152
-34.4130 47.8500 7.1250 -0.81600 0.43631 0.37918 0.437662 0.581678
-33.6520 48.1890 8.2670 -0.80167 0.42015 0.42521 0.442779 0.584602
-26.4520 60.2350 7.7820 -0.75034 0.54423 0.37525 0.437548 0.641661
-38.0490 41.8630 -3.7890 -0.81893 0.39408 -0.41721 0.391090 0.552144
-33.1570 47.7050 9.6160 -0.78271 0.41039 0.46792 0.449068 0.584127
-9.2470 73.5970 -11.1450 -0.51944 0.62276 -0.58510 0.341411 0.713218
-34.7700 41.2360 -9.3660 -0.73691 0.36143 -0.57125 0.363891 0.554710
-34.5020 43.0860 -8.4950 -0.74525 0.37688 -0.55006 0.368192 0.561767
-32.2420 47.3100 11.3480 -0.75453 0.38861 0.52884 0.457367 0.584867
-33.7110 42.9430 -9.5890 -0.72776 0.36701 -0.57937 0.362534 0.562463
-25.7160 59.7930 9.7040 -0.72270 0.51952 0.45585 0.446261 0.642712
-35.2830 43.4140 -7.1320 -0.76961 0.38985 -0.50569 0.374947 0.561770
-25.6580 61.4750 7.5800 -0.74716 0.55702 0.36260 0.436166 0.647613
-32.3550 48.3500 10.3900 -0.77344 0.39925 0.49234 0.452549 0.588202
-33.6260 48.9900 7.5310 -0.81147 0.43919 0.38553 0.439268 0.587324
-7.2480 74.0340 -12.3920 -0.49732 0.61645 -0.61046 0.333522 0.718553
-33.3390 44.5800 -9.0140 -0.73877 0.37627 -0.55915 0.365409 0.568909
-32.8780 48.7930 9.1510 -0.78975 0.41810 0.44888 0.446661 0.588472
-31.9710 50.2080 9.3480 -0.78022 0.42880 0.45539 0.447315 0.595376
-32.9040 46.1830 -8.5030 -0.74452 0.39677 -0.53690 0.367916 0.575315
-34.2810 44.7180 -7.6280 -0.75753 0.39535 -0.51947 0.372395 0.567962
-24.5600 64.4640 4.2860 -0.73199 0.63993 0.23386 0.420862 0.658425
-31.0850 48.8930 11.8650 -0.75188 0.38998 0.53160 0.459443 0.593057
-31.2060 47.5630 -9.7660 -0.72498 0.39864 -0.56168 0.361369 0.582896
-25.2750 62.8660 6.0210 -0.75510 0.58355 0.29884 0.428883 0.652386
-5.1430 74.6710 -13.3930 -0.46550 0.62646 -0.62518 0.326491 0.724949
-24.0000 64.5250 5.8580 -0.73923 0.61926 0.26467 0.427444 0.660815
-3.2500 75.7040 -13.7010 -0.43475 0.64725 -0.62614 0.322711 0.732463
-8.1520 28.8410 12.1970 0.71171 -0.34315 0.61296 0.111189 0.552928
-36.1640 43.8580 -5.3610 -0.78890 0.40313 -0.46381 0.383479 0.562075
-8.4900 30.8880 13.6040 0.65148 -0.32741 0.68438 0.103120 0.559930
-24.8640 62.4800 7.5910 -0.74155 0.56680 0.35893 0.435811 0.652873
-7.1370 31.4360 12.5200 0.69210 -0.35728 0.62718 0.109135 0.564777
-23.5350 64.4560 7.1980 -0.72267 0.60696 0.33067 0.433159 0.662434
-24.5990 61.6180 9.3280 -0.73543 0.53039 0.42171 0.443824 0.651437
-6.4730 75.3190 -11.7060 -0.48741 0.63904 -0.59504 0.335787 0.724621
-34.4130 45.7120 -6.6220 -0.76891 0.41057 -0.49011 0.377205 0.571346
-4.1000 76.6940 -12.0270 -0.44581 0.66023 -0.60444 0.331341 0.734265
-9.8270 30.6240 14.6750 0.61464 -0.29612 0.73111 0.096746 0.556261
-23.5300 63.6760 8.5060 -0.71598 0.58013 0.38837 0.439181 0.660557
-35.0050 47.2030 -4.3570 -0.78942 0.43508 -0.43303 0.387913 0.575856
-5.2960 77.2410 -10.5130 -0.46675 0.66948 -0.57787 0.339638 0.733858
-8.9640 32.0780 14.5610 0.61609 -0.31557 0.72169 0.097250 0.563346
-7.2040 33.1020 13.4720 0.65052 -0.33992 0.67918 0.103570 0.570801
-8.1240 34.0130 14.7210 0.60719 -0.32054 0.72703 0.096055 0.572170
-6.8840 34.6030 13.9180 0.63252 -0.34193 0.69498 0.100737 0.576988
-33.1970 48.0420 -6.5480 -0.76270 0.42854 -0.48440 0.377300 0.581569
-10.3180 73.8050 -9.9110 -0.54121 0.63339 -0.55308 0.348106 0.712041
-6.3410 44.1590 17.0040 0.39722 -0.17814 0.90027 0.076391 0.611846
-5.2520 45.4560 16.7720 0.43086 -0.20593 0.87861 0.077428 0.618869
-5.7800 46.0470 17.1200 0.31292 -0.13204 0.94056 0.073815 0.619649
-20.5460 36.9370 18.2650 -0.04124 0.03786 0.99843 0.531092 0.569107
-22.1770 36.7430 18.1760 -0.08285 0.05375 0.99511 0.525402 0.564955
-4.5170 47.0960 16.8200 0.38668 -0.18525 0.90342 0.076015 0.626244
-9.5470 46.1090 17.7860 0.11092 0.00462 0.99382 0.060016 0.611146
-6.9720 46.1000 17.4160 0.18765 -0.04550 0.98118 0.069299 0.617055
-8.6120 47.6430 17.6580 0.10688 0.00879 0.99423 0.059780 0.618570
-46.2910 23.7180 0.7700 -0.95097 0.30268 0.06359 0.410910 0.474668
-46.2970 23.2740 1.8190 -0.94324 0.29508 0.15237 0.415344 0.472949
-7.0640 47.3910 17.4650 0.14564 -0.01524 0.98922 0.065917 0.621285
-11.8870 74.3870 -7.5880 -0.56642 0.64315 -0.51529 0.360038 0.711535
-18.1840 35.3730 18.3110 0.01774 0.00714 0.99982 0.543008 0.567333
-45.7880 25.2650 0.5810 -0.94676 0.31663 0.05834 0.410199 0.481036
-6.9200 44.9660 17.3190 0.27083 -0.09799 0.95763 0.072189 0.613276
-45.6380 25.0360 2.2920 -0.93431 0.31542 0.16608 0.417468 0.480310
-16.7050 35.2290 18.2630 0.05877 -0.01567 0.99815 0.548818 0.569851
-5.7950 47.2280 17.2350 0.23147 -0.06258 0.97083 0.070888 0.623684
-18.6110 37.6340 18.2960 -0.00891 0.02033 0.99975 0.536811 0.576082
-8.3650 74.8040 -10.5950 -0.51570 0.63646 -0.57356 0.342901 0.719243
-9.8120 75.1580 -8.8410 -0.54360 0.64433 -0.53791 0.352332 0.717929
-7.6100 49.3630 17.5360 0.11553 0.01035 0.99325 0.059294 0.626794
-45.0980 27.1580 1.1130 -0.94022 0.32358 0.10619 0.412536 0.488903
-44.9700 26.3320 3.3480 -0.92625 0.31736 0.20332 0.422079 0.485948
-8.5470 75.9810 -9.1130 -0.52374 0.65210 -0.54815 0.349738 0.723199
-8.7540 76.7610 -7.9180 -0.53443 0.66922 -0.51626 0.355175 0.725791
-5.5900 48.2800 17.2260 0.18444 -0.03179 0.98233 0.069121 0.627794
-4.6480 47.8660 16.9840 0.28220 -0.11138 0.95287 0.073564 0.628581
-16.4780 39.4570 18.2510 0.01564 0.01406 0.99978 0.540808 0.588403
-14.7890 37.5660 18.1690 0.05497 -0.00862 0.99845 0.551055 0.583987
-14.7890 37.5660 18.1690 0.10734 -0.03462 0.99362 0.059955 0.570751
-44.6510 28.6390 0.3480 -0.94478 0.32698 0.02183 0.409343 0.494952
-44.1700 29.9820 -0.2200 -0.93642 0.34172 -0.07969 0.406990 0.500517
-3.7870 50.0610 16.9700 0.23747 -0.07904 0.96817 0.071308 0.638174
-13.7980 32.2740 17.7380 0.30070 -0.13221 0.94451 0.074337 0.554510
-44.5320 28.2450 2.2850 -0.93122 0.32412 0.16664 0.417571 0.493641
-5.1780 51.1100 17.2290 0.13498 -0.00621 0.99083 0.063783 0.638505
-44.3010 29.4970 0.9260 -0.93704 0.33502 0.09857 0.411809 0.498568
-6.8250 76.7490 -9.7720 -0.49805 0.66215 -0.55992 0.344791 0.729187
-45.1280 24.7320 4.8960 -0.91432 0.30680 0.26437 0.428705 0.479714
-9.3850 33.3300 15.4270 0.57061 -0.29437 0.76665 0.091711 0.567051
-10.4720 33.8130 16.3540 0.52511 -0.26363 0.80917 0.085340 0.566552
-44.9240 24.1090 6.1310 -0.88432 0.29909 0.35851 0.434136 0.477570
-3.2190 78.9130 -10.1590 -0.44776 0.67844 -0.58244 0.338391 0.744070
-44.5370 26.4220 4.9880 -0.91141 0.31359 0.26643 0.429174 0.486809
-44.4470 25.8350 5.8770 -0.88790 0.30483 0.34454 0.433074 0.484701
-11.7590 32.3900 16.7080 0.50064 -0.24841 0.82925 0.082955 0.558861
-5.4180 78.2580 -9.1730 -0.47695 0.67856 -0.55864 0.345624 0.737398
-11.8370 33.5800 17.0990 0.45482 -0.22604 0.86142 0.079791 0.562957
-10.7550 34.7010 16.8030 0.48355 -0.23566 0.84300 0.081869 0.569131
-7.1250 77.6740 -8.3590 -0.50906 0.67492 -0.53417 0.351314 0.732090
-8.0680 35.2720 15.2060 0.57304 -0.30837 0.75930 0.092793 0.576833
-43.4160 26.9630 7.2540 -0.84892 0.29690 0.43725 0.439455 0.490288
-23.1190 63.2260 -6.6310 -0.68500 0.55056 -0.47713 0.373036 0.652111
-21.8710 65.7670 -5.4560 -0.67471 0.57155 -0.46700 0.377601 0.663456
-21.4620 64.2790 -7.7310 -0.65877 0.55448 -0.50850 0.367082 0.658561
-7.2320 37.3680 15.4450 0.56011 -0.30334 0.77088 0.090845 0.586149
-6.0920 37.0940 14.4290 0.61131 -0.33186 0.71845 0.097222 0.587721
-24.3890 63.7920 -4.0600 -0.71293 0.54960 -0.43551 0.385242 0.652312
-43.9360 28.7120 4.3030 -0.91017 0.33087 0.24921 0.426255 0.496160
-23.2170 64.7570 -4.6970 -0.69119 0.56081 -0.45580 0.381780 0.657659
-43.5560 28.1770 6.0320 -0.88038 0.32134 0.34881 0.433866 0.494675
-9.6280 35.0620 16.2050 0.52776 -0.27228 0.80457 0.086067 0.572763
-43.7820 29.6270 3.5340 -0.91448 0.34264 0.21521 0.422961 0.499763
-11.9790 35.3900 17.6140 0.34786 -0.16298 0.92327 0.075014 0.569030
-9.9200 36.1830 16.7390 0.46577 -0.24729 0.84965 0.081905 0.576111
-11.3050 36.5500 17.5420 0.36658 -0.17244 0.91427 0.075147 0.574485
-0.2180 68.0480 -17.9930 -0.06305 0.06879 -0.99564 0.286677 0.714999
-8.8390 36.9070 16.3520 0.50365 -0.28019 0.81721 0.084749 0.580987
-43.2420 29.3340 5.7050 -0.88153 0.33757 0.33007 0.432446 0.499431
-1.9740 70.2920 -17.5410 -0.13472 0.17798 -0.97477 0.298360 0.717628
-9.5650 37.7520 17.0120 0.43531 -0.23454 0.86919 0.079452 0.582374
-20.1260 66.1030 -7.4430 -0.64913 0.56640 -0.50777 0.367532 0.667393
-42.5270 29.5960 7.0930 -0.85119 0.31631 0.41884 0.438782 0.501427
-42.5870 30.5210 6.2320 -0.87578 0.33348 0.34900 0.434824 0.504786
-43.0370 28.2910 7.1040 -0.84928 0.31164 0.42614 0.438753 0.495813
-14.8240 33.4020 18.0100 0.14436 -0.05658 0.98791 0.068187 0.556544
-42.0680 29.0250 8.3380 -0.82511 0.29898 0.47939 0.444644 0.499936
-13.4230 34.2310 17.8280 0.19105 -0.08093 0.97824 0.071908 0.562119
-12.9370 33.9250 17.6770 0.32090 -0.14894 0.93533 0.074412 0.561990
-43.8240 30.8750 0.6200 -0.93355 0.35314 0.06153 0.410540 0.504261
-0.2840 69.9540 -17.7940 -0.10923 0.13049 -0.98541 0.292038 0.720757
-43.4860 31.7110 -0.2870 -0.92466 0.36811 -0.09750 0.406723 0.507764
-19.5540 67.7260 -6.2980 -0.65383 0.58115 -0.48453 0.372302 0.674333
-20.5690 67.9800 -4.5330 -0.67525 0.59515 -0.43569 0.380843 0.673784
-14.7690 35.3520 18.0870 0.09251 -0.03210 0.99519 0.555787 0.574521
-14.7690 35.3520 18.0870 0.12610 -0.05229 0.99064 0.064584 0.563362
-43.6750 31.0990 -0.6800 -0.91718 0.35997 -0.17088 0.405053 0.505264
1.2970 70.2240 -17.9320 -0.09170 0.10711 -0.99001 0.287788 0.725595
-19.0350 65.1960 -9.7020 -0.62283 0.54715 -0.55921 0.356386 0.665857
-43.7940 30.3400 2.2100 -0.92258 0.34654 0.16957 0.417293 0.502361
-13.5870 36.5260 18.0150 0.12503 -0.04620 0.99108 0.066574 0.569720
-43.1190 32.4910 1.3930 -0.92235 0.36205 0.13485 0.413821 0.511166
-18.3170 67.2240 -8.4370 -0.62918 0.56786 -0.53073 0.361734 0.674422
-43.1420 32.6630 0.3050 -0.92885 0.37044 -0.00327 0.409224 0.511728
-12.3580 36.2430 17.8080 0.20726 -0.08599 0.97450 0.071755 0.571237
-0.8260 71.2100 -17.5240 -0.14131 0.18955 -0.97165 0.297224 0.723284
-12.4770 37.5430 17.9060 0.14894 -0.05025 0.98757 0.068567 0.575480
-42.8300 33.1820 -0.7350 -0.91629 0.36620 -0.16218 0.404817 0.514021
-42.2410 34.5010 -1.0130 -0.90776 0.37023 -0.19723 0.403618 0.519629
-11.2700 37.5790 17.6810 0.26142 -0.11101 0.95882 0.072994 0.578127
1.7470 68.3290 -18.0930 -0.04450 0.03353 -0.99845 0.281244 0.720883
2.7910 66.5710 -18.1110 0.01341 -0.04616 -0.99884 0.273248 0.718088
-41.4290 36.4780 -1.0210 -0.90644 0.37874 -0.18685 0.403563 0.527947
-42.3140 34.6460 -0.1880 -0.92342 0.37435 -0.08462 0.407131 0.520085
-42.4100 34.4390 0.7780 -0.92404 0.37543 0.07220 0.411207 0.519241
-13.6890 39.5080 18.1330 0.12089 -0.03829 0.99193 0.059917 0.579617
-13.6890 39.5080 18.1330 0.04417 -0.00474 0.99901 0.550872 0.594781
-42.0310 35.4040 0.1520 -0.92295 0.38378 -0.02973 0.408561 0.523256
-41.9600 35.4060 1.2270 -0.92104 0.37096 0.11868 0.413093 0.523430
-23.7910 64.9430 -3.5560 -0.70923 0.57682 -0.40529 0.387155 0.657520
-24.3870 64.9920 -2.2940 -0.73386 0.59425 -0.32912 0.392900 0.656952
-43.2190 30.2740 4.6530 -0.89408 0.35186 0.27715 0.427851 0.502948
-42.9500 31.6340 3.7660 -0.90350 0.35492 0.24024 0.424002 0.508336
-23.5090 65.9720 -2.4570 -0.71351 0.60951 -0.34556 0.391722 0.661939
-22.2900 66.5270 -3.8200 -0.68939 0.59556 -0.41238 0.385089 0.665733
-10.6540 37.3910 17.4320 0.38072 -0.18886 0.90520 0.075845 0.578783
-24.4430 65.3280 -1.4220 -0.74272 0.62966 -0.22781 0.396602 0.658317
4.0370 68.6090 -18.1610 -0.01681 -0.00647 -0.99984 0.274903 0.727753
-42.2480 33.8490 3.1150 -0.90776 0.36232 0.21142 0.421178 0.517449
-25.1790 64.8270 -0.3360 -0.75375 0.65340 -0.07024 0.401502 0.655577
-42.3140 31.5500 5.8540 -0.87850 0.35541 0.31925 0.433169 0.508996
3.6180 70.4430 -18.0960 -0.06491 0.06724 -0.99562 0.281190 0.732293
-42.0440 33.2530 4.6100 -0.89100 0.35302 0.28547 0.427704 0.515631
-23.7130 66.1270 -1.6970 -0.73322 0.64000 -0.22975 0.395056 0.662340
-22.9870 66.9140 -1.7180 -0.72896 0.64048 -0.24167 0.394506 0.666465
-41.5890 33.0560 6.1440 -0.88250 0.34143 0.32344 0.434482 0.515649
-41.5020 34.7300 4.5140 -0.89126 0.36030 0.27538 0.427236 0.521858
-24.0600 65.9300 -0.7630 -0.74034 0.66512 -0.09758 0.399138 0.661432
-6.5550 39.7830 15.8650 0.53957 -0.28068 0.79378 0.087225 0.596186
-8.3060 38.4810 16.5660 0.48287 -0.25485 0.83779 0.082893 0.587682
-42.0800 31.0640 6.9290 -0.85323 0.33513 0.39960 0.437978 0.507554
-41.5590 32.2110 7.0340 -0.85774 0.33543 0.38958 0.438495 0.512596
0.8900 71.9800 -17.6320 -0.13270 0.18008 -0.97466 0.293920 0.729941
-7.6690 39.9600 16.6090 0.47735 -0.23453 0.84683 0.081837 0.594276
-5.2950 41.2580 15.5350 0.54624 -0.29585 0.78364 0.088802 0.604256
-6.2580 41.6650 16.2830 0.48930 -0.25267 0.83472 0.083400 0.603432
-21.3630 68.2810 -2.7140 -0.70234 0.61970 -0.35028 0.389262 0.673916
-41.5910 35.5300 2.9830 -0.90482 0.37201 0.20714 0.420580 0.524543
-14.8060 41.4690 18.1920 0.02403 0.01162 0.99964 0.542477 0.600555
-13.1430 40.9190 18.1100 0.11393 -0.02433 0.99319 0.058895 0.585424
-13.1430 40.9190 18.1100 0.04841 -0.00253 0.99882 0.549837 0.601764
-41.4400 36.7430 1.1450 -0.91755 0.38624 0.09448 0.412709 0.529037
5.1770 70.6620 -18.1620 -0.03845 0.03798 -0.99854 0.277043 0.737113
-40.9950 37.0220 2.8750 -0.90286 0.37851 0.20388 0.420076 0.530855
-11.2570 40.1760 17.8500 0.14235 -0.04296 0.98888 0.067381 0.587077
5.1090 72.1510 -18.0640 -0.07462 0.10526 -0.99164 0.281360 0.741440
-21.7110 68.3930 -1.6620 -0.71592 0.67015 -0.19585 0.393930 0.674054
-10.6230 39.1260 17.6890 0.23236 -0.09956 0.96752 0.072015 0.584844
-40.8380 36.6040 4.0880 -0.89444 0.36439 0.25923 0.425342 0.529681
-22.5040 67.7430 -0.8010 -0.73015 0.67945 -0.07232 0.398006 0.670674
-11.4820 42.4890 17.9620 0.11217 -0.01848 0.99352 0.061375 0.594425
-13.4480 43.2940 18.1310 0.01909 0.02250 0.99956 0.543351 0.611222
-13.4480 43.2940 18.1310 0.08128 0.01106 0.99663 0.052541 0.592570
-40.8560 35.4040 5.6150 -0.88203 0.36316 0.30023 0.432051 0.525388
-40.2850 36.6820 5.7620 -0.87620 0.36869 0.31039 0.432632 0.530971
-40.4270 37.4570 4.3540 -0.88723 0.37514 0.26850 0.426434 0.533445
3.0460 71.9370 -17.8770 -0.10427 0.13907 -0.98478 0.287087 0.735349
-10.1010 40.8890 17.7040 0.17286 -0.06242 0.98297 0.069996 0.592057
2.1270 73.3250 -17.5330 -0.14493 0.21430 -0.96595 0.293830 0.737164
-11.4320 43.9030 17.9630 0.09030 0.00294 0.99591 0.058342 0.599302
-19.6000 69.7830 -3.5120 -0.67934 0.62141 -0.39031 0.384628 0.682156
-9.7480 38.9020 17.3700 0.36502 -0.18708 0.91201 0.075896 0.585974
-8.9720 39.8710 17.2550 0.38973 -0.19212 0.90066 0.076635 0.591042
-20.3750 69.6450 -2.2160 -0.71004 0.65914 -0.24776 0.390691 0.680707
-41.7060 24.7580 11.2320 -0.78199 0.26627 0.56355 0.458829 0.484064
-42.2040 25.5510 10.1140 -0.80054 0.27819 0.53080 0.453240 0.486490
-9.7180 39.7630 17.5140 0.29365 -0.13047 0.94697 0.073975 0.589017
-43.0970 25.5450 8.7000 -0.82334 0.28530 0.49063 0.446305 0.485301
-9.3920 40.8420 17.5580 0.25456 -0.11769 0.95987 0.072703 0.593464
-42.4370 27.2190 8.8080 -0.81892 0.29158 0.49432 0.446902 0.492567
-0.9950 72.6240 -17.1770 -0.21822 0.30689 -0.92639 0.301745 0.727203
-20.8420 69.3240 -1.3050 -0.72787 0.67654 -0.11181 0.394799 0.679204
-21.4610 68.7730 -0.3810 -0.71993 0.69398 -0.00950 0.399082 0.676638
-20.0460 70.3160 -0.8370 -0.73329 0.67645 -0.06855 0.396147 0.684447
4.7130 73.1200 -17.8850 -0.10874 0.16316 -0.98059 0.285290 0.743299
-8.0530 41.6240 17.2400 0.38031 -0.18403 0.90636 0.075955 0.599160
-41.2400 27.0060 10.8140 -0.79348 0.27148 0.54469 0.456723 0.493410
-8.6090 42.5370 17.5460 0.22214 -0.09209 0.97066 0.071659 0.601048
-18.0010 68.8900 -6.9650 -0.63466 0.58690 -0.50275 0.368202 0.681084
-10.1810 43.0110 17.8100 0.13291 -0.03000 0.99067 0.064878 0.599132
-16.5580 68.5720 -9.0440 -0.61234 0.57444 -0.54319 0.357649 0.682235
-15.8330 70.9240 -7.2310 -0.61563 0.59893 -0.51213 0.365272 0.692121
-40.5160 29.3490 10.6550 -0.79596 0.28392 0.53464 0.455914 0.503417
-40.6890 30.9480 9.4990 -0.81061 0.29257 0.50726 0.450166 0.509219
-41.6340 30.7110 8.0320 -0.83468 0.30704 0.45720 0.443145 0.506911
-7.4890 42.6560 17.2210 0.38077 -0.18990 0.90496 0.075601 0.603997
-18.5530 69.8300 -5.0770 -0.65372 0.60586 -0.45341 0.377034 0.683789
-2.0470 73.2810 -16.5510 -0.32705 0.47277 -0.81824 0.307450 0.726779
-7.6300 43.4730 17.4000 0.28160 -0.10396 0.95388 0.073067 0.606484
-4.9180 43.8910 16.1960 0.48462 -0.24723 0.83906 0.082998 0.614273
-0.7980 73.8600 -16.6980 -0.30281 0.46379 -0.83259 0.304963 0.731549
-40.7690 32.6220 8.3380 -0.83507 0.31657 0.44993 0.444489 0.515371
-16.9080 71.2870 -5.4450 -0.63976 0.60798 -0.47017 0.374117 0.691815
1.1930 74.2540 -17.0980 -0.22940 0.35425 -0.90658 0.299521 0.737637
-8.2260 44.1960 17.5710 0.17374 -0.03929 0.98401 0.069201 0.607622
-41.0040 34.2110 6.5820 -0.87009 0.34024 0.35661 0.436347 0.520829
-15.4380 72.3480 -6.0160 -0.61486 0.61768 -0.49034 0.370372 0.698090
-39.9670 34.7860 8.2190 -0.83356 0.33249 0.44116 0.443861 0.524663
-26.5590 44.5870 -16.2730 -0.53119 0.28135 -0.79917 0.325289 0.579952
-38.8590 31.6190 11.8600 -0.77644 0.28879 0.56012 0.461806 0.514610
0.5130 75.1630 -16.3950 -0.32589 0.51067 -0.79562 0.304894 0.738845
-16.3910 72.6060 -4.4100 -0.64122 0.63913 -0.42467 0.378229 0.697672
2.2270 75.4340 -16.8790 -0.25794 0.42511 -0.86761 0.299800 0.743833
-27.4340 45.8580 -14.9430 -0.65008 0.34438 -0.67735 0.333364 0.582977
-39.8040 33.4680 9.4430 -0.80743 0.31092 0.50139 0.449707 0.520066
-26.2220 46.2170 -15.8920 -0.58703 0.31641 -0.74517 0.327789 0.586313
-26.6230 46.9870 -15.1570 -0.63690 0.34744 -0.68822 0.332124 0.588355
-1.2320 74.8750 -15.7760 -0.38367 0.58331 -0.71593 0.310410 0.733890
-29.1180 46.5240 -12.8530 -0.68423 0.36930 -0.62885 0.345040 0.582544
-38.4100 33.5480 11.4490 -0.77860 0.29821 0.55213 0.459615 0.522641
-27.5370 47.8690 -13.8010 -0.67127 0.36584 -0.64464 0.339834 0.589935
-18.2430 71.0380 -3.7780 -0.66535 0.62859 -0.40272 0.382419 0.688993
-25.8090 48.8290 -14.9550 -0.63821 0.36102 -0.67997 0.333168 0.596261
-40.2670 35.7250 6.8780 -0.85621 0.35697 0.37347 0.437614 0.527575
-1.7550 75.6370 -14.7660 -0.41196 0.63609 -0.65244 0.315879 0.735373
-39.7310 36.6230 7.1810 -0.84626 0.36351 0.38950 0.438974 0.531754
-17.1610 72.3930 -3.4720 -0.66463 0.65388 -0.36154 0.382878 0.695836
-39.3860 37.9740 6.6990 -0.85896 0.37001 0.35394 0.436698 0.537222
-19.6000 70.3770 -2.4420 -0.70297 0.65620 -0.27428 0.389167 0.684630
3.2390 74.6850 -17.3910 -0.16802 0.27011 -0.94806 0.294268 0.744128
-27.2800 49.4640 -13.1110 -0.67450 0.39557 -0.62336 0.343466 0.596016
-18.2320 71.7850 -2.5220 -0.68758 0.66820 -0.28414 0.387763 0.692093
5.1150 67.1830 -18.0950 0.04683 -0.08776 -0.99504 0.267700 0.726193
-28.6230 48.5150 -12.1710 -0.69516 0.38587 -0.60651 0.348534 0.590438
-39.0380 35.5120 9.3590 -0.80516 0.33249 0.49109 0.449181 0.528915
-38.2680 35.0470 10.8200 -0.78340 0.31601 0.53518 0.456354 0.528502
-25.8160 50.7850 -13.8190 -0.65820 0.40022 -0.63764 0.339377 0.603157
-26.9940 50.9120 -12.4130 -0.68687 0.39677 -0.60892 0.346899 0.601638
-39.3320 36.3360 8.2370 -0.82704 0.34929 0.44045 0.443842 0.531414
-18.8400 71.4800 -1.5070 -0.71144 0.68587 -0.15309 0.392445 0.690419
-38.9500 38.1670 7.4120 -0.83129 0.35651 0.42645 0.439964 0.538705
-30.1570 47.6510 -10.9940 -0.69845 0.39559 -0.59638 0.354960 0.584876
-38.5240 37.4830 8.7960 -0.80819 0.35820 0.46745 0.446411 0.537023
-30.1350 49.5450 -9.6950 -0.71624 0.41375 -0.56196 0.361475 0.591668
-28.4020 50.0910 -11.4260 -0.69556 0.40469 -0.59365 0.352394 0.596396
-17.3100 72.7930 -2.2920 -0.68166 0.68762 -0.25006 0.387929 0.697503
-40.9220 37.1950 -1.7870 -0.88671 0.37671 -0.26801 0.400227 0.531233
6.1220 69.5380 -18.2030 0.00829 -0.02596 -0.99963 0.271100 0.736240
-17.8430 72.5500 -1.1640 -0.70470 0.70307 -0.09534 0.393034 0.696311
-40.1240 38.0750 -3.0320 -0.85930 0.36663 -0.35663 0.394714 0.535509
-31.7130 49.0740 -7.9210 -0.74639 0.42431 -0.51271 0.370469 0.587527
-39.4560 39.3880 -3.2400 -0.84382 0.37774 -0.38116 0.393733 0.541201
-40.1230 39.0220 -1.8560 -0.88348 0.38612 -0.26529 0.399886 0.538976
-14.7390 74.0250 -4.6670 -0.61684 0.66061 -0.42790 0.375620 0.705656
-41.1990 37.3270 -0.1370 -0.91866 0.38866 -0.07072 0.407299 0.531407
-29.0820 51.4880 -9.5700 -0.71224 0.42457 -0.55898 0.361811 0.600284
-30.3030 51.8240 -7.6840 -0.74116 0.44626 -0.50153 0.371292 0.599569
-40.6080 38.4770 -0.8030 -0.90559 0.39078 -0.16491 0.404437 0.536375
-41.0370 37.7240 0.7400 -0.91707 0.39589 0.04740 0.410978 0.533146
-15.5050 74.1270 -3.2150 -0.64762 0.68684 -0.32991 0.382466 0.705161
-27.6000 51.6310 -11.2650 -0.68893 0.41736 -0.59261 0.352967 0.603183
-40.4350 39.1770 0.2800 -0.91836 0.39532 -0.01853 0.408998 0.539237
7.6430 71.2730 -18.2040 -0.00062 0.01264 -0.99992 0.271358 0.745706
7.5070 70.0890 -18.1840 0.03388 -0.04961 -0.99819 0.268478 0.741737
-39.8840 40.1990 -0.7570 -0.89992 0.40978 -0.14904 0.404589 0.543641
-26.6000 51.5230 -12.5050 -0.68269 0.40983 -0.60496 0.346441 0.604448
-38.7860 41.2670 -2.7890 -0.85353 0.40192 -0.33158 0.395679 0.548963
-25.7150 52.3420 -12.8780 -0.66174 0.41754 -0.62270 0.344200 0.608838
-16.6410 73.6640 -1.6190 -0.67783 0.71963 -0.15063 0.390102 0.702218
-39.4310 40.9320 -1.2790 -0.88389 0.41690 -0.21196 0.402316 0.546909
-38.0680 42.9310 -2.5550 -0.85203 0.41872 -0.31421 0.396592 0.556023
-27.7170 53.2440 -9.9690 -0.70196 0.43240 -0.56594 0.359511 0.608727
-38.0700 43.9150 -0.9610 -0.87707 0.43813 -0.19695 0.403462 0.559692
-38.7200 42.8220 -0.2410 -0.89905 0.42818 -0.09148 0.406602 0.554876
7.0420 72.2700 -18.1560 -0.03566 0.07629 -0.99645 0.275912 0.747056
-40.7730 38.1160 1.5330 -0.90921 0.39442 0.13329 0.414324 0.535032
9.4910 70.9330 -18.1710 0.03479 -0.04464 -0.99840 0.264976 0.749882
-40.3750 38.5170 2.8160 -0.89933 0.38844 0.20080 0.419752 0.537214
-14.0990 73.6910 -5.9430 -0.59266 0.63980 -0.48930 0.369463 0.705314
8.6020 72.3590 -18.1700 -0.00359 0.04504 -0.99898 0.271581 0.751662
-40.1020 39.8580 1.0720 -0.90941 0.40511 0.09418 0.412283 0.542279
-32.0960 50.6250 -5.8950 -0.76432 0.45446 -0.45747 0.380026 0.592560
-39.6730 40.2020 2.6860 -0.89058 0.40865 0.19968 0.419109 0.544381
-33.6580 49.1690 -4.6980 -0.77667 0.45327 -0.43740 0.385949 0.584976
-32.9110 50.3880 -4.7630 -0.77118 0.46795 -0.43164 0.385452 0.590500
-30.4830 52.9060 -6.3260 -0.76237 0.46220 -0.45296 0.377605 0.603221
-39.2270 40.3430 4.0560 -0.87246 0.40747 0.26977 0.425010 0.545780
10.3950 72.1680 -18.1660 0.02815 0.00128 -0.99960 0.265846 0.756192
-29.3310 52.7350 -8.2560 -0.72750 0.44719 -0.52035 0.368268 0.604349
-14.0500 75.0980 -3.8860 -0.61740 0.68969 -0.37836 0.378229 0.711051
-39.4320 41.3810 0.3240 -0.90644 0.42196 -0.01770 0.409071 0.548690
-15.3520 74.7220 -2.0800 -0.66796 0.71124 -0.21899 0.387000 0.708157
-39.2740 41.5430 1.2680 -0.89925 0.42089 0.11916 0.413033 0.549640
-28.1910 54.7840 -8.0650 -0.72487 0.46028 -0.51254 0.368817 0.613487
6.4500 74.0740 -17.9040 -0.07712 0.15596 -0.98475 0.282749 0.750816
-14.5610 75.2240 -2.7140 -0.64137 0.70867 -0.29398 0.383615 0.711066
-38.9230 42.4420 0.7850 -0.90127 0.42852 0.06382 0.410939 0.553336
5.8800 75.2200 -17.6350 -0.10691 0.22059 -0.96949 0.287726 0.752660
-13.0520 76.4850 -2.9250 -0.62393 0.72696 -0.28677 0.381199 0.718278
-14.6850 75.4670 -1.6680 -0.65421 0.74477 -0.13163 0.388022 0.712312
-29.2960 54.8240 -6.3710 -0.75221 0.47258 -0.45918 0.377058 0.611943
-38.8800 42.0590 2.1850 -0.88832 0.42159 0.18206 0.416885 0.552246
-38.5180 41.8920 3.8880 -0.87174 0.41719 0.25695 0.424217 0.552501
-25.3530 64.5450 0.7240 -0.75549 0.64823 0.09502 0.406002 0.654849
-26.9170 53.8370 -10.4700 -0.68291 0.43397 -0.58763 0.356762 0.612142
5.1450 75.9710 -17.3420 -0.16453 0.32433 -0.93152 0.292160 0.752939
-38.1380 43.5940 2.3200 -0.88750 0.42014 0.18927 0.417320 0.558958
-37.6250 44.9510 1.4980 -0.89307 0.43489 0.11534 0.413711 0.564483
-26.8260 55.1710 -9.5670 -0.70093 0.45071 -0.55277 0.361208 0.617036
-24.0720 65.9430 0.0590 -0.73589 0.67592 0.03991 0.402563 0.661910
1.9160 76.1320 -16.3430 -0.31840 0.54551 -0.77526 0.303332 0.745293
-37.1730 44.5670 4.1860 -0.86976 0.41581 0.26575 0.425232 0.564380
-26.3980 57.0820 -8.4700 -0.70835 0.47872 -0.51871 0.366271 0.624568
-24.6750 64.8410 2.8400 -0.72221 0.66808 0.17910 0.414633 0.658548
-23.8800 65.9770 1.2610 -0.73302 0.66924 0.12165 0.407540 0.663179
1.2310 76.3740 -15.8270 -0.36571 0.60799 -0.70470 0.306865 0.744493
-37.2590 43.8530 -3.3730 -0.81726 0.41746 -0.39726 0.392823 0.560488
0.2930 76.5200 -15.1520 -0.39460 0.64085 -0.65849 0.311305 0.742897
-28.1170 56.3240 -6.6890 -0.73686 0.48250 -0.47353 0.375166 0.619178
-36.4370 45.1600 -3.6320 -0.80887 0.42051 -0.41098 0.391465 0.566403
-37.1400 44.7750 -2.5660 -0.84183 0.43106 -0.32483 0.396376 0.564030
-23.3670 66.7700 0.0830 -0.75096 0.65870 0.04660 0.402222 0.666155
1.5060 78.2800 -14.1190 -0.38137 0.66486 -0.64227 0.314303 0.751699
-36.9860 45.8650 -1.3230 -0.86811 0.44503 -0.21985 0.401711 0.568294
-22.3660 67.7720 0.8440 -0.72958 0.67897 0.08193 0.404811 0.672154
-36.0470 46.9540 -2.4910 -0.83241 0.44474 -0.33060 0.396491 0.573499
-33.7950 50.1320 -3.3620 -0.78604 0.47580 -0.39467 0.391979 0.588307
-32.0280 52.1130 -4.3790 -0.77601 0.48060 -0.40846 0.386852 0.598109
-23.7840 65.6670 3.1350 -0.73098 0.65991 0.17376 0.415485 0.663517
-32.8720 51.5020 -3.4970 -0.77806 0.49438 -0.38758 0.391066 0.594664
-34.8680 48.6660 -2.9490 -0.79864 0.45892 -0.38931 0.394138 0.581412
-34.9160 49.1880 -2.2210 -0.81818 0.47709 -0.32088 0.397371 0.583267
-33.6500 51.2280 -2.2480 -0.79850 0.49790 -0.33837 0.396834 0.592568
-32.1470 53.0520 -2.9410 -0.79339 0.49653 -0.35213 0.393256 0.601433
4.0720 76.5820 -16.8150 -0.25433 0.47959 -0.83983 0.297539 0.752043
-33.3880 52.0030 -1.7060 -0.80333 0.52270 -0.28540 0.399089 0.595827
-35.5050 48.2270 -2.0730 -0.83510 0.46037 -0.30110 0.398162 0.578936
-36.4060 47.2170 -0.8370 -0.87156 0.45552 -0.18137 0.403646 0.574085
5.9780 77.0100 -17.0710 -0.16975 0.40520 -0.89833 0.292838 0.758263
-30.5430 54.4830 -4.5040 -0.78075 0.46751 -0.41456 0.385862 0.608905
-22.4570 67.3360 2.7170 -0.75015 0.64592 0.14165 0.412831 0.671760
5.7060 77.7750 -16.5970 -0.24616 0.53290 -0.80958 0.296281 0.759911
6.8780 76.3320 -17.4390 -0.10420 0.29099 -0.95103 0.288057 0.758671
-38.0130 44.3180 0.0580 -0.89374 0.44626 -0.04572 0.407735 0.561363
-23.3010 65.8410 4.5200 -0.74335 0.63453 0.21165 0.421168 0.666046
-29.3950 55.8550 -5.0290 -0.76307 0.47760 -0.43545 0.383113 0.615593
3.4830 77.7440 -15.7420 -0.32991 0.61794 -0.71366 0.304016 0.754352
-31.2230 54.4060 -3.2120 -0.80941 0.46164 -0.36297 0.391799 0.607700
-37.1090 46.0990 0.0950 -0.88907 0.45075 -0.07983 0.407707 0.569141
-37.4510 45.4350 0.7970 -0.89581 0.44232 0.04334 0.410718 0.566358
-30.2840 56.3730 -2.8860 -0.79532 0.47631 -0.37496 0.393028 0.616233
-36.9230 45.8740 2.8030 -0.87916 0.42917 0.20707 0.419139 0.569187
-34.5020 50.4510 -1.1210 -0.83356 0.49936 -0.23627 0.401920 0.588598
-36.6430 46.8080 1.9270 -0.88276 0.44729 0.14377 0.415306 0.572785
-36.3470 47.6540 0.6400 -0.89100 0.45399 0.00320 0.409807 0.575995
-34.8310 50.2810 -0.1690 -0.85627 0.49661 -0.14208 0.406027 0.587633
-33.8980 51.7810 -0.3530 -0.83014 0.52907 -0.17593 0.404967 0.594454
3.0410 79.3920 -13.8280 -0.36597 0.67397 -0.64175 0.313302 0.759063
4.9470 79.1020 -15.1610 -0.33545 0.65777 -0.67440 0.304431 0.762451
-32.4400 53.5490 -1.3530 -0.81568 0.52058 -0.25233 0.400210 0.602983
-35.9500 47.5660 3.3070 -0.86506 0.44990 0.22195 0.421060 0.576969
-20.3210 69.9540 0.5820 -0.72814 0.68146 0.07358 0.402304 0.683682
-35.5530 48.6920 -1.0560 -0.85269 0.47745 -0.21205 0.402504 0.580660
-34.3010 51.4540 0.9980 -0.85979 0.51013 0.02290 0.410723 0.592917
-33.5490 52.6230 1.0110 -0.85053 0.52588 -0.00666 0.410547 0.598344
-34.8930 50.3260 0.9640 -0.87741 0.47950 0.01525 0.410768 0.587938
-21.1200 69.0390 0.9920 -0.72074 0.68909 0.07543 0.404614 0.679206
-35.8910 48.4580 0.0410 -0.87676 0.46840 -0.10906 0.407196 0.579471
-33.2400 52.8390 -0.0820 -0.82439 0.53882 -0.17335 0.405871 0.599382
5.7690 78.9810 -15.6560 -0.29310 0.62901 -0.72002 0.300846 0.764021
-32.1290 54.5750 -0.0360 -0.84837 0.50243 -0.16684 0.405681 0.607427
-32.8630 53.7640 1.0480 -0.84935 0.52555 -0.04903 0.410477 0.603559
-35.5160 49.2520 0.7230 -0.87554 0.48314 0.00373 0.409934 0.583039
-35.7160 48.6710 1.6900 -0.87829 0.45846 0.13574 0.414060 0.580882
-31.8300 54.4490 -1.6040 -0.83998 0.47281 -0.26623 0.398959 0.607127
-21.5130 68.4850 2.2300 -0.71829 0.68598 0.11619 0.410109 0.677347
-21.8340 67.8920 3.5000 -0.73561 0.65721 0.16417 0.415737 0.675532
5.5900 80.3300 -14.2670 -0.33085 0.68038 -0.65393 0.307483 0.768187
-31.1110 55.8010 -1.6050 -0.84199 0.46574 -0.27226 0.398795 0.613080
-35.0320 49.8760 1.9670 -0.86083 0.48128 0.16537 0.415042 0.586378
-20.8640 68.8940 3.4110 -0.71067 0.68858 0.14425 0.414741 0.681061
-31.5510 55.5310 -0.4260 -0.86436 0.47283 -0.17122 0.403889 0.611661
-30.0340 57.4940 -1.8540 -0.80683 0.51358 -0.29200 0.397403 0.620794
-30.8470 56.6490 -0.7750 -0.84620 0.50122 -0.18091 0.402213 0.616702
8.6800 73.9980 -18.0410 -0.03639 0.11949 -0.99217 0.275981 0.756759
-38.7820 39.5580 6.3540 -0.85315 0.39879 0.33630 0.435137 0.543951
-32.5210 54.3320 1.3900 -0.83476 0.54916 0.03997 0.411779 0.606248
-32.0860 54.9690 1.2130 -0.85843 0.51292 0.00336 0.410919 0.609216
-31.5420 56.0050 1.1700 -0.87061 0.49192 0.00756 0.410527 0.613778
-20.1290 69.9000 2.0660 -0.72092 0.68292 0.11786 0.408482 0.685080
-39.0340 38.7500 6.7740 -0.85604 0.39657 0.33155 0.436970 0.540629
10.4120 73.4400 -18.1260 0.00632 0.06504 -0.99786 0.269389 0.760021
-30.8160 56.9660 0.3160 -0.84738 0.51663 -0.12265 0.406736 0.618177
10.3050 74.6620 -18.0010 -0.01869 0.13468 -0.99071 0.273192 0.763321
-38.0150 41.1310 6.5110 -0.85238 0.39393 0.34390 0.435701 0.550965
8.4640 75.3290 -17.8230 -0.06122 0.19603 -0.97869 0.280436 0.760083
-38.2620 38.9370 8.0930 -0.81744 0.37775 0.43486 0.443049 0.542744
-28.6650 57.2470 -4.8110 -0.75338 0.49132 -0.43707 0.383878 0.621746
-37.8700 40.2340 7.6600 -0.82846 0.37723 0.41395 0.441007 0.548097
-22.7210 65.7480 6.4740 -0.72084 0.62468 0.30028 0.429446 0.668301
-22.1850 67.1050 4.7440 -0.73966 0.63432 0.22480 0.421388 0.672959
-28.7940 58.7680 -2.7310 -0.76791 0.52327 -0.36945 0.393137 0.627223
-37.5800 42.9610 5.2590 -0.86339 0.40888 0.29558 0.430075 0.558128
-29.1590 58.8700 -1.6610 -0.79385 0.54366 -0.27248 0.397856 0.627192
-37.0780 42.9820 6.5900 -0.84526 0.40403 0.34971 0.435919 0.559286
-37.5140 41.5100 7.2230 -0.82756 0.39156 0.40228 0.438871 0.553296
-29.9170 58.1940 -0.6590 -0.82072 0.54116 -0.18321 0.402358 0.623755
-36.7250 42.6870 7.6350 -0.82422 0.38827 0.41220 0.440681 0.559003
-30.2650 58.0880 0.9980 -0.84159 0.53766 0.05141 0.409329 0.623263
-22.0810 65.1830 8.7160 -0.69478 0.60192 0.39367 0.439427 0.669355
-36.5350 44.8760 5.6120 -0.85617 0.41795 0.30381 0.431407 0.566871
11.9140 72.6840 -18.1020 0.04833 0.00508 -0.99882 0.262951 0.762138
-21.3790 66.3680 8.1520 -0.71473 0.59549 0.36681 0.436294 0.674729
-20.7090 68.0880 6.4050 -0.71022 0.64173 0.28943 0.427773 0.680930
-36.1870 44.7200 6.7940 -0.83947 0.41099 0.35550 0.436578 0.567147
-29.5670 59.0440 0.7430 -0.80501 0.59324 0.00545 0.408033 0.627789
-34.3520 50.9960 1.9820 -0.84661 0.49445 0.19691 0.414950 0.591519
-33.3210 52.0230 3.9150 -0.83921 0.48368 0.24857 0.422933 0.597564
-33.5370 52.3590 2.1700 -0.85097 0.49586 0.17310 0.415476 0.597805
12.5030 74.6100 -18.0020 0.02451 0.07968 -0.99652 0.266796 0.769559
13.9470 73.5980 -17.9870 0.07548 -0.00407 -0.99714 0.259807 0.770874
-20.5590 67.4120 8.1290 -0.69686 0.61887 0.36246 0.435493 0.680237
-32.6840 53.3380 3.3250 -0.83282 0.50962 0.21611 0.420172 0.603159
-36.3210 46.4050 4.0740 -0.86247 0.42875 0.26891 0.424510 0.572375
-32.9290 53.5180 1.8840 -0.84956 0.50534 0.15127 0.414024 0.602846
12.9260 76.0060 -17.8420 -0.00063 0.13512 -0.99083 0.269655 0.774876
-20.6700 68.7970 4.7220 -0.71423 0.66574 0.21604 0.420247 0.682130
-31.9690 54.7090 2.7480 -0.84181 0.50622 0.18733 0.417455 0.609068
14.4710 74.5130 -17.9340 0.06661 0.03936 -0.99700 0.260990 0.775156
-35.2010 48.5970 4.0230 -0.84740 0.46180 0.26202 0.423976 0.582116
-19.0780 70.6610 4.1490 -0.70387 0.68666 0.18185 0.416537 0.691633
-35.5280 46.3300 6.3740 -0.84010 0.42566 0.33622 0.434545 0.574025
8.1220 77.3810 -17.2240 -0.12972 0.35641 -0.92528 0.287603 0.765199
9.7430 77.3460 -17.4300 -0.08931 0.27166 -0.95824 0.282709 0.769581
10.4360 76.2650 -17.7250 -0.04516 0.19692 -0.97938 0.277496 0.768399
-18.7980 70.2580 6.0460 -0.68903 0.66887 0.27902 0.424751 0.692565
-31.3480 55.9770 2.3020 -0.82951 0.52181 0.19906 0.415281 0.614453
-34.9580 47.6860 6.1190 -0.83303 0.43967 0.33578 0.433198 0.579837
11.1970 77.9470 -17.3950 -0.07980 0.27131 -0.95918 0.280331 0.775462
-31.0810 56.7720 1.1840 -0.82753 0.56048 0.03249 0.410421 0.617272
-34.3740 48.9370 5.8210 -0.82765 0.46131 0.31965 0.431737 0.585283
-30.6030 57.4000 1.0610 -0.85933 0.50906 0.04914 0.409765 0.620309
-30.5850 57.1750 1.9840 -0.80564 0.55409 0.20960 0.413710 0.619939
9.9500 78.7820 -16.9740 -0.14724 0.41201 -0.89921 0.286541 0.774364
-34.4850 50.0020 3.7870 -0.84324 0.47540 0.25089 0.422768 0.588298
-19.8680 68.5940 7.2200 -0.68140 0.65103 0.33445 0.430891 0.685302
12.4490 77.5260 -17.5610 -0.04239 0.20466 -0.97791 0.275514 0.777876
-26.4140 43.2180 -16.7900 -0.39856 0.22017 -0.89032 0.321409 0.575329
16.1600 76.8200 -17.6870 0.04621 0.08501 -0.99531 0.263114 0.786997
-25.4000 44.3030 -16.9590 -0.35309 0.18289 -0.91754 0.319563 0.580969
-25.4330 42.8550 -17.1640 -0.23761 0.12196 -0.96367 0.316706 0.575753
-24.0080 44.6260 -17.2980 -0.20763 0.10078 -0.97300 0.314742 0.584607
-24.6090 45.3460 -17.0450 -0.31347 0.16404 -0.93532 0.318574 0.586082
-17.9440 70.3190 7.7550 -0.67723 0.64683 0.35066 0.431907 0.696379
-17.2810 71.2460 7.3210 -0.66566 0.67465 0.31897 0.429283 0.700773
-22.6680 45.6880 -17.4380 -0.15032 0.07590 -0.98572 0.311764 0.590823
-25.4020 45.6410 -16.6440 -0.45923 0.24347 -0.85430 0.322509 0.585711
-24.2870 47.1070 -16.7990 -0.41054 0.22373 -0.88397 0.321101 0.592871
-19.1660 71.2580 -0.5090 -0.71680 0.69728 0.00004 0.396825 0.689677
-23.6270 46.4400 -17.1530 -0.26325 0.14265 -0.95412 0.317008 0.591722
12.5340 78.9200 -17.2210 -0.08812 0.31193 -0.94601 0.279523 0.782128
-18.8280 71.3340 1.9420 -0.70526 0.70004 0.11206 0.406906 0.692643
-18.1470 72.2480 -0.0850 -0.70451 0.70803 0.04864 0.397775 0.695511
-11.2870 11.4070 -0.9650 0.94053 -0.29364 -0.17081 0.171152 0.476631
11.4540 79.2850 -16.9520 -0.13017 0.40192 -0.90638 0.283802 0.780095
-25.1050 47.6930 -16.1170 -0.55919 0.30915 -0.76924 0.326225 0.593479
14.8560 77.8590 -17.5780 -0.00756 0.16434 -0.98637 0.269822 0.785992
14.5880 79.0310 -17.3270 -0.04777 0.26302 -0.96361 0.274127 0.788519
-17.3670 72.8720 1.0350 -0.69068 0.71507 0.10782 0.401848 0.700274
-16.9750 73.4440 -0.2960 -0.68483 0.72821 0.02665 0.395854 0.701817
-10.5160 13.0240 0.5770 0.94575 -0.30741 -0.10516 0.164712 0.484762
-10.3310 14.3130 -0.8010 0.93690 -0.30939 -0.16281 0.170789 0.490438
-22.9370 48.9300 -16.9520 -0.36581 0.20332 -0.90821 0.319672 0.601729
-22.3390 47.8520 -17.2970 -0.21330 0.11217 -0.97053 0.315012 0.599055
8.0870 78.5130 -16.7200 -0.19448 0.47750 -0.85684 0.291368 0.768491
-21.8060 49.3680 -17.2320 -0.23496 0.13139 -0.96308 0.316211 0.605356
-20.4970 48.8210 -17.5200 -0.12589 0.06936 -0.98962 0.310136 0.605926
-20.4400 50.7480 -17.3460 -0.19119 0.13216 -0.97262 0.314083 0.612752
-23.9830 48.9140 -16.4250 -0.50511 0.29445 -0.81127 0.324099 0.599765
7.6440 79.3030 -16.0540 -0.24889 0.59021 -0.76792 0.295733 0.769831
9.0660 79.6590 -16.2520 -0.22128 0.57267 -0.78936 0.292373 0.774669
-9.9120 14.9900 0.4580 0.94299 -0.31350 -0.11173 0.165428 0.494023
-22.7020 50.6650 -16.5500 -0.49228 0.29440 -0.81914 0.322904 0.608212
-9.7770 16.4100 -1.7880 0.92653 -0.32642 -0.18705 0.175206 0.500149
-22.0330 50.3340 -17.0030 -0.35225 0.21943 -0.90982 0.319225 0.608293
-24.3510 50.4280 -15.4810 -0.60137 0.36706 -0.70966 0.330063 0.604418
10.9840 80.0700 -16.4360 -0.19553 0.54453 -0.81563 0.287924 0.781160
-11.0360 11.0490 2.3760 0.95321 -0.29957 -0.04064 0.156805 0.475741
-10.6480 12.3640 2.0470 0.95018 -0.30833 -0.04581 0.158383 0.481867
7.5500 80.3250 -15.1600 -0.27750 0.65663 -0.70131 0.300230 0.772942
-17.1600 72.6590 3.2520 -0.70395 0.70087 0.11504 0.411150 0.702063
-9.9730 14.4090 2.0050 0.94796 -0.31299 -0.05831 0.158778 0.491544
-10.6660 12.1730 3.7630 0.95122 -0.30601 0.03920 0.151070 0.481157
-16.4330 73.4710 3.0240 -0.69023 0.71419 0.11621 0.409458 0.706206
-15.7160 74.5560 -0.1210 -0.66938 0.74128 0.04928 0.395439 0.708442
-16.0340 74.0600 1.4680 -0.67228 0.73298 0.10377 0.402478 0.707622
-10.0480 14.0340 3.1870 0.94843 -0.31696 -0.00498 0.153722 0.489902
9.1480 82.0850 -14.0370 -0.27153 0.69439 -0.66641 0.302577 0.782990
7.2480 82.0340 -13.2500 -0.31177 0.70194 -0.64038 0.309260 0.778084
10.7900 81.6260 -15.1170 -0.22573 0.66489 -0.71201 0.294830 0.785676
-10.6790 12.5770 4.9450 0.91892 -0.32053 0.22989 0.146049 0.482937
-10.1970 13.7590 4.8030 0.92750 -0.31448 0.20211 0.146840 0.488610
-15.3250 74.9500 -1.0640 -0.67167 0.73989 -0.03767 0.391137 0.709725
-23.9560 52.0090 -14.9090 -0.61939 0.40510 -0.67249 0.333035 0.610674
-8.9580 17.7520 0.2810 0.93310 -0.34219 -0.11062 0.166342 0.507197
-9.2000 16.5850 2.6430 0.94420 -0.32790 -0.03108 0.156196 0.501951
-14.7250 75.3380 0.8600 -0.66329 0.74379 0.08264 0.398589 0.714197
-13.8270 76.1980 -0.1600 -0.65170 0.75771 0.03399 0.393386 0.718022
-1.7740 76.9700 -13.3500 -0.41887 0.65868 -0.62505 0.322277 0.740054
-9.4980 15.7680 4.5120 0.93777 -0.31001 0.15647 0.148204 0.498095
-20.7150 52.3950 -16.9640 -0.33283 0.22547 -0.91563 0.318897 0.617919
-22.1520 51.9300 -16.4240 -0.50619 0.32856 -0.79739 0.323723 0.613621
-8.9520 17.2990 4.1980 0.94194 -0.31649 0.11215 0.149593 0.505370
-8.6380 18.1900 3.3560 0.93909 -0.34366 0.00193 0.153201 0.509611
-1.7100 78.2200 -12.0760 -0.42721 0.66876 -0.60849 0.327920 0.744609
-14.8170 74.9210 3.0810 -0.65706 0.74307 0.12695 0.408154 0.714888
-20.9330 53.5790 -16.5120 -0.47180 0.32968 -0.81775 0.322738 0.621588
-9.7080 17.5330 -3.1890 0.91350 -0.33551 -0.23012 0.181397 0.504952
-19.6920 53.7010 -16.9930 -0.31464 0.21808 -0.92382 0.318060 0.624384
-18.5200 50.3260 -17.6250 -0.08782 0.05658 -0.99453 0.306101 0.615015
-13.6740 76.2210 1.3250 -0.64712 0.75696 0.09087 0.399432 0.719967
-8.8850 19.9290 -3.5180 0.90667 -0.35289 -0.23111 0.182928 0.516400
-18.2940 52.0770 -17.5160 -0.12471 0.08646 -0.98842 0.309135 0.621535
0.2440 78.4430 -13.1490 -0.40409 0.67025 -0.62248 0.320428 0.749535
-9.1050 18.1950 -1.6250 0.92192 -0.34183 -0.18223 0.174594 0.508777
-17.9780 71.7570 3.9830 -0.69005 0.70673 0.15611 0.414963 0.697762
1.8150 79.4510 -13.0210 -0.38701 0.68185 -0.62073 0.318684 0.756544
-8.4210 19.8030 -1.2440 0.91675 -0.35928 -0.17461 0.172982 0.516691
-17.6010 71.8060 5.1360 -0.68742 0.68380 0.24468 0.419699 0.699856
-16.2140 51.4310 -17.7340 -0.05657 0.03234 -0.99787 0.300160 0.623476
-16.7430 72.9260 4.4670 -0.69212 0.69731 0.18636 0.415907 0.704991
-19.7210 52.3240 -17.2480 -0.21491 0.15482 -0.96428 0.314956 0.619592
-18.3210 53.7100 -17.3440 -0.18686 0.12690 -0.97415 0.312919 0.627098
-20.1560 54.2820 -16.6180 -0.42135 0.30462 -0.85421 0.321415 0.625488
-7.8970 23.6990 -5.3380 0.87556 -0.37223 -0.30798 0.191042 0.533870
-16.3590 53.9000 -17.6000 -0.10664 0.07419 -0.99153 0.306223 0.631701
-7.7310 23.0570 -3.9820 0.89353 -0.37344 -0.24930 0.184977 0.531485
-15.3240 56.1080 -17.5270 -0.12625 0.09086 -0.98783 0.307629 0.641350
-14.6620 54.7310 -17.6920 -0.07733 0.05432 -0.99552 0.302068 0.638042
0.1710 79.8330 -11.5430 -0.40294 0.68626 -0.60554 0.327585 0.754341
-15.5930 73.8420 5.0410 -0.65304 0.71529 0.24878 0.417332 0.711392
-15.6700 73.9810 4.1310 -0.66430 0.73375 0.14256 0.413466 0.710769
-18.6770 54.5130 -17.1390 -0.26344 0.18404 -0.94696 0.316103 0.629140
-7.6100 22.0790 -1.7760 0.90818 -0.37250 -0.19091 0.175299 0.527615
-19.2370 55.2690 -16.7620 -0.39380 0.26755 -0.87939 0.320113 0.630630
1.3350 80.6580 -11.3860 -0.39799 0.69395 -0.60003 0.326587 0.759771
-17.2630 55.2140 -17.3330 -0.18655 0.13819 -0.97268 0.312525 0.634351
-7.1950 23.5950 -2.7320 0.89693 -0.38780 -0.21246 0.179467 0.534677
-15.9800 72.9620 6.2490 -0.65247 0.69340 0.30574 0.423248 0.708805
-18.1640 55.9170 -16.9790 -0.30531 0.22752 -0.92467 0.317552 0.634942
-19.2840 56.1590 -16.4350 -0.47021 0.33049 -0.81834 0.322638 0.633585
-18.1050 57.4230 -16.5580 -0.41985 0.32375 -0.84789 0.321190 0.640173
-17.3180 56.7990 -17.0450 -0.29275 0.21818 -0.93096 0.316507 0.639617
-8.1980 19.7610 0.2620 0.92706 -0.35962 -0.10603 0.166470 0.516903
-16.4790 56.6180 -17.2870 -0.19935 0.14518 -0.96911 0.312980 0.640704
-7.5540 21.6070 -0.4000 0.91816 -0.37480 -0.12852 0.169325 0.525735
-8.3640 18.9890 2.0930 0.93278 -0.35723 -0.04813 0.158616 0.513399
-14.2600 74.6320 5.8580 -0.62750 0.71694 0.30370 0.419840 0.718342
-21.7830 54.1800 -15.5440 -0.59140 0.39434 -0.70339 0.328720 0.622133
-7.4480 21.2240 2.4580 0.92367 -0.38118 -0.03910 0.157043 0.524286
-14.3870 73.6820 7.8550 -0.63399 0.69144 0.34637 0.429142 0.717080
-24.4950 53.5560 -13.3600 -0.65337 0.42151 -0.62884 0.341347 0.615195
-14.7740 74.6380 4.8340 -0.63547 0.73925 0.22290 0.415615 0.715850
-23.0030 55.2830 -13.7230 -0.63660 0.43018 -0.64006 0.338946 0.623844
-6.8630 23.3730 -0.7100 0.90622 -0.39464 -0.15175 0.170631 0.534318
-6.5260 23.5660 1.4140 0.90783 -0.41115 -0.08246 0.161462 0.535671
3.1370 80.7800 -12.3970 -0.37172 0.69083 -0.62014 0.319494 0.764128
-13.6940 75.5110 4.9430 -0.63454 0.73830 0.22864 0.415013 0.721561
-20.3570 54.9900 -16.2050 -0.52287 0.35258 -0.77608 0.324275 0.627553
-12.9180 76.5770 3.1130 -0.63113 0.76320 0.13855 0.406227 0.724901
-20.8810 55.7690 -15.4280 -0.59448 0.39819 -0.69860 0.329127 0.629289
-6.1150 24.7550 -0.0120 0.89578 -0.42506 -0.13004 0.167532 0.541391
2.7990 81.6840 -11.1320 -0.38468 0.70229 -0.59901 0.325477 0.766627
-19.9630 56.5730 -15.7380 -0.57408 0.39817 -0.71547 0.327085 0.633745
-21.4110 56.8960 -14.2050 -0.62587 0.44248 -0.64226 0.335845 0.632284
4.3650 82.4710 -11.1910 -0.35553 0.71378 -0.60342 0.322823 0.772895
-22.7210 57.1270 -12.6850 -0.64557 0.46073 -0.60907 0.344111 0.630829
-10.3510 14.2460 5.6250 0.90014 -0.29264 0.32265 0.143168 0.490487
-10.7780 14.6310 7.1630 0.88035 -0.29477 0.37162 0.136300 0.491558
-11.6820 12.5600 7.6220 0.86501 -0.30075 0.40163 0.133976 0.481652
-12.6270 76.4500 4.8400 -0.60548 0.76167 0.23076 0.413351 0.727192
-11.7870 13.6010 8.5300 0.83631 -0.28689 0.46721 0.129827 0.485898
-18.6890 57.8610 -15.9790 -0.52749 0.40455 -0.74706 0.325102 0.640562
-12.7390 75.8430 6.1820 -0.60192 0.74309 0.29242 0.419605 0.726629
-19.4500 58.0310 -15.2850 -0.58749 0.44486 -0.67599 0.329361 0.639745
-1.0460 79.8370 -10.7260 -0.41997 0.69003 -0.58948 0.332930 0.751783
-13.3600 74.6370 7.8190 -0.62791 0.70126 0.33758 0.427836 0.722946
-9.8300 16.3220 6.0850 0.90119 -0.30133 0.31153 0.141222 0.499984
-14.7050 52.7540 -17.7710 -0.04358 0.02461 -0.99875 0.297700 0.631160
-9.1500 17.4290 5.1610 0.91329 -0.30880 0.26560 0.145380 0.505632
-8.6210 18.2880 4.1990 0.93393 -0.33291 0.13014 0.149605 0.510050
-13.1710 52.6470 -17.7960 0.00712 -0.01157 -0.99991 0.291991 0.634009
-13.0400 54.5770 -17.7950 -0.03204 0.01811 -0.99932 0.295956 0.640927
0.3110 81.1210 -10.1260 -0.41071 0.69993 -0.58431 0.333522 0.759291
-10.0450 17.2880 7.5710 0.87284 -0.30647 0.37976 0.134569 0.503706
-9.3600 17.9750 6.3630 0.89014 -0.32271 0.32174 0.140019 0.507609
-11.4200 77.0070 5.7060 -0.56927 0.77136 0.28447 0.415969 0.733349
-8.8440 18.6150 5.5660 0.90406 -0.33498 0.26545 0.143613 0.511076
-12.2440 14.9470 10.0110 0.79793 -0.28194 0.53274 0.122678 0.490883
-3.1770 80.3150 -8.5430 -0.44834 0.69795 -0.55844 0.345378 0.749268
-4.6220 79.4620 -8.3900 -0.47375 0.68708 -0.55089 0.347989 0.743352
-10.9040 16.4450 8.6600 0.83410 -0.29289 0.46742 0.129381 0.498955
-32.3870 34.9080 16.3370 -0.34280 0.16275 0.92521 0.489425 0.538184
-33.7050 33.8390 15.9540 -0.41864 0.17279 0.89156 0.485812 0.531701
-32.7180 33.9450 16.3520 -0.34291 0.13276 0.92994 0.489782 0.533817
-34.0150 35.5700 15.4320 -0.49266 0.20072 0.84676 0.481161 0.537921
-32.8670 35.9830 15.9380 -0.40135 0.18247 0.89757 0.485383 0.541552
-33.3840 38.0540 15.1740 -0.54595 0.23634 0.80379 0.478917 0.548605
-34.3150 36.4130 15.0040 -0.59202 0.24714 0.76709 0.478008 0.540635
-33.4600 36.8710 15.4300 -0.47308 0.21110 0.85535 0.481023 0.543931
-1.3020 81.8380 -8.0480 -0.42783 0.72346 -0.54182 0.344768 0.758658
-2.5690 81.6040 -7.3280 -0.44442 0.73392 -0.51367 0.349646 0.755331
-32.0740 36.5030 16.1530 -0.36762 0.14877 0.91800 0.487664 0.545012
-25.6880 53.3320 -12.2550 -0.66597 0.43225 -0.60798 0.347433 0.612379
-32.5640 37.2520 15.7800 -0.43778 0.17958 0.88097 0.484107 0.547030
0.3730 82.1200 -8.9870 -0.41624 0.71619 -0.56019 0.338349 0.763037
-25.5970 54.3600 -11.5740 -0.67128 0.43757 -0.59826 0.350767 0.616186
-32.7240 31.7230 16.6210 -0.29932 0.10566 0.94828 0.493584 0.524959
-31.5690 33.6140 16.7650 -0.27711 0.11206 0.95428 0.495043 0.534480
-10.1340 18.3920 8.5500 0.83238 -0.31015 0.45929 0.129990 0.508129
-24.4770 55.2280 -12.2240 -0.66211 0.43817 -0.60796 0.347171 0.621130
-9.5620 19.1890 8.0080 0.85470 -0.32988 0.40084 0.132556 0.512307
-31.1300 35.4370 16.6360 -0.29228 0.13635 0.94656 0.493488 0.542514
-30.1440 34.2870 17.0680 -0.24296 0.11017 0.96376 0.499527 0.539682
-30.8490 32.2330 17.0920 -0.24273 0.08839 0.96606 0.500297 0.530167
-25.5210 56.3090 -10.2540 -0.67802 0.45681 -0.57586 0.357402 0.623211
-24.0840 57.3020 -11.0670 -0.65441 0.46621 -0.59531 0.352749 0.629143
-9.9450 19.6620 9.0620 0.81981 -0.31736 0.47665 0.127537 0.513617
-24.6060 58.6030 -9.4440 -0.67629 0.48852 -0.55134 0.360941 0.632894
-30.8570 36.7490 16.5480 -0.29459 0.12493 0.94742 0.492147 0.548196
-8.0010 19.7890 3.5870 0.93160 -0.35752 0.06553 0.152226 0.517347
2.4090 82.5470 -9.8690 -0.38743 0.71850 -0.57763 0.331522 0.768866
-29.8800 35.7410 16.9600 -0.24569 0.12142 0.96171 0.497908 0.545991
-8.1710 20.0080 4.9530 0.91217 -0.34950 0.21399 0.146308 0.517972
-7.5380 21.0530 3.8020 0.92277 -0.37275 0.09774 0.151294 0.523395
-21.2370 58.5540 -13.1620 -0.62923 0.48149 -0.61012 0.341064 0.638419
-29.5340 36.9860 16.8820 -0.24061 0.12330 0.96276 0.496911 0.551594
-7.3080 22.1020 4.9740 0.90167 -0.38098 0.20455 0.146198 0.528111
-28.0860 34.7160 17.4860 -0.19814 0.09966 0.97509 0.506803 0.545167
-21.7800 59.4450 -11.8420 -0.63191 0.49260 -0.59836 0.347797 0.640656
-8.7220 19.5490 6.3090 0.88754 -0.34429 0.30616 0.140327 0.515154
-8.1700 21.0010 6.3570 0.88396 -0.35982 0.29855 0.140101 0.522059
-23.1400 59.0910 -10.6840 -0.64608 0.48633 -0.58827 0.354196 0.637081
-6.8300 22.6080 3.2320 0.91685 -0.39756 0.03639 0.153695 0.531098
-27.5970 36.2940 17.3960 -0.20710 0.11152 0.97194 0.505732 0.552475
-26.2350 35.7440 17.7320 -0.16276 0.08768 0.98276 0.512029 0.552831
-6.2910 23.8550 2.8030 0.91076 -0.41263 -0.01581 0.155475 0.537239
-6.4350 23.6380 3.8250 0.90959 -0.40150 0.10696 0.151105 0.536035
-5.7500 25.1180 1.9000 0.90124 -0.42977 -0.05541 0.159270 0.543481
1.4770 83.6210 -7.7460 -0.40082 0.75428 -0.52001 0.341822 0.770980
-5.8400 24.8720 3.4170 0.90468 -0.42201 0.05890 0.152784 0.542219
3.2180 83.7360 -8.8740 -0.38084 0.74394 -0.54910 0.334442 0.774985
-7.1150 23.4060 6.2240 0.87645 -0.37653 0.30009 0.140612 0.533751
-8.8780 20.8230 8.0000 0.84486 -0.34129 0.41199 0.132657 0.520109
5.4480 84.5990 -9.2040 -0.35371 0.75145 -0.55696 0.329520 0.783006
-32.7060 40.2550 14.9420 -0.59536 0.28070 0.75283 0.477084 0.558248
-8.0010 22.7470 7.7860 0.84927 -0.34825 0.39681 0.133569 0.529437
-31.4460 38.1070 16.1830 -0.37043 0.15169 0.91639 0.487236 0.552416
-23.2050 60.8380 -9.0860 -0.66168 0.51487 -0.54506 0.361895 0.643216
-32.1530 39.4590 15.5540 -0.48105 0.21421 0.85012 0.481462 0.556287
-33.0430 41.5230 14.0580 -0.68546 0.32588 0.65111 0.471886 0.562319
12.4290 80.3850 -16.5800 -0.16325 0.50306 -0.84869 0.284619 0.786126
13.5200 79.8430 -16.9870 -0.09608 0.36708 -0.92521 0.279675 0.787683
-7.5350 24.0860 7.9650 0.83172 -0.36995 0.41397 0.132625 0.535662
16.2080 78.7450 -17.4300 -0.00097 0.17455 -0.98465 0.268862 0.792618
-1.7420 38.3710 -9.3920 0.74186 -0.50234 -0.44419 0.207585 0.606121
-30.8740 39.5570 16.1490 -0.36007 0.16988 0.91733 0.486671 0.559117
-26.4810 41.8230 -17.0380 -0.29117 0.15153 -0.94459 0.318777 0.570232
-31.6270 40.8800 15.4700 -0.49270 0.23946 0.83660 0.480640 0.562712
14.3800 80.5200 -16.7870 -0.09421 0.43635 -0.89483 0.279486 0.792180
16.3230 79.7170 -17.2200 -0.03572 0.28649 -0.95742 0.271574 0.795722
-32.1910 41.7540 14.7630 -0.61574 0.29678 0.72992 0.475849 0.564893
-0.3830 38.3500 -6.8420 0.75972 -0.53226 -0.37354 0.195448 0.608760
0.0110 41.0860 -9.6480 0.72126 -0.53335 -0.44194 0.207811 0.620747
-31.8500 43.1660 14.4300 -0.66264 0.31863 0.67778 0.473759 0.570826
11.7930 81.1390 -15.8460 -0.20535 0.63642 -0.74351 0.289549 0.786772
-31.3650 42.3950 15.1720 -0.55681 0.26155 0.78838 0.478301 0.568953
-1.7280 37.2500 -8.0290 0.76860 -0.49969 -0.39945 0.201400 0.601567
-0.7810 36.9000 -5.5610 0.78266 -0.52296 -0.33757 0.189973 0.601985
-30.6400 41.7110 15.7610 -0.44349 0.20528 0.87245 0.483007 0.567823
-6.7970 25.9730 -5.0630 0.86504 -0.39832 -0.30505 0.189725 0.545306
-30.6990 43.0930 15.3990 -0.50374 0.24024 0.82977 0.479694 0.572933
-29.7420 42.1170 16.1240 -0.38096 0.17348 0.90817 0.485907 0.571182
1.0920 40.6110 -7.1930 0.74393 -0.54769 -0.38289 0.196190 0.621039
-31.8280 44.5220 13.7760 -0.69962 0.34989 0.62298 0.469921 0.575856
0.7500 39.1750 -5.6700 0.76454 -0.55484 -0.32808 0.189696 0.614411
0.5270 37.9740 -4.1260 0.79310 -0.54212 -0.27767 0.183079 0.608955
-7.0300 24.8910 -4.2840 0.88055 -0.39581 -0.26070 0.186275 0.540383
-31.0170 44.0020 14.8560 -0.61858 0.30128 0.72567 0.475938 0.575663
-6.4440 24.9640 -2.1680 0.88771 -0.41234 -0.20483 0.176927 0.541720
13.6310 81.2250 -16.2320 -0.15822 0.58496 -0.79548 0.284214 0.792159
-5.9500 26.8350 -3.7310 0.86870 -0.42404 -0.25603 0.183683 0.550425
12.1200 81.8680 -15.2150 -0.20697 0.67368 -0.70945 0.291792 0.790172
-30.1290 45.1100 15.1040 -0.53642 0.28927 0.79283 0.477308 0.581641
-29.7130 43.6450 15.7810 -0.43610 0.23027 0.86994 0.482629 0.577046
-6.2350 27.6490 -5.7220 0.84884 -0.41850 -0.32299 0.192578 0.553299
1.3990 43.0340 -9.7720 0.70617 -0.54475 -0.45229 0.207564 0.631547
13.2920 82.2110 -15.3610 -0.22554 0.64486 -0.73027 0.289225 0.794387
-30.0730 38.1870 16.5790 -0.26625 0.12675 0.95553 0.492498 0.555316
1.9730 42.2450 -7.8130 0.73122 -0.55558 -0.39580 0.198456 0.629534
15.8830 81.6800 -16.2850 -0.09892 0.57237 -0.81400 0.279446 0.800153
14.5220 82.3490 -15.4710 -0.13214 0.64974 -0.74858 0.286197 0.798380
3.0740 44.1640 -8.5120 0.71778 -0.56512 -0.40672 0.200926 0.639659
-28.1200 38.3570 17.0520 -0.22270 0.11372 0.96823 0.499748 0.559748
-5.1870 29.2690 -5.1260 0.84682 -0.43564 -0.30514 0.189682 0.561953
12.0020 83.2340 -13.8920 -0.20944 0.69344 -0.68941 0.298174 0.794372
-4.6880 28.8200 -2.7840 0.86053 -0.44844 -0.24165 0.179274 0.560969
-29.3030 40.0470 16.5620 -0.25947 0.12344 0.95783 0.491859 0.564078
13.7840 83.0910 -14.6760 -0.21636 0.70519 -0.67521 0.291524 0.798667
12.7430 82.9510 -14.3530 -0.22995 0.69333 -0.68294 0.294635 0.795511
-30.0290 40.6300 16.2570 -0.33796 0.15772 0.92785 0.487834 0.564909
-4.3580 31.1960 -5.5680 0.83109 -0.45619 -0.31808 0.191459 0.571483
-29.3490 41.0530 16.4180 -0.27323 0.13341 0.95265 0.489657 0.567890
-3.6540 31.1590 -3.5620 0.83991 -0.46978 -0.27176 0.182388 0.572622
1.4540 44.2760 -11.0970 0.65620 -0.52753 -0.53956 0.213602 0.636645
-27.6420 40.3190 16.9240 -0.22014 0.11956 0.96811 0.497669 0.568449
1.8210 45.1400 -11.4650 0.56736 -0.45767 -0.68457 0.215156 0.640862
2.5600 45.1830 -10.6660 0.67139 -0.54382 -0.50348 0.210867 0.642699
-5.6360 26.1780 -1.1500 0.88063 -0.43804 -0.18059 0.172376 0.548205
15.1010 83.8480 -14.2100 -0.16590 0.70524 -0.68929 0.291056 0.805006
-26.0090 37.4440 17.6080 -0.17869 0.10078 0.97873 0.509618 0.560210
2.6880 46.3660 -11.5930 0.54994 -0.46224 -0.69562 0.215258 0.647611
-4.8940 27.8310 -1.6360 0.87260 -0.44667 -0.19764 0.174321 0.556453
-5.0330 27.0550 -0.3330 0.88122 -0.45048 -0.14326 0.168723 0.552921
3.6260 46.8000 -10.9640 0.65121 -0.53638 -0.53687 0.211641 0.651462
14.1120 84.0100 -13.6760 -0.21219 0.72623 -0.65388 0.295169 0.802881
-5.2910 26.2840 0.6620 0.88945 -0.44527 -0.10298 0.164502 0.549203
4.1150 46.2190 -9.5380 0.70272 -0.56981 -0.42603 0.204893 0.650205
15.1360 85.2680 -12.6310 -0.17545 0.75018 -0.63754 0.297977 0.810011
5.0020 48.3610 -10.9310 0.63838 -0.56025 -0.52781 0.210606 0.660743
-23.9810 36.6470 17.9730 -0.12946 0.07297 0.98890 0.518827 0.560941
-4.3890 27.8360 1.6120 0.89025 -0.45149 -0.06002 0.160243 0.557228
7.6240 84.1290 -11.0470 -0.32213 0.72556 -0.60810 0.318188 0.786326
-26.7460 39.3710 17.2280 -0.20276 0.11284 0.97271 0.502981 0.566508
3.6130 47.6670 -11.7010 0.54026 -0.45085 -0.71053 0.215311 0.654775
3.5950 84.7950 -7.6090 -0.37751 0.78907 -0.48461 0.339026 0.779849
5.6130 85.4880 -8.0200 -0.35329 0.79929 -0.48612 0.334083 0.786762
4.1320 48.4560 -11.7930 0.51622 -0.45998 -0.72245 0.215556 0.659024
-4.0380 29.3340 -1.2840 0.86709 -0.46496 -0.17880 0.172592 0.564251
-3.3850 30.8330 -2.0080 0.85316 -0.47727 -0.21055 0.175537 0.571724
-24.5490 38.6720 17.7340 -0.16018 0.09040 0.98294 0.512693 0.568118
5.4180 49.4000 -11.4780 0.56752 -0.50305 -0.65182 0.212947 0.665761
6.2240 50.0520 -11.2370 0.61571 -0.56386 -0.55042 0.211272 0.670185
-4.1260 28.7710 -0.0220 0.87843 -0.46025 -0.12856 0.167190 0.561685
-3.3300 30.2400 -0.0890 0.86583 -0.48257 -0.13219 0.167252 0.569254
-17.1660 58.4940 -16.5930 -0.40129 0.32635 -0.85584 0.320352 0.645655
8.6910 83.8770 -11.8650 -0.29264 0.72017 -0.62906 0.312873 0.788035
11.0680 84.1300 -12.6280 -0.25192 0.71937 -0.64734 0.305506 0.794924
-28.8480 43.5210 16.1980 -0.32311 0.17918 0.92924 0.486446 0.578383
-14.5360 58.2200 -17.4300 -0.15945 0.12561 -0.97918 0.309834 0.650109
-15.6330 58.7720 -17.0990 -0.27891 0.23017 -0.93233 0.315153 0.649683
-4.6390 32.3380 -7.9070 0.81166 -0.46166 -0.35788 0.201935 0.575705
-27.7700 42.2240 16.6440 -0.23414 0.12801 0.96374 0.493246 0.575640
-14.4800 59.9480 -17.1390 -0.27062 0.23240 -0.93421 0.313937 0.656004
-19.9750 58.9760 -14.0880 -0.61260 0.48171 -0.62664 0.335730 0.642122
-18.0220 59.7220 -15.3580 -0.57157 0.46912 -0.67323 0.328150 0.648234
-2.9710 34.8760 -7.4940 0.79314 -0.48735 -0.36526 0.199520 0.589372
-17.6810 59.0630 -16.0370 -0.50791 0.41017 -0.75749 0.324242 0.646594
-29.1160 44.9170 15.7230 -0.43078 0.23829 0.87043 0.482114 0.583084
-16.6060 60.3900 -16.0170 -0.50542 0.43354 -0.74605 0.323668 0.653205
-27.1920 43.4520 16.6250 -0.24594 0.12469 0.96123 0.492831 0.581611
-15.7330 60.3320 -16.5500 -0.39916 0.34993 -0.84748 0.319752 0.654718
-26.5080 42.1580 16.9530 -0.21835 0.11373 0.96922 0.498152 0.578018
-2.4570 34.0180 -4.8790 0.80604 -0.50675 -0.30578 0.187768 0.586761
-24.6520 40.6260 17.5230 -0.18211 0.10301 0.97787 0.508322 0.575818
9.2390 85.6690 -9.9950 -0.29273 0.75569 -0.58587 0.319966 0.795644
10.6640 85.4910 -10.8580 -0.25871 0.74581 -0.61387 0.313835 0.798598
-17.3790 61.1340 -14.8740 -0.56707 0.50665 -0.64941 0.330183 0.654347
-19.4280 60.8590 -13.1390 -0.61331 0.50916 -0.60383 0.340122 0.649723
-17.7790 62.5480 -13.2860 -0.59420 0.52385 -0.61033 0.338197 0.658643
12.5910 84.6450 -12.5930 -0.20900 0.72911 -0.65170 0.302913 0.800753
-22.6870 39.5090 17.9380 -0.12673 0.08263 0.98849 0.517940 0.575368
-13.5970 61.5130 -16.9700 -0.30726 0.28322 -0.90850 0.314828 0.663058
-14.2460 61.8770 -16.5640 -0.40217 0.37633 -0.83465 0.318389 0.662937
-15.8580 61.2550 -16.0090 -0.49536 0.45419 -0.74049 0.323172 0.657606
-24.0150 42.8590 17.3930 -0.18257 0.10382 0.97770 0.505955 0.586094
-15.7970 62.4910 -15.1840 -0.55437 0.49821 -0.66668 0.327422 0.662012
-15.1180 62.1260 -15.9370 -0.48340 0.46316 -0.74284 0.322891 0.662045
-23.1800 41.3330 17.6950 -0.14978 0.09220 0.98441 0.512298 0.581771
-16.8860 62.3740 -14.2800 -0.57775 0.51719 -0.63144 0.332690 0.659625
-21.9220 43.0400 17.7360 -0.14085 0.09437 0.98552 0.513244 0.591418
-16.3260 63.4100 -13.9440 -0.58369 0.51898 -0.62447 0.333941 0.664282
-15.1840 63.3270 -15.0310 -0.54868 0.50339 -0.66749 0.327681 0.666080
-23.9670 44.3140 17.2490 -0.18347 0.11237 0.97658 0.502964 0.591967
-26.0270 43.6930 16.9020 -0.22440 0.11494 0.96770 0.496703 0.585046
-13.9350 63.3500 -15.9790 -0.48436 0.45115 -0.74957 0.321754 0.668538
-15.3190 64.5420 -13.9600 -0.58381 0.51866 -0.62463 0.333173 0.670070
-14.2630 64.9190 -14.6150 -0.56003 0.50428 -0.65732 0.329171 0.673317
-31.2240 46.2650 13.4170 -0.71874 0.36441 0.59213 0.467800 0.583465
-12.9490 57.0140 -17.7070 -0.08227 0.06162 -0.99470 0.301370 0.649416
-9.9000 56.1440 -17.8270 0.01730 -0.02302 -0.99959 0.288655 0.653110
-2.6020 32.5500 -2.7680 0.83712 -0.49147 -0.24019 0.178572 0.580348
-11.1700 57.3630 -17.7970 -0.04292 0.02887 -0.99866 0.295983 0.654453
12.4840 85.9750 -10.9740 -0.21088 0.77221 -0.59936 0.310093 0.805066
-30.2560 46.0960 14.5750 -0.63566 0.32955 0.69810 0.473958 0.584992
-1.5560 34.3690 -3.0170 0.81316 -0.52685 -0.24739 0.179247 0.589896
-12.0480 58.7000 -17.6650 -0.09256 0.07205 -0.99310 0.302276 0.657016
-30.2690 47.0550 14.0850 -0.68069 0.34603 0.64569 0.471019 0.588443
-1.9860 32.6290 -0.3620 0.85086 -0.50616 -0.14085 0.167982 0.581695
-30.7550 47.8130 13.0450 -0.73187 0.36720 0.57405 0.465526 0.590039
-0.7600 36.2800 -4.4650 0.79243 -0.53792 -0.28758 0.185165 0.599434
-12.8050 60.4960 -17.4160 -0.17394 0.15638 -0.97226 0.309304 0.661361
13.5570 86.6290 -10.4410 -0.18141 0.80148 -0.56985 0.310304 0.810383
-29.4180 48.7180 14.0620 -0.66252 0.35609 0.65899 0.470483 0.596346
-0.3340 35.9530 -2.3970 0.81194 -0.54117 -0.21881 0.176039 0.598792
-29.3100 46.3920 15.1680 -0.51717 0.27490 0.81053 0.477652 0.588150
7.0670 84.8760 -9.8120 -0.33844 0.74579 -0.57381 0.324334 0.787692
-5.0150 26.5930 2.3290 0.89297 -0.44955 -0.02274 0.157310 0.550887
-29.2410 47.4050 14.8500 -0.58073 0.31083 0.75242 0.475305 0.592016
-28.6200 47.4880 15.2290 -0.48957 0.28017 0.82573 0.477864 0.593708
-9.2220 58.0480 -17.8390 -0.01176 -0.00276 -0.99993 0.290912 0.661069
-28.5780 49.0200 14.6850 -0.57992 0.33003 0.74483 0.473911 0.599379
-9.7360 59.4790 -17.8010 -0.05660 0.03802 -0.99767 0.296178 0.664705
-8.0140 57.1420 -17.8010 0.03306 -0.04871 -0.99827 0.284536 0.660739
-30.2510 50.2620 12.0150 -0.73410 0.42105 0.53274 0.459809 0.599770
-29.5170 49.6300 13.4400 -0.69059 0.39399 0.60651 0.466956 0.599344
8.2410 85.9180 -9.1050 -0.32026 0.79263 -0.51882 0.325332 0.794201
-39.1960 24.4050 14.5350 -0.67310 0.21396 0.70792 0.476236 0.486014
-40.3270 24.7490 13.0690 -0.76098 0.24975 0.59877 0.468323 0.485854
-40.7630 26.0460 11.8980 -0.77562 0.26203 0.57425 0.462297 0.490337
-10.8630 60.4460 -17.6490 -0.10095 0.08759 -0.99103 0.302446 0.665415
-11.5670 61.4790 -17.4420 -0.15089 0.15017 -0.97708 0.307480 0.667289
-12.7060 61.7710 -17.1700 -0.25003 0.24167 -0.93759 0.312239 0.665794
-11.1810 63.1380 -17.2130 -0.21995 0.21560 -0.95139 0.310405 0.673573
-11.7950 63.1570 -17.0280 -0.30100 0.29611 -0.90649 0.312695 0.672321
-40.1620 27.5940 12.0150 -0.77462 0.26674 0.57342 0.462837 0.497198
-39.0870 26.4100 13.9540 -0.72629 0.24941 0.64054 0.472907 0.494101
-28.9380 51.1680 12.9760 -0.69132 0.43751 0.57503 0.464427 0.606081
-10.1750 62.3080 -17.5280 -0.13474 0.12649 -0.98277 0.304760 0.673070
-8.2910 61.2190 -17.8180 -0.07237 0.04933 -0.99616 0.295569 0.673720
7.5210 86.5880 -7.4160 -0.32225 0.83291 -0.44990 0.333207 0.795440
8.9010 86.6530 -8.2450 -0.30344 0.83290 -0.46282 0.327572 0.798717
9.2370 86.1210 -9.3650 -0.28460 0.80246 -0.52446 0.322565 0.797306
-39.3580 29.7110 12.0880 -0.77611 0.27126 0.56928 0.463134 0.506545
-7.2110 59.4620 -17.8840 -0.00708 -0.02004 -0.99977 0.287507 0.670371
-28.1680 50.5240 14.2480 -0.63423 0.38040 0.67309 0.471167 0.605706
10.5990 86.0890 -10.0730 -0.24951 0.78739 -0.56370 0.317267 0.800547
-27.4970 50.1670 14.9650 -0.53900 0.31704 0.78037 0.475514 0.606024
-38.0200 26.7440 14.8780 -0.60725 0.20362 0.76798 0.478323 0.496938
10.4980 87.1980 -8.2910 -0.26326 0.84004 -0.47437 0.324608 0.804585
-27.6230 51.7470 14.0690 -0.65260 0.40761 0.63872 0.469897 0.611320
-38.1520 24.8110 15.2340 -0.54416 0.17859 0.81976 0.480897 0.489057
-37.6470 24.2030 15.6420 -0.45686 0.14018 0.87842 0.484197 0.487304
12.2540 86.9820 -9.4480 -0.21360 0.81850 -0.53333 0.316785 0.808177
-28.0240 44.6890 16.2420 -0.30727 0.17515 0.93536 0.487026 0.584563
-28.2820 46.4080 15.7330 -0.42853 0.24161 0.87062 0.481987 0.590463
-27.9850 45.7570 16.0380 -0.35067 0.20225 0.91440 0.484748 0.588678
-36.8840 24.4360 15.9620 -0.37687 0.11862 0.91864 0.487245 0.489290
-35.5790 23.8850 16.4760 -0.31507 0.09749 0.94405 0.493558 0.488845
-26.6270 45.0410 16.5640 -0.25401 0.14575 0.95616 0.491502 0.588938
-37.2060 25.9340 15.5730 -0.47909 0.15921 0.86321 0.483555 0.494874
-13.0050 63.0500 -16.6330 -0.37482 0.36157 -0.85368 0.316932 0.669411
14.9240 87.8580 -9.0050 -0.16238 0.85046 -0.50035 0.313591 0.818816
16.0130 87.4040 -10.0560 -0.13886 0.82562 -0.54687 0.307242 0.820174
-35.1120 25.1680 16.5090 -0.31288 0.08936 0.94558 0.493734 0.494749
-36.2800 26.1800 15.9840 -0.38682 0.11155 0.91538 0.487315 0.497190
-34.6910 26.8320 16.4960 -0.31260 0.08269 0.94628 0.493123 0.502141
-9.4810 63.8710 -17.4120 -0.17527 0.16863 -0.96997 0.306389 0.679720
-27.4310 48.0120 15.7100 -0.42423 0.24404 0.87205 0.481506 0.598326
-10.8550 64.3310 -16.9810 -0.30114 0.29042 -0.90828 0.312463 0.678195
-39.1990 28.1500 13.0370 -0.75948 0.26280 0.59509 0.468079 0.500745
12.4090 87.7230 -8.3160 -0.21241 0.85360 -0.47566 0.321049 0.811459
-8.8730 65.5640 -17.1900 -0.23874 0.23681 -0.94177 0.308769 0.686566
-26.1240 46.3100 16.5020 -0.25514 0.16655 0.95245 0.490521 0.594887
-27.0800 46.9510 16.1040 -0.31784 0.19392 0.92810 0.485444 0.595170
-37.9410 27.9610 14.5720 -0.67036 0.22958 0.70563 0.476398 0.501857
-38.2060 29.0150 13.9430 -0.73526 0.24150 0.63330 0.472695 0.505599
11.4460 88.1600 -6.9220 -0.24904 0.89930 -0.35951 0.328190 0.811048
-26.0230 47.5890 16.2610 -0.25767 0.16615 0.95184 0.487854 0.599963
-24.9990 46.6800 16.7210 -0.22994 0.15583 0.96065 0.493815 0.598846
-24.7820 48.0980 16.5380 -0.24753 0.15876 0.95578 0.491277 0.604751
-5.9850 64.5860 -17.8120 -0.10786 0.08296 -0.99070 0.296351 0.690002
-38.3460 30.4450 13.1140 -0.75833 0.27609 0.59051 0.468293 0.510929
12.4980 88.4690 -6.8350 -0.21142 0.92054 -0.32850 0.326603 0.814999
-7.3940 63.3690 -17.7450 -0.11132 0.08842 -0.98984 0.297973 0.682800
13.5720 88.1970 -7.8990 -0.17952 0.87790 -0.44391 0.320515 0.816525
-37.4910 30.0700 14.3070 -0.69240 0.25116 0.67638 0.474640 0.510816
-25.2130 45.2110 16.8810 -0.21510 0.13115 0.96775 0.496381 0.592709
14.6600 88.5950 -7.5100 -0.14911 0.90659 -0.39480 0.319986 0.821194
-36.7170 27.1600 15.6290 -0.48764 0.14540 0.86085 0.483858 0.500486
-36.8220 28.4770 15.3220 -0.54508 0.17620 0.81966 0.481209 0.505569
13.6870 88.7500 -6.7250 -0.16653 0.94405 -0.28466 0.324808 0.819399
-7.6530 65.5220 -17.4530 -0.17403 0.16597 -0.97065 0.304422 0.689171
-35.6570 28.0480 16.0530 -0.40387 0.12207 0.90664 0.487267 0.505615
-23.3120 46.6570 17.0850 -0.18928 0.12749 0.97361 0.500031 0.602640
-36.2790 30.2640 15.3050 -0.55386 0.18162 0.81256 0.480747 0.513452
-36.4770 31.2280 14.8960 -0.64018 0.23250 0.73220 0.477910 0.516922
-10.5370 75.7420 -7.3280 -0.55371 0.65961 -0.50825 0.359732 0.718930
-33.8900 29.2130 16.5540 -0.30370 0.10366 0.94711 0.492907 0.512989
-5.6520 66.7810 -17.5910 -0.15847 0.14578 -0.97654 0.300980 0.697813
-34.9580 29.6160 16.1180 -0.38780 0.14524 0.91023 0.487766 0.512940
-6.5130 67.6870 -17.2480 -0.22992 0.22315 -0.94728 0.306327 0.698707
-34.3550 23.2720 16.9370 -0.27052 0.07694 0.95964 0.499576 0.488002
-21.1840 45.3270 17.6020 -0.14704 0.10255 0.98380 0.510780 0.602282
-12.9460 75.3730 -5.0690 -0.58578 0.67389 -0.45027 0.372106 0.713645
-27.7570 49.1780 15.1650 -0.50384 0.26986 0.82056 0.477105 0.601846
-11.4570 65.1250 -16.4150 -0.39159 0.38436 -0.83601 0.317108 0.679540
-12.8860 64.5450 -15.9310 -0.48572 0.44187 -0.75421 0.321205 0.674673
-11.2610 76.2310 -5.8780 -0.56477 0.67433 -0.47573 0.366819 0.719643
-26.7740 49.9120 15.4830 -0.44142 0.25520 0.86025 0.479295 0.606820
-32.2070 24.1990 17.3940 -0.20956 0.06142 0.97587 0.507163 0.494912
-26.3600 48.5790 16.0190 -0.32050 0.19904 0.92610 0.484304 0.602881
-34.1130 24.8650 16.8420 -0.27662 0.08284 0.95740 0.498346 0.494932
-11.8740 65.7210 -15.9050 -0.44051 0.46189 -0.76981 0.320699 0.680656
-25.8660 49.5210 15.9750 -0.32238 0.20002 0.92524 0.483840 0.607525
-9.2300 77.5750 -6.3190 -0.54800 0.68238 -0.48379 0.362617 0.728141
-9.9000 65.6880 -16.8340 -0.32935 0.33342 -0.88338 0.312831 0.684713
-33.5100 26.1030 16.9240 -0.26500 0.07772 0.96111 0.499099 0.500908
-27.1870 51.2430 14.7370 -0.57274 0.34591 0.74318 0.473772 0.610617
-9.6690 67.6940 -16.0400 -0.44504 0.45125 -0.77351 0.318106 0.691798
-11.1920 66.7610 -15.6130 -0.48947 0.48258 -0.72632 0.321574 0.685577
-30.7110 23.2450 17.7090 -0.16212 0.04696 0.98565 0.514534 0.493060
-12.7030 66.0490 -15.0870 -0.53134 0.51035 -0.67619 0.325715 0.680148
-26.1800 51.1920 15.4150 -0.45327 0.28150 0.84576 0.478332 0.612868
-14.2610 65.7550 -13.9140 -0.57877 0.52665 -0.62263 0.332629 0.676255
-24.5800 49.6880 16.3070 -0.26502 0.16372 0.95024 0.488155 0.611200
-12.7020 67.0690 -14.2410 -0.55082 0.53027 -0.64452 0.329901 0.683709
-25.5840 50.4890 15.8730 -0.34070 0.21058 0.91629 0.482502 0.611755
-29.0500 24.1570 17.9250 -0.12309 0.03381 0.99182 0.519984 0.499397
-8.0380 78.3630 -6.5350 -0.53122 0.68958 -0.49222 0.360276 0.733159
-23.6060 51.0490 16.3560 -0.25947 0.17205 0.95030 0.488337 0.618615
-29.7550 25.4230 17.7680 -0.16293 0.05191 0.98527 0.515345 0.503726
-24.7130 51.6940 15.8940 -0.33306 0.21867 0.91720 0.482634 0.618267
-8.4140 67.9780 -16.5220 -0.38907 0.39121 -0.83401 0.314035 0.695411
-8.1110 66.8490 -17.0490 -0.27442 0.27156 -0.92247 0.309607 0.692405
-6.1620 78.8290 -7.8160 -0.50063 0.68663 -0.52716 0.352472 0.738153
-23.2900 48.6050 16.8200 -0.21769 0.13997 0.96593 0.495496 0.610191
-11.0600 67.7580 -15.0280 -0.51866 0.51255 -0.68432 0.324632 0.689228
-10.0870 68.6540 -15.0530 -0.51632 0.52115 -0.67957 0.323647 0.694218
-20.8180 46.8290 17.4900 -0.15236 0.11404 0.98172 0.508593 0.609118
-22.0240 48.3060 17.1090 -0.17539 0.12730 0.97623 0.500758 0.612061
-33.2950 27.5040 16.8630 -0.26194 0.07699 0.96201 0.497919 0.506975
-31.5450 26.7810 17.3430 -0.21068 0.06580 0.97534 0.506135 0.506673
-10.2910 69.4200 -14.2580 -0.52889 0.55369 -0.64320 0.327776 0.696471
-5.6430 79.7910 -7.0040 -0.49838 0.70244 -0.50813 0.355242 0.742778
-8.5650 68.9830 -15.8210 -0.46415 0.48391 -0.74189 0.318184 0.698432
-9.4360 69.3190 -15.0580 -0.49908 0.53098 -0.68482 0.323137 0.697761
-23.3290 50.1210 16.5900 -0.23922 0.15153 0.95907 0.491662 0.615831
-32.3340 28.4620 17.0350 -0.24593 0.06825 0.96688 0.500392 0.512384
-22.6280 49.5480 16.8260 -0.19411 0.13733 0.97132 0.495575 0.615374
-31.8260 29.7050 17.0880 -0.24544 0.07906 0.96618 0.500540 0.518276
-10.4170 77.6050 -4.8490 -0.56784 0.69559 -0.44013 0.370228 0.726453
-7.3450 68.3580 -16.8130 -0.32468 0.32635 -0.88774 0.311143 0.698971
-8.4880 79.0560 -4.9820 -0.54666 0.70651 -0.44945 0.367368 0.735238
-30.3340 28.9160 17.4830 -0.20053 0.05739 0.97800 0.507782 0.517457
-6.5470 79.9510 -5.8630 -0.51694 0.71375 -0.47258 0.361245 0.741869
-20.3100 49.2100 17.2850 -0.16064 0.11741 0.98000 0.504619 0.619740
-20.8750 50.6410 17.0060 -0.17996 0.12718 0.97542 0.499031 0.623877
-28.1400 26.7110 17.9420 -0.12143 0.03495 0.99198 0.519906 0.511728
-20.7220 59.9500 -12.5120 -0.62370 0.50281 -0.59848 0.343884 0.644280
-28.8900 27.6460 17.7890 -0.15969 0.04438 0.98617 0.515496 0.514472
-29.2370 29.2370 17.6700 -0.16660 0.05774 0.98433 0.511639 0.520579
-22.3270 38.5500 18.0460 -0.10124 0.06429 0.99278 0.521233 0.572160
-12.1390 76.7520 -3.9220 -0.59049 0.70031 -0.40111 0.376070 0.720496
-21.6170 61.4750 -10.3250 -0.62946 0.51582 -0.58114 0.355097 0.648146
-27.5370 28.2600 17.9630 -0.12413 0.03744 0.99156 0.519906 0.519293
-20.0830 62.1520 -11.2900 -0.61506 0.51570 -0.59645 0.349401 0.653217
-11.1460 78.0400 -3.0710 -0.59685 0.75168 -0.28063 0.378488 0.727346
-9.7380 78.8550 -3.7100 -0.57037 0.74307 -0.35003 0.374202 0.732619
-37.3530 31.6910 13.7620 -0.73524 0.27686 0.61868 0.471614 0.517310
-19.9610 38.9910 18.1880 -0.05526 0.04517 0.99745 0.529032 0.578952
-37.4120 33.3430 12.8910 -0.75680 0.28572 0.58790 0.466961 0.523539
-13.3550 76.6100 -1.4590 -0.64047 0.76231 -0.09320 0.387493 0.719149
-21.2130 40.0280 18.0510 -0.09295 0.06410 0.99361 0.522277 0.580626
-12.3000 77.4720 -1.5710 -0.61844 0.77981 -0.09714 0.385875 0.724183
-16.3520 64.9130 -12.6370 -0.59281 0.52420 -0.61138 0.340344 0.669536
-36.3400 33.0020 14.3800 -0.69982 0.26664 0.66269 0.474769 0.524031
-19.1280 63.6830 -10.9910 -0.61292 0.51949 -0.59536 0.350302 0.660286
-20.9380 42.0180 17.9420 -0.10456 0.07753 0.99149 0.519050 0.589402
-10.5880 78.6670 -1.9920 -0.58984 0.80128 -0.10025 0.382174 0.731566
-35.4470 31.4820 15.5610 -0.48105 0.18562 0.85682 0.482462 0.519565
-17.6870 65.3370 -10.9650 -0.59993 0.53197 -0.59757 0.349409 0.668684
-35.8440 32.5170 14.9950 -0.60391 0.23401 0.76193 0.478495 0.522967
-19.8830 41.0850 18.1020 -0.06860 0.06196 0.99572 0.524899 0.587859
-18.7570 40.4560 18.1880 -0.03418 0.04224 0.99852 0.530347 0.587679
-34.3700 30.9280 16.1150 -0.36797 0.14626 0.91827 0.488018 0.519097
-15.5710 66.4250 -12.1070 -0.59227 0.52866 -0.60806 0.342415 0.676255
-34.9550 32.8260 15.5340 -0.48831 0.18438 0.85297 0.482203 0.525638
-35.2280 33.9940 15.0500 -0.61065 0.23646 0.75577 0.478613 0.529731
-22.6280 62.2500 -8.4020 -0.66091 0.53938 -0.52180 0.364738 0.649269
-34.7360 34.2210 15.3340 -0.51570 0.21070 0.83046 0.480534 0.531442
-20.4620 63.7390 -9.5030 -0.63392 0.53666 -0.55690 0.358256 0.658218
-33.5960 32.4980 16.2360 -0.37139 0.12814 0.91959 0.488682 0.526599
-7.4370 80.2830 -4.2800 -0.53890 0.75610 -0.37135 0.368962 0.741889
-16.9800 41.7620 18.1790 -0.02076 0.03682 0.99911 0.533933 0.597056
-8.5250 79.9580 -3.0680 -0.56143 0.79730 -0.22162 0.375248 0.739364
-6.9500 81.0430 -3.1430 -0.54598 0.80905 -0.21760 0.372833 0.746305
-36.8780 35.0970 12.7420 -0.76117 0.29562 0.57726 0.465941 0.531105
-6.2400 81.3280 -3.6790 -0.51969 0.80299 -0.29176 0.369725 0.748386
-6.1580 80.8970 -4.7570 -0.51152 0.75841 -0.40394 0.365288 0.746415
-9.6880 79.2330 -2.6610 -0.58004 0.79391 -0.18236 0.378358 0.734779
-20.1140 43.7060 17.8770 -0.09572 0.08156 0.99206 0.518300 0.598144
-18.7930 42.0870 18.0980 -0.05452 0.06288 0.99653 0.526658 0.594416
-8.9270 79.8990 -1.9050 -0.57057 0.81696 -0.08383 0.380430 0.739360
-35.6470 35.4790 14.0830 -0.71563 0.27258 0.64310 0.472849 0.534702
-36.0900 36.3080 13.1440 -0.75250 0.30658 0.58289 0.467831 0.537057
-18.0630 44.0460 18.0210 -0.06295 0.06837 0.99567 0.524900 0.604195
-35.1050 36.4860 14.2590 -0.69487 0.28857 0.65869 0.473606 0.539502
-8.0220 80.4870 -2.0790 -0.55862 0.82405 -0.09425 0.378534 0.743148
-17.4060 66.3650 -10.3180 -0.60663 0.54851 -0.57544 0.352317 0.672838
-34.9810 34.9840 14.9290 -0.62402 0.24621 0.74161 0.477745 0.533968
-19.9570 45.9030 17.7170 -0.11045 0.09410 0.98942 0.513855 0.607435
-4.0180 80.9530 -6.9870 -0.47231 0.72225 -0.50525 0.353156 0.750108
-4.9930 80.9540 -5.9900 -0.49535 0.73531 -0.46256 0.358632 0.748462
-4.8390 81.8500 -4.6010 -0.49809 0.78399 -0.37049 0.364067 0.752526
-13.9280 67.8430 -12.4560 -0.57811 0.54457 -0.60764 0.339562 0.684177
-29.7810 30.9680 17.4370 -0.19669 0.07304 0.97774 0.506661 0.526823
-16.1570 43.5250 18.1420 -0.02315 0.04477 0.99873 0.532935 0.606313
-6.2060 81.6390 -2.6200 -0.53434 0.83419 -0.13638 0.373859 0.750417
-4.8480 82.3940 -3.1220 -0.51538 0.83218 -0.20461 0.369913 0.755437
-6.5080 81.5600 -1.0740 -0.53753 0.84310 -0.01551 0.380460 0.751203
-16.7510 45.8490 17.9610 -0.05428 0.06789 0.99621 0.525376 0.614697
-5.0960 82.3860 -1.9560 -0.52058 0.85177 -0.05896 0.374872 0.756118
-14.6150 44.7120 18.1030 -0.00365 0.04651 0.99891 0.535748 0.614784
-27.6760 30.0740 17.8540 -0.14600 0.05147 0.98794 0.516433 0.526711
-12.9570 76.9570 -0.2930 -0.63470 0.77217 0.03024 0.391856 0.722303
-12.7400 77.0180 1.0270 -0.62619 0.77511 0.08421 0.397144 0.724405
-11.8910 77.7710 -0.0320 -0.61405 0.78848 0.03526 0.391737 0.727683
-19.1490 47.8470 17.6050 -0.11777 0.09507 0.98848 0.512068 0.617173
-10.4230 78.9120 -0.2180 -0.57893 0.81537 -0.00102 0.389198 0.734525
-18.1510 45.9520 17.8490 -0.07793 0.08089 0.99367 0.520142 0.611847
-17.4500 47.7130 17.7860 -0.08117 0.07160 0.99413 0.518386 0.620726
-12.0600 68.7230 -13.4070 -0.55042 0.55254 -0.62589 0.333512 0.690671
-10.8290 78.5220 1.1540 -0.59961 0.79559 0.08660 0.395411 0.733913
-18.3010 49.8070 17.5340 -0.13036 0.09927 0.98648 0.510167 0.627095
-11.0310 77.9080 3.9320 -0.58249 0.78775 0.20039 0.407496 0.734845
-15.2640 47.1640 17.9530 -0.03238 0.05797 0.99779 0.527427 0.623696
-9.7930 79.3030 -0.7150 -0.57224 0.81959 -0.02863 0.386388 0.736768
-13.1040 45.6850 18.0380 0.00418 0.05020 0.99873 0.538797 0.622436
-13.1040 45.6850 18.0380 0.06148 0.02476 0.99780 0.048337 0.601451
-8.5690 80.2070 -0.2280 -0.57110 0.82077 0.01324 0.386757 0.743046
-8.5500 80.1540 0.9740 -0.55349 0.82897 0.08034 0.391691 0.744378
-12.5760 47.8940 17.9330 -0.00490 0.05132 0.99867 0.535134 0.633069
-12.5760 47.8940 17.9330 0.04328 0.04211 0.99818 0.045141 0.610135
-14.7170 49.4380 17.8420 -0.03435 0.06600 0.99723 0.523565 0.634589
-7.4650 80.8700 0.6590 -0.53726 0.84025 0.07296 0.388880 0.748916
-9.9060 78.9240 3.0740 -0.56814 0.80463 0.17257 0.402353 0.739811
-11.0490 46.5270 17.9030 0.06908 0.02523 0.99729 0.053701 0.609087
-8.2800 80.0240 3.0770 -0.53477 0.82441 0.18539 0.400178 0.747455
-28.5910 53.9770 11.1050 -0.70718 0.46598 0.53175 0.454737 0.616391
-27.6470 53.0740 13.0460 -0.69587 0.44401 0.56447 0.464476 0.615814
-10.3450 78.0950 4.8410 -0.55234 0.79276 0.25780 0.410741 0.738514
-8.7080 78.8700 5.8760 -0.53738 0.79801 0.27276 0.413271 0.746889
-27.8520 54.4540 11.6330 -0.71099 0.45214 0.53858 0.457242 0.619886
-26.5900 55.6250 12.4070 -0.70661 0.44536 0.54986 0.460497 0.627134
-27.1400 56.3790 11.0250 -0.72496 0.45739 0.51500 0.453623 0.628078
-10.1930 77.6560 6.4520 -0.55356 0.77647 0.30110 0.417835 0.739759
-27.0330 52.8270 13.9410 -0.66160 0.41445 0.62492 0.469053 0.616542
-26.5610 53.8500 13.8000 -0.68297 0.41086 0.60394 0.467969 0.621270
-26.2190 56.4810 12.1510 -0.69287 0.46790 0.54864 0.458999 0.630942
-26.0500 58.0820 10.9740 -0.70509 0.48915 0.51340 0.452779 0.636526
-0.2380 83.5190 -6.5270 -0.42515 0.77937 -0.46025 0.349482 0.767222
-3.5510 81.8880 -5.9760 -0.46980 0.75328 -0.46029 0.356643 0.754712
-3.5420 82.4340 -5.0370 -0.47775 0.78548 -0.39342 0.360434 0.757050
-24.8420 57.1150 13.3080 -0.67298 0.44989 0.58710 0.464455 0.636835
-26.2720 52.7350 14.7310 -0.56926 0.36134 0.73849 0.473376 0.618136
-2.3110 82.8760 -5.6050 -0.45063 0.78419 -0.42659 0.356340 0.760906
-25.2240 52.7890 15.3750 -0.44597 0.28928 0.84701 0.477721 0.620943
-23.6780 52.7610 16.0190 -0.30016 0.20500 0.93160 0.483657 0.624717
-25.9110 53.8870 14.4470 -0.60179 0.37222 0.70661 0.471354 0.623073
-25.6590 55.2830 13.8080 -0.66584 0.43624 0.60527 0.467521 0.628507
-24.5890 54.3810 15.1620 -0.48149 0.32266 0.81490 0.475670 0.628188
-2.2830 83.4270 -4.4370 -0.44904 0.82888 -0.33365 0.360899 0.763573
-0.2310 84.3930 -4.7080 -0.42544 0.84004 -0.33665 0.356620 0.771293
-23.8260 53.7010 15.7320 -0.35569 0.25076 0.90034 0.480563 0.627723
-22.9530 53.8120 15.9910 -0.27918 0.21407 0.93607 0.483418 0.630369
-24.0460 55.3730 15.0760 -0.49042 0.33494 0.80456 0.474831 0.633057
-23.5440 54.6520 15.5630 -0.37309 0.26432 0.88935 0.478906 0.631834
-22.2210 51.2560 16.6550 -0.21266 0.15646 0.96452 0.492736 0.622832
-22.2840 52.6070 16.3980 -0.23399 0.17484 0.95639 0.488997 0.627692
-20.5930 52.2680 16.8470 -0.19565 0.14497 0.96990 0.495819 0.630775
1.4340 84.4320 -6.4490 -0.39988 0.80954 -0.42981 0.347159 0.774136
-19.4080 51.0000 17.2180 -0.16308 0.11928 0.97938 0.503233 0.628977
-20.9600 54.4070 16.4070 -0.23656 0.18181 0.95445 0.488767 0.637756
4.1390 85.6620 -6.4600 -0.37262 0.83412 -0.40669 0.342654 0.784651
-19.1160 53.5960 16.9280 -0.18607 0.13762 0.97285 0.497301 0.639649
1.3760 85.3340 -4.2870 -0.39519 0.87558 -0.27780 0.355631 0.778509
2.8930 85.6840 -5.1550 -0.37961 0.86478 -0.32870 0.349774 0.782631
-25.0720 55.5190 14.2410 -0.60153 0.41268 0.68400 0.469728 0.630871
-24.1090 56.9330 14.1920 -0.60438 0.42328 0.67496 0.469107 0.638234
-3.5910 83.0050 -3.6390 -0.47804 0.84001 -0.25663 0.366027 0.759812
-23.9580 56.2300 14.7240 -0.53921 0.38721 0.74788 0.472367 0.636256
-24.9520 58.4380 12.0920 -0.70168 0.47211 0.53363 0.457984 0.640798
-24.3470 57.7720 13.3940 -0.66426 0.44808 0.59832 0.464583 0.640370
-24.4070 58.8550 12.4420 -0.68431 0.48020 0.54875 0.459457 0.643692
-4.1100 82.9280 -2.5940 -0.49196 0.86273 -0.11690 0.370872 0.759397
-23.0110 57.2910 14.8520 -0.51718 0.36957 0.77197 0.472844 0.642447
-23.3510 58.3100 14.0330 -0.61877 0.42785 0.65883 0.467653 0.644945
-2.8480 83.6230 -2.4480 -0.46016 0.88270 -0.09534 0.369504 0.764795
-1.9060 83.9090 -3.6050 -0.44913 0.86479 -0.22455 0.363541 0.766719
-4.1550 82.9780 -1.5090 -0.49223 0.87025 -0.01967 0.375208 0.760740
-3.4290 83.3620 -0.9410 -0.46694 0.88408 0.01920 0.376348 0.764465
-22.9920 56.2630 15.3140 -0.42846 0.31153 0.84816 0.476286 0.638957
-22.1080 56.2090 15.6920 -0.31037 0.24802 0.91769 0.479693 0.641143
0.4570 85.0570 -3.7330 -0.41685 0.88577 -0.20407 0.359256 0.775924
-0.8040 84.5730 -3.0860 -0.43721 0.88987 -0.13031 0.363768 0.772019
-21.8210 57.7970 15.3080 -0.38645 0.29530 0.87376 0.475919 0.647442
-21.8780 58.6410 14.9630 -0.45396 0.36223 0.81407 0.473013 0.650160
-22.6020 58.7000 14.4490 -0.55837 0.41085 0.72072 0.469763 0.648342
0.3150 85.1640 -2.5220 -0.40607 0.91175 -0.06181 0.364106 0.777328
-1.8610 84.1860 -1.2250 -0.44106 0.89748 -0.00165 0.372687 0.770536
-20.1620 56.0460 16.2700 -0.24519 0.20866 0.94675 0.486849 0.645843
-19.0130 54.8580 16.7810 -0.19891 0.15797 0.96720 0.494163 0.644646
-21.2470 57.0510 15.7130 -0.28316 0.24378 0.92758 0.480167 0.646438
2.2890 85.9030 -3.4610 -0.37785 0.91706 -0.12739 0.357218 0.783468
-18.3740 56.3690 16.6250 -0.21147 0.18980 0.95878 0.491893 0.651984
-19.5630 57.9200 15.9980 -0.25768 0.22817 0.93890 0.483302 0.654202
1.1650 85.5400 -1.7450 -0.38216 0.92409 -0.00443 0.365680 0.781737
0.1970 85.0930 -0.3600 -0.39805 0.91634 0.04345 0.372704 0.779856
3.3460 86.3920 -2.4550 -0.35309 0.93494 -0.03495 0.359227 0.789046
-24.0050 59.8660 12.0100 -0.68911 0.49290 0.53120 0.457001 0.648030
-23.8130 61.3440 10.8530 -0.70482 0.50411 0.49910 0.450882 0.653111
-6.0860 81.7680 0.4990 -0.52069 0.85108 0.06744 0.386209 0.754885
-6.0730 81.5880 2.0820 -0.50829 0.84749 0.15296 0.392747 0.756562
-23.9460 62.3350 9.6210 -0.72600 0.53311 0.43442 0.444728 0.655576
-8.9670 77.9900 7.6530 -0.53454 0.77243 0.34294 0.421881 0.746078
-22.3800 63.7390 10.2440 -0.67777 0.56950 0.46508 0.446937 0.664567
-7.5180 79.1960 7.2440 -0.52150 0.79095 0.32007 0.417735 0.753325
-22.7300 59.7420 13.6330 -0.63244 0.46070 0.62271 0.464964 0.651396
-23.0290 60.8180 12.3910 -0.67846 0.48737 0.54969 0.458364 0.653912
-6.0960 81.1330 3.8270 -0.49950 0.83816 0.21907 0.400322 0.757828
-6.6720 80.4470 5.0900 -0.51149 0.82287 0.24751 0.406729 0.756145
-21.7180 60.0990 14.2730 -0.54431 0.42792 0.72153 0.468308 0.655493
-4.9040 82.1640 2.4810 -0.48995 0.85309 0.17939 0.392648 0.762002
-4.6000 82.0110 3.9100 -0.49161 0.84341 0.21677 0.398239 0.764620
-21.7260 61.2760 13.5250 -0.60591 0.48144 0.63331 0.463623 0.659279
-5.3060 81.0300 5.9220 -0.49129 0.82988 0.26443 0.408214 0.763048
-2.8670 82.5280 5.5730 -0.46227 0.84479 0.26950 0.402387 0.773782
-6.1870 80.2110 6.7140 -0.50267 0.81064 0.30030 0.413228 0.759418
-22.8910 62.3050 11.1580 -0.68208 0.52826 0.50568 0.451800 0.658842
-21.6780 63.0630 11.9180 -0.65304 0.54380 0.52709 0.455023 0.664898
-5.1260 80.7600 6.9960 -0.48549 0.81585 0.31414 0.412703 0.764629
-20.8090 65.6350 10.1930 -0.68368 0.57515 0.44921 0.445701 0.674989
-22.0840 62.3230 12.1820 -0.65355 0.52456 0.54562 0.456595 0.661422
-20.3610 61.9250 14.1940 -0.53778 0.44583 0.71557 0.467075 0.665445
-21.2240 62.5250 12.9340 -0.62261 0.50662 0.59640 0.460212 0.664701
-2.8380 81.8470 7.5570 -0.44468 0.83224 0.33112 0.411130 0.775554
-3.8210 81.0850 8.0630 -0.46196 0.80959 0.36216 0.415260 0.771375
-20.0660 63.7680 13.1790 -0.61049 0.50094 0.61348 0.460613 0.672161
-1.4690 82.8330 6.7600 -0.42815 0.84803 0.31230 0.405029 0.780952
-20.8880 64.4610 11.4210 -0.66563 0.55040 0.50399 0.451996 0.671495
-4.8360 82.5670 -0.5160 -0.50434 0.86290 0.03248 0.380227 0.759091
-19.8890 64.7580 12.4320 -0.65370 0.52700 0.54309 0.456463 0.675672
-20.3610 65.4960 10.9880 -0.67857 0.55478 0.48142 0.449378 0.676142
-18.8930 65.0070 13.2480 -0.57920 0.50742 0.63801 0.460305 0.679673
-20.4350 60.7750 14.7640 -0.45427 0.37676 0.80728 0.471093 0.661466
-3.5840 83.1780 0.8710 -0.47479 0.87531 0.09163 0.383839 0.766040
-1.2600 84.3810 0.7250 -0.42527 0.90092 0.08649 0.379420 0.775471
-20.8460 58.4510 15.4940 -0.32320 0.28311 0.90299 0.477366 0.652425
-4.8920 82.3610 1.3920 -0.49394 0.86197 0.11411 0.388079 0.760990
-17.6600 57.9500 16.4780 -0.21393 0.19443 0.95730 0.489483 0.659739
-20.0290 59.9670 15.2790 -0.35272 0.30357 0.88512 0.475292 0.659929
-18.9400 60.0080 15.6300 -0.28660 0.25131 0.92450 0.478826 0.663237
-17.8430 59.3110 16.1210 -0.24941 0.22525 0.94184 0.484637 0.664037
-3.7550 82.8690 2.2620 -0.47760 0.86356 0.16173 0.389845 0.766787
-2.3520 83.6870 1.7820 -0.44853 0.88229 0.14276 0.385524 0.772184
-19.0140 61.1600 15.2760 -0.34011 0.29922 0.89151 0.474866 0.666937
-19.2730 62.0370 14.8290 -0.43499 0.37523 0.81853 0.470956 0.669082
-17.7730 61.3090 15.6300 -0.27421 0.26871 0.92337 0.478434 0.671163
-17.1160 60.4900 16.0420 -0.24080 0.24699 0.93862 0.483208 0.670317
-0.9720 84.2820 2.2930 -0.41775 0.89443 0.15966 0.385256 0.778482
-2.6840 83.1440 3.7450 -0.45795 0.86510 0.20465 0.394219 0.772889
-18.9970 63.5420 14.1950 -0.50929 0.44121 0.73889 0.466270 0.674793
-18.5070 62.4800 15.0010 -0.37386 0.34668 0.86026 0.472077 0.672862
-17.9050 63.5970 14.8160 -0.40382 0.36959 0.83686 0.470140 0.678385
-16.9040 63.3380 15.2860 -0.28556 0.29378 0.91222 0.474301 0.680650
0.1400 84.9020 1.4780 -0.39312 0.91165 0.11981 0.380057 0.781998
-17.2670 65.6870 14.0910 -0.48610 0.46202 0.74178 0.464337 0.687056
1.7170 85.6920 0.3180 -0.36940 0.92620 0.07548 0.372729 0.786735
-16.4760 64.9390 14.8650 -0.35699 0.36117 0.86146 0.469968 0.687261
2.6110 86.0960 -0.9530 -0.35706 0.93361 0.02957 0.366250 0.788410
3.6350 86.4120 0.2610 -0.33792 0.93811 0.07585 0.369126 0.794032
2.9070 85.9760 1.7060 -0.35176 0.92755 0.12615 0.376070 0.793180
-18.3610 52.4030 17.2260 -0.15511 0.12097 0.98046 0.503131 0.637105
-17.1420 49.6870 17.6710 -0.08551 0.08289 0.99288 0.514484 0.629520
0.5190 84.8200 2.9170 -0.39333 0.90213 0.17737 0.385187 0.785251
-17.6120 50.9050 17.5040 -0.11730 0.10518 0.98751 0.509699 0.633201
1.5200 85.3600 2.3730 -0.36991 0.91632 0.15339 0.381183 0.788617
-17.3720 53.8750 17.1970 -0.14322 0.12707 0.98150 0.502439 0.645428
-15.7760 51.0650 17.6410 -0.06910 0.08360 0.99410 0.515558 0.638585
-16.2760 52.8620 17.4500 -0.10233 0.10050 0.98966 0.508933 0.644453
-13.0050 49.8330 17.8230 0.02170 0.05412 0.99830 0.039110 0.615720
-13.0050 49.8330 17.8230 -0.00082 0.05594 0.99843 0.528445 0.640524
-0.6490 84.0470 4.1530 -0.41263 0.88622 0.21061 0.392338 0.781890
-1.9130 83.1360 5.2520 -0.43872 0.85971 0.26158 0.399245 0.777660
-13.7460 51.1390 17.7500 -0.02164 0.07133 0.99722 0.522255 0.644181
-14.4170 53.1450 17.5750 -0.04953 0.08763 0.99492 0.514315 0.650640
1.5120 84.9480 4.3160 -0.37421 0.90197 0.21546 0.389051 0.790953
-0.6650 83.6300 5.6330 -0.41330 0.86859 0.27338 0.398582 0.783372
0.2790 84.2420 5.0270 -0.38823 0.88718 0.24939 0.394257 0.786698
-15.3360 54.4020 17.3770 -0.09197 0.11749 0.98881 0.507655 0.653086
-0.2890 82.7560 8.4590 -0.38526 0.83211 0.39896 0.410184 0.787732
-1.4680 82.2500 8.2430 -0.41605 0.82815 0.37559 0.411600 0.782270
0.1780 83.5240 7.1260 -0.38090 0.86408 0.32907 0.403366 0.788503
-15.9070 56.1600 17.0740 -0.12321 0.13996 0.98246 0.500587 0.658201
-13.8070 56.2660 17.2730 -0.07029 0.11892 0.99041 0.506922 0.664748
-12.0070 51.4910 17.7270 0.02392 0.05369 0.99827 0.038722 0.623732
-12.0070 51.4910 17.7270 -0.00683 0.06993 0.99753 0.527027 0.650394
-11.9340 53.5970 17.5840 0.01392 0.06403 0.99785 0.033990 0.631094
-11.9340 53.5970 17.5840 -0.01852 0.07528 0.99699 0.521140 0.659315
4.1670 86.3790 2.3380 -0.33093 0.93164 0.15012 0.376208 0.798938
-13.3180 54.6380 17.4720 -0.03837 0.09550 0.99469 0.513483 0.659800
3.2840 85.8080 3.5420 -0.33847 0.92037 0.19587 0.382656 0.797060
-11.5760 55.8770 17.4120 -0.03631 0.10309 0.99401 0.514996 0.670211
-11.5760 55.8770 17.4120 -0.00373 0.07887 0.99688 0.029804 0.639804
5.4940 86.6270 3.2890 -0.30104 0.93173 0.20311 0.377507 0.805289
4.0480 85.8830 4.3190 -0.30769 0.91891 0.24685 0.384378 0.801030
6.3020 86.5360 4.6220 -0.28055 0.91900 0.27701 0.381314 0.810162
-17.3880 56.2290 16.8460 -0.16714 0.16138 0.97263 0.495568 0.654251
1.1160 83.5580 7.9220 -0.33437 0.86145 0.38224 0.405119 0.793259
1.9200 84.6250 6.0270 -0.35084 0.88506 0.30591 0.395391 0.794587
-16.1450 57.3810 16.8580 -0.14919 0.15887 0.97596 0.496096 0.662060
2.8840 84.5040 7.2800 -0.30365 0.87907 0.36746 0.398920 0.799955
2.6950 83.8760 8.5320 -0.28205 0.84744 0.44978 0.404765 0.800561
3.9580 84.2950 8.4490 -0.24977 0.85461 0.45526 0.402047 0.805683
2.4250 85.1590 5.0020 -0.34489 0.90367 0.25382 0.390138 0.795472
-10.8650 49.7680 17.7800 0.04827 0.03846 0.99809 0.046804 0.620554
3.1070 85.0870 5.9370 -0.30437 0.89984 0.31250 0.392782 0.799304
4.8560 85.6840 5.8830 -0.28912 0.90586 0.30956 0.389246 0.806195
-8.7450 50.1530 17.6260 0.08294 0.02455 0.99625 0.053391 0.626845
4.5190 85.1150 7.0660 -0.27774 0.88317 0.37798 0.394908 0.806316
-9.3060 52.4830 17.6020 0.05610 0.04270 0.99751 0.045874 0.633509
5.5810 85.6420 6.6030 -0.25733 0.89437 0.36590 0.390873 0.809965
7.4610 86.6190 5.3880 -0.23433 0.91711 0.32249 0.382193 0.815626
-8.4210 54.2030 17.4750 0.05534 0.04247 0.99756 0.044885 0.641500
-7.1190 51.9170 17.4120 0.09399 0.02135 0.99534 0.054960 0.636731
7.8710 86.1490 6.8190 -0.20586 0.88947 0.40801 0.387376 0.819144
9.0800 86.9140 5.5790 -0.19504 0.92047 0.33865 0.379898 0.821998
6.5990 85.4570 7.5700 -0.21615 0.86912 0.44487 0.393117 0.815212
5.3880 84.9260 8.0350 -0.22918 0.85946 0.45695 0.397457 0.811011
-10.1750 55.3240 17.4610 0.01270 0.06929 0.99752 0.036041 0.641203
6.8310 84.7180 8.9750 -0.19133 0.82425 0.53291 0.399038 0.818010
7.6640 85.3540 8.2320 -0.20691 0.85171 0.48143 0.394010 0.820296
8.4240 85.0450 9.0380 -0.10986 0.75090 0.65121 0.396170 0.824435
8.6710 86.2410 6.9740 -0.20750 0.88962 0.40683 0.386502 0.822424
-5.6560 53.6230 17.2690 0.10461 0.01375 0.99442 0.056022 0.646037
-14.3150 57.7220 17.0350 -0.10237 0.13940 0.98493 0.500747 0.668746
5.0210 86.5170 -5.3930 -0.36303 0.87620 -0.31699 0.345278 0.790340
-12.6810 57.9500 17.1380 -0.05784 0.12119 0.99094 0.504941 0.674605
3.7820 86.4340 -3.8930 -0.35929 0.91793 -0.16826 0.353054 0.788426
5.0020 86.7360 -4.6270 -0.34869 0.91028 -0.22319 0.348195 0.791714
-9.9110 57.7740 17.2600 0.00763 0.08129 0.99666 0.031104 0.650276
-9.9110 57.7740 17.2600 -0.03934 0.11171 0.99296 0.513525 0.682922
-11.6940 60.1540 16.9190 -0.06856 0.13297 0.98875 0.500495 0.685847
-9.4750 59.7140 17.0680 -0.00896 0.10078 0.99487 0.027956 0.657992
-9.4750 59.7140 17.0680 -0.04223 0.10978 0.99306 0.508362 0.691305
-10.5710 61.1300 16.8660 -0.05952 0.13214 0.98944 0.500448 0.692960
6.3190 86.5580 -6.5760 -0.34310 0.85177 -0.39593 0.338548 0.792810
-16.6430 58.8270 16.5200 -0.19494 0.19058 0.96212 0.490023 0.665862
8.3330 87.2890 -6.6600 -0.30665 0.87508 -0.37445 0.334737 0.800204
6.5120 87.0810 -5.4210 -0.32785 0.90211 -0.28056 0.342590 0.795894
-15.5720 60.6830 16.3470 -0.18928 0.21399 0.95832 0.487365 0.675694
7.0410 87.4530 -4.6340 -0.30616 0.93829 -0.16086 0.344591 0.799275
-15.1230 59.1550 16.7180 -0.14011 0.17072 0.97531 0.493698 0.671583
8.4830 87.7400 -5.4600 -0.29257 0.92695 -0.23487 0.338961 0.803097
10.1360 87.7870 -6.8950 -0.27474 0.88803 -0.36867 0.330652 0.806357
-13.3070 59.2430 16.9170 -0.09538 0.14719 0.98450 0.498833 0.677447
-13.3070 60.6860 16.6800 -0.11809 0.16986 0.97837 0.494062 0.682708
9.9890 88.2920 -4.8870 -0.24497 0.95776 -0.15064 0.338356 0.809564
8.5690 87.9980 -4.0800 -0.28280 0.95396 -0.09995 0.343894 0.805783
-15.2200 61.9280 16.1230 -0.21290 0.24364 0.94621 0.484277 0.681150
9.8160 88.0670 -5.7590 -0.26736 0.93102 -0.24845 0.335461 0.807395
11.2010 88.3550 -6.0490 -0.24267 0.94026 -0.23881 0.331873 0.811830
-13.6410 62.1330 16.3690 -0.15135 0.20279 0.96746 0.488238 0.686826
12.3360 88.7520 -5.4570 -0.18812 0.97170 -0.14289 0.331961 0.816938
-15.7160 64.9650 15.1100 -0.27373 0.30187 0.91321 0.472228 0.689818
-14.3470 64.3200 15.6620 -0.22982 0.26754 0.93574 0.478550 0.692103
13.9600 88.9890 -5.4800 -0.15405 0.98321 -0.09779 0.328838 0.822552
-13.3390 63.7580 16.0390 -0.18469 0.23662 0.95389 0.483466 0.693474
9.9400 88.4040 -3.8580 -0.23261 0.96995 -0.07134 0.342217 0.811109
11.6640 88.7320 -4.0870 -0.18498 0.98091 -0.05993 0.338209 0.816842
-11.9610 61.8000 16.6420 -0.10465 0.16726 0.98034 0.494184 0.690988
12.9090 88.9260 -4.2790 -0.14440 0.98812 -0.05262 0.335192 0.820903
14.7570 89.1260 -4.8550 -0.09154 0.99567 -0.01604 0.329610 0.826389
12.3360 88.9190 -1.9240 -0.14636 0.98922 -0.00461 0.344901 0.822696
-11.8320 63.7600 16.2860 -0.13840 0.20156 0.96965 0.487760 0.698420
5.4010 87.0490 -3.7140 -0.32047 0.94102 -0.10854 0.350904 0.794779
4.7940 86.9100 -2.4950 -0.32585 0.94501 -0.02784 0.356550 0.794416
6.5170 87.4570 -2.8040 -0.29529 0.95457 -0.03998 0.352336 0.800321
9.1570 88.2420 -2.4490 -0.26408 0.96431 -0.01928 0.348858 0.810515
7.2200 87.6870 -1.4180 -0.28758 0.95756 0.01960 0.356252 0.805029
-8.0200 56.5340 17.3240 0.03482 0.06320 0.99739 0.040707 0.650475
4.1160 86.6680 -1.4480 -0.33512 0.94188 0.02381 0.361719 0.793425
-6.6080 55.2520 17.3170 0.07584 0.03547 0.99649 0.048747 0.649390
5.5470 87.0930 -0.0060 -0.31327 0.94672 0.07468 0.364644 0.800895
5.9980 87.2950 -0.8710 -0.30446 0.95181 0.03677 0.360533 0.801332
-7.9120 59.2310 17.1310 0.00957 0.08641 0.99621 0.034594 0.660041
-6.5960 58.7250 17.1330 0.05136 0.06690 0.99644 0.040416 0.661412
7.0670 87.5490 0.1130 -0.28226 0.95583 0.08201 0.362314 0.806729
9.7760 88.4070 -0.6070 -0.25004 0.96623 0.06234 0.354538 0.815633
-4.5530 55.0360 17.1140 0.12227 0.02020 0.99229 0.056500 0.653516
-3.4640 52.9730 16.9810 0.14911 0.00136 0.98882 0.065358 0.648985
8.2310 87.8700 0.4060 -0.27540 0.95566 0.10425 0.361251 0.811464
10.4530 88.5760 -1.6960 -0.21304 0.97697 -0.01183 0.349238 0.816373
-5.6690 57.1190 17.1710 0.08570 0.04992 0.99507 0.047541 0.658052
-2.9070 55.0410 16.8770 0.15097 0.00920 0.98850 0.062307 0.657448
-3.3160 56.3590 16.9230 0.13540 0.02547 0.99046 0.057655 0.661028
-1.5580 56.3050 16.6510 0.17230 0.01741 0.98489 0.064003 0.665040
11.0460 88.6980 -0.5460 -0.18176 0.98003 0.08060 0.352377 0.820292
12.2490 88.8800 -0.5200 -0.15787 0.98497 0.07010 0.350251 0.824599
10.4370 88.4380 0.3920 -0.20566 0.96569 0.15859 0.357067 0.819503
6.2600 87.1740 1.4650 -0.29085 0.94899 0.12175 0.368975 0.805666
8.2480 87.7050 1.6630 -0.24540 0.95875 0.14343 0.366032 0.813343
-2.1530 58.2600 16.7000 0.14661 0.03274 0.98865 0.057134 0.670384
-4.3800 57.9600 16.9890 0.10714 0.04724 0.99312 0.050034 0.664031
9.5090 88.1500 0.7810 -0.23023 0.96018 0.15830 0.360297 0.816690
10.4180 88.1760 1.6580 -0.19811 0.96432 0.17563 0.361975 0.821274
12.0230 88.5930 1.1300 -0.13441 0.97135 0.19598 0.356908 0.826293
10.0540 87.8760 3.0850 -0.18479 0.95898 0.21495 0.368094 0.822047
7.4310 87.2200 3.4080 -0.25307 0.94326 0.21496 0.374274 0.812815
8.9740 87.2370 4.5430 -0.20057 0.93644 0.28783 0.375906 0.820138
10.4150 87.4040 4.9240 -0.16167 0.93882 0.30410 0.374673 0.826025
-19.5540 67.0990 10.2110 -0.66095 0.60424 0.44502 0.444821 0.683207
-19.2860 68.1030 9.0350 -0.66605 0.62980 0.39966 0.439074 0.686523
-19.4840 65.6080 12.1180 -0.64289 0.55058 0.53250 0.454392 0.679486
-18.4800 67.0470 11.6470 -0.62505 0.58112 0.52116 0.451417 0.686863
-7.2430 78.6440 8.7890 -0.50878 0.76823 0.38853 0.424740 0.755049
-18.2410 68.1010 10.7530 -0.65470 0.59258 0.46927 0.446567 0.690478
-18.0720 66.1040 13.1000 -0.58050 0.53861 0.61067 0.458881 0.685647
-7.0830 78.1340 9.9200 -0.49512 0.74906 0.44019 0.430136 0.755916
-16.7660 67.7250 12.9050 -0.57495 0.55717 0.59916 0.456797 0.694782
-17.0870 68.6670 11.5590 -0.60790 0.59698 0.52352 0.449788 0.696163
-5.4630 79.8670 8.5990 -0.48392 0.79068 0.37503 0.420840 0.763844
-18.5380 69.2040 8.6590 -0.67630 0.63169 0.37894 0.436601 0.691848
-17.8050 69.2750 9.8130 -0.65034 0.63832 0.41182 0.441534 0.694914
-6.4020 77.7480 11.2430 -0.47063 0.72369 0.50476 0.435905 0.759361
-17.5490 70.1630 8.6870 -0.65933 0.64171 0.39178 0.436030 0.697705
-5.5500 79.2440 9.6860 -0.47460 0.76822 0.42964 0.426334 0.763748
-16.9200 71.0970 8.3000 -0.65214 0.66070 0.37173 0.433535 0.702120
-4.7780 79.9380 9.2690 -0.46109 0.78350 0.41657 0.422837 0.767440
-17.0600 69.7180 10.1950 -0.62542 0.64595 0.43772 0.442904 0.698764
-16.3160 70.8960 9.6090 -0.62371 0.65307 0.42952 0.439323 0.704256
-5.2590 78.0410 11.7950 -0.38342 0.69781 0.60502 0.436955 0.765327
-5.1990 78.7050 10.9640 -0.43613 0.74115 0.51037 0.432223 0.765765
-17.4750 69.0710 10.5850 -0.62447 0.62574 0.46743 0.445072 0.695711
-4.8790 77.3640 12.6290 -0.27290 0.58279 0.76543 0.441761 0.766789
-3.7780 78.5920 12.0190 -0.31753 0.66150 0.67941 0.435713 0.772983
-16.6840 69.2160 11.3550 -0.61876 0.60021 0.50684 0.448468 0.699023
-16.1970 69.7340 11.4070 -0.61765 0.60932 0.49723 0.448207 0.702177
-15.9300 68.7300 12.7290 -0.56829 0.56788 0.59545 0.455233 0.700541
-4.0450 79.4640 10.8390 -0.41193 0.74214 0.52872 0.429322 0.771636
-2.6850 78.5770 12.4180 -0.21618 0.57095 0.79201 0.436465 0.778414
-3.6770 77.7840 12.7020 -0.21344 0.53442 0.81783 0.440413 0.773134
-15.6400 70.4380 11.1170 -0.59518 0.65294 0.46843 0.446390 0.705935
-2.9020 79.7160 11.2480 -0.33488 0.71835 0.60977 0.429412 0.777315
-15.3720 71.4330 10.0250 -0.61574 0.65144 0.44328 0.440713 0.709122
-15.3770 70.0720 11.9070 -0.58929 0.61155 0.52796 0.450246 0.706102
-14.5350 70.8250 11.9690 -0.58602 0.60932 0.53415 0.449848 0.711194
-14.7430 70.0860 12.5780 -0.55014 0.58860 0.59236 0.453335 0.708542
-2.5700 80.9240 9.8030 -0.38901 0.79639 0.46307 0.421103 0.778366
-15.6750 66.1460 14.6840 -0.37475 0.39220 0.84009 0.467994 0.693726
-2.4810 81.4860 8.7690 -0.41914 0.81330 0.40356 0.416040 0.778083
-16.3290 67.2410 13.6690 -0.50198 0.50061 0.70527 0.461070 0.694885
-1.5270 81.0800 10.2910 -0.35708 0.76900 0.53022 0.421604 0.783477
-15.7210 72.0310 8.5920 -0.62805 0.67922 0.37976 0.433968 0.708758
-14.5590 72.3760 9.8510 -0.61645 0.66470 0.42209 0.438976 0.714374
-1.6870 78.1100 12.8960 -0.15003 0.47772 0.86560 0.438907 0.783376
-1.8660 79.5310 11.8910 -0.26144 0.64143 0.72126 0.431388 0.782470
-0.9590 77.7110 13.2100 -0.08392 0.41090 0.90781 0.440638 0.787137
0.3500 76.9480 13.5660 0.00281 0.33451 0.94239 0.443273 0.794208
-13.4400 73.8920 9.0100 -0.61157 0.67692 0.40959 0.433732 0.721672
-0.0130 78.6830 12.8430 -0.08597 0.44590 0.89095 0.435574 0.791729
-0.9190 79.2920 12.3500 -0.17392 0.54046 0.82320 0.432873 0.787169
1.1880 75.5870 13.9550 0.08473 0.21721 0.97244 0.027460 0.739975
1.1880 75.5870 13.9550 0.06731 0.27067 0.96032 0.448342 0.799595
-14.3150 71.6990 11.2140 -0.61825 0.62324 0.47889 0.445552 0.714092
4.3810 74.6980 13.8150 0.10524 0.24823 0.96297 0.448308 0.815907
4.3810 74.6980 13.8150 0.13841 0.20008 0.96995 0.040892 0.744375
3.5060 75.7170 13.6300 0.11041 0.24222 0.96392 0.444886 0.811024
2.7380 76.9420 13.4500 0.09901 0.27152 0.95733 0.440719 0.806245
-13.3900 73.1070 10.2290 -0.59323 0.67279 0.44209 0.439848 0.720614
0.9770 78.4520 12.9840 -0.01738 0.37389 0.92731 0.435887 0.796692
2.4260 78.1520 13.0700 0.05236 0.32490 0.94430 0.435821 0.803980
4.1510 77.9430 12.9810 0.10905 0.28698 0.95171 0.434630 0.812530
-0.5860 82.0090 9.5470 -0.36380 0.79068 0.49241 0.415967 0.787270
-1.5150 80.2440 11.3370 -0.29827 0.70381 0.64474 0.427296 0.783999
-0.9050 81.0790 10.6690 -0.31561 0.74149 0.59210 0.422359 0.786572
-0.4540 80.7460 11.2450 -0.25726 0.69061 0.67593 0.424738 0.788960
-1.0840 79.8810 11.8680 -0.23768 0.63371 0.73616 0.429697 0.786256
-0.0340 79.9960 12.0550 -0.16670 0.58133 0.79641 0.429077 0.791305
1.1230 81.0190 11.5300 -0.18061 0.62771 0.75721 0.423382 0.796366
1.3400 79.5010 12.5390 -0.07187 0.46195 0.88399 0.430796 0.798058
1.3180 82.1400 10.4590 -0.26081 0.74528 0.61362 0.416790 0.796463
-14.4770 66.4470 14.9920 -0.27056 0.31982 0.90803 0.470460 0.698706
2.1050 79.1060 12.7420 0.00433 0.37456 0.92719 0.431969 0.801908
3.2360 79.5120 12.5440 0.05368 0.36352 0.93004 0.429001 0.807099
2.4840 80.2840 12.2090 -0.04824 0.48042 0.87571 0.426301 0.803133
2.3780 81.0570 11.6940 -0.10924 0.56880 0.81519 0.422531 0.802164
3.1130 82.3530 10.8170 -0.15434 0.67926 0.71748 0.415428 0.804648
3.7540 81.3570 11.6380 -0.04490 0.53129 0.84600 0.420040 0.808320
3.9930 80.4430 12.1070 0.04288 0.41580 0.90845 0.423986 0.810062
4.9610 80.0830 12.1760 0.10724 0.35347 0.92928 0.424359 0.814861
4.9290 81.4210 11.6020 0.04598 0.44882 0.89244 0.418464 0.813590
0.7300 82.7500 9.2660 -0.31733 0.81205 0.48978 0.411946 0.792884
1.7930 83.3270 8.9520 -0.29773 0.82735 0.47628 0.408426 0.797179
3.2380 83.1650 9.9030 -0.22154 0.77710 0.58909 0.410335 0.804288
4.2030 82.6500 10.7300 -0.11688 0.65766 0.74420 0.413118 0.809276
4.9700 83.4230 10.1220 -0.15606 0.72097 0.67516 0.408277 0.811841
6.5720 81.3610 11.4710 0.12117 0.38085 0.91666 0.416385 0.821047
4.8330 81.8740 11.3440 -0.01581 0.54361 0.83919 0.416449 0.812781
5.7390 82.0340 11.2220 0.04540 0.49724 0.86642 0.414568 0.816667
5.4200 82.9420 10.6130 -0.05122 0.60978 0.79092 0.410532 0.814364
4.0150 83.7890 9.3250 -0.22261 0.81065 0.54157 0.406031 0.806938
5.9460 84.0730 9.6350 -0.16402 0.76990 0.61673 0.403871 0.815273
6.2010 83.5900 10.1580 -0.06138 0.64309 0.76333 0.406396 0.817039
7.2850 82.8940 10.6580 0.05314 0.50634 0.86069 0.408432 0.822508
7.2000 84.4210 9.4830 -0.12015 0.73482 0.66754 0.400823 0.820197
7.8160 84.2900 9.6630 -0.02741 0.62602 0.77932 0.400875 0.822998
26.0060 70.4290 2.1120 0.74353 -0.51063 0.43176 0.141526 0.788452
26.2590 69.9480 0.8910 0.74789 -0.54859 0.37378 0.147184 0.788372
27.0020 71.1930 1.3010 0.75446 -0.51132 0.41151 0.144486 0.794064
14.1300 69.1320 11.8800 0.35540 0.05383 0.93316 0.088972 0.748800
13.4730 70.7640 11.9250 0.33988 0.07047 0.93783 0.082769 0.752987
11.9790 69.6480 12.5530 0.32145 0.07513 0.94394 0.079966 0.745185
26.9560 68.4520 -3.9670 0.75136 -0.64887 0.12010 0.169003 0.788883
28.1880 69.6210 -5.4580 0.73984 -0.66915 0.06983 0.174667 0.797289
28.2680 69.8590 -4.3950 0.75736 -0.63265 0.16172 0.170014 0.797415
14.9940 70.0340 11.4860 0.35398 0.06733 0.93283 0.089989 0.754229
1.0410 43.7290 11.0520 0.70264 -0.41752 0.57617 0.113404 0.628447
3.0880 45.1400 9.4330 0.72421 -0.45346 0.51950 0.120764 0.638795
2.4830 45.9340 10.8540 0.69710 -0.42082 0.58048 0.113375 0.639859
15.0970 71.6250 11.2880 0.34720 0.06497 0.93554 0.086645 0.760199
3.2890 47.2120 10.8430 0.68224 -0.43596 0.58693 0.112904 0.646378
29.7680 71.5940 -4.7860 0.74815 -0.63444 0.19429 0.170565 0.807442
4.7030 47.4340 9.2560 0.71272 -0.46683 0.52354 0.120734 0.651025
12.8380 73.2370 11.9420 0.30942 0.12794 0.94228 0.074609 0.760177
11.2670 72.4340 12.5420 0.29484 0.12467 0.94738 0.070789 0.753287
12.6540 71.4280 12.2150 0.33214 0.07484 0.94026 0.078158 0.753191
14.1770 72.4280 11.5780 0.33020 0.08581 0.94000 0.081370 0.760684
29.4910 71.7240 -3.5380 0.75780 -0.59668 0.26402 0.165073 0.806019
27.8130 70.3100 -1.8820 0.76204 -0.57832 0.29126 0.158963 0.795664
14.5330 74.0910 11.2360 0.32015 0.13886 0.93714 0.078848 0.767633
13.5990 75.2120 11.3940 0.31261 0.15591 0.93700 0.072868 0.769322
0.4130 44.7020 12.3450 0.65275 -0.37499 0.65826 0.106151 0.630190
2.3110 47.2390 11.9200 0.65192 -0.39753 0.64574 0.107238 0.643854
-6.1490 24.6540 4.7630 0.89039 -0.40827 0.20128 0.146987 0.540674
0.7600 46.9380 13.2110 0.61688 -0.35929 0.70027 0.100199 0.638782
-6.3600 25.1460 6.2520 0.86537 -0.40289 0.29804 0.140362 0.542190
27.1670 68.9570 -3.1530 0.76662 -0.60230 0.22257 0.165264 0.790500
15.3920 72.8560 11.1290 0.34789 0.08540 0.93364 0.084793 0.765302
10.6030 71.0120 12.9260 0.29348 0.09588 0.95115 0.071715 0.746489
3.3310 48.5240 11.7130 0.64779 -0.40723 0.64384 0.107818 0.650919
10.8300 74.7290 12.3410 0.27472 0.16072 0.94800 0.063900 0.760479
7.4330 48.3830 5.7040 0.76866 -0.54005 0.34281 0.136813 0.662250
5.3870 46.4680 7.1590 0.76708 -0.51673 0.38024 0.130992 0.649803
6.4060 46.6400 5.1780 0.78049 -0.54742 0.30193 0.139780 0.653510
-6.8920 25.4660 7.9920 0.82526 -0.38631 0.41195 0.132463 0.542389
5.8650 47.6560 7.7720 0.74376 -0.49437 0.44991 0.127738 0.655103
4.5400 45.8170 7.9380 0.74678 -0.49046 0.44918 0.127679 0.645151
-6.0770 26.9730 7.7800 0.82582 -0.40084 0.39668 0.133317 0.549955
15.6550 75.6850 10.5870 0.32594 0.16034 0.93170 0.079402 0.776383
16.2430 74.2910 10.6320 0.36438 0.12780 0.92244 0.084657 0.772707
29.2760 72.4180 -1.6120 0.76203 -0.54821 0.34465 0.156155 0.806045
-7.0630 26.4610 9.0480 0.79180 -0.37506 0.48206 0.127270 0.545955
6.3360 50.0510 9.3500 0.71001 -0.46833 0.52589 0.119149 0.664366
7.3210 49.4430 7.3470 0.73878 -0.50767 0.44325 0.128959 0.665268
30.3180 71.9000 -6.1020 0.72500 -0.67951 0.11243 0.176020 0.811156
31.1460 72.8270 -5.8570 0.71535 -0.67571 0.17799 0.174254 0.816105
30.9430 73.1440 -4.4030 0.73597 -0.61747 0.27764 0.167689 0.815096
11.6820 76.7820 11.7170 0.27147 0.19340 0.94281 0.424493 0.850931
11.6820 76.7820 11.7170 0.28371 0.17263 0.94324 0.062289 0.770160
14.1850 76.6350 10.9370 0.30740 0.17140 0.93602 0.417898 0.862629
14.1850 76.6350 10.9370 0.31840 0.16578 0.93335 0.071818 0.776087
5.1490 49.2220 10.1980 0.68728 -0.44374 0.57509 0.115361 0.658245
31.7750 73.6960 -5.2630 0.71629 -0.64514 0.26595 0.170955 0.819879
12.5590 77.7050 11.2680 0.28843 0.18926 0.93861 0.418376 0.853302
14.4690 78.2900 10.5390 0.31317 0.19998 0.92840 0.410517 0.860788
15.6860 77.5850 10.2570 0.34006 0.16693 0.92547 0.075307 0.783501
15.6860 77.5850 10.2570 0.33251 0.19353 0.92303 0.409537 0.867421
30.3450 73.5220 -2.2000 0.75348 -0.55038 0.35965 0.157738 0.812741
32.0070 74.8040 -3.6720 0.71686 -0.60039 0.35447 0.162960 0.822233
6.2350 50.9400 10.2200 0.67945 -0.44100 0.58639 0.114457 0.667002
16.8750 76.5280 10.0050 0.37474 0.15979 0.91326 0.082097 0.782638
4.5430 50.2900 11.5930 0.64889 -0.41150 0.64001 0.107615 0.660141
32.8200 74.6130 -5.9190 0.69451 -0.66835 0.26638 0.172882 0.826188
32.9040 75.3730 -4.4820 0.68804 -0.64461 0.33329 0.165927 0.827022
-0.5760 35.0020 -0.8130 0.83209 -0.53532 -0.14516 0.169347 0.594260
5.1900 51.7220 11.8700 0.63784 -0.40010 0.65809 0.105488 0.666682
0.5860 36.7790 -0.7900 0.82800 -0.54670 -0.12462 0.168748 0.603846
6.5050 53.0160 11.3550 0.64397 -0.40821 0.64704 0.107535 0.674611
7.4900 52.8890 10.2330 0.67111 -0.44027 0.59646 0.113444 0.676969
0.7910 37.6270 -2.3780 0.80686 -0.55210 -0.21017 0.175444 0.607907
31.4150 74.8670 -2.4360 0.74265 -0.52974 0.40970 0.157436 0.819817
9.2710 79.7930 11.5980 0.18310 0.29731 0.93706 0.418144 0.835041
11.5110 78.5230 11.3900 0.24641 0.22231 0.94332 0.418024 0.847136
10.5660 80.3510 11.1380 0.20761 0.29991 0.93110 0.412905 0.840085
12.3340 79.5210 10.9430 0.26262 0.24321 0.93374 0.411875 0.849172
12.4140 81.5520 10.2990 0.23464 0.32891 0.91475 0.403483 0.846180
-5.2840 26.1000 3.8470 0.89514 -0.43413 0.10125 0.150852 0.548262
32.2150 75.6090 -2.8770 0.69361 -0.57072 0.43952 0.158604 0.824435
8.2840 49.9410 6.1760 0.75862 -0.53072 0.37792 0.134054 0.669850
7.8230 51.0720 8.2610 0.71071 -0.48933 0.50541 0.123949 0.672045
-4.4980 27.6110 3.5540 0.88855 -0.45205 0.07829 0.151957 0.555937
8.9090 50.1060 5.0620 0.77267 -0.55126 0.31479 0.138935 0.672394
9.7600 51.0830 4.6880 0.76100 -0.56574 0.31751 0.140162 0.678193
9.4080 51.2590 5.8040 0.75742 -0.54203 0.36402 0.135177 0.677539
27.1630 70.6650 0.1940 0.75598 -0.54781 0.35832 0.149708 0.793556
27.9310 71.3170 -0.4900 0.76094 -0.54091 0.35832 0.152137 0.798168
14.3860 80.7160 9.9710 0.30177 0.26329 0.91631 0.401241 0.855938
-5.3980 26.3130 4.9710 0.87693 -0.42899 0.21673 0.145957 0.548819
8.5780 51.1800 7.2500 0.73466 -0.51268 0.44434 0.128672 0.674662
10.4730 52.6050 5.5950 0.75010 -0.54726 0.37130 0.135518 0.685120
10.7380 52.0010 4.0690 0.75770 -0.57483 0.30896 0.142523 0.684220
9.6780 52.4700 6.9370 0.73652 -0.51388 0.43985 0.129552 0.682131
27.6290 72.1650 1.2790 0.76000 -0.47812 0.44024 0.143691 0.798837
10.6110 53.6060 6.6980 0.72876 -0.52199 0.44321 0.130109 0.688606
10.8990 81.8050 10.5220 0.18847 0.36204 0.91291 0.406050 0.839373
9.5200 81.6000 10.8750 0.17209 0.35477 0.91898 0.409933 0.833759
-4.3070 28.4960 4.9540 0.87076 -0.44193 0.21558 0.145795 0.559747
26.6870 71.6920 2.3050 0.74797 -0.45797 0.48042 0.139542 0.794190
-3.8630 28.9220 1.5540 0.88511 -0.46072 -0.06562 0.160366 0.562682
-3.9480 28.6620 3.0150 0.88991 -0.45603 0.00971 0.154136 0.561324
-3.4610 29.5910 2.8930 0.88246 -0.47022 0.01258 0.154530 0.566055
8.8260 52.6330 8.3750 0.70909 -0.48010 0.51642 0.122730 0.680050
11.6540 83.6710 9.5860 0.19277 0.40498 0.89377 0.396571 0.839560
-2.4800 31.4100 1.6350 0.87232 -0.48731 -0.03972 0.159616 0.575521
9.7520 53.6200 7.9760 0.71396 -0.48473 0.50527 0.124106 0.686000
28.7290 73.1250 0.4420 0.76501 -0.47820 0.43137 0.146495 0.805339
14.7750 82.6040 9.2360 0.28360 0.33132 0.89989 0.392718 0.853910
7.3990 51.8260 9.5000 0.69669 -0.46009 0.55040 0.117604 0.673245
-3.7090 29.2110 3.7840 0.88142 -0.45929 0.11023 0.150771 0.563934
-2.7740 30.9570 3.6950 0.87836 -0.46740 0.10009 0.150880 0.572840
-3.2660 30.3790 4.6810 0.86555 -0.45322 0.21312 0.146717 0.569401
8.8610 54.0170 9.5390 0.68252 -0.45231 0.57410 0.116412 0.684594
-1.9050 32.4510 2.7130 0.87216 -0.48789 0.03596 0.154798 0.580734
-1.6910 32.8380 1.3560 0.86489 -0.50000 -0.04434 0.160530 0.582923
9.7940 83.1490 10.1900 0.15842 0.40662 0.89976 0.402829 0.832756
27.9630 73.5450 2.0380 0.75915 -0.40052 0.51311 0.138901 0.803636
8.6160 83.5660 10.1570 0.07612 0.50730 0.85840 0.403220 0.827300
10.4410 84.1190 9.6150 0.13146 0.48463 0.86479 0.397341 0.833995
8.9590 84.4970 9.5060 0.02744 0.59288 0.80482 0.398217 0.827431
10.2120 85.3450 8.8330 0.03249 0.65697 0.75322 0.392094 0.831197
28.9660 74.1800 0.9900 0.76602 -0.40103 0.50239 0.142874 0.808942
-5.2150 27.3540 6.0740 0.85565 -0.42202 0.29961 0.140994 0.553278
8.2090 55.1660 11.0300 0.64437 -0.41179 0.64437 0.108125 0.686443
9.3530 85.9870 7.8840 -0.19018 0.85507 0.48238 0.388974 0.826353
30.7390 75.2620 -0.7750 0.74804 -0.46935 0.46920 0.149649 0.818083
29.8450 74.2760 -0.3130 0.76353 -0.46986 0.44300 0.148642 0.812390
9.4890 85.5810 8.5370 -0.09107 0.78355 0.61462 0.391737 0.827853
10.2660 86.1970 7.7990 -0.08363 0.83531 0.54337 0.386827 0.829706
-3.9230 29.9040 6.0150 0.84910 -0.43325 0.30219 0.140909 0.566013
-0.9690 44.6910 13.5900 0.61609 -0.34907 0.70610 0.099078 0.626670
-1.3840 41.9410 12.5650 0.65662 -0.37294 0.65556 0.106159 0.616046
-0.2890 43.0430 12.1090 0.66784 -0.38831 0.63498 0.108204 0.622636
-2.5160 43.2150 14.2130 0.60577 -0.32975 0.72409 0.096126 0.617721
-1.6270 45.2690 14.4110 0.58197 -0.32394 0.74591 0.093940 0.627018
-5.3960 28.5520 7.9810 0.81775 -0.40444 0.40952 0.132224 0.557517
32.0920 76.4140 -1.7250 0.71085 -0.50034 0.49432 0.152623 0.825690
11.0490 86.0860 8.0140 -0.02200 0.77077 0.63674 0.386517 0.833071
31.2050 76.1500 -0.7130 0.73365 -0.38084 0.56278 0.148314 0.821993
-4.2040 30.6810 7.6970 0.81727 -0.42000 0.39456 0.133190 0.568314
-6.1670 28.1230 8.9220 0.78750 -0.39059 0.47674 0.127754 0.554237
-0.4390 47.2350 14.3510 0.57984 -0.33155 0.74422 0.093329 0.636746
12.2850 86.2220 7.8590 0.06643 0.72805 0.68230 0.383675 0.837571
10.9780 85.3520 8.7430 0.09224 0.61283 0.78481 0.390607 0.834170
12.6320 85.8220 8.1730 0.13601 0.61151 0.77946 0.384968 0.839631
-3.7530 43.8520 15.4420 0.54958 -0.28813 0.78418 0.088249 0.616915
-3.9350 42.2840 14.9610 0.57608 -0.31511 0.75421 0.092062 0.611044
-5.0680 29.7480 8.4170 0.79282 -0.39120 0.46733 0.129943 0.562830
-3.4960 45.3470 15.7790 0.51057 -0.26056 0.81940 0.085095 0.622705
12.1910 84.7430 8.9450 0.16594 0.48506 0.85860 0.390804 0.839893
30.1470 75.5480 0.3350 0.75429 -0.37171 0.54119 0.144273 0.816747
-2.3450 32.2660 5.0090 0.85218 -0.46734 0.23533 0.144945 0.578743
-3.0320 31.5930 5.9850 0.83927 -0.45298 0.30072 0.140751 0.574517
29.4460 75.6980 1.3580 0.75349 -0.27752 0.59602 0.139331 0.814813
-1.8590 46.8980 15.2550 0.53278 -0.29575 0.79289 0.087796 0.632037
15.4330 84.0150 8.4510 0.28756 0.39022 0.87466 0.385172 0.853540
14.0390 85.1100 8.3620 0.21776 0.49327 0.84218 0.384749 0.846179
13.4390 83.7900 9.1210 0.22617 0.39214 0.89167 0.391669 0.846434
16.2040 83.1010 8.5570 0.33568 0.33413 0.88073 0.386321 0.858361
30.6630 76.6350 0.2390 0.73584 -0.21995 0.64044 0.143189 0.821623
29.6250 76.4890 1.3820 0.73028 -0.06793 0.67976 0.137897 0.817891
30.3390 77.1370 0.6410 0.70356 -0.00834 0.71058 0.140173 0.822352
-2.8960 32.7360 7.2400 0.81706 -0.44809 0.36279 0.134918 0.579105
-3.6230 32.1370 8.0330 0.79119 -0.42711 0.43772 0.131342 0.575158
1.0120 49.2910 14.1560 0.57169 -0.33853 0.74738 0.093500 0.647447
-0.3680 49.1420 15.0910 0.52648 -0.29749 0.79644 0.087655 0.643425
18.8580 79.6950 -17.2490 0.01966 0.20721 -0.97810 0.264753 0.803586
-0.8470 34.2870 1.9550 0.86147 -0.50764 0.01288 0.157644 0.590389
-0.9120 34.2130 0.8210 0.85365 -0.51843 -0.05012 0.162513 0.590136
0.3430 50.7420 15.2330 0.50971 -0.29330 0.80881 0.085875 0.650649
18.5130 77.4630 -17.5050 0.07752 0.05630 -0.99540 0.258762 0.796210
19.9420 79.3950 -17.2520 0.07055 0.12523 -0.98962 0.261018 0.806243
2.2350 49.3320 13.1770 0.60758 -0.37255 0.70147 0.099270 0.650756
-0.7850 34.5440 3.7830 0.86105 -0.49315 0.12410 0.149771 0.591228
-1.7970 32.8900 4.1120 0.86285 -0.48358 0.14710 0.148710 0.582494
-0.0010 35.8270 3.3580 0.85360 -0.50952 0.10839 0.151261 0.598037
0.0710 35.8070 0.5980 0.84504 -0.53315 -0.04070 0.163059 0.598622
-3.0570 47.0980 16.0470 0.47244 -0.24455 0.84676 0.082047 0.629789
18.1350 80.5560 -16.9860 -0.01787 0.34809 -0.93729 0.269469 0.803755
16.3490 80.8060 -16.8030 -0.05859 0.42163 -0.90487 0.275080 0.798949
-2.2920 48.0450 15.9040 0.47339 -0.25515 0.84309 0.082573 0.634898
18.7450 76.7920 9.1080 0.41658 0.15909 0.89507 0.088753 0.788614
17.5220 78.2630 9.3990 0.37488 0.19990 0.90527 0.400262 0.874271
17.5220 78.2630 9.3990 0.40030 0.17180 0.90014 0.080860 0.790883
0.9760 37.2300 0.6010 0.83808 -0.54498 -0.02473 0.162649 0.606227
-3.5990 48.6230 16.7200 0.38122 -0.17394 0.90797 0.075646 0.633684
1.8730 38.6580 -0.3670 0.83410 -0.54812 -0.06193 0.166359 0.614028
18.1720 81.2780 -16.6670 -0.03611 0.46353 -0.88535 0.271863 0.805977
1.7140 38.3510 1.2710 0.84312 -0.53714 0.02502 0.159457 0.612125
19.1270 79.0240 8.4980 0.42554 0.20162 0.88219 0.390158 0.879573
19.1270 79.0240 8.4980 0.42992 0.17530 0.88568 0.085571 0.798080
17.7250 80.1190 8.8910 0.37992 0.23231 0.89538 0.392192 0.871067
16.6450 79.7940 9.4100 0.34758 0.22825 0.90945 0.397451 0.867311
0.8120 36.9900 2.0790 0.84811 -0.52829 0.04020 0.156411 0.604627
19.5440 75.2960 8.9870 0.42258 0.13923 0.89557 0.095055 0.785130
20.8100 75.5620 8.3300 0.45629 0.14045 0.87868 0.099436 0.789454
20.0350 76.9490 8.4660 0.43700 0.16727 0.88377 0.093484 0.792633
-2.3340 50.0100 16.4720 0.38977 -0.20168 0.89856 0.076899 0.641505
19.8750 80.8940 -16.8690 0.01765 0.36493 -0.93087 0.266115 0.810260
-1.2830 50.0510 15.9300 0.46613 -0.25708 0.84654 0.081106 0.644235
22.1400 74.9230 7.6890 0.50540 0.11820 0.85475 0.106119 0.790655
21.7520 76.7400 7.6200 0.49154 0.16543 0.85500 0.100779 0.796423
1.4290 38.1630 3.2860 0.85078 -0.50947 0.12889 0.150918 0.610315
20.8780 75.9420 -17.1900 0.17069 -0.06710 -0.98304 0.247714 0.799464
20.0410 77.1730 -17.3490 0.12040 0.00712 -0.99270 0.253797 0.800305
21.0040 76.9280 -17.2170 0.15704 -0.02558 -0.98726 0.250475 0.802742
-1.2080 34.3280 5.0540 0.84445 -0.47662 0.24440 0.144309 0.589250
-2.0220 33.4530 6.0070 0.83325 -0.46399 0.30067 0.140289 0.583931
-1.6720 51.3350 16.4890 0.35620 -0.17885 0.91713 0.075905 0.647631
21.3610 78.5370 -17.1550 0.13821 0.02853 -0.98999 0.254658 0.808509
20.8760 78.7590 7.6680 0.46725 0.18495 0.86456 0.093165 0.801812
20.8760 78.7590 7.6680 0.46196 0.22293 0.85842 0.382614 0.887116
-0.1550 36.0900 4.8970 0.84032 -0.48857 0.23487 0.144555 0.598428
-0.8690 35.5650 6.0910 0.82736 -0.46971 0.30799 0.139420 0.594611
22.6700 76.3340 -16.8690 0.22106 -0.08393 -0.97164 0.244099 0.806561
-1.6240 34.8680 7.0440 0.81719 -0.45529 0.35342 0.135347 0.590108
-2.6390 51.8490 16.8380 0.21765 -0.06205 0.97405 0.071030 0.647062
22.9680 78.0790 -16.8730 0.20502 -0.01102 -0.97870 0.248985 0.812646
3.7010 50.8060 12.6900 0.61241 -0.38333 0.69138 0.101344 0.659606
18.2140 75.2290 9.6050 0.40977 0.13596 0.90200 0.090085 0.781388
-0.8980 36.3710 7.2660 0.80739 -0.45554 0.37497 0.133924 0.597429
2.5450 51.3650 13.9490 0.56863 -0.34421 0.74712 0.093773 0.658418
21.8900 79.6460 -17.0370 0.13630 0.11735 -0.98369 0.256907 0.813369
0.4330 36.8500 4.3580 0.84126 -0.50256 0.19930 0.146685 0.602782
20.7030 80.2510 -17.0330 0.06777 0.24106 -0.96814 0.261875 0.811137
0.5650 37.7130 5.5990 0.82615 -0.49149 0.27551 0.141007 0.606146
1.7110 39.2020 4.7980 0.83571 -0.49996 0.22722 0.144074 0.614612
4.2340 52.6680 13.2320 0.59489 -0.35923 0.71906 0.097330 0.667251
-0.1160 37.1560 6.5810 0.80874 -0.47887 0.34150 0.136828 0.602294
18.7920 80.3620 8.3550 0.42007 0.23273 0.87714 0.386982 0.874685
3.0590 52.9720 14.2720 0.54658 -0.31713 0.77504 0.090873 0.665164
20.3070 81.8130 -16.4190 0.03109 0.48907 -0.87169 0.268296 0.814396
4.7670 54.0860 13.4760 0.57666 -0.34494 0.74060 0.095054 0.673403
1.2330 52.1540 15.1750 0.50764 -0.28351 0.81359 0.085432 0.657691
18.2480 81.6950 8.2060 0.38961 0.29023 0.87405 0.384282 0.869273
1.1660 39.1870 6.3960 0.81097 -0.48343 0.32957 0.137061 0.612955
-0.0420 38.4230 7.9700 0.77601 -0.46378 0.42745 0.130130 0.607005
19.6530 82.6570 -15.9140 0.00991 0.58733 -0.80929 0.273127 0.814840
17.9170 82.4350 -15.9360 -0.09105 0.58964 -0.80252 0.276887 0.808717
2.5080 53.6480 14.8740 0.50272 -0.27689 0.81890 0.086412 0.666009
2.2250 40.3220 5.3380 0.82350 -0.50157 0.26510 0.141351 0.619929
5.4730 53.3120 12.4860 0.61496 -0.37508 0.69364 0.101172 0.672745
19.5450 81.7820 7.5440 0.44513 0.28530 0.84880 0.378591 0.873688
20.3540 82.8350 6.7080 0.47744 0.32741 0.81539 0.371251 0.873429
19.2850 83.0410 7.2200 0.42765 0.34010 0.83752 0.375130 0.869418
-7.1470 27.4090 9.9130 0.77286 -0.37787 0.50979 0.122974 0.549468
21.7410 80.9790 -16.7450 0.08379 0.34479 -0.93493 0.261739 0.816661
23.1720 80.5080 -16.6990 0.15246 0.20049 -0.96776 0.256627 0.820205
24.6200 79.8550 -16.5110 0.19977 0.05980 -0.97802 0.250780 0.823416
23.2670 81.1600 -16.4950 0.12342 0.35492 -0.92671 0.258689 0.822414
6.3910 54.6060 12.3950 0.61040 -0.38222 0.69378 0.101000 0.679531
17.8500 83.6130 7.6620 0.38173 0.36440 0.84941 0.378532 0.863083
-6.5030 28.9140 10.0970 0.76957 -0.38090 0.51252 0.121965 0.556569
7.4110 55.9290 12.2230 0.61214 -0.38345 0.69156 0.101207 0.686696
6.0560 55.7410 13.2610 0.57727 -0.35597 0.73488 0.095390 0.682355
3.9000 55.3150 14.6100 0.50950 -0.29611 0.80792 0.087189 0.675206
4.7460 55.4710 14.1080 0.53588 -0.32623 0.77873 0.090368 0.677958
-5.8010 30.1690 9.9530 0.76950 -0.38377 0.51048 0.122465 0.562845
21.7930 79.3300 7.0080 0.50472 0.24414 0.82804 0.375958 0.888825
21.7930 79.3300 7.0080 0.49985 0.19167 0.84464 0.095874 0.806568
20.0650 80.6800 7.5990 0.46156 0.24340 0.85306 0.380057 0.878567
21.1160 81.2030 6.8550 0.49547 0.27133 0.82516 0.373365 0.880615
-7.0520 29.1320 11.0230 0.74122 -0.36843 0.56112 0.117305 0.556272
21.5760 82.7980 -15.6670 0.05049 0.61692 -0.78540 0.269173 0.821824
23.2700 79.8200 5.8930 0.56104 0.25141 0.78868 0.366393 0.891721
22.7670 78.6700 6.5700 0.54299 0.23679 0.80566 0.372197 0.894246
22.7670 78.6700 6.5700 0.53533 0.18569 0.82398 0.101291 0.806729
-6.2080 31.3280 11.3180 0.73242 -0.37564 0.56785 0.115416 0.566350
22.7720 81.8460 -16.2220 0.08854 0.50677 -0.85752 0.262444 0.822809
5.9380 57.3300 14.0630 0.52882 -0.30317 0.79274 0.089555 0.687282
22.2450 81.1290 6.1490 0.53626 0.28017 0.79619 0.367873 0.884395
21.3970 82.2220 6.3060 0.51365 0.30976 0.80014 0.368517 0.878460
-0.6500 52.0260 16.2010 0.41085 -0.21178 0.88676 0.077999 0.652503
-4.5050 31.9690 9.3760 0.77267 -0.40820 0.48617 0.124984 0.572505
-5.2530 32.0940 10.5820 0.74472 -0.39299 0.53939 0.119030 0.571299
23.6870 82.4860 -15.6610 0.10043 0.59268 -0.79915 0.262957 0.828171
24.3070 81.8050 -16.0580 0.11356 0.47092 -0.87484 0.258632 0.828030
0.9580 53.8920 15.8640 0.44245 -0.21093 0.87164 0.079212 0.662858
-2.7530 33.9260 8.2640 0.78382 -0.43187 0.44623 0.129951 0.583862
-1.3860 53.1760 16.6410 0.24008 -0.06866 0.96832 0.072243 0.654625
22.8260 83.2820 -15.2100 0.10371 0.63835 -0.76273 0.268292 0.827694
23.3810 83.7820 -14.6150 0.10519 0.68803 -0.71801 0.269570 0.831610
-0.2340 53.3050 16.2870 0.35351 -0.14824 0.92361 0.076156 0.657883
-3.9610 34.5840 10.6820 0.74022 -0.40678 0.53536 0.118104 0.583454
-0.6630 54.2950 16.5250 0.24033 -0.03485 0.97006 0.072067 0.660218
17.6210 83.5050 -14.9300 -0.15294 0.65005 -0.74434 0.282392 0.811405
0.9110 54.8390 16.0490 0.33926 -0.11095 0.93413 0.076503 0.665964
0.5310 55.9750 16.2270 0.23120 -0.02585 0.97256 0.072260 0.668935
-5.6620 33.7440 12.2400 0.69450 -0.37360 0.61489 0.110282 0.576516
18.6570 83.2660 -15.3960 -0.08942 0.62693 -0.77393 0.278214 0.813624
19.5410 83.6230 -15.0830 0.07419 0.64885 -0.75729 0.277598 0.817703
-4.4420 35.5030 11.9290 0.69935 -0.39139 0.59810 0.111529 0.585715
2.2520 55.4850 15.6030 0.42957 -0.21354 0.87742 0.079903 0.671519
1.8110 56.1630 15.9030 0.31685 -0.11725 0.94120 0.076404 0.672713
18.7690 84.1100 -14.7240 -0.08457 0.67432 -0.73358 0.281467 0.816655
-5.3390 35.8890 13.1160 0.65412 -0.36440 0.66282 0.105032 0.585079
1.9770 57.4120 15.9700 0.24989 -0.04507 0.96722 0.073817 0.677392
17.2880 84.5100 -14.0200 -0.12957 0.71017 -0.69200 0.287642 0.813616
0.3790 57.9880 16.2590 0.18065 0.00838 0.98351 0.066756 0.675526
2.1210 58.6480 15.9320 0.21347 0.00460 0.97694 0.071284 0.682018
-1.6570 35.7070 8.0850 0.78630 -0.43728 0.43650 0.130372 0.593084
18.4190 84.4960 -14.2400 -0.12847 0.73512 -0.66565 0.284357 0.816967
4.4050 56.6910 14.7800 0.48200 -0.27105 0.83319 0.085110 0.681114
-2.9920 35.6930 10.1550 0.75326 -0.41709 0.50857 0.120411 0.589799
19.4230 84.6070 -14.2400 0.01257 0.72005 -0.69380 0.282199 0.820480
2.9090 56.7420 15.5730 0.38803 -0.16755 0.90629 0.078983 0.677435
19.5090 85.5530 -13.0710 -0.04031 0.78214 -0.62179 0.287100 0.824269
20.1450 84.9720 -13.8130 0.03923 0.72887 -0.68353 0.282364 0.824208
3.8940 57.4930 15.2840 0.41203 -0.19972 0.88901 0.080714 0.682473
-2.0540 37.7550 10.4800 0.74018 -0.42495 0.52110 0.118277 0.599548
-1.0890 37.8720 9.1220 0.75488 -0.43928 0.48702 0.124802 0.602358
-0.8690 37.1740 8.1080 0.78357 -0.44610 0.43246 0.129815 0.600396
16.2250 81.5100 9.0810 0.33868 0.27900 0.89859 0.392284 0.861949
-3.1650 36.8320 11.2640 0.72205 -0.40941 0.55771 0.114615 0.593531
3.2350 58.1110 15.6390 0.30705 -0.07506 0.94873 0.076600 0.682905
20.5070 83.9410 -14.6480 0.06626 0.66056 -0.74785 0.276959 0.822230
22.0120 83.6020 -14.9120 -0.00360 0.66330 -0.74834 0.271824 0.826128
11.9360 53.5340 3.9950 0.75999 -0.56456 0.32200 0.142202 0.692796
11.6740 54.8340 6.4210 0.72230 -0.53985 0.43225 0.130830 0.695765
0.0650 39.5400 8.8760 0.74991 -0.44812 0.48665 0.125495 0.611255
12.4630 54.9020 5.0080 0.73957 -0.56782 0.36143 0.137113 0.698597
-0.7940 39.9630 10.5060 0.73723 -0.42513 0.52513 0.117462 0.610559
16.4020 84.3450 7.9530 0.33426 0.40108 0.85288 0.380795 0.856296
21.5100 84.5460 -14.0920 0.06097 0.70022 -0.71132 0.277367 0.827596
0.0670 40.8030 9.9770 0.73114 -0.43612 0.52463 0.119751 0.615727
0.9870 40.1070 7.9360 0.77703 -0.46486 0.42442 0.129774 0.615683
22.2520 84.0880 -14.5140 0.05485 0.69870 -0.71331 0.273409 0.828525
10.8690 54.8390 7.6120 0.70390 -0.49819 0.50628 0.125256 0.693258
0.8350 41.3330 9.3490 0.74193 -0.44570 0.50088 0.122647 0.619582
20.4770 64.8650 4.4670 0.70535 -0.53941 0.45991 0.134681 0.754126
21.2500 64.8530 3.1300 0.71198 -0.58215 0.39266 0.140632 0.756863
21.6010 65.8070 3.8500 0.70589 -0.54429 0.45330 0.136941 0.760577
22.3810 84.6540 -13.8430 0.09543 0.72897 -0.67786 0.276179 0.831175
22.7280 65.8550 1.9790 0.71957 -0.58881 0.36812 0.145203 0.764836
11.9200 55.8790 7.2020 0.69444 -0.51344 0.50412 0.126717 0.699745
12.9340 56.2640 6.1650 0.72131 -0.54122 0.43221 0.131407 0.704127
12.3660 57.1490 7.8680 0.68114 -0.49978 0.53503 0.122978 0.705044
11.0820 55.9340 8.3310 0.68367 -0.48566 0.54474 0.121250 0.697344
20.6170 66.0930 5.5410 0.68309 -0.50034 0.53202 0.128996 0.758016
21.1290 85.6810 -12.9170 0.05547 0.77675 -0.62736 0.283991 0.830218
13.8150 55.8700 3.7550 0.74301 -0.58455 0.32596 0.142208 0.706037
14.8720 57.2240 3.7480 0.73819 -0.58223 0.34071 0.141630 0.713549
22.9200 66.9970 3.1950 0.71851 -0.54092 0.43720 0.139166 0.768401
23.6190 66.8230 1.7280 0.73872 -0.56079 0.37391 0.145735 0.770585
-2.6490 38.5050 11.8400 0.70319 -0.38955 0.59479 0.111264 0.600786
-3.9490 37.1110 12.4250 0.67780 -0.38624 0.62562 0.108603 0.592685
23.0880 67.9610 4.0260 0.70773 -0.50587 0.49317 0.134811 0.771530
24.3340 68.8580 3.1080 0.73445 -0.51126 0.44631 0.138334 0.778301
-3.4560 38.8830 12.9320 0.65202 -0.36089 0.66680 0.105309 0.600198
24.6710 75.8670 -16.2990 0.26538 -0.12910 -0.95546 0.237049 0.811923
24.9840 77.3380 -16.3570 0.24291 -0.06732 -0.96771 0.241137 0.817413
13.3590 58.2600 7.6350 0.69295 -0.49555 0.52369 0.123560 0.711540
-4.8390 37.5530 13.5230 0.63457 -0.34834 0.68991 0.102326 0.592217
16.1450 58.8170 3.7270 0.74109 -0.57059 0.35386 0.141003 0.722448
14.4690 58.0170 5.7310 0.72369 -0.53920 0.43073 0.132495 0.714393
21.7900 67.7050 5.5460 0.68405 -0.48708 0.54298 0.127973 0.766418
26.0570 75.6570 -15.8660 0.26974 -0.16796 -0.94817 0.232370 0.815989
19.8360 66.6510 6.9250 0.65128 -0.46244 0.60165 0.121971 0.757101
14.8580 59.5060 6.7430 0.70095 -0.50654 0.50209 0.127028 0.720093
-1.5650 39.6150 11.2800 0.71142 -0.40553 0.57396 0.113748 0.607393
9.9610 54.8520 8.8350 0.69849 -0.46770 0.54164 0.119385 0.690537
23.1090 69.6320 5.5420 0.69055 -0.45352 0.56343 0.126606 0.776188
10.1700 55.9150 9.4280 0.67395 -0.44712 0.58811 0.115880 0.694554
-0.5370 41.4460 11.2860 0.70583 -0.41183 0.57636 0.113027 0.616428
27.5930 77.2430 -15.6910 0.22122 -0.12733 -0.96688 0.233644 0.826091
11.4580 57.0490 8.8530 0.66151 -0.47027 0.58417 0.118172 0.701976
26.4730 78.3730 -16.0590 0.21977 -0.05238 -0.97414 0.240749 0.825627
23.9890 69.0920 3.8460 0.71601 -0.48277 0.50424 0.134811 0.777712
27.9150 75.6630 -15.3450 0.24914 -0.20832 -0.94580 0.227031 0.822290
28.4760 74.2170 -14.7970 0.27017 -0.31083 -0.91126 0.220076 0.819529
25.0860 70.0310 3.1440 0.73510 -0.48476 0.47396 0.137243 0.784083
10.0530 57.3210 10.5740 0.64326 -0.42543 0.63657 0.109287 0.698698
-3.5360 41.0070 14.0770 0.60925 -0.33738 0.71763 0.097970 0.607527
24.6810 70.6990 4.3770 0.72111 -0.45956 0.51847 0.131116 0.784443
25.2960 69.3920 2.0600 0.74392 -0.53375 0.40210 0.142536 0.783256
8.4740 57.0550 11.9020 0.61624 -0.38396 0.68762 0.102311 0.693339
25.9900 71.7270 3.4120 0.74038 -0.44431 0.50440 0.134554 0.791778
29.5530 75.5180 -14.9040 0.22271 -0.25475 -0.94101 0.221735 0.827353
12.6510 58.6000 8.7690 0.65809 -0.46244 0.59420 0.117841 0.710423
28.8930 76.8110 -15.3460 0.20299 -0.17582 -0.96327 0.228446 0.829205
-5.2080 39.2830 14.6550 0.59539 -0.32135 0.73637 0.095088 0.597519
27.5980 78.8990 -15.8570 0.18195 -0.06390 -0.98123 0.239685 0.831104
14.2610 59.9170 7.9640 0.68583 -0.47224 0.55374 0.121071 0.719425
29.5340 78.6180 -15.4840 0.14316 -0.12827 -0.98135 0.233411 0.836960
11.3220 58.8960 10.3660 0.63225 -0.42278 0.64925 0.109505 0.707411
30.8650 76.8050 -14.9700 0.14904 -0.23169 -0.96130 0.222841 0.835924
12.7560 60.6970 10.1340 0.63180 -0.41092 0.65725 0.109641 0.717318
13.8710 60.6420 8.9530 0.65471 -0.43913 0.61525 0.115725 0.720476
24.5360 71.3970 5.1680 0.70975 -0.41129 0.57192 0.126878 0.785862
25.8000 72.4470 4.2580 0.73539 -0.38017 0.56095 0.129983 0.793093
23.8550 71.0720 5.7460 0.68818 -0.40183 0.60411 0.124441 0.782707
24.9620 72.7030 5.4310 0.71237 -0.29336 0.63755 0.124174 0.791066
15.2430 60.8410 7.5090 0.68631 -0.48491 0.54207 0.122678 0.725322
24.5530 81.0220 -16.3390 0.15386 0.26632 -0.95152 0.255098 0.826517
26.0210 81.0600 -16.1040 0.13639 0.21971 -0.96598 0.251657 0.831818
16.3520 60.2680 5.4430 0.71510 -0.54268 0.44060 0.132702 0.727207
17.1420 60.3090 3.9680 0.73282 -0.57383 0.36564 0.139184 0.730110
21.3820 68.7260 6.8330 0.65817 -0.43706 0.61301 0.121063 0.768044
20.4650 68.5500 7.6410 0.63053 -0.41504 0.65588 0.117117 0.764673
26.2420 80.2830 -16.1500 0.18181 0.03751 -0.98262 0.248258 0.830355
17.6320 61.7010 5.1550 0.71271 -0.54348 0.44348 0.133282 0.735596
27.8870 80.9150 -15.8680 0.11442 0.07972 -0.99023 0.246467 0.838016
28.7020 80.5390 -15.7770 0.10882 -0.01942 -0.99387 0.242958 0.839794
18.5650 61.2450 2.6880 0.73346 -0.58929 0.33879 0.144375 0.737732
19.1020 62.2790 3.2230 0.72277 -0.58498 0.36797 0.141503 0.742403
25.7400 81.7800 -15.8790 0.10416 0.44584 -0.88903 0.255114 0.833032
20.4300 69.6070 8.2660 0.60968 -0.35043 0.71098 0.112958 0.767765
21.7720 70.3120 7.4370 0.62983 -0.35865 0.68898 0.116713 0.773947
16.2870 61.1110 6.4150 0.69040 -0.50720 0.51584 0.127733 0.729463
27.1000 81.7570 -15.7740 0.08654 0.37920 -0.92126 0.251678 0.837731
19.3100 68.7640 8.8030 0.59987 -0.35240 0.71831 0.110795 0.761840
20.9010 70.5580 8.2970 0.60178 -0.28117 0.74753 0.111837 0.772099
19.8030 70.1770 9.0150 0.57799 -0.27378 0.76875 0.108218 0.767691
16.2370 62.4540 7.7160 0.67084 -0.47375 0.57056 0.120785 0.733288
18.0700 63.7190 6.5770 0.68432 -0.48253 0.54669 0.125506 0.742873
24.8460 82.1590 -15.7650 0.10168 0.56204 -0.82084 0.258818 0.831119
3.0800 42.1800 -5.3720 0.75925 -0.57019 -0.31374 0.187164 0.631470
26.3050 82.9170 -15.0510 0.07235 0.63689 -0.76755 0.258826 0.838932
22.5890 70.9610 7.0350 0.64723 -0.35086 0.67675 0.118230 0.778378
3.8560 43.6480 -6.2120 0.74450 -0.57797 -0.33417 0.190380 0.639132
24.6940 83.2890 -14.9170 0.08548 0.64340 -0.76074 0.264285 0.834526
18.6700 62.8040 4.8300 0.70956 -0.54634 0.44501 0.134160 0.742231
19.6530 63.2620 3.7050 0.71710 -0.57699 0.39096 0.138906 0.746956
25.9850 83.6320 -14.4040 0.09035 0.67105 -0.73589 0.263274 0.840507
20.3220 63.1710 2.2990 0.72452 -0.59586 0.34644 0.145130 0.749190
1.1740 38.8010 -3.8630 0.78854 -0.55662 -0.26148 0.181639 0.613628
19.1060 63.9800 5.4580 0.68831 -0.51052 0.51536 0.130599 0.747029
27.0910 82.5340 -15.3060 0.04840 0.59096 -0.80525 0.255087 0.840322
24.1910 72.2420 6.0370 0.68607 -0.31764 0.65454 0.121778 0.787227
23.4850 72.4150 6.8340 0.65041 -0.25097 0.71692 0.117602 0.785544
2.1540 40.5550 -4.7070 0.77080 -0.56401 -0.29623 0.184768 0.622881
28.5180 82.0770 -15.5050 0.03654 0.47912 -0.87699 0.249527 0.843795
2.4140 40.1710 -3.0810 0.79157 -0.57113 -0.21733 0.177644 0.621699
19.0980 65.4240 6.7620 0.66287 -0.47652 0.57752 0.123515 0.751177
1.8970 39.2230 -2.4430 0.80168 -0.56381 -0.19859 0.175184 0.616691
22.0010 71.5900 7.7740 0.60265 -0.22726 0.76496 0.113477 0.778576
1.7000 38.5950 -1.3700 0.81686 -0.55708 -0.14965 0.170704 0.613586
21.2260 71.6150 8.3680 0.56703 -0.14675 0.81052 0.110033 0.776408
20.2360 71.0470 8.9430 0.55405 -0.15040 0.81879 0.107466 0.771732
15.0320 61.5900 8.3850 0.65881 -0.45519 0.59898 0.117980 0.726940
22.0570 72.5430 7.9070 0.55164 -0.06489 0.83156 0.111092 0.781872
20.4020 72.1040 8.9300 0.49028 0.00705 0.87154 0.105431 0.775768
2.5760 39.8420 -1.2280 0.81905 -0.56305 -0.11010 0.169677 0.620425
17.0280 63.9080 7.9440 0.66316 -0.43960 0.60578 0.118735 0.740143
23.0840 72.7030 7.2230 0.58938 -0.11682 0.79936 0.114984 0.785298
15.5560 62.6470 8.6110 0.64770 -0.43747 0.62378 0.116211 0.731781
24.1240 73.2000 6.4780 0.65896 -0.13294 0.74033 0.118286 0.789959
23.2110 73.6520 7.1800 0.56022 0.03320 0.82768 0.113212 0.788911
21.5140 73.2430 8.2400 0.50178 0.05550 0.86321 0.107230 0.782819
14.0780 62.2010 9.7840 0.63054 -0.40428 0.66255 0.110449 0.725953
28.9860 81.5450 -15.6980 0.04291 0.20138 -0.97857 0.246116 0.843753
3.9870 42.5210 -3.5540 0.78185 -0.58033 -0.22787 0.178866 0.634580
15.6160 64.1040 9.4940 0.62469 -0.39353 0.67446 0.110663 0.736458
30.2620 80.7730 -15.6730 0.04707 -0.05839 -0.99718 0.239765 0.845939
27.1390 73.0220 2.8030 0.74937 -0.41443 0.51642 0.135974 0.799326
4.8540 43.9580 -4.2290 0.76573 -0.58723 -0.26235 0.181303 0.642315
27.3590 74.1100 3.2780 0.75062 -0.30634 0.58543 0.132573 0.803108
31.0530 81.6860 -15.6520 -0.02668 0.12868 -0.99133 0.241232 0.851390
18.1400 65.3510 7.7430 0.65601 -0.43899 0.61395 0.118688 0.747963
3.4980 41.2650 -1.7650 0.80842 -0.57317 -0.13390 0.171502 0.628200
26.2050 73.6250 4.4080 0.72354 -0.27836 0.63167 0.127818 0.797895
25.6170 84.6170 -13.6010 0.08312 0.70085 -0.70844 0.268965 0.842611
5.2720 44.0600 -3.0780 0.78310 -0.59541 -0.17954 0.176177 0.643457
4.6050 42.8500 -1.8950 0.80307 -0.58338 -0.12143 0.171504 0.636948
16.9370 64.9690 8.7580 0.63747 -0.40752 0.65388 0.113869 0.743102
25.3490 73.8500 5.4050 0.69010 -0.15692 0.70650 0.122573 0.795889
16.1490 65.9720 10.0120 0.60084 -0.36592 0.71070 0.106354 0.743874
27.8540 75.1370 3.0740 0.74508 -0.17678 0.64313 0.131993 0.807901
26.6630 74.7370 4.3110 0.71386 -0.15863 0.68209 0.126655 0.802811
26.7280 75.3700 4.3250 0.68312 0.00249 0.73030 0.125358 0.805153
23.4960 85.4880 -12.8540 0.07082 0.76441 -0.64083 0.278248 0.838158
18.0660 66.7890 8.7900 0.62092 -0.39900 0.67473 0.112369 0.752075
5.0510 45.3200 -6.4770 0.73806 -0.58483 -0.33650 0.190877 0.648473
25.6560 74.9110 5.2690 0.64605 0.00048 0.76330 0.121284 0.800373
16.5370 67.0620 10.2500 0.58232 -0.33254 0.74184 0.104191 0.748414
7.0780 57.2100 13.1800 0.58045 -0.34320 0.73844 0.095035 0.689970
5.8090 47.5170 -8.4390 0.70495 -0.59151 -0.39136 0.199059 0.659063
28.0680 74.7410 2.6340 0.76260 -0.29437 0.57602 0.134646 0.807402
27.0900 84.1780 -13.8080 0.05591 0.68735 -0.72417 0.263656 0.846507
7.5570 59.5780 13.7870 0.53725 -0.28850 0.79255 0.089510 0.699056
6.5150 47.4060 -6.8900 0.72537 -0.59594 -0.34452 0.191888 0.660062
30.4140 82.2150 -15.4820 -0.04291 0.44182 -0.89608 0.245116 0.850795
3.2010 59.5660 15.6750 0.24164 -0.00126 0.97036 0.072861 0.687834
1.6420 60.5860 16.0000 0.19376 0.02244 0.98079 0.064838 0.687569
29.7620 82.7520 -15.0640 -0.02980 0.61624 -0.78700 0.249496 0.850454
27.9020 76.1740 3.1660 0.70121 0.03641 0.71203 0.129539 0.811554
2.5370 62.3540 15.7620 0.20934 0.03763 0.97712 0.063686 0.695889
7.3180 49.7700 -9.2690 0.68443 -0.60917 -0.40059 0.201764 0.671502
28.8060 76.9550 2.2060 0.68929 0.12200 0.71414 0.132629 0.817125
27.1390 77.6110 3.5110 0.63876 0.27317 0.71928 0.349825 0.909175
27.1390 77.6110 3.5110 0.64236 0.20307 0.73901 0.123376 0.815157
32.2620 82.1330 -15.6420 -0.06773 0.24786 -0.96642 0.239746 0.856912
26.8790 76.4300 4.0520 0.64185 0.15613 0.75077 0.124022 0.809613
5.2510 58.6110 14.8890 0.44515 -0.22005 0.86800 0.082852 0.689723
4.1360 58.6340 15.3790 0.33706 -0.10101 0.93605 0.078552 0.686949
5.4630 59.5810 14.9840 0.38039 -0.13144 0.91544 0.080998 0.693531
28.4890 82.9700 -14.8920 0.00792 0.62611 -0.77969 0.253829 0.846805
6.5020 59.7120 14.5100 0.47565 -0.21651 0.85257 0.084653 0.696670
29.1000 83.8240 -14.1720 0.00535 0.68844 -0.72528 0.256741 0.852041
28.5670 78.1360 1.9890 0.64378 0.31534 0.69721 0.340032 0.910103
28.5670 78.1360 1.9890 0.64979 0.26739 0.71153 0.129878 0.821503
26.5960 79.3020 3.3510 0.64688 0.28334 0.70800 0.348496 0.901753
28.4050 79.7410 1.3800 0.64861 0.32864 0.68651 0.336087 0.903850
28.3900 84.1980 -13.7570 -0.00568 0.70482 -0.70936 0.260699 0.851113
30.1090 83.9090 -13.9990 -0.08587 0.67192 -0.73563 0.254998 0.856053
7.7270 49.3130 -7.6450 0.70833 -0.61186 -0.35199 0.194494 0.670426
5.9890 60.5810 14.8980 0.35721 -0.08362 0.93027 0.080336 0.698261
7.1190 60.9100 14.4480 0.43834 -0.16920 0.88274 0.083736 0.702293
31.0130 83.2340 -14.8000 -0.13345 0.62688 -0.76760 0.248527 0.856387
8.6010 50.7340 -8.4180 0.69320 -0.62903 -0.35185 0.197318 0.678144
32.0160 82.9490 -15.2010 -0.11319 0.54978 -0.82761 0.244085 0.858670
4.8560 60.3970 15.2610 0.27881 -0.02160 0.96010 0.076692 0.694785
28.6750 75.7210 2.2870 0.74033 -0.14381 0.65668 0.134834 0.812394
32.1150 83.9710 -14.4060 -0.11683 0.64034 -0.75916 0.249114 0.862580
6.2900 45.6620 -3.9290 0.76370 -0.60185 -0.23353 0.179267 0.652237
31.1030 84.7340 -13.5970 -0.16139 0.67541 -0.71957 0.256109 0.862042
29.4920 77.3860 1.4380 0.67277 0.17145 0.71971 0.135406 0.820832
30.5710 77.8350 0.3800 0.63689 0.16768 0.75250 0.139830 0.825566
6.5070 46.5730 -5.3080 0.74269 -0.60303 -0.29115 0.185068 0.656535
4.2350 62.5780 15.3500 0.24384 0.03522 0.96918 0.069162 0.700836
3.5150 64.0590 15.4700 0.22166 0.06186 0.97316 0.063007 0.704219
8.6870 61.5530 13.7600 0.49647 -0.23543 0.83552 0.088088 0.708594
6.9580 61.7730 14.6040 0.33978 -0.05166 0.93909 0.080880 0.704808
8.1990 62.6270 14.1980 0.38600 -0.08336 0.91873 0.083248 0.710901
7.2930 63.1990 14.5180 0.28440 0.02660 0.95834 0.078538 0.710577
8.7380 64.6200 14.0250 0.30182 0.04176 0.95245 0.080261 0.719166
9.3870 63.7250 13.7930 0.39431 -0.07718 0.91573 0.084838 0.717722
5.8730 61.9160 14.9520 0.27565 0.02036 0.96104 0.076603 0.702578
6.8160 45.8640 -2.3390 0.78503 -0.60751 -0.12107 0.172261 0.653891
6.1350 63.2670 14.8000 0.25597 0.04908 0.96544 0.074269 0.707961
7.6210 47.5040 -4.3630 0.75139 -0.61433 -0.24085 0.180416 0.662591
7.8020 47.2440 -2.9020 0.77723 -0.61355 -0.13957 0.174131 0.661687
24.4190 74.3420 6.2690 0.61136 0.02936 0.79080 0.116938 0.794790
27.3580 85.1660 -12.7880 0.04463 0.73877 -0.67248 0.268640 0.851193
25.4900 85.2880 -12.8740 0.06755 0.76443 -0.64116 0.273054 0.844691
5.6150 64.8520 14.8950 0.25560 0.06022 0.96491 0.068548 0.712185
7.2380 64.3830 14.4480 0.26687 0.05961 0.96189 0.075488 0.714605
6.7080 66.1340 14.5020 0.26351 0.07553 0.96169 0.069364 0.719415
8.8210 49.8800 -6.4610 0.70985 -0.62691 -0.32109 0.188725 0.675051
7.8220 48.4750 -5.9930 0.72531 -0.61356 -0.31219 0.187275 0.667150
25.3830 75.9270 5.3590 0.60236 0.14896 0.78421 0.117991 0.803403
24.4710 75.5690 6.0930 0.57236 0.13739 0.80841 0.114626 0.799461
24.7420 86.9910 -10.6710 0.06497 0.84943 -0.52369 0.285551 0.848694
8.7940 49.1540 -4.9890 0.73915 -0.62426 -0.25290 0.182439 0.671899
26.8970 86.6050 -11.0960 0.05195 0.85118 -0.52230 0.278641 0.855066
23.6490 75.8570 6.6000 0.54761 0.14928 0.82331 0.110501 0.798293
9.8780 58.3360 11.3630 0.61641 -0.39119 0.68339 0.104465 0.701465
8.7120 48.5180 -3.4300 0.76372 -0.62165 -0.17405 0.175884 0.668884
28.3380 85.9030 -11.9430 -0.01767 0.76200 -0.64734 0.270945 0.857525
8.7800 48.4810 -2.8360 0.78159 -0.61688 -0.09266 0.173348 0.668744
8.3580 58.2060 12.6040 0.58992 -0.34879 0.72824 0.097633 0.696763
28.9200 85.0710 -12.8480 -0.02458 0.71661 -0.69704 0.264530 0.856363
9.6550 49.6460 -3.3640 0.76173 -0.63315 -0.13744 0.175113 0.675457
29.4360 84.6530 -13.2620 -0.02797 0.68840 -0.72479 0.260899 0.856566
9.6360 60.4840 12.6670 0.56618 -0.33364 0.75374 0.095672 0.707717
10.2740 59.8820 11.8580 0.59626 -0.37596 0.70932 0.100725 0.707565
10.2030 50.8040 -5.0180 0.72601 -0.64367 -0.24208 0.181800 0.681642
30.2930 84.9950 -13.0800 -0.15497 0.68639 -0.71053 0.260361 0.860604
11.4430 61.0720 11.5340 0.59518 -0.36839 0.71418 0.101829 0.714699
2.7970 40.0260 0.7300 0.83991 -0.54243 0.01799 0.161237 0.621215
25.8610 78.1000 4.4100 0.61961 0.25866 0.74106 0.355837 0.904591
25.8610 78.1000 4.4100 0.60446 0.20674 0.76934 0.116414 0.813495
24.0560 78.7700 5.6290 0.58868 0.24122 0.77154 0.364663 0.897616
24.0560 78.7700 5.6290 0.57821 0.19341 0.79263 0.106861 0.810884
3.6770 41.3260 -0.3620 0.82309 -0.56749 -0.02167 0.165459 0.628530
31.0700 85.7590 -12.4970 -0.13959 0.74129 -0.65651 0.262399 0.865931
32.3450 85.0680 -13.4220 -0.13335 0.68605 -0.71523 0.254582 0.867385
12.3870 62.3560 11.3890 0.59419 -0.34968 0.72434 0.101678 0.721507
32.2650 86.0820 -12.3880 -0.15096 0.76152 -0.63031 0.260719 0.870981
29.7940 86.0330 -11.9350 -0.08414 0.78122 -0.61856 0.267964 0.862964
2.2950 39.4710 2.7350 0.84488 -0.52279 0.11345 0.152864 0.617452
10.5560 62.4560 12.8290 0.55534 -0.29869 0.77613 0.093168 0.716664
3.2480 40.9100 2.2400 0.83363 -0.54521 0.08830 0.154507 0.625288
10.3770 63.1670 13.1860 0.49458 -0.21197 0.84289 0.090211 0.718495
4.2080 42.2030 1.3640 0.81512 -0.57667 0.05505 0.157813 0.632711
24.8360 80.1780 4.5560 0.61126 0.26780 0.74474 0.356483 0.894556
28.8650 86.3790 -11.3390 -0.00823 0.86830 -0.49597 0.272975 0.861363
28.2820 86.7080 -10.6610 0.09822 0.96129 -0.25745 0.277415 0.861104
29.4070 86.5700 -10.8540 0.01606 0.98062 -0.19528 0.274002 0.864640
4.8100 42.9680 -0.2680 0.80951 -0.58687 -0.01669 0.164497 0.637481
31.0400 86.3020 -11.7770 -0.11325 0.86657 -0.48603 0.266247 0.868182
30.2680 86.4300 -11.3790 -0.06239 0.90772 -0.41492 0.269763 0.866423
31.2410 86.5870 -11.0440 -0.06188 0.98572 -0.15661 0.269163 0.870894
5.9760 44.6120 -1.2170 0.80126 -0.59520 -0.06099 0.167946 0.646797
5.4210 43.7970 -0.5330 0.80669 -0.59030 -0.02816 0.165324 0.642178
31.0470 86.6130 -10.2290 0.01249 0.99946 0.03046 0.273089 0.872158
6.4160 45.2070 0.2580 0.80842 -0.58838 0.01631 0.161455 0.649697
31.9740 86.6150 -11.3760 -0.11373 0.96328 -0.24322 0.266200 0.872844
4.6460 66.8490 14.9550 0.23051 0.09569 0.96835 0.060332 0.716834
23.6430 81.0260 5.2010 0.58110 0.28793 0.76120 0.360770 0.888625
4.1890 42.2900 2.2050 0.81890 -0.56292 0.11190 0.154193 0.632775
8.8980 66.1060 13.8570 0.29335 0.06974 0.95346 0.077280 0.724812
16.3370 86.0580 -11.9680 -0.14376 0.77841 -0.61108 0.298524 0.816268
5.6130 44.0690 0.8490 0.81337 -0.57937 0.05260 0.159352 0.643301
5.0300 43.4700 2.2070 0.81406 -0.56502 0.13441 0.153779 0.639255
8.2920 67.9460 13.9140 0.27914 0.08399 0.95657 0.070683 0.729768
15.4170 89.0620 -6.4480 -0.10265 0.96694 -0.23341 0.322539 0.825892
6.1820 68.5700 14.3950 0.24086 0.10351 0.96503 0.061691 0.726742
6.4870 45.4000 1.5680 0.80241 -0.58680 0.10866 0.155812 0.650225
5.8080 44.6800 2.3740 0.80708 -0.56880 0.15838 0.152626 0.645627
14.9840 89.1660 -5.6010 -0.09464 0.99317 -0.06823 0.326460 0.825915
16.0030 89.1220 -6.3430 -0.00053 0.98931 -0.14584 0.321796 0.828089
16.2600 89.1680 -4.8920 0.01959 0.99959 -0.02111 0.326575 0.831500
3.0120 40.8170 3.4150 0.83107 -0.53099 0.16547 0.149509 0.624104
10.2110 67.5250 13.3110 0.30214 0.08634 0.94934 0.078625 0.733164
18.1380 86.1140 -12.2480 -0.08189 0.78181 -0.61812 0.293698 0.821897
7.8060 69.9060 13.8390 0.25619 0.10942 0.96041 0.064306 0.735528
17.8570 86.9280 -11.1300 -0.08518 0.81221 -0.57711 0.299113 0.823954
13.7480 89.0970 -2.7620 -0.10054 0.99482 -0.01495 0.339188 0.826315
9.4110 70.6300 13.2990 0.27108 0.10489 0.95682 0.068342 0.742144
10.1270 69.1620 13.2360 0.30904 0.07582 0.94802 0.074390 0.738717
15.3050 89.1800 -2.5820 0.07154 0.99534 0.06464 0.336933 0.832024
7.7260 71.3310 13.6870 0.24337 0.12864 0.96137 0.060658 0.740418
2.0250 40.8690 6.7090 0.80067 -0.48481 0.35197 0.135075 0.621208
3.1210 41.9250 5.6270 0.80674 -0.51044 0.29768 0.139533 0.627993
15.6180 89.2230 -3.7830 -0.00616 0.99983 0.01747 0.331904 0.831149
3.3250 41.7210 4.5690 0.81764 -0.53047 0.22376 0.144225 0.627969
4.0900 43.1400 5.1350 0.80854 -0.52118 0.27319 0.141277 0.634960
17.2650 89.0860 -3.2030 0.07144 0.99416 0.08089 0.330863 0.837831
9.4710 73.0350 13.0030 0.26085 0.14201 0.95488 0.062912 0.750896
16.1040 88.9580 -2.0010 0.10048 0.98884 0.10998 0.337610 0.835838
4.5270 43.1330 3.4600 0.81516 -0.54716 0.19011 0.148524 0.636428
14.3850 64.3270 10.6740 0.59782 -0.35282 0.71981 0.104043 0.733552
12.9780 64.2120 11.7530 0.56865 -0.31782 0.75870 0.098027 0.729137
5.7600 45.1280 3.9610 0.80311 -0.55430 0.21855 0.145646 0.646718
5.0060 44.4780 4.9830 0.79567 -0.54075 0.27296 0.141442 0.642184
11.4420 64.0690 12.7760 0.51275 -0.23906 0.82458 0.091899 0.724379
2.9280 42.3150 6.6900 0.79124 -0.49515 0.35883 0.134660 0.628729
16.7680 88.5520 -8.3100 -0.09432 0.89522 -0.43552 0.312898 0.826896
12.5570 65.1980 12.4270 0.49676 -0.20033 0.84445 0.093028 0.731129
13.6460 65.8260 11.9060 0.53110 -0.22520 0.81684 0.095640 0.736204
5.5360 45.3200 5.1430 0.79169 -0.53539 0.29424 0.140451 0.646543
6.5810 46.2340 3.7290 0.79432 -0.56158 0.23172 0.146227 0.652895
13.9810 89.1170 -1.6460 -0.04650 0.99873 0.01927 0.342860 0.828924
16.0200 88.8370 -7.4220 -0.09406 0.94059 -0.32626 0.317755 0.826121
13.1080 88.9910 -1.3920 -0.13319 0.99109 -0.00241 0.345427 0.826237
12.6680 66.3810 12.5190 0.41963 -0.05170 0.90622 0.090310 0.735405
19.8970 86.6060 -11.7150 -0.00013 0.80908 -0.58769 0.292215 0.829419
7.7380 46.9560 -1.2600 0.79437 -0.60639 -0.03554 0.167240 0.659964
15.4160 89.0410 -1.6250 0.12295 0.98631 0.10990 0.340296 0.833992
18.1380 87.8710 -9.7400 -0.06432 0.85433 -0.51573 0.304384 0.828392
11.6580 65.8130 12.9260 0.39333 -0.03596 0.91869 0.087991 0.730814
15.7550 88.8600 -0.4630 0.08520 0.98917 0.11948 0.344059 0.837082
13.8730 67.3080 11.9930 0.43228 -0.05765 0.89990 0.092519 0.741795
14.6480 89.0350 -0.7720 0.09697 0.98713 0.12718 0.344888 0.832654
15.1280 67.3230 11.3210 0.49918 -0.17190 0.84928 0.097378 0.745258
12.6370 67.9320 12.5030 0.34377 0.05376 0.93751 0.086400 0.740730
15.1900 68.7510 11.4380 0.41248 -0.03126 0.91043 0.093841 0.750249
19.6660 87.3820 -10.6000 -0.00816 0.83171 -0.55515 0.297556 0.831549
13.7690 89.1220 -0.6440 -0.01635 0.99393 0.10876 0.346939 0.829752
7.6160 46.8120 0.9420 0.79584 -0.60091 0.07448 0.157949 0.658472
12.6510 88.8960 0.0140 -0.12878 0.97874 0.15964 0.351484 0.826850
20.9290 87.1960 -10.7990 0.04839 0.82028 -0.56991 0.293836 0.835322
15.3460 66.5860 10.9490 0.56632 -0.29891 0.76807 0.100551 0.743485
14.0300 88.9040 0.1470 0.02852 0.97688 0.21186 0.349504 0.831934
12.8760 88.7170 0.9150 -0.05104 0.97420 0.21984 0.354518 0.829015
23.3230 86.7130 -11.1840 0.06601 0.81061 -0.58185 0.286411 0.842360
16.2080 68.2060 10.8980 0.49426 -0.17942 0.85060 0.099123 0.751130
17.8870 68.7730 9.9530 0.56756 -0.28665 0.77182 0.104362 0.757698
22.3020 87.7440 -9.8920 0.09856 0.87973 -0.46515 0.294817 0.842290
9.2070 48.8650 -1.2190 0.78289 -0.62149 -0.02879 0.166314 0.670742
13.9590 88.5560 1.7270 -0.02233 0.97610 0.21619 0.355699 0.834121
15.7810 88.6410 1.2920 0.04662 0.98528 0.16449 0.350696 0.839932
8.5580 48.0150 0.7560 0.79303 -0.60513 0.07010 0.158284 0.665344
10.1230 50.0130 -1.7350 0.77107 -0.63409 -0.05807 0.168024 0.677488
20.5040 88.0620 -9.5370 0.03986 0.88519 -0.46353 0.300335 0.837003
11.0620 51.2930 -2.8440 0.75598 -0.65090 -0.06942 0.172196 0.684976
10.7400 64.6100 13.2530 0.42215 -0.09563 0.90147 0.087645 0.724287
10.3290 50.2100 -0.7760 0.78308 -0.62185 0.00962 0.163881 0.678426
11.0320 51.1220 -1.5540 0.77513 -0.63133 -0.02447 0.166794 0.683837
17.4730 88.8360 -1.3340 0.06728 0.99142 0.11205 0.337533 0.841704
18.7110 88.8550 -2.3040 0.11013 0.98874 0.10133 0.331455 0.844394
9.6830 49.5110 0.8240 0.78786 -0.60904 0.09130 0.157411 0.673672
10.2450 65.3140 13.4750 0.34269 0.01550 0.93932 0.084040 0.725430
8.8350 48.6950 2.0560 0.79045 -0.58647 0.17677 0.152497 0.668110
11.0160 66.7940 13.1540 0.32164 0.06398 0.94470 0.083235 0.732568
21.5320 88.2680 -8.7730 0.12271 0.95910 -0.25508 0.301081 0.842131
17.6190 88.6060 0.6680 0.09259 0.98495 0.14594 0.344935 0.845454
6.7680 46.0580 2.5850 0.79689 -0.57641 0.18087 0.151227 0.653054
19.4190 88.5490 -0.3210 0.13413 0.98204 0.13270 0.337754 0.850204
20.4200 88.5380 -1.6940 0.15535 0.98221 0.10552 0.330489 0.851444
7.9360 47.6030 2.4430 0.79009 -0.58661 0.17790 0.151263 0.661713
21.1350 88.1350 0.4780 0.18990 0.96508 0.18047 0.337711 0.857651
8.2570 48.4980 3.7350 0.78624 -0.56645 0.24691 0.145383 0.665369
18.8330 88.4980 -8.6480 0.00621 0.93147 -0.36376 0.307439 0.833247
11.1000 68.3680 12.9410 0.31372 0.08226 0.94595 0.079833 0.738418
15.6590 88.3600 2.8350 0.02843 0.97641 0.21403 0.356867 0.841902
17.5550 88.3220 2.2800 0.11660 0.96906 0.21755 0.351338 0.847839
17.4380 88.7780 -7.8400 -0.00023 0.96008 -0.27971 0.313387 0.830155
17.3030 89.0450 -6.3030 0.06064 0.99166 -0.11376 0.319324 0.832566
18.8180 88.7560 -7.5800 0.06857 0.98063 -0.18346 0.311471 0.835319
20.2120 88.1530 1.3280 0.17606 0.95945 0.22011 0.342791 0.855775
10.8480 50.9740 0.3220 0.78101 -0.62047 0.07101 0.158941 0.682161
19.9420 88.3930 -8.8230 0.05769 0.94866 -0.31099 0.304393 0.836635
9.6400 49.8070 2.1280 0.77704 -0.59932 0.19243 0.151743 0.674182
24.1100 87.4560 -0.0690 0.34448 0.90213 0.25979 0.330073 0.867564
24.3920 87.6710 -1.4590 0.29826 0.94096 0.16008 0.323817 0.866076
22.6370 88.0010 -0.3840 0.23618 0.95619 0.17299 0.331463 0.861527
9.3790 50.0330 3.6230 0.77291 -0.57947 0.25852 0.145228 0.673818
28.0320 86.1430 -2.0810 0.54511 0.73417 0.40478 0.314708 0.879520
26.9100 86.3990 -1.0220 0.56177 0.70696 0.42968 0.321266 0.877018
28.1670 85.3300 -1.3040 0.65505 0.46035 0.59915 0.318441 0.883027
20.0590 88.6440 -7.6060 0.12010 0.98238 -0.14322 0.308730 0.839472
10.6350 50.9500 1.7390 0.77754 -0.60761 0.16199 0.152956 0.681027
27.3780 85.4770 -0.5190 0.66636 0.44897 0.59531 0.323198 0.881303
11.5110 51.9830 1.5230 0.76613 -0.62163 0.16315 0.153460 0.687104
10.3000 50.9940 3.1920 0.76648 -0.59276 0.24727 0.146742 0.679803
22.7390 88.2420 -7.6370 0.17334 0.98030 -0.09466 0.302700 0.848578
25.6320 84.6270 1.6140 0.65318 0.37218 0.65942 0.336704 0.881226
26.2000 83.2790 1.9410 0.65867 0.36944 0.65549 0.338538 0.886932
27.0340 84.3550 0.3560 0.67458 0.35850 0.64531 0.328958 0.884730
11.0720 51.9740 3.0180 0.76934 -0.59189 0.24039 0.147068 0.685369
21.3030 88.4960 -6.6410 0.15971 0.98573 -0.05321 0.309624 0.845636
25.5070 86.7960 0.0440 0.47797 0.78257 0.39892 0.328156 0.873279
25.7220 87.1550 -1.3310 0.37108 0.89983 0.22935 0.321917 0.871391
22.6720 88.0900 -8.7400 0.16356 0.95939 -0.22984 0.298584 0.846054
23.9460 87.1460 0.9880 0.38882 0.84335 0.37092 0.334809 0.869012
26.4120 86.8690 -1.3950 0.44148 0.85460 0.27341 0.320436 0.874014
26.3490 86.0330 0.1230 0.60899 0.56811 0.55351 0.327406 0.877627
19.3110 88.8950 -6.2950 0.12291 0.98923 -0.07948 0.315223 0.839406
25.3650 86.2000 1.0160 0.58693 0.57291 0.57209 0.332852 0.875352
26.1110 85.5130 0.7500 0.65485 0.37839 0.65421 0.331022 0.879075
7.4390 51.5700 -11.4220 0.58469 -0.56609 -0.58110 0.211367 0.678951
7.3310 50.6090 -10.3730 0.64741 -0.60662 -0.46139 0.206693 0.674894
8.1670 51.9060 -10.9820 0.61615 -0.61061 -0.49751 0.208802 0.682004
8.6500 51.5110 -9.7220 0.67054 -0.62599 -0.39814 0.202904 0.681499
20.7430 88.6980 -5.1690 0.17509 0.98422 -0.02567 0.316452 0.846421
24.5490 83.0160 3.6190 0.61533 0.35134 0.70564 0.349246 0.884295
25.5480 82.0900 3.1480 0.64886 0.31875 0.69092 0.346422 0.889642
22.0190 88.4660 -4.8060 0.17693 0.98422 -0.00236 0.315171 0.851551
1.3260 63.6940 15.9260 0.16971 0.07358 0.98274 0.056172 0.697620
7.8260 52.4580 -11.9130 0.50432 -0.54913 -0.66643 0.213409 0.683318
8.3470 53.2080 -12.1210 0.49952 -0.49687 -0.70965 0.214035 0.687453
25.4140 80.9720 3.7600 0.63427 0.29472 0.71474 0.350802 0.893186
8.6330 52.9420 -11.6400 0.58947 -0.57510 -0.56726 0.211463 0.687167
24.2570 84.9880 2.7670 0.61693 0.37252 0.69327 0.343732 0.877214
23.2450 83.9580 4.2050 0.57085 0.38826 0.72346 0.353077 0.878173
9.7160 53.1900 -10.5560 0.66008 -0.61156 -0.43622 0.205876 0.690672
23.9170 87.2330 -10.3780 0.09135 0.85670 -0.50767 0.288809 0.846562
2.8770 65.7960 15.4620 0.19310 0.09600 0.97647 0.056587 0.708766
23.5540 82.9060 4.4950 0.58180 0.33832 0.73962 0.355172 0.882258
23.9860 87.5910 -9.6380 0.14914 0.92920 -0.33814 0.291867 0.848580
22.1600 83.0070 5.4830 0.54060 0.34106 0.76905 0.362105 0.878266
9.6840 52.1470 -8.8480 0.68054 -0.63552 -0.36467 0.198514 0.686294
25.7360 87.1420 -10.1900 0.11073 0.92436 -0.36510 0.285410 0.853329
10.4430 53.6320 -9.9900 0.66285 -0.63381 -0.39863 0.202998 0.694046
27.1400 86.8760 -10.4220 0.11675 0.94785 -0.29655 0.281107 0.857657
25.7860 87.3080 -9.6130 0.17092 0.95998 -0.22189 0.287713 0.854847
10.4190 51.8870 -6.9860 0.69516 -0.64563 -0.31609 0.190034 0.686764
27.8270 86.9320 -9.5410 0.18698 0.97766 -0.09606 0.283224 0.862201
21.9580 84.3930 4.9280 0.52515 0.40811 0.74677 0.358006 0.873521
22.7890 85.2540 3.8300 0.54545 0.42233 0.72396 0.350613 0.872994
3.2930 68.1600 15.1170 0.18895 0.12478 0.97403 0.052424 0.718147
21.5430 85.9320 4.3020 0.46577 0.53836 0.70230 0.353974 0.867816
22.3880 86.0930 3.6020 0.48155 0.54099 0.68952 0.349320 0.869424
11.2180 53.2290 -7.9710 0.67465 -0.65375 -0.34271 0.193773 0.694075
8.4520 54.1360 -12.6140 0.42561 -0.45494 -0.78223 0.216826 0.691119
24.8200 87.7230 -8.4480 0.20902 0.96851 -0.13530 0.294723 0.854095
9.3630 53.7250 -11.6410 0.58117 -0.56906 -0.58174 0.211038 0.691938
9.7620 54.5740 -12.1010 0.53978 -0.54218 -0.64395 0.212923 0.696176
9.7010 55.3430 -12.6650 0.43399 -0.48468 -0.75943 0.216063 0.698843
3.0850 70.0060 14.8730 0.16862 0.15836 0.97288 0.047326 0.724256
10.1960 54.2190 -11.2120 0.62316 -0.60797 -0.49197 0.208536 0.695853
4.4000 68.7440 14.8050 0.21222 0.12406 0.96932 0.054951 0.722948
26.4630 87.2980 -8.7850 0.22260 0.97067 -0.09086 0.289529 0.859121
26.2050 87.4270 -7.4270 0.25401 0.96641 -0.03919 0.295677 0.861250
21.9200 88.3000 -1.6100 0.17926 0.97771 0.10935 0.327926 0.856861
10.5200 55.1820 -11.8960 0.55208 -0.57715 -0.60175 0.211538 0.700350
29.7220 86.5860 -9.4800 0.09965 0.99495 0.01190 0.279165 0.869186
22.6470 87.6530 1.0640 0.29430 0.90353 0.31148 0.337344 0.864144
11.6740 55.6230 -11.1860 0.60868 -0.64441 -0.46287 0.207398 0.704900
21.4250 87.7960 1.6140 0.23845 0.92701 0.28946 0.341778 0.860678
30.9890 86.4520 -8.8540 0.03697 0.99582 0.08350 0.279149 0.875294
4.5110 71.3490 14.4000 0.17963 0.15922 0.97077 0.049192 0.732555
28.5490 86.7900 -8.3150 0.21899 0.97572 -0.00208 0.286712 0.867744
19.7100 87.5810 3.4190 0.24162 0.86827 0.43327 0.352200 0.857676
20.3750 87.7100 2.6790 0.24286 0.90736 0.34309 0.347990 0.858756
19.1360 87.8650 3.0390 0.18089 0.92801 0.32571 0.351597 0.854847
5.5550 70.2670 14.3530 0.21724 0.13236 0.96710 0.055440 0.731224
12.0060 54.4670 -8.7670 0.65729 -0.65833 -0.36685 0.196711 0.700918
20.5600 87.3340 3.3630 0.31770 0.81535 0.48402 0.350589 0.860814
22.5620 86.9750 2.5110 0.37894 0.77866 0.50009 0.343715 0.866896
21.3450 87.4720 2.5140 0.30893 0.86295 0.39986 0.345666 0.862103
22.2320 86.6080 3.2100 0.40948 0.68108 0.60701 0.347486 0.867399
5.3150 73.5940 13.8850 0.17964 0.17206 0.96857 0.046780 0.742608
27.3900 87.1250 -6.6950 0.27490 0.96144 0.00732 0.296098 0.867173
5.5650 72.2650 14.0370 0.21009 0.14878 0.96630 0.050787 0.738443
7.1370 73.0440 13.5720 0.22323 0.15273 0.96272 0.054552 0.745132
30.1270 86.4550 -7.3540 0.15434 0.98670 0.05109 0.287418 0.875773
28.6840 86.7520 -6.7060 0.25089 0.96744 0.03327 0.293266 0.871936
13.7930 56.5920 -9.4520 0.64118 -0.66876 -0.37636 0.198534 0.713653
14.6930 56.4900 -7.5370 0.67004 -0.68113 -0.29514 0.189863 0.715141
23.6050 88.1780 -4.9690 0.21733 0.97603 0.01136 0.311232 0.856842
24.1990 88.0070 -6.5040 0.23180 0.97194 -0.04000 0.303853 0.855984
22.6280 88.3310 -6.3650 0.16522 0.98543 -0.04028 0.307842 0.850733
24.6840 85.9030 1.9210 0.61152 0.45197 0.64943 0.338210 0.875099
23.6990 85.7030 2.8830 0.56795 0.42763 0.70325 0.344318 0.873676
11.8160 53.1040 -6.2960 0.69583 -0.66497 -0.27135 0.186318 0.694697
11.7480 52.5260 -5.0150 0.72713 -0.65093 -0.21812 0.180941 0.692012
17.7720 62.7120 -13.2210 0.47081 -0.58806 -0.65766 0.212730 0.747556
17.4470 61.7060 -12.4690 0.57723 -0.64961 -0.49479 0.209288 0.742979
16.5210 61.5490 -13.2780 0.45543 -0.55891 -0.69297 0.213418 0.739967
26.0250 87.5200 -6.0980 0.27646 0.96101 -0.00444 0.301509 0.863394
18.5660 63.5150 -13.4610 0.43986 -0.55885 -0.70299 0.213240 0.752719
12.4860 53.3580 -5.0880 0.71294 -0.67189 -0.20071 0.180848 0.697022
24.2640 86.4240 1.8720 0.54594 0.61225 0.57193 0.338279 0.872507
24.4950 86.7270 1.2370 0.49097 0.72318 0.48575 0.335019 0.871831
10.8030 51.1380 -3.9510 0.74305 -0.65089 -0.15564 0.176976 0.684109
24.9660 87.8190 -4.6910 0.26796 0.96290 0.03183 0.309505 0.862294
18.5020 62.6640 -12.5050 0.53897 -0.66784 -0.51332 0.208924 0.749353
23.5050 86.9170 1.8650 0.40380 0.77968 0.47858 0.339334 0.869167
25.8390 87.5440 -4.4210 0.30451 0.95050 0.06179 0.308795 0.866030
19.2370 63.2430 -12.5420 0.55129 -0.66630 -0.50212 0.208611 0.753548
11.7230 52.0640 -3.4770 0.75359 -0.64977 -0.09953 0.174504 0.689757
18.9590 62.3650 -11.4890 0.59462 -0.69630 -0.40200 0.204210 0.749340
13.1970 54.5650 -6.5440 0.68607 -0.67738 -0.26546 0.186546 0.703810
20.7220 64.2730 -12.1420 0.56832 -0.68979 -0.44856 0.206180 0.761339
20.1190 64.4550 -13.0130 0.52475 -0.62100 -0.58223 0.210459 0.760431
27.8230 86.8590 -4.3090 0.33099 0.93669 0.11429 0.305321 0.873841
28.4370 86.7640 -5.6110 0.28143 0.95718 0.06782 0.298472 0.873446
27.1970 87.1360 -5.2500 0.30464 0.95133 0.04647 0.302581 0.869517
28.7000 86.5430 -4.2970 0.33471 0.92075 0.20045 0.303636 0.877290
29.8270 86.4010 -5.6740 0.21358 0.97173 0.10062 0.295324 0.878550
29.8810 86.2360 -4.6430 0.27622 0.93069 0.23982 0.299746 0.881069
23.3960 86.4120 2.5950 0.48582 0.61173 0.62431 0.342918 0.870733
12.7270 53.3960 -4.1620 0.73223 -0.66746 -0.13539 0.176852 0.697478
11.9740 52.2990 -2.4110 0.75414 -0.65555 -0.03905 0.169905 0.690883
22.1580 65.1080 -11.6110 0.57941 -0.72008 -0.38180 0.203155 0.768304
21.1920 63.4010 -9.7660 0.61831 -0.72125 -0.31223 0.195804 0.758792
19.3840 61.5900 -9.2270 0.63416 -0.71191 -0.30171 0.194419 0.747018
14.5860 55.7360 -5.7430 0.70116 -0.68127 -0.21037 0.182436 0.711503
13.7620 54.6440 -4.8770 0.71763 -0.67810 -0.15873 0.179275 0.705028
14.0030 54.6120 -3.2390 0.73617 -0.67019 -0.09434 0.172338 0.704946
24.9930 87.6960 -3.1000 0.29154 0.95144 0.09883 0.315935 0.865361
22.7830 64.8070 -9.9080 0.62929 -0.72438 -0.28154 0.195649 0.768386
25.9950 87.2760 -2.4810 0.34991 0.92442 0.15170 0.316585 0.870302
15.4670 56.4690 -5.0700 0.72381 -0.67650 -0.13582 0.179178 0.716274
17.1150 89.1600 -5.0620 0.04483 0.99859 -0.02848 0.324265 0.834127
18.1710 89.0400 -5.4880 0.09353 0.99484 -0.03942 0.320563 0.836987
14.4570 55.2700 -4.0590 0.72680 -0.67712 -0.11518 0.175516 0.708829
15.9340 56.7820 -3.8440 0.73921 -0.66947 -0.07331 0.173863 0.718164
27.7010 86.7340 -3.3600 0.40826 0.88571 0.22101 0.309630 0.875309
21.6100 63.1760 -8.0590 0.66095 -0.72648 -0.18807 0.188532 0.758432
15.1360 55.8390 -3.2850 0.73666 -0.67225 -0.07358 0.171952 0.712411
28.8500 86.0120 -2.9630 0.46893 0.79740 0.37981 0.309349 0.881075
21.2980 65.8340 -13.5740 0.42722 -0.57739 -0.69578 0.212390 0.768839
11.1480 56.8720 -12.9120 0.39253 -0.51952 -0.75896 0.216053 0.708304
12.4510 57.9110 -12.9770 0.41700 -0.51590 -0.74830 0.215024 0.715608
22.5080 66.2120 -13.0200 0.51099 -0.65824 -0.55282 0.209069 0.773679
30.8150 74.9540 -14.4220 0.20477 -0.33099 -0.92115 0.215846 0.829782
30.6720 73.9430 -14.0430 0.25138 -0.44798 -0.85798 0.212280 0.825924
11.8980 56.6560 -12.2380 0.52226 -0.61724 -0.58845 0.211932 0.709503
31.8390 73.9830 -13.7180 0.33644 -0.64797 -0.68333 0.208821 0.829956
30.2510 73.1270 -13.6550 0.38164 -0.62335 -0.68249 0.209962 0.821661
19.2420 88.9330 -4.9440 0.12914 0.99163 -0.00101 0.320408 0.841638
18.1080 89.0480 -4.3760 0.10246 0.99437 0.02693 0.324822 0.838740
22.3420 67.0610 -13.8390 0.37877 -0.52087 -0.76500 0.213501 0.776180
23.4090 67.0830 -13.2110 0.49248 -0.64995 -0.57881 0.209542 0.779424
19.2980 88.8970 -3.5410 0.12661 0.99005 0.06133 0.325591 0.844296
12.9250 57.8050 -12.5220 0.54736 -0.61031 -0.57265 0.212428 0.716485
32.4160 74.7230 -13.9980 0.22957 -0.45422 -0.86080 0.210225 0.834465
13.1960 57.2510 -11.4340 0.60977 -0.65488 -0.44644 0.207456 0.714967
32.2430 73.6800 -12.9290 0.45594 -0.78698 -0.41567 0.204646 0.829757
33.4960 74.8770 -13.7310 0.34961 -0.66061 -0.66435 0.207351 0.838573
24.2370 66.6600 -11.2820 0.61209 -0.71827 -0.33080 0.200808 0.779712
23.5380 66.7080 -12.5160 0.57464 -0.70409 -0.41718 0.206376 0.778304
20.6310 88.7050 -3.9230 0.16491 0.98533 0.04389 0.321445 0.848284
24.3700 68.2220 -13.6450 0.48628 -0.58938 -0.64511 0.211181 0.786344
25.0150 68.1070 -12.8210 0.57453 -0.68396 -0.44956 0.207144 0.787683
13.5710 58.9080 -12.9710 0.47460 -0.52208 -0.70865 0.214259 0.722241
14.6330 59.3310 -12.3920 0.54548 -0.62896 -0.55394 0.210871 0.726578
14.8140 58.8290 -11.5770 0.58864 -0.66396 -0.46116 0.207061 0.725116
14.8460 57.7470 -9.7510 0.63097 -0.67983 -0.37379 0.199169 0.720790
33.8110 74.6720 -13.1230 0.45681 -0.80727 -0.37370 0.204113 0.838498
25.0630 66.9520 -10.2030 0.65387 -0.71921 -0.23493 0.195950 0.782639
33.1240 74.0720 -12.5850 0.51652 -0.82418 -0.23223 0.202346 0.833695
23.6650 65.1340 -8.3190 0.67465 -0.72080 -0.15908 0.188715 0.771263
24.6300 66.1700 -8.8820 0.67979 -0.71432 -0.16622 0.190646 0.777944
25.7970 67.3690 -9.0740 0.68529 -0.71386 -0.14414 0.190992 0.785561
34.5510 74.8340 -11.5030 0.51870 -0.85495 -0.00091 0.196229 0.839599
33.0580 73.8960 -11.9070 0.56528 -0.81982 -0.09138 0.199430 0.832160
34.7800 75.0260 -12.3960 0.47744 -0.86739 -0.14032 0.199885 0.842160
33.6620 74.2990 -10.6290 0.57022 -0.82032 0.04386 0.193307 0.833827
26.0150 68.2720 -11.4970 0.61637 -0.72557 -0.30600 0.201071 0.790703
21.9540 88.4310 -3.1720 0.18132 0.98128 0.06488 0.321696 0.854272
26.0160 67.8510 -10.2840 0.65089 -0.72832 -0.21424 0.195955 0.788591
16.1140 59.2860 -10.4730 0.61666 -0.69123 -0.37673 0.201465 0.730051
35.3510 75.4830 -13.0400 0.42239 -0.86284 -0.27765 0.202092 0.846361
19.8560 61.4500 -7.5090 0.67304 -0.71803 -0.17732 0.187084 0.747124
36.0890 75.6790 -12.0960 0.42811 -0.90370 -0.00757 0.196974 0.848282
23.4540 88.1110 -3.0620 0.23298 0.96906 0.08147 0.319125 0.859817
13.3190 60.0430 -13.7180 0.34375 -0.44483 -0.82702 0.219132 0.725496
21.0600 62.3190 -6.1680 0.68091 -0.72273 -0.11840 0.181020 0.752913
36.5520 75.8980 -12.6170 0.34986 -0.93120 -0.10229 0.198545 0.851394
14.4360 59.8810 -13.1550 0.43554 -0.54578 -0.71584 0.214593 0.728121
22.4760 63.6650 -6.2550 0.68796 -0.71845 -0.10267 0.180748 0.761645
22.8300 64.1870 -7.2670 0.68277 -0.72068 -0.12018 0.184758 0.764999
15.5040 60.9930 -13.3710 0.39152 -0.54408 -0.74208 0.214890 0.735093
16.1090 60.5150 -12.4070 0.53710 -0.66060 -0.52453 0.209828 0.734960
37.2400 76.2040 -11.7340 0.34244 -0.93664 0.07375 0.193583 0.853229
36.7160 76.1100 -10.8380 0.40561 -0.89856 0.16753 0.190540 0.849585
16.3450 60.0290 -11.3850 0.59600 -0.67962 -0.42767 0.205229 0.733619
23.8960 64.9850 -5.8950 0.70156 -0.71071 -0.05203 0.178651 0.770001
22.1880 63.2560 -5.0580 0.70205 -0.71184 -0.02007 0.175954 0.758766
23.0060 64.0530 -4.8630 0.71285 -0.70044 0.03489 0.174792 0.763694
32.8590 73.7440 -9.7730 0.57989 -0.80473 0.12704 0.190280 0.828475
34.1380 74.7830 -9.4110 0.58447 -0.79757 0.14925 0.187441 0.835104
22.5240 63.6690 -4.1830 0.71193 -0.69818 0.07553 0.172159 0.760611
35.4860 75.4840 -10.7520 0.51053 -0.85077 0.12470 0.191820 0.843528
23.4680 64.5940 -4.5760 0.72648 -0.68351 0.07106 0.173372 0.766652
17.3380 59.1910 -7.9130 0.66055 -0.70150 -0.26753 0.189991 0.732239
25.2240 66.4730 -7.1470 0.70627 -0.70167 -0.09405 0.183242 0.779626
26.0940 67.4550 -7.8760 0.70253 -0.70447 -0.10089 0.185904 0.785939
17.5050 60.8360 -11.0000 0.61184 -0.68817 -0.38998 0.202915 0.739632
35.5150 75.7160 -9.6890 0.53342 -0.82333 0.19388 0.187017 0.842577
35.0930 75.7230 -8.4880 0.57701 -0.78735 0.21714 0.182171 0.839403
36.6950 76.3860 -9.6750 0.43451 -0.86899 0.23678 0.185375 0.848237
18.0310 60.3660 -9.1670 0.63078 -0.70510 -0.32398 0.194874 0.738825
18.3530 60.0990 -7.7910 0.66415 -0.70895 -0.23726 0.188963 0.738254
32.3860 81.1960 -15.6850 -0.02016 -0.06844 -0.99745 0.235732 0.854582
10.8520 88.0290 2.9930 -0.14049 0.96396 0.22594 0.366246 0.824826
15.8730 57.1390 -6.0670 0.70533 -0.68370 -0.18727 0.183098 0.720170
37.8840 76.3580 -12.8900 0.27416 -0.96084 -0.04031 0.197425 0.858017
18.9320 75.8890 -17.4690 0.12827 -0.02291 -0.99148 0.252832 0.793022
11.9900 87.6910 4.6880 -0.11144 0.95700 0.26782 0.370793 0.831467
12.3920 88.2020 2.9060 -0.07833 0.96784 0.23907 0.363100 0.830274
32.7760 73.8580 -9.1690 0.59435 -0.78934 0.15390 0.187579 0.827737
16.9650 58.2010 -5.7340 0.70917 -0.69021 -0.14385 0.181165 0.726804
33.1080 74.2930 -7.8590 0.63352 -0.75940 0.14822 0.181503 0.828420
18.1580 59.5700 -6.5360 0.69171 -0.70540 -0.15475 0.183880 0.735308
34.2100 75.1910 -7.9140 0.61719 -0.75761 0.21239 0.180610 0.834392
13.3050 87.7100 5.0940 -0.05515 0.95468 0.29247 0.369952 0.836872
14.1790 88.0860 3.8950 -0.04134 0.96956 0.24136 0.363664 0.838216
16.5110 57.6100 -4.8230 0.71677 -0.68686 -0.12024 0.177633 0.723066
12.4300 87.4170 5.8300 -0.08921 0.93480 0.34378 0.374454 0.834791
16.8320 57.7880 -4.0020 0.72112 -0.68816 -0.08013 0.174068 0.724245
33.5120 74.8740 -7.0490 0.65230 -0.71886 0.24032 0.177410 0.830264
17.1890 58.2340 -4.6490 0.70361 -0.70175 -0.11170 0.176571 0.727082
14.8500 87.9210 4.5810 0.02774 0.95040 0.30978 0.365138 0.841701
17.7210 58.9680 -5.4870 0.70794 -0.69324 -0.13505 0.179777 0.731490
25.4560 69.0670 -13.5180 0.50410 -0.58645 -0.63401 0.210361 0.792506
36.0090 76.4700 -8.1000 0.51489 -0.80591 0.29221 0.179259 0.843635
18.1540 59.2090 -4.7630 0.70634 -0.69924 -0.11018 0.176569 0.733247
26.3600 69.4190 -13.0750 0.54137 -0.66617 -0.51297 0.207938 0.796375
26.8030 69.2080 -12.1030 0.59790 -0.71861 -0.35513 0.203438 0.796610
17.7820 58.7730 -4.0800 0.71884 -0.69407 -0.03918 0.173929 0.730369
34.8720 75.8870 -7.4570 0.59910 -0.74799 0.28563 0.177767 0.837649
16.2510 87.1950 5.7590 0.19758 0.81645 0.54256 0.367784 0.848950
17.6910 87.5250 4.5770 0.21863 0.86029 0.46054 0.360410 0.852251
16.1920 87.6380 4.9850 0.13883 0.89941 0.41448 0.364521 0.847302
26.1690 69.8940 -13.7100 0.45392 -0.55670 -0.69573 0.211251 0.797570
16.2850 86.7760 6.2840 0.23956 0.72414 0.64671 0.370229 0.850197
16.8180 86.2240 6.6100 0.30506 0.63588 0.70894 0.371357 0.853287
17.4330 86.8540 5.6970 0.28714 0.73578 0.61333 0.365881 0.853567
14.5650 87.4730 5.7680 0.07704 0.88898 0.45142 0.370446 0.842550
27.2170 70.7680 -13.7530 0.43411 -0.49757 -0.75098 0.211169 0.803840
27.5080 70.5580 -13.3880 0.55086 -0.58788 -0.59241 0.209052 0.803947
34.3190 76.0040 -6.0600 0.64417 -0.69477 0.31990 0.171904 0.834430
27.6760 70.3560 -12.9400 0.59319 -0.66667 -0.45131 0.206878 0.803641
18.9940 60.3210 -5.9350 0.69747 -0.70210 -0.14349 0.181015 0.739998
28.8990 70.9200 -11.9920 0.60510 -0.72300 -0.33334 0.202345 0.808913
35.2010 76.5140 -6.6340 0.59036 -0.73092 0.34240 0.173478 0.839065
27.0900 68.7670 -10.2100 0.65308 -0.73870 -0.16673 0.195255 0.794904
19.9920 61.4370 -6.5490 0.67776 -0.72218 -0.13822 0.183083 0.746987
35.0960 77.2420 -5.0420 0.59552 -0.69291 0.40649 0.166054 0.838556
19.4030 60.5650 -5.3010 0.69671 -0.70779 -0.11670 0.178200 0.741718
28.1380 71.5160 -13.6290 0.49757 -0.53692 -0.68127 0.210557 0.809268
27.8030 72.0430 -14.1400 0.37779 -0.42167 -0.82430 0.213995 0.810077
28.1980 72.9820 -14.4100 0.32437 -0.37482 -0.86850 0.216265 0.814537
38.4540 76.6140 -11.6410 0.28710 -0.94800 0.13736 0.191174 0.858523
29.0110 72.4800 -13.8060 0.40550 -0.53355 -0.74222 0.211487 0.815408
19.3110 60.3500 -3.6410 0.72587 -0.68726 0.02823 0.171390 0.739905
20.6380 61.7260 -4.8320 0.70359 -0.70895 -0.04852 0.175710 0.748994
29.4390 73.2610 -14.0950 0.30872 -0.44481 -0.84074 0.213358 0.819517
21.9910 63.1950 -3.2950 0.71887 -0.69111 0.07470 0.168703 0.756980
20.9170 62.0100 -3.7710 0.71592 -0.69525 0.06393 0.171193 0.750194
39.1900 76.9640 -10.9650 0.27052 -0.93368 0.23467 0.186976 0.860764
23.0270 64.3650 -2.7000 0.72597 -0.67940 0.10667 0.165717 0.763486
22.0250 63.3500 -2.1710 0.72578 -0.67941 0.10789 0.163981 0.756967
20.9640 62.2630 -2.6180 0.71106 -0.69821 0.08301 0.166309 0.750539
16.4490 88.1620 3.4480 0.08974 0.95863 0.27013 0.357870 0.845719
22.4460 64.0970 -0.9840 0.73201 -0.64698 0.21351 0.158701 0.759961
41.3790 77.4280 -11.2490 0.20112 -0.94919 0.24206 0.183858 0.870231
24.6770 65.7600 -5.6970 0.72744 -0.68616 0.00453 0.177490 0.774729
24.4310 65.7280 -3.5700 0.73327 -0.67288 0.09770 0.168698 0.772539
13.1460 53.5530 -2.3920 0.73940 -0.67189 -0.04310 0.169247 0.698534
25.7320 66.9170 -6.3840 0.72935 -0.68401 -0.01340 0.179851 0.782077
37.5490 76.6700 -10.0100 0.36161 -0.89746 0.25260 0.185586 0.852443
27.3040 68.8300 -9.1130 0.68459 -0.72390 -0.08542 0.190581 0.794980
12.3170 52.6810 -0.0540 0.76137 -0.64534 0.06209 0.159816 0.692311
17.0130 87.9420 3.9320 0.14394 0.93080 0.33600 0.358841 0.848567
27.1170 68.3820 -7.0470 0.71875 -0.69491 -0.02244 0.181993 0.791427
38.5540 77.4020 -8.9520 0.33993 -0.88123 0.32846 0.179300 0.855637
25.4940 66.7730 -4.8740 0.73652 -0.67415 0.05530 0.173634 0.779878
26.3990 67.7060 -5.6050 0.73585 -0.67582 0.04232 0.176257 0.786057
13.7780 54.3450 -0.5390 0.75616 -0.65141 0.06236 0.161132 0.702331
39.8450 77.7860 -9.0680 0.25442 -0.90096 0.35149 0.177554 0.861101
12.9380 53.6130 0.9980 0.76539 -0.62407 0.15721 0.154997 0.696879
26.4600 67.7910 -4.7080 0.75766 -0.65137 0.04076 0.172446 0.785856
14.2410 54.9410 -0.1310 0.75832 -0.64232 0.11122 0.159171 0.705522
41.5340 78.0020 -9.5690 0.19761 -0.91988 0.33877 0.176470 0.868451
14.3810 54.9570 -2.2990 0.74821 -0.66345 -0.00478 0.168227 0.706830
27.8430 69.6390 -11.0150 0.63487 -0.73548 -0.23665 0.198404 0.800673
43.6550 77.8150 -11.4300 0.16300 -0.95232 0.25790 0.179603 0.879444
29.1670 70.8160 -11.0880 0.64856 -0.72532 -0.23083 0.198253 0.808748
15.0720 55.8110 -1.2670 0.75802 -0.65032 0.05000 0.163543 0.711298
28.5920 70.0730 -10.0210 0.66353 -0.74019 -0.10885 0.193904 0.803710
15.6480 56.3860 -2.3430 0.76320 -0.64592 0.01759 0.167774 0.715343
10.3590 86.5470 7.2250 -0.14369 0.88719 0.43846 0.384112 0.829196
11.5720 86.9380 6.7530 -0.10841 0.90138 0.41925 0.379845 0.833023
16.1380 57.0810 -1.3380 0.75748 -0.65110 0.04799 0.163288 0.718677
16.2460 57.1250 -2.2730 0.75564 -0.65413 0.03347 0.167159 0.719537
28.6490 70.0500 -8.9910 0.68455 -0.72755 -0.04536 0.189507 0.802958
11.8870 86.5630 7.4510 -0.02096 0.82157 0.56972 0.382332 0.835309
44.3300 78.6050 -9.4000 0.15749 -0.92189 0.35401 0.169734 0.878701
28.6140 71.2390 -12.8900 0.56318 -0.65182 -0.50790 0.206629 0.809561
12.8740 87.0250 6.7370 0.00874 0.86201 0.50681 0.377428 0.837838
29.5210 72.0690 -13.0330 0.49509 -0.66437 -0.55990 0.207059 0.815367
29.8160 71.8210 -12.3710 0.54220 -0.72896 -0.41791 0.203693 0.815116
15.8640 56.8350 -0.0390 0.75946 -0.63924 0.12081 0.157980 0.716524
42.2330 78.8040 -8.0220 0.18512 -0.88397 0.42934 0.168315 0.868898
41.0680 78.4530 -8.2420 0.20991 -0.88887 0.40724 0.171610 0.864906
30.6870 72.2250 -11.8080 0.57679 -0.78521 -0.22529 0.200716 0.818854
16.9440 58.0330 -0.5070 0.75500 -0.64717 0.10553 0.159399 0.723839
13.4550 87.3970 5.9880 0.00344 0.91062 0.41323 0.373272 0.838815
30.9150 72.6520 -12.5040 0.49428 -0.76331 -0.41599 0.203715 0.821580
37.0460 76.9370 -8.4090 0.42159 -0.85018 0.31537 0.179278 0.848629
12.0800 53.0880 2.6800 0.76290 -0.59783 0.24612 0.148076 0.692100
36.1400 77.1770 -6.7190 0.50509 -0.78248 0.36416 0.172677 0.843599
31.3170 72.5580 -10.9240 0.62364 -0.77978 -0.05497 0.196454 0.821113
31.7450 72.9830 -11.9410 0.55721 -0.80955 -0.18481 0.200609 0.824925
13.2250 54.3520 2.1540 0.76247 -0.60067 0.24049 0.149771 0.699799
30.1230 71.5150 -10.5580 0.64834 -0.75426 -0.10366 0.195538 0.813628
37.3040 77.8620 -6.6450 0.41688 -0.81653 0.39936 0.170856 0.848622
14.1010 86.2610 7.4750 0.17578 0.67050 0.72078 0.379214 0.844049
31.1760 72.4170 -9.1500 0.67752 -0.73529 0.01766 0.188798 0.818378
13.8950 86.8910 6.8270 0.10985 0.79980 0.59013 0.376202 0.841886
38.6940 78.1490 -7.3550 0.36167 -0.84186 0.40059 0.171913 0.854789
12.8900 54.4220 3.1870 0.75899 -0.57811 0.29954 0.145283 0.698742
39.5360 78.2400 -7.8560 0.27880 -0.86730 0.41238 0.172696 0.858613
32.2170 73.2500 -10.7090 0.58851 -0.80846 0.00703 0.194882 0.825972
16.2890 85.5690 7.3660 0.30285 0.52771 0.79360 0.376212 0.853128
15.1020 85.4080 7.8700 0.25191 0.51751 0.81776 0.380503 0.849386
32.0660 73.2250 -9.6360 0.62942 -0.77423 0.06630 0.190251 0.824165
14.2330 55.2380 1.0280 0.75001 -0.63266 0.19293 0.154159 0.706059
15.5790 86.1190 7.1800 0.23310 0.64726 0.72575 0.375821 0.849464
14.9240 56.0710 1.2540 0.74120 -0.63602 0.21472 0.152874 0.710757
14.4430 55.9460 2.3050 0.74511 -0.60836 0.27333 0.148432 0.708573
40.6540 78.8110 -7.3370 0.22205 -0.85850 0.46225 0.168327 0.862299
39.3410 78.9150 -6.4120 0.32797 -0.81924 0.47041 0.166560 0.856567
15.5090 56.9680 1.7160 0.74950 -0.61052 0.25596 0.150521 0.715248
28.4160 69.7340 -7.6120 0.71238 -0.70175 -0.00798 0.183768 0.800107
36.0050 77.7810 -5.2840 0.50776 -0.75027 0.42341 0.166157 0.842697
15.1000 86.8880 6.5120 0.17139 0.77079 0.61361 0.372999 0.845997
29.9920 71.3300 -8.1010 0.70135 -0.71206 0.03276 0.184962 0.810302
16.1780 58.0900 2.3460 0.74766 -0.59289 0.29913 0.147325 0.720657
38.3180 78.9980 -5.3900 0.39312 -0.76706 0.50702 0.163657 0.851978
40.6120 79.4230 -6.2760 0.24078 -0.81565 0.52606 0.163447 0.860882
39.2930 79.7370 -5.1360 0.35086 -0.73297 0.58280 0.160529 0.855269
16.9790 57.8850 -3.0110 0.73432 -0.67868 0.01303 0.169887 0.724555
19.8510 84.1350 6.4290 0.45254 0.40457 0.79469 0.368676 0.868244
21.1940 83.6010 5.8610 0.50352 0.37388 0.77890 0.364648 0.873740
20.0060 85.9000 5.3000 0.42875 0.54713 0.71890 0.360909 0.863806
20.9480 85.1640 5.1670 0.48485 0.44342 0.75386 0.359746 0.868512
17.9250 58.9210 -2.7490 0.73557 -0.67515 0.05584 0.168333 0.730657
41.8800 79.3860 -6.8060 0.19411 -0.83587 0.51346 0.163478 0.865933
31.0650 72.3850 -8.1120 0.69636 -0.71351 0.07733 0.184331 0.816835
17.4020 58.4640 -1.8940 0.74422 -0.66485 0.06416 0.164985 0.727213
43.0810 79.5030 -7.0620 0.18057 -0.84094 0.51012 0.162170 0.870474
18.7360 59.9420 -2.0510 0.74130 -0.66598 0.08339 0.164977 0.736080
40.8490 80.1030 -5.3990 0.25077 -0.71528 0.65229 0.158654 0.860404
42.6850 80.0730 -6.0840 0.20216 -0.76680 0.60922 0.158303 0.867468
18.7650 84.4860 6.8160 0.40680 0.41996 0.81126 0.371683 0.863909
16.9370 85.4080 7.1970 0.35238 0.49245 0.79582 0.374743 0.855671
32.4320 73.6940 -8.1950 0.66046 -0.74593 0.08592 0.183572 0.825001
18.6350 59.9790 -0.6460 0.74226 -0.65695 0.13219 0.159118 0.735254
32.5170 73.9150 -7.0390 0.68475 -0.71006 0.16410 0.178403 0.824594
18.6680 85.8730 6.0700 0.37694 0.55615 0.74069 0.366464 0.859980
33.4990 82.1930 -15.7170 -0.10189 0.17503 -0.97928 0.236621 0.861392
33.2510 82.6830 -15.5190 -0.11290 0.42737 -0.89700 0.239376 0.862010
19.8910 61.1590 -2.5460 0.72450 -0.68353 0.08880 0.166495 0.743719
19.0410 86.6280 5.1770 0.33704 0.69408 0.63612 0.361241 0.858977
34.9060 82.5890 -15.8070 -0.14742 0.31410 -0.93787 0.234334 0.867439
19.6130 61.0090 -0.9430 0.72715 -0.67635 0.11747 0.159908 0.741634
24.1560 65.7000 -2.0650 0.74027 -0.65309 0.15963 0.162461 0.770715
33.7690 83.1920 -15.2880 -0.14628 0.55961 -0.81575 0.240324 0.865408
33.6580 84.1430 -14.4850 -0.16142 0.63200 -0.75797 0.245659 0.868305
23.2810 64.8810 -1.4090 0.72699 -0.65793 0.19651 0.160121 0.765153
20.7670 62.1510 -1.2820 0.72129 -0.68348 0.11225 0.160825 0.748917
19.5020 61.1710 0.1500 0.72723 -0.64802 0.22629 0.155264 0.741326
35.2620 83.2690 -15.5520 -0.17831 0.49769 -0.84883 0.236301 0.870681
20.3590 61.9490 -0.3360 0.72462 -0.65453 0.21565 0.156967 0.746597
24.1300 65.9750 -1.1060 0.74156 -0.62387 0.24673 0.158313 0.770943
22.6840 64.9020 0.2370 0.72578 -0.62159 0.29474 0.153143 0.762574
25.2050 66.9970 -1.8690 0.74777 -0.62562 0.22237 0.160974 0.777776
21.3560 62.9360 -0.7340 0.73349 -0.64448 0.21596 0.158196 0.752904
24.9640 67.1780 -0.7520 0.75371 -0.59145 0.28653 0.156140 0.776960
35.9920 84.1840 -15.0680 -0.19994 0.59876 -0.77557 0.238634 0.876031
17.0030 58.5690 1.1070 0.75560 -0.61159 0.23457 0.152390 0.725103
25.5970 66.9570 -3.9380 0.73066 -0.67676 0.09021 0.169646 0.780140
25.3210 66.8590 -2.8680 0.73455 -0.66212 0.14842 0.165228 0.778312
17.3610 59.6190 2.3260 0.74371 -0.59162 0.31125 0.146667 0.729107
18.2630 60.0250 0.8600 0.74110 -0.62322 0.24973 0.152758 0.733656
26.3950 67.9710 -3.0480 0.75461 -0.63072 0.18100 0.165415 0.785082
20.1730 86.9020 4.2270 0.35593 0.72372 0.59122 0.355127 0.861299
26.0980 68.3370 -1.2970 0.75760 -0.58614 0.28720 0.157774 0.784218
18.7710 87.3210 4.3920 0.26353 0.82376 0.50197 0.357926 0.856050
19.2200 61.4220 1.4780 0.72935 -0.61398 0.30179 0.149494 0.740718
35.8360 85.6360 -13.7740 -0.21229 0.65493 -0.72526 0.246717 0.880432
20.2180 62.1140 0.4430 0.72920 -0.62306 0.28296 0.153590 0.746337
21.1000 63.5050 1.1760 0.72528 -0.61235 0.31464 0.149802 0.753035
34.7840 85.4860 -13.6580 -0.18044 0.65889 -0.73028 0.249139 0.876534
38.1790 85.8390 -14.3390 -0.21872 0.63206 -0.74341 0.240170 0.888485
24.1820 66.5460 0.0040 0.74242 -0.59553 0.30684 0.153304 0.772265
35.5700 86.4190 -12.9350 -0.20935 0.75552 -0.62077 0.251889 0.882425
25.3460 68.3190 0.4190 0.75382 -0.55509 0.35160 0.150421 0.780946
1.9640 41.8630 8.0700 0.76927 -0.46652 0.43656 0.128536 0.624461
29.3580 78.6680 1.0590 0.60963 0.34884 0.71181 0.333904 0.909673
29.3580 78.6680 1.0590 0.62364 0.28331 0.72856 0.133037 0.825970
29.4850 80.9930 -0.2240 0.61707 0.35892 0.70029 0.325771 0.901196
26.5020 69.3990 -0.3940 0.75675 -0.55575 0.34420 0.153175 0.788125
3.1180 43.6130 7.9430 0.75966 -0.47845 0.44046 0.128484 0.633672
40.0120 86.2550 -14.5420 -0.21128 0.64301 -0.73613 0.236548 0.895746
1.9080 43.4550 9.6350 0.73507 -0.44744 0.50938 0.120454 0.629820
38.4950 86.7520 -13.5930 -0.22474 0.73092 -0.64440 0.243856 0.892533
4.1500 44.2680 6.7300 0.78270 -0.50656 0.36163 0.133765 0.638862
28.0560 82.8880 0.2070 0.66421 0.37034 0.64937 0.328064 0.891760
26.5730 81.0350 2.6170 0.67019 0.30687 0.67578 0.343436 0.895522
37.3090 86.1640 -13.7860 -0.23125 0.67176 -0.70375 0.244613 0.886820
37.0110 86.7960 -12.9970 -0.22276 0.79639 -0.56227 0.249217 0.888242
38.0540 87.2460 -12.6970 -0.20844 0.89897 -0.38525 0.248750 0.893303
39.1910 87.4020 -13.0020 -0.19146 0.89952 -0.39269 0.245537 0.897169
39.8930 87.0320 -13.7220 -0.20484 0.74474 -0.63515 0.241011 0.897957
0.6120 42.4480 10.5840 0.71538 -0.43337 0.54811 0.116184 0.622889
34.3370 86.2110 -12.8000 -0.18564 0.75655 -0.62704 0.254754 0.877863
30.4500 78.9430 0.0410 0.56507 0.37322 0.73581 0.327069 0.910663
30.4500 78.9430 0.0410 0.57747 0.29759 0.76024 0.137714 0.830024
33.3130 86.5440 -11.9930 -0.13216 0.89723 -0.42131 0.260683 0.876300
34.6840 86.6840 -12.2250 -0.18131 0.89645 -0.40436 0.256953 0.881018
29.6970 82.8940 -1.4350 0.60090 0.40042 0.69180 0.317943 0.894505
28.2410 84.1590 -0.8390 0.66823 0.36660 0.64736 0.321764 0.887419
34.1910 86.8160 -11.3580 -0.11953 0.98359 -0.13514 0.261659 0.881212
35.4670 86.9820 -11.6200 -0.15033 0.98069 -0.12508 0.258028 0.885521
35.9530 86.9130 -12.3340 -0.19570 0.91400 -0.35540 0.254095 0.885771
36.4020 87.1140 -11.4950 -0.16118 0.98467 -0.06671 0.256720 0.889402
33.1990 86.7630 -10.7270 -0.10663 0.99366 0.03557 0.266398 0.878972
29.0240 84.1810 -1.6260 0.62752 0.36833 0.68597 0.316834 0.888605
32.1370 86.5740 -10.3130 -0.05633 0.99413 0.09241 0.270449 0.875973
33.2730 86.6580 -9.8790 -0.10989 0.98588 0.12635 0.269883 0.881207
29.4050 84.9150 -2.3060 0.59246 0.45491 0.66487 0.312091 0.886518
34.7640 86.9150 -10.2040 -0.12086 0.98792 0.09694 0.265326 0.886025
36.1850 87.0990 -10.2830 -0.12465 0.98596 0.11110 0.262105 0.891224
35.1220 86.7640 -9.2700 -0.09559 0.98019 0.17344 0.268562 0.889475
36.8330 87.1090 -12.3050 -0.20395 0.94043 -0.27204 0.252600 0.889354
38.0830 87.3710 -12.1810 -0.16491 0.97933 -0.11716 0.250795 0.894536
37.2790 87.2790 -10.4830 -0.11963 0.98525 0.12239 0.259103 0.894973
39.9300 87.6470 -11.1710 -0.11503 0.98523 0.12684 0.251345 0.903758
40.6370 87.7250 -12.3180 -0.13966 0.98654 -0.08507 0.245612 0.904223
38.6650 87.4810 -10.9000 -0.10615 0.98744 0.11702 0.254759 0.899438
37.0510 86.9420 -9.2640 -0.08528 0.97394 0.21016 0.264603 0.896731
29.0250 85.6890 -2.6590 0.56122 0.64023 0.52453 0.310556 0.882831
46.1040 78.4060 -10.8340 0.11013 -0.94325 0.31329 0.171546 0.887624
47.1550 78.8480 -9.7680 0.07971 -0.93405 0.34813 0.164920 0.889605
38.8900 87.2270 -9.8990 -0.07842 0.97158 0.22335 0.258412 0.902366
46.0640 78.8350 -9.4950 0.12230 -0.92823 0.35132 0.166217 0.885165
48.0170 79.4630 -8.4610 0.07885 -0.90310 0.42213 0.157633 0.890373
38.0700 86.7450 -7.7900 -0.07622 0.96191 0.26253 0.268352 0.903814
50.2100 79.0190 -10.0410 0.08021 -0.93087 0.35645 0.159318 0.901272
49.2140 79.6030 -8.4120 0.08439 -0.90534 0.41621 0.154807 0.894613
46.2450 79.2960 -8.4750 0.11309 -0.89821 0.42476 0.161535 0.884038
43.7180 79.1210 -7.9960 0.16694 -0.88141 0.44187 0.165005 0.874217
46.6850 79.9820 -7.2610 0.09113 -0.84871 0.52094 0.155259 0.883333
48.8300 80.1580 -7.2300 0.07248 -0.84401 0.53141 0.150595 0.890923
44.8220 79.6300 -7.4440 0.14662 -0.85044 0.50523 0.160101 0.877157
43.8250 79.9970 -6.5660 0.17599 -0.79858 0.57559 0.158176 0.872141
42.0230 80.4450 -5.4490 0.23075 -0.64023 0.73271 0.156320 0.864149
50.8250 79.4540 -9.1030 -0.02228 -0.92407 0.38156 0.154232 0.901830
50.7550 79.9800 -7.8870 -0.00872 -0.88356 0.46823 0.149341 0.899269
52.1780 79.4720 -8.6240 0.04060 -0.90967 0.41334 0.150029 0.906226
43.6950 80.5030 -5.8930 0.18868 -0.70311 0.68559 0.155041 0.870416
52.2360 79.0510 -9.5900 0.04564 -0.93240 0.35853 0.153795 0.908296
52.7640 79.2370 -9.3980 0.40538 -0.84892 0.33912 0.151892 0.909914
44.8700 80.7110 -5.9500 0.15266 -0.67424 0.72256 0.152797 0.874424
45.4550 80.2410 -6.6590 0.12226 -0.79743 0.59089 0.155086 0.877853
42.9230 80.7460 -5.4580 0.20618 -0.57378 0.79263 0.154250 0.867000
42.0520 80.9580 -5.1100 0.18434 -0.21705 0.95860 0.285154 0.934046
42.0520 80.9580 -5.1100 0.23072 -0.52115 0.82169 0.153821 0.863394
52.8600 79.9500 -7.9520 0.42491 -0.79678 0.42965 0.145745 0.907447
44.4650 81.2270 -5.4980 0.17102 -0.30911 0.93552 0.279905 0.941978
44.4650 81.2270 -5.4980 0.16226 -0.57119 0.80462 0.150692 0.872003
43.0260 81.3920 -5.1740 0.16401 -0.03292 0.98591 0.281825 0.936336
43.0260 81.3920 -5.1740 0.19192 -0.42046 0.88678 0.151283 0.866445
44.0850 81.5900 -5.3140 0.15556 -0.13558 0.97848 0.279195 0.939762
51.6980 79.8420 -7.8770 -0.08708 -0.87801 0.47066 0.147789 0.902958
51.1190 80.6400 -6.8610 0.01183 -0.75425 0.65648 0.143936 0.898491
40.5960 87.4960 -10.4650 -0.07398 0.96712 0.24332 0.252945 0.907748
40.1140 87.0510 -8.3450 -0.06305 0.96380 0.25906 0.262029 0.910316
52.3000 80.1000 -7.3930 0.12342 -0.80158 0.58502 0.144663 0.904306
41.7950 87.2950 -9.0380 -0.07247 0.97100 0.22783 0.256165 0.915249
53.9550 80.8820 -9.1840 0.91034 -0.38364 0.15525 0.145151 0.915620
53.9550 80.8820 -9.1840 0.98603 -0.15799 0.05283 0.240279 0.983909
53.5510 80.2240 -8.6970 0.76680 -0.58746 0.25865 0.146165 0.911869
53.3130 80.3630 -7.8860 0.65070 -0.64289 0.40408 0.143789 0.909080
42.1630 86.9080 -7.5650 -0.03967 0.88563 0.46270 0.261106 0.919803
54.0870 81.7160 -9.1960 0.99453 -0.07109 0.07650 0.239736 0.980381
42.9990 87.3760 -8.8770 -0.07960 0.96624 0.24502 0.254471 0.920145
54.1830 82.8680 -10.0250 0.99708 -0.00615 0.07613 0.234875 0.976246
43.3540 82.9620 -5.4190 0.09582 0.27518 0.95661 0.275465 0.934162
44.8750 82.8300 -5.5340 0.10658 0.22432 0.96867 0.273125 0.940150
45.0660 83.8690 -5.8560 0.07913 0.31652 0.94528 0.268839 0.938547
54.0230 82.8540 -8.6470 0.99250 -0.06950 0.10061 0.241123 0.975298
53.7810 81.0300 -7.7890 0.81501 -0.47450 0.33257 0.140955 0.911004
52.8670 80.5350 -7.1670 0.43805 -0.65319 0.61762 0.141973 0.905900
43.6260 86.9720 -7.6150 -0.01591 0.84048 0.54161 0.258231 0.925247
43.9210 86.4190 -7.0080 0.00914 0.65530 0.75532 0.260720 0.928074
45.4660 86.8550 -7.4290 -0.00612 0.76513 0.64384 0.255805 0.932647
52.2680 80.7440 -6.7380 0.13065 -0.65696 0.74252 0.141216 0.902720
45.2490 85.7180 -6.5520 0.03729 0.43831 0.89805 0.261424 0.934893
44.0370 85.5730 -6.4430 0.04662 0.45539 0.88907 0.264207 0.930683
45.9540 84.9740 -6.3260 0.06936 0.34008 0.93783 0.262938 0.939272
46.3940 85.8520 -6.6850 0.05430 0.44378 0.89449 0.258734 0.938772
45.3240 86.3790 -6.9740 0.01239 0.61288 0.79008 0.258453 0.933498
53.9540 82.4240 -7.7380 0.98557 -0.00224 0.16925 0.245905 0.975711
54.0060 83.4220 -7.8830 0.98035 -0.07088 0.18409 0.243599 0.972178
53.7920 82.8810 -7.0770 0.91651 -0.04132 0.39787 0.247921 0.972683
34.1230 76.6390 -4.4110 0.66643 -0.63132 0.39663 0.164234 0.833714
47.3850 80.7030 -6.3570 0.09443 -0.69165 0.71603 0.149465 0.883845
33.3490 76.4230 -3.4560 0.67872 -0.59301 0.43321 0.160399 0.830209
46.0240 80.7290 -6.1770 0.10525 -0.68231 0.72345 0.151410 0.878712
35.6340 78.4850 -3.7800 0.51335 -0.64409 0.56711 0.159212 0.841790
34.6900 77.7760 -3.7570 0.60127 -0.62991 0.49161 0.160023 0.837557
49.4810 80.6560 -6.6620 0.06776 -0.72701 0.68327 0.146454 0.892012
33.9410 77.3630 -3.2250 0.67210 -0.54128 0.50526 0.158262 0.834117
48.6420 81.3320 -6.0170 0.07058 -0.60381 0.79400 0.144443 0.887215
48.6420 81.3320 -6.0170 0.10292 -0.19278 0.97583 0.270473 0.958405
33.1610 76.8640 -2.6690 0.68057 -0.52279 0.51334 0.156429 0.830366
45.9630 81.1870 -5.8210 0.16338 -0.33444 0.92815 0.277227 0.947905
45.9630 81.1870 -5.8210 0.12657 -0.57428 0.80881 0.149280 0.877482
47.0900 81.0450 -6.0380 0.17327 -0.52942 0.83048 0.148235 0.881927
34.5920 78.1770 -3.1870 0.59279 -0.53991 0.59758 0.157116 0.837968
45.4740 81.6600 -5.5350 0.16409 -0.20227 0.96549 0.276304 0.944881
46.5050 81.9660 -5.6390 0.11810 -0.10744 0.98717 0.273107 0.948280
47.3810 81.6290 -5.7990 0.11207 -0.11361 0.98718 0.272475 0.952511
47.3810 81.6290 -5.7990 0.10843 -0.48484 0.86786 0.145303 0.881900
33.6110 78.0320 -2.2360 0.65161 -0.39313 0.64874 0.153054 0.834629
44.3130 82.2230 -5.3510 0.12387 0.10354 0.98688 0.276442 0.939311
34.2610 78.6880 -2.4760 0.60162 -0.31409 0.73444 0.153275 0.838243
34.9140 79.1430 -2.7700 0.52729 -0.42778 0.73415 0.153825 0.841161
34.9140 79.1430 -2.7700 0.45852 0.01475 0.88856 0.307859 0.918629
45.5690 82.2540 -5.5300 0.11954 0.05139 0.99150 0.273930 0.944020
46.1540 82.7520 -5.6460 0.10198 0.16243 0.98144 0.270953 0.945205
35.4970 79.6090 -3.0210 0.43043 0.01448 0.90251 0.304839 0.918393
35.2280 80.6010 -3.1550 0.30643 0.30531 0.90160 0.302846 0.914430
34.7000 79.8010 -2.6980 0.40493 0.20769 0.89045 0.306969 0.915823
34.6590 81.5270 -3.3830 0.26233 0.40765 0.87465 0.301526 0.909935
36.4590 81.4020 -3.8070 0.23249 0.33103 0.91453 0.296506 0.915182
47.5550 82.6010 -5.7750 0.09833 0.09500 0.99061 0.268567 0.950971
35.3840 82.7110 -4.1410 0.21373 0.41671 0.88356 0.294971 0.908102
48.7210 82.3560 -5.8480 0.08977 0.01819 0.99580 0.266715 0.956100
50.1860 81.1570 -6.2620 0.07065 -0.68120 0.72868 0.142678 0.893513
50.1860 81.1570 -6.2620 0.06315 -0.32191 0.94466 0.266892 0.965107
32.4690 77.2750 -1.4670 0.69033 -0.36106 0.62696 0.150490 0.829100
33.3450 78.4780 -1.8380 0.60926 -0.12894 0.78242 0.150370 0.835199
31.5140 77.3780 -0.4330 0.68693 -0.14596 0.71191 0.145289 0.826514
32.2120 77.9790 -0.9820 0.64488 -0.06708 0.76133 0.146950 0.830466
46.6700 83.4880 -5.8710 0.08772 0.26921 0.95908 0.267187 0.945502
34.0240 79.1770 -2.2290 0.46773 0.14821 0.87136 0.311046 0.916429
34.0240 79.1770 -2.2290 0.51650 -0.06814 0.85357 0.151038 0.839221
33.5810 79.3870 -2.0430 0.41064 0.31929 0.85407 0.312031 0.914742
33.5810 79.3870 -2.0430 0.48253 0.08443 0.87180 0.149025 0.838942
32.9250 78.7260 -1.5230 0.56124 0.07797 0.82397 0.148067 0.834934
49.9250 81.9900 -5.9810 0.08441 -0.11122 0.99020 0.264778 0.961704
32.3250 78.8320 -1.1750 0.46869 0.35316 0.80970 0.318411 0.914415
32.3250 78.8320 -1.1750 0.54231 0.14950 0.82677 0.145592 0.833872
48.5550 83.6270 -6.0850 0.08248 0.25416 0.96364 0.262684 0.952233
32.6330 80.1490 -1.8980 0.41840 0.38987 0.82033 0.313515 0.910069
47.7560 84.6840 -6.3680 0.07188 0.32189 0.94404 0.260473 0.946599
31.4280 78.2820 -0.3940 0.59099 0.17312 0.78789 0.142895 0.829531
31.3310 78.9410 -0.5860 0.53132 0.30813 0.78915 0.141495 0.832132
31.3310 78.9410 -0.5860 0.51385 0.36655 0.77563 0.322660 0.912223
47.4560 86.6810 -7.2620 0.02086 0.65000 0.75965 0.253192 0.940485
48.0820 85.9050 -6.8110 0.06197 0.43096 0.90024 0.255258 0.944719
50.4230 84.3600 -6.4560 0.02346 0.28649 0.95780 0.255768 0.956874
49.3180 84.8090 -6.5220 0.07160 0.32526 0.94291 0.256713 0.951813
31.7900 80.0010 -1.3590 0.47539 0.38398 0.79156 0.317567 0.909022
30.5270 80.2260 -0.6660 0.54454 0.38372 0.74581 0.322738 0.905885
50.4510 85.2600 -6.7630 0.02102 0.36043 0.93255 0.252592 0.954485
50.1370 85.9940 -7.0370 0.04918 0.41661 0.90776 0.250632 0.951481
51.2740 81.2250 -6.3190 0.03998 -0.66426 0.74643 0.140568 0.897703
51.2740 81.2250 -6.3190 0.05993 -0.30584 0.95020 0.263144 0.969292
50.6820 81.4890 -6.1550 0.08010 -0.30891 0.94771 0.264198 0.966079
51.0890 82.1530 -6.0390 0.02909 -0.08045 0.99633 0.260900 0.965657
51.3560 83.2990 -6.1640 -0.05628 0.18267 0.98156 0.256770 0.963085
50.2960 83.0350 -6.0970 0.05711 0.17060 0.98368 0.260446 0.960181
52.2970 81.3530 -6.3000 0.17680 -0.36261 0.91502 0.258780 0.972670
52.2970 81.3530 -6.3000 0.11833 -0.58349 0.80345 0.138268 0.901616
52.7190 81.1140 -6.5880 0.32632 -0.59087 0.73783 0.138979 0.904040
52.7190 81.1140 -6.5880 0.46323 -0.41839 0.78126 0.257103 0.975460
53.4260 81.1470 -7.1060 0.64505 -0.54102 0.53964 0.139169 0.908076
53.4260 81.1470 -7.1060 0.63933 -0.40699 0.65239 0.253115 0.978093
53.5110 81.8560 -6.7470 0.71770 -0.25078 0.64963 0.251902 0.975105
52.8190 81.8910 -6.2430 0.41123 -0.33498 0.84775 0.255373 0.972417
52.9900 82.4880 -6.1420 0.45146 -0.12052 0.88412 0.253543 0.970809
30.3120 83.6180 -2.3550 0.55516 0.39900 0.72979 0.311826 0.892915
31.1710 82.0750 -2.1190 0.50391 0.41674 0.75657 0.313183 0.900170
31.1700 83.3300 -2.8060 0.48571 0.40738 0.77338 0.308553 0.895605
52.4080 82.1380 -6.0380 0.12841 -0.18196 0.97489 0.256477 0.970191
52.6560 83.2550 -6.0380 0.15379 0.08009 0.98485 0.252992 0.967448
30.4020 84.9820 -3.1290 0.50698 0.52636 0.68258 0.306302 0.888089
53.3680 82.7210 -6.4360 0.73166 -0.06357 0.67870 0.251257 0.971343
53.6590 83.5250 -6.7720 0.83853 0.03792 0.54353 0.247995 0.969772
53.2320 83.7070 -6.3070 0.56378 0.13081 0.81550 0.249871 0.967737
53.9310 83.9600 -7.4220 0.94432 0.08867 0.31685 0.244601 0.969554
53.6250 84.1390 -6.8590 0.80617 0.19347 0.55917 0.246693 0.967801
52.5970 84.1040 -6.1600 0.08700 0.23031 0.96922 0.251032 0.964785
51.5230 84.7530 -6.5290 -0.10349 0.30946 0.94526 0.251920 0.959432
53.0060 84.8220 -6.4870 0.44786 0.29329 0.84463 0.247805 0.963972
32.0980 82.3120 -2.8010 0.42287 0.42540 0.80013 0.308157 0.901179
33.1770 81.8890 -3.0790 0.33530 0.43225 0.83710 0.305353 0.905041
34.0040 80.6200 -2.7400 0.33525 0.38655 0.85918 0.306803 0.911383
54.0190 81.3960 -8.0940 0.99432 -0.02447 0.10356 0.245516 0.980384
54.0190 81.3960 -8.0940 0.89146 -0.40355 0.20604 0.140367 0.913215
53.8770 81.5710 -7.4230 0.81775 -0.41496 0.39888 0.138166 0.910990
53.8770 81.5710 -7.4230 0.91464 -0.12359 0.38490 0.249110 0.978207
33.5520 83.1980 -3.8740 0.28745 0.42996 0.85587 0.299178 0.901521
32.5570 83.3590 -3.5610 0.37881 0.42401 0.82263 0.302376 0.898519
41.5030 87.1260 -14.1340 -0.19645 0.71573 -0.67018 0.236570 0.903436
40.8320 87.6330 -13.1980 -0.18427 0.92586 -0.32989 0.241885 0.903241
41.2660 87.5030 -13.6170 -0.19420 0.80482 -0.56085 0.239406 0.903985
43.0170 87.4600 -14.2420 -0.17072 0.75820 -0.62928 0.233813 0.909477
36.5170 78.6900 -4.3530 0.48503 -0.71248 0.50706 0.161010 0.845157
41.8520 87.6900 -13.5200 -0.16018 0.89740 -0.41112 0.238847 0.906582
44.7500 87.5290 -14.5600 -0.16743 0.72685 -0.66608 0.229491 0.915565
37.2050 78.4950 -5.3710 0.43420 -0.77317 0.46226 0.164983 0.847786
37.4650 79.3700 -4.2960 0.44446 -0.65703 0.60890 0.159269 0.848924
45.0700 87.9840 -14.0820 -0.15365 0.86241 -0.48233 0.231138 0.918132
45.9580 87.9890 -14.3090 -0.12992 0.84247 -0.52284 0.228705 0.921156
43.6100 87.8930 -13.7180 -0.14734 0.91716 -0.37028 0.235052 0.913115
44.8400 88.1140 -13.6250 -0.12970 0.96977 -0.20668 0.233287 0.918138
42.4940 87.9390 -12.7630 -0.12056 0.98592 -0.11590 0.240620 0.910594
43.7640 88.0460 -13.0000 -0.11607 0.98787 -0.10312 0.237488 0.915088
41.5860 87.8510 -11.5120 -0.07019 0.98983 0.12373 0.246976 0.909477
38.8130 79.9930 -4.5230 0.36676 -0.48203 0.79570 0.294911 0.926636
38.8130 79.9930 -4.5230 0.40033 -0.68704 0.60639 0.158231 0.853408
37.8320 79.7860 -4.1990 0.39406 -0.50142 0.77026 0.157804 0.850456
37.8320 79.7860 -4.1990 0.37018 -0.31796 0.87285 0.297873 0.924210
38.9070 80.3600 -4.3440 0.33973 -0.30634 0.88923 0.293545 0.925531
39.5650 80.2800 -4.6990 0.35865 -0.38855 0.84876 0.292287 0.928087
39.5650 80.2800 -4.6990 0.32849 -0.66970 0.66603 0.157486 0.855432
42.5810 87.9940 -11.7870 -0.08450 0.99040 0.10936 0.244120 0.912786
43.7290 88.0690 -12.2100 -0.08498 0.99508 0.05094 0.240499 0.916419
43.7290 87.9330 -11.3540 -0.05793 0.97955 0.19266 0.243738 0.918010
39.9570 80.9310 -4.5820 0.25437 -0.16839 0.95233 0.289392 0.927219
39.2760 81.4230 -4.4180 0.20656 0.18350 0.96107 0.289301 0.923711
38.5700 80.9050 -4.1820 0.25572 0.05552 0.96516 0.292655 0.922895
44.4570 88.1550 -12.2490 -0.07829 0.99398 0.07662 0.239045 0.919150
35.9010 79.2930 -3.3080 0.48236 -0.51786 0.70651 0.155943 0.844004
35.9010 79.2930 -3.3080 0.47347 -0.14608 0.86861 0.304171 0.920627
36.6370 79.2120 -3.8430 0.47950 -0.54749 0.68581 0.158112 0.846091
36.9340 79.7920 -3.7260 0.45235 -0.39312 0.80052 0.156088 0.847772
36.9340 79.7920 -3.7260 0.40718 -0.12995 0.90406 0.299990 0.921473
36.3970 80.1460 -3.4330 0.36946 0.06986 0.92662 0.300647 0.918862
47.4200 88.3020 -14.0000 -0.02856 0.97555 -0.21791 0.227284 0.927528
46.2220 88.2340 -13.8070 -0.09728 0.96537 -0.24209 0.230163 0.923203
45.7370 88.2700 -13.0730 -0.05910 0.99824 -0.00528 0.233694 0.922593
37.7460 80.4620 -3.9360 0.32174 -0.07185 0.94410 0.296051 0.921683
37.1260 80.5210 -3.7390 0.29396 0.10471 0.95006 0.297487 0.919723
37.7510 81.0640 -4.0250 0.23189 0.19564 0.95287 0.294132 0.919984
38.0270 81.5500 -4.2030 0.19610 0.29480 0.93522 0.291830 0.919443
47.0480 88.1950 -12.1070 -0.00184 0.99309 0.11732 0.234841 0.929270
40.7160 80.7220 -4.8450 0.27615 -0.59727 0.75300 0.155432 0.858893
40.7160 80.7220 -4.8450 0.25103 -0.22405 0.94169 0.288473 0.930269
48.9750 88.1940 -12.6720 -0.02175 0.99592 0.08757 0.229078 0.935723
47.9600 88.0970 -11.4900 0.01053 0.99093 0.13396 0.235424 0.933743
47.3790 87.8560 -10.0490 -0.02014 0.98081 0.19392 0.241933 0.934141
32.1970 86.5160 -9.3930 -0.03816 0.99527 0.08937 0.274261 0.878388
32.0650 86.3870 -7.9640 -0.02039 0.99570 0.09033 0.280662 0.881325
48.7510 88.2620 -14.0030 -0.00169 0.98844 -0.15163 0.224658 0.932710
31.1970 86.3430 -7.3550 0.05541 0.99551 0.07678 0.285147 0.879650
49.6590 88.3150 -13.5610 -0.08726 0.99617 -0.00612 0.224426 0.937050
33.1530 86.3460 -7.2320 -0.03110 0.98874 0.14635 0.281396 0.887002
33.5440 86.5300 -8.6310 -0.07580 0.99042 0.11539 0.274614 0.885112
34.4670 86.5010 -7.7690 -0.05872 0.98603 0.15587 0.276213 0.890514
40.9030 87.8200 -11.3900 -0.08442 0.98969 0.11575 0.248665 0.907088
41.6330 87.6650 -10.8580 -0.05657 0.96676 0.24935 0.249488 0.910946
30.8960 86.2630 -6.0690 0.12636 0.98512 0.11648 0.291363 0.881586
31.9530 86.2480 -6.4560 0.03856 0.98719 0.15482 0.287389 0.884514
42.8730 87.6060 -10.0760 -0.08105 0.97666 0.19893 0.250174 0.917237
34.0940 86.3230 -6.8640 -0.01774 0.97210 0.23390 0.280832 0.891292
33.1680 86.1420 -6.2130 0.04460 0.95695 0.28681 0.285726 0.889518
34.5970 86.1570 -6.3520 0.04542 0.91548 0.39980 0.281894 0.894381
31.7710 86.0270 -5.4360 0.16935 0.92277 0.34615 0.292277 0.886340
33.0050 85.9470 -5.6670 0.14792 0.85347 0.49971 0.288530 0.890335
44.4060 87.5960 -9.4210 -0.07125 0.97407 0.21472 0.249795 0.924329
33.9030 85.9390 -5.8460 0.10296 0.82141 0.56096 0.285738 0.893176
45.0540 87.8500 -10.5520 -0.04555 0.98203 0.18316 0.244337 0.924553
45.2830 87.6100 -9.1630 -0.04971 0.96918 0.24130 0.249123 0.928112
34.1470 84.5170 -4.7100 0.22772 0.49909 0.83609 0.292032 0.898858
35.8840 84.5530 -5.1360 0.16423 0.48956 0.85636 0.286434 0.904031
37.4520 83.1060 -4.7340 0.15838 0.39447 0.90516 0.287681 0.913223
35.0540 85.9780 -6.1180 0.10006 0.78386 0.61282 0.281998 0.896735
35.6220 86.1780 -6.5160 0.02264 0.90461 0.42564 0.278955 0.897783
36.3530 86.1010 -6.4380 0.03772 0.80104 0.59743 0.277735 0.900719
36.1020 85.4620 -5.7910 0.10880 0.62721 0.77121 0.281780 0.901970
33.3850 85.3620 -5.1030 0.20894 0.65310 0.72788 0.290765 0.893765
32.7870 85.5900 -5.1170 0.24797 0.72317 0.64462 0.291758 0.891222
34.7930 85.3880 -5.4710 0.16512 0.63608 0.75375 0.286026 0.897975
48.9760 87.9930 -10.7490 -0.00196 0.98698 0.16080 0.236366 0.938715
46.5900 87.4830 -8.5830 -0.03195 0.95541 0.29355 0.248962 0.934104
37.6120 84.8090 -5.5310 0.10808 0.46976 0.87615 0.280781 0.909073
37.4880 86.1090 -6.5040 0.03013 0.75227 0.65816 0.275065 0.904803
44.1110 87.2650 -8.2460 -0.05343 0.94406 0.32542 0.254817 0.925664
37.9490 85.5200 -6.0010 0.06559 0.59826 0.79861 0.276940 0.908276
45.2950 87.2270 -7.9980 -0.02907 0.90115 0.43254 0.253615 0.930611
46.4810 87.2490 -7.9640 -0.01553 0.87261 0.48816 0.251596 0.935043
47.7170 87.5070 -8.5080 -0.01366 0.94611 0.32357 0.247185 0.938312
36.1110 86.6750 -8.2390 -0.06924 0.97874 0.19308 0.270737 0.895508
35.3410 86.4320 -7.2410 -0.01818 0.96684 0.25474 0.276496 0.894968
49.4170 87.6120 -8.8750 -0.00297 0.96075 0.27739 0.242738 0.943609
50.3330 87.8490 -10.1000 -0.08863 0.97756 0.19111 0.236446 0.944664
50.4550 88.1180 -11.4270 -0.12186 0.97936 0.16127 0.231101 0.943141
36.1800 86.3590 -6.9220 -0.02286 0.93378 0.35712 0.275958 0.898813
51.4360 88.0970 -10.2020 -0.19418 0.95735 0.21394 0.234000 0.948412
50.7850 87.6620 -8.8250 -0.09707 0.93609 0.33810 0.240436 0.948370
54.0320 84.5280 -9.7250 0.99127 0.13158 -0.00889 0.234656 0.969437
54.1670 83.6180 -9.6800 0.99462 0.09432 -0.04276 0.235628 0.973046
37.4780 86.3770 -6.8980 -0.01695 0.88495 0.46538 0.273275 0.903713
54.2130 83.9200 -8.6560 0.99539 0.03916 0.08755 0.239684 0.971190
53.9430 85.8080 -10.3980 0.98717 0.15934 0.01020 0.231002 0.964512
53.7590 86.4330 -11.5350 0.96546 0.24514 -0.08826 0.226236 0.961737
53.6680 86.9740 -10.4970 0.95356 0.30087 -0.01416 0.230249 0.959745
30.6000 85.9410 -4.4670 0.31185 0.86012 0.40365 0.299122 0.884340
30.9440 86.1500 -5.3030 0.18970 0.95754 0.21708 0.294618 0.883545
31.5310 85.6830 -4.6810 0.33638 0.76203 0.55331 0.296366 0.887577
32.9790 84.5580 -4.3610 0.31306 0.51233 0.79970 0.296034 0.895467
31.8040 84.9860 -4.1330 0.34494 0.58395 0.73486 0.298983 0.890986
31.7850 84.5000 -3.7770 0.42776 0.47713 0.76771 0.301257 0.892720
31.4500 85.3880 -4.2710 0.45798 0.64507 0.61167 0.298647 0.888651
53.8450 85.7600 -8.4740 0.96505 0.20708 0.16063 0.238538 0.964040
53.6630 86.8430 -9.1360 0.94106 0.31364 0.12663 0.235431 0.960164
53.3770 87.6690 -9.7190 0.84473 0.52590 0.09933 0.233166 0.956874
30.3400 85.7410 -3.9250 0.40514 0.74086 0.53571 0.302200 0.884835
53.3970 87.2640 -8.7750 0.80793 0.49458 0.32039 0.236696 0.958286
29.9070 85.5300 -3.2940 0.48524 0.67471 0.55616 0.306075 0.884958
53.6330 86.2740 -8.2100 0.90061 0.32414 0.28955 0.239214 0.961764
50.1250 88.2880 -12.8290 -0.12175 0.98666 0.10807 0.226335 0.939937
51.1690 88.4560 -12.5060 -0.24936 0.95868 0.13697 0.225664 0.944507
29.6070 86.0500 -3.8370 0.37118 0.84124 0.39311 0.303941 0.881980
52.2980 88.8870 -12.7100 0.01429 0.99628 0.08499 0.222908 0.948993
52.9030 88.3720 -12.9590 0.88887 0.43883 -0.13170 0.221124 0.952114
52.6780 88.7420 -12.6960 0.60111 0.79889 0.02091 0.222538 0.950584
52.6490 88.6400 -12.0870 0.48723 0.86005 0.15138 0.224913 0.951078
52.9880 88.3420 -12.1670 0.83212 0.55452 -0.00940 0.224244 0.952884
52.4350 88.5530 -11.3290 -0.00879 0.97966 0.20047 0.228045 0.950892
52.7570 88.4900 -11.3650 0.44912 0.88501 0.12266 0.227562 0.952183
39.6140 83.5190 -5.2240 0.11724 0.37276 0.92049 0.280937 0.919408
38.8100 82.3130 -4.6440 0.15447 0.34567 0.92556 0.287225 0.919847
40.0690 82.0120 -4.7260 0.14857 0.29441 0.94406 0.285497 0.924805
52.5270 88.2120 -9.7520 0.02345 0.97201 0.23377 0.233788 0.952917
41.3320 82.6000 -5.0790 0.11790 0.28770 0.95044 0.280698 0.927671
53.4040 87.4330 -11.7990 0.92746 0.35728 -0.11035 0.225293 0.957267
53.0870 88.1930 -11.3440 0.79940 0.60079 0.00188 0.227334 0.954003
53.3170 87.8640 -10.6430 0.85105 0.52480 0.01722 0.229815 0.955866
40.6360 84.0620 -5.5570 0.09050 0.37612 0.92214 0.276680 0.921675
39.5040 85.1970 -5.9400 0.08634 0.48674 0.86927 0.274782 0.914750
52.8940 88.3200 -10.6680 0.49120 0.85864 0.14650 0.230011 0.953393
53.0030 88.1100 -9.9820 0.54460 0.82247 0.16418 0.232446 0.954558
52.7440 88.0390 -9.0990 0.21919 0.90399 0.36709 0.235828 0.954489
53.1900 87.7480 -9.1290 0.67727 0.67315 0.29694 0.235388 0.956378
51.0120 86.3670 -7.2380 -0.06135 0.50228 0.86252 0.247482 0.953343
49.6980 86.6550 -7.3850 0.04781 0.61058 0.79051 0.248858 0.948261
50.5080 86.9560 -7.7160 -0.00967 0.72169 0.69215 0.245744 0.950010
49.3820 87.2790 -7.9970 0.03540 0.84391 0.53531 0.246271 0.945308
48.2720 87.1690 -7.7850 0.01472 0.81010 0.58611 0.249118 0.941887
41.3970 81.5500 -4.8500 0.18854 0.01867 0.98189 0.284300 0.930324
51.8060 87.7070 -8.5910 -0.09637 0.89751 0.43033 0.239372 0.952159
50.6370 87.3720 -8.2970 -0.05060 0.86808 0.49384 0.242901 0.948992
42.9270 82.1570 -5.1830 0.13737 0.13620 0.98111 0.279236 0.934358
51.3430 87.1770 -7.7910 -0.09841 0.75548 0.64774 0.243504 0.952349
42.5900 84.2120 -5.7890 0.07687 0.36131 0.92927 0.272189 0.928465
41.3070 85.4080 -6.1950 0.05709 0.49406 0.86755 0.270112 0.920833
52.5030 85.9420 -6.7780 0.02600 0.40565 0.91366 0.246097 0.959519
40.2350 86.1550 -6.6820 0.03647 0.67909 0.73315 0.268911 0.914819
38.7200 86.3210 -6.7700 0.01096 0.78362 0.62114 0.271278 0.908711
39.0440 86.6970 -7.4310 -0.04064 0.91991 0.39001 0.267782 0.908301
53.6000 85.6200 -7.5470 0.89052 0.24044 0.38623 0.242274 0.963492
40.3110 86.6620 -7.2950 -0.01916 0.86400 0.50312 0.265829 0.913422
53.3720 85.1830 -6.9720 0.73110 0.27272 0.62540 0.245122 0.964017
53.3560 86.1260 -7.3690 0.75080 0.38669 0.53551 0.242488 0.961342
52.8870 86.2030 -6.9860 0.40005 0.46915 0.78731 0.244267 0.959903
53.0220 87.3690 -8.3370 0.54580 0.67858 0.49156 0.238531 0.957059
52.6190 87.4160 -8.1070 0.18381 0.79922 0.57224 0.239802 0.955827
52.4660 86.7520 -7.2720 0.09082 0.64973 0.75472 0.243411 0.957279
52.9640 86.9050 -7.6590 0.50763 0.64003 0.57678 0.241228 0.958208
42.0400 86.4610 -7.0040 0.00478 0.70124 0.71291 0.263958 0.920812
42.8660 85.6990 -6.4360 0.03972 0.50710 0.86097 0.265912 0.925979
8.2840 74.6240 13.0280 0.23806 0.17185 0.95592 0.054983 0.753718
6.7540 75.8100 13.1850 0.17276 0.24532 0.95393 0.440292 0.826671
6.7540 75.8100 13.1850 0.22019 0.17932 0.95883 0.046760 0.754214
5.5420 76.5450 13.2060 0.13274 0.25291 0.95834 0.438782 0.820289
5.0960 77.5800 12.9630 0.11874 0.27288 0.95469 0.434897 0.817413
6.2810 77.8400 12.7270 0.15960 0.27938 0.94682 0.432080 0.823045
5.4120 78.9520 12.5090 0.13300 0.31305 0.94038 0.428588 0.817880
7.9960 76.6660 12.6990 0.23670 0.18700 0.95342 0.049250 0.760471
7.9960 76.6660 12.6990 0.20288 0.24856 0.94713 0.434147 0.832655
8.1470 79.0570 12.0270 0.17289 0.29052 0.94112 0.423542 0.830769
6.7880 79.3840 12.1240 0.15168 0.32427 0.93373 0.424508 0.824023
9.4520 76.4560 12.3870 0.24664 0.18023 0.95220 0.054963 0.763338
9.4520 76.4560 12.3870 0.24074 0.20368 0.94898 0.431535 0.840460
9.9810 77.5220 12.0240 0.23575 0.22296 0.94589 0.425927 0.841499
8.2480 80.6240 11.4450 0.15134 0.33664 0.92939 0.416595 0.829400
8.2560 82.1540 10.8940 0.14169 0.38731 0.91100 0.410086 0.827572
16.7290 71.9430 10.6260 0.37806 0.08229 0.92212 0.091920 0.765553
17.8920 69.5400 10.1520 0.50350 -0.13514 0.85336 0.102112 0.760201
17.1330 69.7810 10.5850 0.44772 -0.04300 0.89314 0.098535 0.758946
19.1500 70.2250 9.5020 0.54316 -0.19446 0.81680 0.105284 0.765963
18.4350 72.7930 9.8340 0.41218 0.09049 0.90660 0.096326 0.773040
17.5010 70.9330 10.4150 0.41354 0.03534 0.90980 0.097106 0.763915
19.1390 71.1220 9.6190 0.47270 -0.02189 0.88095 0.102868 0.768937
16.4080 70.3160 10.9070 0.38314 0.04291 0.92269 0.094519 0.758891
20.4720 74.1020 8.7110 0.45238 0.10636 0.88546 0.101230 0.783158
19.2950 73.7620 9.3190 0.42536 0.10721 0.89865 0.097440 0.778824
17.6580 73.8740 10.0440 0.40323 0.10885 0.90860 0.090967 0.774935
3 0 1 2
3 3 4 5
3 6 1 7
3 8 9 10
3 7 0 11
3 1 0 7
3 12 13 15
3 12 15 17
3 18 19 11
3 7 11 19
3 20 7 19
3 21 22 23
3 24 23 22
3 23 24 25
3 26 27 12
3 26 12 17
3 25 28 23
3 28 25 29
3 30 16 14
3 28 29 31
3 32 33 34
3 30 35 16
3 36 9 37
3 38 9 36
3 39 40 41
3 42 26 17
3 36 44 45
3 35 46 43
3 46 35 47
3 35 43 16
3 45 38 36
3 48 38 45
3 49 50 22
3 51 52 53
3 54 51 55
3 56 55 57
3 54 55 56
3 34 50 58
3 54 59 51
3 34 60 50
3 41 61 39
3 37 62 63
3 64 59 54
3 58 32 34
3 65 64 54
3 41 66 61
3 67 68 58
3 67 58 50
3 37 9 62
3 40 69 41
3 69 66 41
3 60 70 71
3 70 6 72
3 70 73 6
3 74 71 70
3 74 70 72
3 76 77 78
3 72 80 81
3 72 6 80
3 81 82 72
3 78 77 83
3 36 37 85
3 86 79 87
3 87 88 86
3 33 2 89
3 45 90 48
3 34 33 89
3 1 73 2
3 89 2 73
3 70 89 73
3 89 70 60
3 44 90 45
3 34 89 60
3 87 79 84
3 73 1 6
3 20 80 6
3 6 7 20
3 81 80 20
3 81 20 91
3 83 77 92
3 93 90 44
3 61 66 94
3 74 25 24
3 95 90 96
3 97 87 84
3 71 50 60
3 99 96 90
3 22 71 24
3 100 94 101
3 50 71 22
3 24 71 74
3 93 99 90
3 25 74 72
3 102 101 94
3 29 72 82
3 72 29 25
3 29 82 31
3 98 83 92
3 92 103 98
3 53 52 76
3 52 77 76
3 59 52 51
3 104 77 52
3 104 52 59
3 105 106 107
3 44 36 93
3 36 85 93
3 108 107 109
3 110 105 111
3 104 59 64
3 94 66 112
3 108 105 107
3 111 105 108
3 102 94 112
3 104 92 77
3 113 106 114
3 106 115 114
3 116 117 93
3 93 85 116
3 118 92 104
3 115 119 114
3 118 64 120
3 104 64 118
3 99 93 121
3 115 122 119
3 65 54 123
3 120 64 65
3 110 124 125
3 106 113 107
3 120 65 126
3 121 93 117
3 127 106 105
3 127 115 106
3 110 127 105
3 128 129 63
3 129 37 63
3 125 127 110
3 130 103 92
3 131 129 128
3 132 133 125
3 124 132 125
3 130 134 103
3 132 135 136
3 133 132 137
3 132 136 137
3 132 124 135
3 126 138 120
3 115 133 122
3 125 133 127
3 127 133 115
3 85 37 139
3 118 130 92
3 129 139 37
3 137 122 133
3 140 118 120
3 140 130 118
3 134 130 140
3 141 142 143
3 144 142 141
3 145 140 146
3 147 148 143
3 149 150 151
3 0 2 147
3 147 2 148
3 140 120 138
3 140 138 146
3 138 126 152
3 143 153 147
3 142 153 143
3 153 154 147
3 150 149 155
3 156 157 153
3 153 157 154
3 4 131 128
3 152 158 138
3 138 158 146
3 159 160 154
3 161 18 160
3 159 162 160
3 161 160 162
3 0 147 11
3 140 145 134
3 160 18 11
3 154 11 147
3 154 160 11
3 129 131 139
3 149 163 155
3 158 164 146
3 165 149 151
3 156 153 142
3 166 56 167
3 168 155 169
3 156 142 144
3 167 170 166
3 171 159 157
3 171 157 156
3 168 172 155
3 173 174 139
3 173 139 131
3 175 176 166
3 159 177 162
3 178 177 159
3 159 154 157
3 85 139 116
3 56 166 179
3 178 159 171
3 179 54 56
3 166 180 179
3 181 182 144
3 183 144 182
3 184 172 168
3 182 185 183
3 116 139 174
3 182 186 185
3 187 185 186
3 185 187 188
3 155 172 150
3 116 174 189
3 180 166 176
3 156 183 171
3 176 190 180
3 183 156 144
3 191 150 172
3 180 190 179
3 189 117 116
3 192 171 183
3 183 185 192
3 123 54 179
3 171 192 178
3 193 179 190
3 193 123 179
3 194 177 178
3 190 195 193
3 117 189 196
3 176 175 197
3 178 198 194
3 199 200 191
3 188 192 185
3 198 178 192
3 198 192 188
3 188 187 201
3 202 203 197
3 204 205 200
3 198 188 206
3 207 174 173
3 199 204 200
3 198 208 194
3 194 208 209
3 198 206 208
3 176 197 210
3 190 176 210
3 211 212 213
3 210 197 203
3 33 214 148
3 32 214 33
3 215 196 189
3 216 151 150
3 217 143 214
3 143 148 214
3 189 174 215
3 216 218 151
3 202 219 203
3 212 214 32
3 214 212 217
3 213 212 32
3 190 220 195
3 220 190 210
3 220 210 203
3 221 220 203
3 222 223 224
3 217 212 211
3 221 203 219
3 217 211 225
3 216 150 226
3 123 126 65
3 211 113 225
3 126 123 193
3 227 126 193
3 228 218 216
3 227 193 229
3 141 143 217
3 230 231 224
3 231 222 224
3 195 229 193
3 231 230 232
3 205 216 226
3 229 195 233
3 213 32 234
3 58 234 32
3 224 223 235
3 235 230 224
3 236 229 233
3 233 237 236
3 109 211 213
3 109 213 234
3 228 216 205
3 109 234 238
3 230 235 239
3 195 220 233
3 230 239 240
3 226 150 191
3 233 220 237
3 241 242 237
3 107 211 109
3 239 235 243
3 200 226 191
3 211 107 113
3 237 220 241
3 241 220 221
3 219 244 221
3 244 245 221
3 200 205 226
3 245 246 221
3 2 33 148
3 225 181 217
3 247 181 225
3 248 223 222
3 242 241 246
3 241 221 246
3 249 223 248
3 250 172 184
3 251 181 247
3 246 252 242
3 113 247 225
3 253 250 184
3 114 251 247
3 248 254 249
3 152 126 227
3 247 113 114
3 181 141 217
3 255 227 229
3 144 141 181
3 255 229 236
3 182 181 251
3 256 172 250
3 152 227 255
3 257 235 223
3 119 258 251
3 259 258 119
3 249 257 223
3 186 251 258
3 255 260 152
3 251 114 119
3 152 260 158
3 182 251 186
3 261 249 254
3 236 262 255
3 262 236 263
3 263 264 262
3 260 255 262
3 265 266 267
3 268 260 262
3 257 249 269
3 266 265 270
3 250 253 271
3 262 264 268
3 259 122 272
3 235 257 243
3 273 260 268
3 259 119 122
3 274 275 250
3 272 276 259
3 274 250 271
3 259 276 277
3 271 278 274
3 237 263 236
3 242 279 237
3 237 279 263
3 243 280 239
3 277 276 281
3 282 275 274
3 283 281 276
3 263 284 264
3 281 285 277
3 285 281 286
3 287 264 284
3 263 279 284
3 250 275 256
3 288 287 284
3 242 252 279
3 136 289 137
3 289 272 137
3 289 266 272
3 284 279 252
3 252 290 284
3 291 267 136
3 246 292 252
3 252 292 290
3 288 284 290
3 289 136 267
3 122 137 272
3 293 294 87
3 293 87 97
3 266 276 272
3 296 297 293
3 298 243 257
3 296 293 97
3 243 298 280
3 283 276 266
3 266 289 267
3 172 256 191
3 295 98 103
3 256 199 191
3 296 299 297
3 269 298 257
3 103 301 295
3 269 302 298
3 298 302 303
3 304 256 275
3 304 199 256
3 270 305 306
3 307 280 298
3 308 309 310
3 311 312 313
3 103 314 301
3 310 305 315
3 103 134 314
3 313 306 305
3 301 300 295
3 307 316 280
3 317 204 199
3 309 313 310
3 313 305 310
3 318 317 199
3 307 298 303
3 283 319 281
3 199 304 318
3 320 281 319
3 321 314 134
3 286 281 320
3 318 322 317
3 321 323 314
3 323 321 324
3 325 286 320
3 326 300 301
3 328 326 301
3 304 275 329
3 325 320 330
3 314 328 301
3 270 283 266
3 331 328 314
3 332 304 329
3 306 319 283
3 307 303 333
3 307 333 316
3 270 306 283
3 331 314 323
3 319 306 312
3 321 134 145
3 145 334 321
3 313 312 306
3 146 334 145
3 324 321 334
3 304 332 318
3 324 334 335
3 335 334 164
3 320 312 336
3 337 316 333
3 319 312 320
3 338 332 329
3 334 146 164
3 336 330 320
3 273 164 158
3 254 96 261
3 99 261 96
3 273 339 164
3 340 188 201
3 339 335 164
3 341 340 201
3 339 342 335
3 340 206 188
3 343 206 340
3 208 206 344
3 260 273 158
3 345 346 204
3 209 208 344
3 347 345 204
3 343 344 206
3 261 99 348
3 347 204 317
3 349 343 340
3 339 273 350
3 351 344 343
3 339 350 352
3 277 258 259
3 273 268 350
3 258 277 353
3 347 354 345
3 268 355 350
3 353 186 258
3 355 264 287
3 264 355 268
3 346 345 356
3 353 277 357
3 261 348 358
3 352 350 355
3 345 359 360
3 352 355 361
3 186 353 187
3 345 360 356
3 362 187 353
3 359 345 354
3 348 99 121
3 187 362 201
3 353 357 362
3 357 285 363
3 364 348 121
3 365 366 228
3 357 277 285
3 290 367 288
3 357 363 362
3 290 292 368
3 367 290 368
3 341 201 362
3 362 363 341
3 358 348 364
3 355 287 369
3 363 370 341
3 370 349 341
3 288 369 287
3 361 355 369
3 349 340 341
3 346 365 228
3 346 228 205
3 367 369 288
3 371 369 367
3 366 365 372
3 343 349 373
3 373 351 343
3 372 365 374
3 375 285 286
3 371 361 369
3 375 363 285
3 372 374 376
3 261 377 249
3 378 376 374
3 367 379 371
3 325 375 286
3 356 365 346
3 358 377 261
3 379 367 380
3 380 381 379
3 356 374 365
3 382 363 375
3 363 382 370
3 383 377 358
3 383 384 377
3 382 385 370
3 386 387 384
3 388 379 381
3 384 389 386
3 390 375 325
3 391 372 376
3 375 390 382
3 346 205 204
3 358 364 383
3 328 331 392
3 331 393 392
3 394 382 390
3 360 395 356
3 385 382 394
3 396 323 324
3 393 331 323
3 393 323 396
3 397 383 364
3 370 385 349
3 373 349 385
3 383 389 384
3 360 398 399
3 335 400 324
3 401 351 373
3 397 389 383
3 400 396 324
3 402 401 373
3 395 403 404
3 405 389 397
3 403 406 404
3 407 373 385
3 399 395 360
3 408 407 385
3 399 409 403
3 269 249 377
3 377 384 269
3 395 399 403
3 400 335 410
3 410 335 342
3 407 402 373
3 387 269 384
3 402 407 411
3 387 302 269
3 412 413 309
3 414 392 393
3 395 374 356
3 313 309 311
3 30 392 414
3 415 302 387
3 396 416 393
3 395 378 374
3 417 311 413
3 311 309 413
3 416 414 393
3 418 312 311
3 417 418 311
3 404 378 395
3 47 30 414
3 386 415 387
3 376 378 419
3 420 417 413
3 413 421 420
3 420 422 417
3 422 418 417
3 396 423 416
3 196 121 117
3 376 40 39
3 424 422 420
3 414 416 425
3 376 419 40
3 423 426 416
3 35 30 47
3 427 47 414
3 312 418 336
3 196 428 121
3 427 414 425
3 404 419 378
3 336 418 429
3 416 426 425
3 404 430 419
3 330 336 429
3 364 121 428
3 422 429 418
3 431 364 428
3 422 432 429
3 423 396 400
3 40 419 433
3 424 432 422
3 424 434 432
3 423 435 426
3 423 400 436
3 436 400 410
3 330 429 437
3 429 432 437
3 433 69 40
3 423 436 435
3 437 438 330
3 438 437 439
3 432 440 437
3 436 410 441
3 433 419 430
3 442 436 443
3 443 436 441
3 428 196 444
3 435 436 442
3 421 445 420
3 420 445 446
3 420 446 424
3 435 442 447
3 445 448 449
3 449 446 445
3 446 450 434
3 451 452 318
3 450 446 449
3 443 453 442
3 452 451 454
3 449 455 450
3 434 440 432
3 322 347 317
3 46 47 427
3 322 318 452
3 431 428 456
3 347 322 354
3 457 458 427
3 434 424 446
3 431 456 459
3 452 354 322
3 457 427 425
3 397 364 431
3 457 425 426
3 437 440 439
3 426 460 457
3 354 452 461
3 431 459 397
3 439 440 462
3 440 434 463
3 460 426 435
3 440 463 462
3 447 460 435
3 454 461 452
3 461 454 464
3 459 465 405
3 434 450 463
3 447 442 453
3 447 453 466
3 467 461 464
3 461 359 354
3 405 397 459
3 468 463 450
3 398 359 461
3 469 462 463
3 339 352 342
3 470 451 332
3 332 451 318
3 441 410 342
3 338 470 332
3 352 471 342
3 428 444 456
3 330 390 325
3 464 454 451
3 472 464 451
3 361 473 352
3 390 438 394
3 472 451 470
3 471 352 473
3 474 465 456
3 385 394 408
3 473 361 475
3 456 444 474
3 476 394 438
3 459 456 465
3 475 361 371
3 371 477 475
3 394 476 408
3 379 477 371
3 478 476 438
3 443 441 471
3 441 342 471
3 479 464 472
3 330 438 390
3 480 479 472
3 478 438 439
3 481 473 482
3 465 474 483
3 479 480 484
3 481 471 473
3 478 485 476
3 486 399 398
3 443 471 481
3 386 389 487
3 409 399 486
3 481 488 489
3 481 489 443
3 398 461 467
3 490 408 476
3 490 407 408
3 482 488 481
3 398 467 486
3 491 402 411
3 489 453 443
3 487 389 405
3 492 486 467
3 407 490 411
3 492 493 486
3 398 360 359
3 476 485 490
3 453 489 494
3 495 411 490
3 486 493 409
3 496 497 487
3 409 493 498
3 496 499 497
3 500 490 485
3 501 493 492
3 487 405 496
3 490 500 495
3 488 494 489
3 502 503 488
3 439 462 478
3 415 303 302
3 473 504 482
3 473 475 504
3 475 477 504
3 479 467 464
3 479 492 467
3 505 478 462
3 478 505 506
3 303 415 507
3 507 333 303
3 477 508 504
3 506 485 478
3 388 477 379
3 507 415 509
3 386 509 415
3 492 479 484
3 506 510 485
3 487 509 386
3 462 469 505
3 511 505 469
3 508 502 504
3 501 512 493
3 505 513 506
3 477 388 514
3 506 513 510
3 514 508 477
3 515 501 492
3 516 517 507
3 514 518 508
3 518 514 519
3 510 500 485
3 482 504 502
3 507 509 520
3 488 482 502
3 508 521 502
3 510 522 500
3 507 520 516
3 522 523 500
3 524 516 520
3 523 495 500
3 495 523 525
3 508 518 521
3 333 507 517
3 517 337 333
3 526 525 523
3 509 487 520
3 520 487 497
3 510 527 522
3 497 524 520
3 510 513 527
3 499 528 497
3 522 529 526
3 526 523 522
3 530 531 532
3 530 533 531
3 527 529 522
3 534 535 536
3 537 534 536
3 534 538 535
3 529 539 526
3 540 528 499
3 541 528 540
3 450 455 468
3 542 543 532
3 544 534 537
3 545 541 540
3 546 534 544
3 530 532 543
3 463 468 547
3 548 549 538
3 469 463 547
3 550 517 516
3 524 550 516
3 551 552 547
3 543 553 530
3 538 549 554
3 538 554 535
3 547 552 555
3 556 530 553
3 513 505 511
3 557 549 548
3 547 511 469
3 555 511 547
3 337 517 558
3 559 560 557
3 557 561 549
3 560 561 557
3 562 556 553
3 563 538 546
3 513 511 564
3 564 527 513
3 563 548 538
3 565 563 566
3 546 538 534
3 533 530 567
3 550 524 568
3 569 563 546
3 566 563 569
3 546 570 569
3 557 548 571
3 556 567 530
3 517 572 558
3 533 567 573
3 559 557 571
3 511 555 574
3 571 548 565
3 548 563 565
3 564 511 574
3 531 533 575
3 576 564 574
3 575 533 577
3 578 579 580
3 574 555 581
3 578 544 579
3 578 570 544
3 570 546 544
3 576 574 582
3 574 581 582
3 572 517 550
3 583 527 564
3 529 527 583
3 576 583 564
3 584 570 578
3 578 585 584
3 529 586 539
3 539 586 587
3 585 588 584
3 583 586 529
3 589 584 588
3 524 497 528
3 541 524 528
3 541 568 524
3 576 582 590
3 583 576 590
3 590 586 583
3 569 570 584
3 589 569 584
3 577 591 592
3 577 592 593
3 594 565 566
3 595 566 596
3 596 566 569
3 566 595 597
3 597 594 566
3 573 577 533
3 589 596 569
3 598 599 600
3 601 598 602
3 591 577 573
3 598 601 599
3 603 602 598
3 588 604 589
3 605 592 591
3 604 606 589
3 483 607 405
3 608 603 609
3 603 598 609
3 610 597 595
3 596 606 595
3 608 611 603
3 608 612 613
3 612 609 614
3 612 608 609
3 610 595 606
3 606 596 589
3 496 405 607
3 616 537 536
3 613 611 608
3 617 618 613
3 619 613 612
3 614 621 612
3 465 483 405
3 623 573 567
3 617 613 619
3 623 567 556
3 624 617 619
3 544 537 579
3 627 628 629
3 630 632 626
3 623 556 633
3 630 626 634
3 635 636 580
3 607 483 637
3 556 562 633
3 585 578 580
3 21 628 22
3 638 21 23
3 639 580 636
3 629 21 638
3 638 640 629
3 639 585 580
3 21 629 628
3 641 623 633
3 28 642 638
3 638 23 28
3 643 639 644
3 645 639 636
3 642 28 646
3 31 646 28
3 639 645 647
3 641 633 648
3 649 499 496
3 638 642 640
3 650 642 651
3 651 642 646
3 607 649 496
3 639 643 585
3 653 629 640
3 654 588 585
3 640 655 653
3 657 591 573
3 627 629 653
3 626 652 634
3 573 623 641
3 658 659 649
3 649 607 658
3 660 634 652
3 660 652 656
3 657 573 641
3 642 661 640
3 649 540 499
3 655 640 661
3 661 642 650
3 663 664 559
3 665 656 662
3 545 540 666
3 667 668 664
3 663 667 664
3 600 669 631
3 600 599 669
3 657 605 591
3 49 22 628
3 628 670 49
3 649 666 540
3 67 50 49
3 67 49 670
3 671 605 657
3 669 68 67
3 631 670 627
3 631 669 670
3 628 627 670
3 669 67 670
3 560 664 672
3 668 672 664
3 637 658 607
3 58 238 234
3 58 68 238
3 658 637 673
3 601 238 68
3 559 664 560
3 641 674 657
3 657 674 671
3 565 559 571
3 68 599 601
3 599 68 669
3 675 671 674
3 659 666 649
3 659 658 673
3 676 671 675
3 677 632 630
3 609 600 678
3 614 609 678
3 668 278 679
3 680 633 562
3 631 678 600
3 681 682 683
3 684 278 668
3 685 278 684
3 609 598 600
3 683 682 686
3 684 668 667
3 683 686 687
3 688 630 634
3 689 684 667
3 634 690 688
3 665 691 692
3 692 691 693
3 694 685 695
3 691 696 697
3 693 691 697
3 695 685 684
3 698 699 700
3 701 702 703
3 695 684 689
3 704 699 698
3 705 701 706
3 559 594 663
3 706 701 703
3 707 663 594
3 708 701 705
3 703 702 692
3 703 692 693
3 703 693 709
3 710 689 667
3 709 693 711
3 704 698 712
3 686 713 687
3 710 667 663
3 706 703 709
3 714 706 709
3 707 710 663
3 700 593 592
3 715 710 707
3 711 716 709
3 717 716 711
3 718 710 715
3 713 719 687
3 720 707 597
3 677 688 721
3 720 597 722
3 723 720 722
3 715 707 720
3 698 700 592
3 677 721 615
3 592 724 698
3 720 723 715
3 723 725 715
3 726 727 728
3 724 592 605
3 594 559 565
3 615 721 622
3 721 729 622
3 597 707 594
3 729 721 730
3 724 712 698
3 729 731 622
3 688 730 721
3 712 724 732
3 722 597 610
3 733 730 708
3 734 730 733
3 719 728 687
3 718 735 689
3 719 726 728
3 718 689 710
3 625 620 736
3 737 738 704
3 735 695 689
3 624 740 741
3 737 704 712
3 739 625 736
3 742 739 743
3 739 736 743
3 718 715 744
3 719 745 746
3 743 747 742
3 725 744 715
3 733 708 705
3 745 719 713
3 748 733 705
3 749 744 725
3 718 744 735
3 748 705 750
3 750 705 706
3 749 735 744
3 735 749 751
3 750 752 748
3 753 748 752
3 737 754 738
3 750 755 752
3 604 588 654
3 750 706 714
3 714 709 716
3 746 726 719
3 716 756 714
3 755 750 714
3 745 757 746
3 755 714 756
3 756 716 717
3 654 758 604
3 759 755 756
3 712 732 737
3 755 760 752
3 606 761 610
3 737 732 762
3 730 734 729
3 731 620 622
3 761 606 604
3 729 734 731
3 737 763 754
3 764 731 734
3 761 604 765
3 733 748 734
3 758 765 604
3 745 766 757
3 754 763 767
3 753 734 748
3 768 765 758
3 736 620 731
3 764 736 731
3 768 758 769
3 770 771 763
3 772 734 773
3 774 724 605
3 775 643 644
3 773 734 753
3 671 774 605
3 644 639 647
3 773 753 776
3 773 776 777
3 676 774 671
3 753 760 778
3 778 776 753
3 779 775 644
3 736 764 743
3 764 772 743
3 772 764 734
3 743 772 747
3 780 781 757
3 585 643 654
3 726 782 727
3 777 772 773
3 772 777 747
3 732 724 774
3 783 654 643
3 752 760 753
3 783 643 775
3 760 755 759
3 759 784 760
3 785 732 774
3 786 782 746
3 778 760 784
3 787 756 788
3 756 787 759
3 789 774 676
3 790 779 791
3 759 787 792
3 793 782 794
3 759 792 784
3 790 783 775
3 794 782 786
3 779 790 775
3 676 795 789
3 796 747 777
3 797 796 777
3 798 790 799
3 789 785 774
3 783 790 798
3 794 786 800
3 779 644 27
3 801 747 796
3 26 779 27
3 782 726 746
3 777 776 797
3 802 797 776
3 763 737 762
3 776 778 803
3 802 776 803
3 791 779 26
3 732 785 762
3 804 791 26
3 796 805 801
3 802 796 797
3 804 26 42
3 805 796 802
3 806 762 785
3 802 803 807
3 807 808 802
3 762 770 763
3 770 762 806
3 809 654 783
3 778 810 803
3 811 794 812
3 810 784 792
3 784 810 778
3 758 654 809
3 809 769 758
3 813 792 814
3 809 783 798
3 794 800 812
3 815 803 810
3 810 792 815
3 795 816 789
3 789 816 817
3 817 785 789
3 812 818 819
3 813 820 792
3 820 815 792
3 771 770 821
3 820 813 822
3 823 804 824
3 806 821 770
3 175 807 815
3 807 803 815
3 812 826 818
3 43 46 828
3 46 829 828
3 830 826 812
3 771 821 831
3 42 827 804
3 832 815 820
3 804 827 824
3 833 771 831
3 834 833 831
3 835 832 820
3 785 836 806
3 829 837 828
3 791 799 790
3 812 800 830
3 791 804 823
3 838 839 840
3 823 799 791
3 785 817 836
3 824 841 823
3 842 806 836
3 799 823 843
3 838 844 845
3 836 846 842
3 838 847 848
3 849 850 848
3 838 848 844
3 848 850 844
3 837 825 828
3 842 821 806
3 821 842 851
3 850 852 844
3 841 843 823
3 850 853 852
3 854 826 830
3 856 825 837
3 851 831 821
3 857 850 849
3 824 855 841
3 858 841 855
3 856 837 860
3 834 831 861
3 857 853 850
3 859 858 855
3 786 746 862
3 863 864 865
3 861 831 851
3 864 840 865
3 866 809 798
3 809 866 769
3 864 867 840
3 862 746 757
3 868 838 840
3 869 834 861
3 868 847 838
3 798 870 866
3 798 799 870
3 867 868 840
3 871 870 799
3 800 786 872
3 872 786 862
3 867 873 868
3 641 648 874
3 674 641 874
3 875 863 876
3 863 875 864
3 877 867 864
3 675 674 878
3 768 769 879
3 795 676 675
3 880 875 876
3 879 769 866
3 781 862 757
3 875 877 864
3 881 879 866
3 882 768 879
3 883 862 781
3 866 870 884
3 884 870 871
3 871 885 884
3 867 877 886
3 883 781 887
3 888 648 680
3 873 867 886
3 872 862 883
3 633 680 648
3 889 879 881
3 890 891 892
3 893 889 881
3 884 881 866
3 890 894 891
3 895 849 873
3 648 888 896
3 893 881 884
3 893 884 885
3 897 872 883
3 648 896 874
3 849 848 868
3 847 868 848
3 898 800 872
3 871 799 843
3 800 898 830
3 868 873 849
3 830 898 899
3 895 900 849
3 849 900 857
3 843 841 901
3 901 841 858
3 857 900 902
3 872 897 898
3 885 871 843
3 885 843 901
3 888 680 101
3 899 898 897
3 894 903 900
3 904 901 858
3 900 895 894
3 901 904 905
3 888 906 896
3 908 858 859
3 874 896 878
3 854 830 899
3 895 909 891
3 908 904 858
3 909 895 873
3 910 907 860
3 885 901 905
3 886 909 873
3 892 891 909
3 878 674 874
3 891 894 895
3 911 725 723
3 911 723 912
3 913 911 912
3 911 913 914
3 913 915 914
3 722 610 761
3 916 917 918
3 918 880 876
3 912 723 722
3 917 880 918
3 919 899 897
3 920 916 921
3 917 916 922
3 761 912 722
3 923 675 878
3 919 854 899
3 675 923 795
3 920 922 916
3 924 922 920
3 765 912 761
3 765 925 912
3 920 926 924
3 927 878 896
3 926 928 924
3 929 925 765
3 878 927 923
3 930 931 928
3 932 897 883
3 933 928 934
3 913 912 925
3 934 928 931
3 935 913 925
3 935 915 913
3 936 934 931
3 88 937 934
3 88 934 936
3 929 935 925
3 86 88 936
3 826 938 818
3 939 725 911
3 875 880 917
3 940 875 917
3 725 939 749
3 939 911 914
3 941 888 101
3 877 875 940
3 940 886 877
3 940 917 922
3 942 941 101
3 943 940 922
3 944 938 826
3 945 751 749
3 888 941 906
3 946 886 940
3 939 945 749
3 944 947 938
3 948 909 886
3 941 949 906
3 946 948 886
3 947 944 950
3 951 948 946
3 952 939 914
3 943 946 940
3 953 946 943
3 954 943 924
3 915 952 914
3 955 953 954
3 954 953 943
3 922 924 943
3 101 102 942
3 924 928 954
3 952 945 939
3 956 942 102
3 946 953 951
3 957 952 915
3 958 826 854
3 959 942 956
3 958 944 826
3 929 765 768
3 882 929 768
3 960 949 941
3 961 892 948
3 892 961 890
3 929 882 962
3 963 944 958
3 960 941 942
3 960 964 949
3 965 896 906
3 927 896 965
3 929 966 935
3 906 949 965
3 967 961 948
3 966 929 962
3 951 967 948
3 968 969 950
3 965 949 964
3 963 950 944
3 927 965 970
3 971 967 951
3 927 970 972
3 923 927 972
3 963 973 950
3 974 962 882
3 950 973 968
3 975 961 967
3 961 975 976
3 967 971 975
3 977 978 969
3 969 968 977
3 979 977 968
3 909 948 892
3 965 964 970
3 977 979 980
3 979 968 973
3 957 915 935
3 981 951 953
3 982 957 983
3 957 982 952
3 981 984 985
3 986 970 964
3 987 985 984
3 984 955 954
3 970 986 988
3 963 989 973
3 990 991 982
3 954 928 933
3 988 972 970
3 955 981 953
3 983 935 966
3 989 992 993
3 983 957 935
3 981 955 984
3 933 984 954
3 994 984 933
3 979 995 980
3 993 995 979
3 993 996 995
3 993 979 973
3 973 989 993
3 937 933 934
3 997 966 998
3 983 966 997
3 937 999 994
3 997 998 1000
3 966 962 998
3 1001 984 994
3 994 999 1001
3 1001 987 984
3 990 982 983
3 997 990 983
3 951 981 971
3 971 981 985
3 816 1002 817
3 889 882 879
3 1003 975 971
3 974 882 889
3 1003 1004 976
3 1003 976 975
3 971 1005 1003
3 963 958 1006
3 963 1006 989
3 795 923 1007
3 816 795 1007
3 1008 974 889
3 989 1006 1009
3 46 427 829
3 985 987 1010
3 971 985 1005
3 427 458 829
3 1010 1005 985
3 854 1011 958
3 1012 1010 987
3 829 458 837
3 1011 854 919
3 816 1007 1002
3 457 460 1013
3 1005 616 1003
3 1013 458 457
3 1010 1014 1005
3 1011 1006 958
3 1013 1015 458
3 1005 1014 616
3 1016 1002 1007
3 1007 1017 1016
3 1015 1013 1018
3 1019 1009 1006
3 1019 1006 1011
3 860 837 1020
3 108 238 1021
3 238 108 109
3 458 1015 837
3 837 1015 1020
3 846 836 817
3 238 601 1021
3 817 1002 1022
3 817 1022 846
3 842 846 1023
3 989 1009 992
3 1024 1025 1021
3 1026 992 1009
3 1020 1015 1027
3 996 993 992
3 1024 1028 1025
3 1023 846 1022
3 1021 111 108
3 1023 851 842
3 1013 460 1018
3 447 1018 460
3 111 1025 110
3 1023 861 851
3 1021 1025 111
3 977 980 1029
3 1024 1021 1030
3 1031 1029 980
3 447 466 1018
3 1032 1023 1022
3 1018 466 1033
3 1034 602 603
3 1034 1030 602
3 1035 466 453
3 602 1021 601
3 1031 980 1036
3 602 1030 1021
3 1036 980 995
3 1037 861 1023
3 861 1037 1038
3 1027 1015 1018
3 1018 1033 1027
3 1036 995 1039
3 466 1040 1033
3 1035 1040 466
3 1041 1024 1030
3 1034 1041 1030
3 869 861 1038
3 1038 1042 869
3 1016 1032 1022
3 1043 1044 1045
3 1037 1023 1032
3 135 1043 1045
3 682 1046 686
3 1037 1032 1047
3 1048 1033 1040
3 1038 1037 1047
3 1002 1016 1022
3 1049 1048 1040
3 1050 1028 1041
3 1016 1051 1032
3 910 860 1020
3 1047 1032 1051
3 686 1052 713
3 1053 1054 910
3 1046 1055 1052
3 1056 1043 1050
3 1020 1027 1053
3 1043 1056 1044
3 910 1020 1053
3 1057 1058 1044
3 1042 1038 1059
3 1057 1044 1056
3 1033 1060 1027
3 1059 1038 1047
3 1053 1027 1060
3 1061 110 1025
3 972 1007 923
3 1052 1062 713
3 1046 1052 686
3 1061 124 110
3 1060 1063 1053
3 1017 1007 972
3 1052 1064 1062
3 1028 1061 1025
3 1065 1063 1060
3 1066 1063 1065
3 1048 1060 1033
3 1061 1028 1043
3 1065 1060 1048
3 1061 1043 124
3 1065 1048 1049
3 1049 1067 1065
3 135 124 1043
3 1068 1063 1066
3 1041 1028 1024
3 766 745 713
3 1050 1043 1028
3 1066 1065 1069
3 1070 1016 1017
3 1034 1071 1041
3 1071 1072 1041
3 503 494 488
3 503 1073 494
3 1072 1071 1074
3 521 503 502
3 1062 1064 1075
3 1076 1077 1078
3 1079 1078 1077
3 1071 1076 1074
3 1074 1076 1078
3 1080 1017 972
3 972 988 1080
3 521 1081 503
3 713 1062 766
3 1073 503 1081
3 1082 766 1062
3 1078 1079 1083
3 1084 1074 1078
3 1083 1084 1078
3 1085 1080 988
3 518 1086 521
3 611 1034 603
3 1086 1081 521
3 1080 1070 1017
3 1076 1034 611
3 1081 1086 1087
3 1086 1088 1087
3 1070 1089 1090
3 1091 1087 1088
3 1076 1071 1034
3 1085 1089 1080
3 1077 611 618
3 1080 1089 1070
3 1077 1076 611
3 618 611 613
3 1035 453 494
3 1070 1051 1016
3 1092 1093 1035
3 741 1077 618
3 766 780 757
3 494 1073 1092
3 1094 1095 1096
3 1092 1035 494
3 1097 1047 1051
3 1096 1041 1072
3 1096 1050 1041
3 1096 1056 1050
3 1040 1035 1093
3 1070 1098 1051
3 1097 1051 1098
3 1090 1098 1070
3 1096 1072 1094
3 1095 1056 1096
3 1042 1099 869
3 1100 1092 1073
3 1101 1092 1100
3 865 1057 1095
3 1093 1092 1101
3 1102 1095 1094
3 1102 865 1095
3 863 865 1102
3 1056 1095 1057
3 1049 1040 1093
3 1062 1103 1082
3 1104 876 1102
3 1081 1100 1073
3 1105 1094 1074
3 1094 1104 1102
3 1094 1105 1104
3 1072 1074 1094
3 1100 1081 1087
3 1099 1042 1106
3 1087 1107 1100
3 1105 1074 1084
3 1108 1082 1103
3 1064 1109 1075
3 876 863 1102
3 1090 1089 1110
3 1087 1091 1107
3 918 876 1104
3 1110 1098 1090
3 1059 1047 1097
3 1075 1111 1103
3 1075 1103 1062
3 1097 1112 1059
3 1101 1049 1093
3 1113 265 291
3 1049 1114 1067
3 1045 1044 1113
3 1042 1059 1112
3 1115 1103 1111
3 1045 1113 291
3 1116 265 1113
3 1114 1049 1117
3 1101 1117 1049
3 1106 1042 1112
3 1118 1119 1120
3 1121 1122 1118
3 1123 1112 1097
3 1112 1123 1124
3 1069 1065 1067
3 1069 1067 1114
3 265 1120 270
3 1125 1114 1117
3 1116 1120 265
3 1121 1120 1116
3 1069 1114 1125
3 1123 1097 1098
3 1120 1121 1118
3 1101 1126 1117
3 1058 1127 1116
3 1098 1110 1128
3 1129 780 766
3 1129 766 1082
3 1127 1058 1057
3 1123 1098 1128
3 1044 1058 1113
3 1116 1113 1058
3 1130 1101 1100
3 1130 1126 1101
3 1100 1107 1130
3 1107 1131 1130
3 1121 1116 1122
3 1127 1122 1116
3 839 845 1122
3 1107 1091 1131
3 839 1122 1127
3 1124 1106 1112
3 1091 1088 1132
3 840 839 1127
3 1091 1132 1131
3 838 845 839
3 1133 1131 1132
3 1045 136 135
3 1129 1134 780
3 291 136 1045
3 1133 1135 1131
3 1136 1130 1131
3 291 265 267
3 1137 1138 315
3 1136 1131 1135
3 1137 1119 1138
3 1138 1119 1118
3 1139 1138 845
3 1138 1139 852
3 1140 1124 1123
3 1082 1108 1129
3 1141 1135 1133
3 1137 270 1120
3 1142 1141 1133
3 1119 1137 1120
3 1137 305 270
3 305 1137 315
3 1136 1126 1130
3 1140 1143 1124
3 1135 1144 1136
3 1106 1124 1143
3 1136 1144 1126
3 1145 308 310
3 315 1145 310
3 852 1145 1138
3 1145 852 853
3 1138 1145 315
3 1145 853 308
3 1106 1143 1146
3 845 1138 1118
3 845 1118 1122
3 1117 1126 1147
3 1147 1125 1117
3 844 1139 845
3 1147 1148 1125
3 844 852 1139
3 1115 1111 1149
3 1141 1142 1150
3 1147 1126 1144
3 865 1127 1057
3 1146 1143 1151
3 1152 1147 1144
3 1153 1154 1115
3 840 1127 865
3 1144 1141 1155
3 1103 1115 1154
3 1141 1144 1135
3 1144 1155 1152
3 1083 1079 1156
3 1154 1108 1103
3 1155 1141 1150
3 1152 1155 1157
3 1158 1108 1154
3 1159 1083 1156
3 1083 1159 1160
3 1161 1152 1157
3 102 112 956
3 1150 1162 1155
3 112 1163 956
3 1155 1162 1164
3 1165 1159 1156
3 1166 1165 1156
3 1164 1157 1155
3 1115 1168 1153
3 1164 1162 1169
3 1170 1169 1162
3 741 617 624
3 1171 1153 1168
3 618 617 741
3 1079 1077 741
3 1156 1079 741
3 1172 1169 1173
3 1154 1153 1158
3 1166 741 740
3 492 484 515
3 1166 1156 741
3 1174 501 515
3 1175 1129 1108
3 1176 1167 742
3 1177 406 403
3 515 1178 1174
3 1179 1167 1176
3 1167 739 742
3 1178 1181 1174
3 1181 1178 1182
3 1181 1183 1184
3 1183 1181 1182
3 1134 1175 1185
3 1134 1129 1175
3 1177 1186 406
3 1180 1165 1166
3 1185 1175 1187
3 1188 1189 1183
3 1160 1105 1084
3 1190 1186 1177
3 1191 1188 1183
3 1104 1160 921
3 1160 1104 1105
3 1192 1160 1159
3 1189 1188 1193
3 1194 1188 1195
3 1194 1193 1188
3 1108 1158 1175
3 430 1196 433
3 1084 1083 1160
3 921 918 1104
3 918 921 916
3 1193 1194 1197
3 1197 1198 1199
3 1198 1197 1200
3 1192 921 1160
3 1201 1200 1197
3 1202 1200 1201
3 1203 1187 1158
3 1204 1192 1159
3 1158 1187 1175
3 1202 1205 1200
3 1192 930 926
3 1204 930 1192
3 1206 1207 1205
3 1208 433 1196
3 920 921 926
3 1209 1210 1211
3 926 921 1192
3 1212 1204 1159
3 1212 1159 1165
3 1213 1185 1187
3 1214 1215 1216
3 1213 1217 1185
3 1196 1218 1208
3 1211 1210 1214
3 406 430 404
3 1176 1219 1220
3 430 406 1221
3 430 1221 1196
3 1219 1176 742
3 232 1171 1168
3 1186 1221 406
3 1222 1214 1216
3 742 747 801
3 801 1219 742
3 1223 1219 801
3 887 781 780
3 1224 1216 1225
3 1224 1222 1216
3 1221 1226 1196
3 1228 1165 1180
3 1179 1176 1227
3 1229 1211 1214
3 1165 1228 1212
3 1222 1229 1214
3 1220 1227 1176
3 1212 1228 1230
3 1220 1231 1227
3 1221 1232 1226
3 1233 1229 1222
3 1221 1186 1232
3 887 1234 883
3 1235 470 1209
3 1235 480 470
3 1223 1236 1219
3 883 1234 932
3 887 780 1134
3 1237 480 1235
3 55 1223 57
3 1220 53 1231
3 1209 1211 1235
3 1238 887 1134
3 1220 1219 1236
3 1236 53 1220
3 1211 1239 1235
3 1232 1186 1240
3 1239 1211 1241
3 1134 1185 1238
3 887 1238 1234
3 1239 1237 1235
3 55 1236 1223
3 1236 51 53
3 51 1236 55
3 1242 1237 1239
3 1234 1243 932
3 1238 1243 1234
3 1204 1244 930
3 1204 1245 1244
3 931 930 1244
3 1238 1246 1243
3 1247 931 1244
3 484 480 1248
3 1226 1232 1249
3 1250 897 932
3 1245 1204 1212
3 1226 1249 1218
3 1230 1245 1212
3 1196 1226 1218
3 1251 515 484
3 1252 515 1251
3 930 928 926
3 1253 1251 1248
3 1248 1251 484
3 1250 919 897
3 1251 1253 1252
3 1244 1245 1247
3 1254 1255 1218
3 1237 1248 480
3 1256 919 1250
3 1257 1248 1237
3 1253 1248 1257
3 1230 75 1245
3 1247 1245 75
3 1247 75 79
3 1249 1232 1240
3 1258 932 1243
3 936 931 1247
3 1258 1250 932
3 1249 1259 1254
3 1260 1253 1257
3 1261 1253 1260
3 1218 1249 1254
3 936 1247 86
3 1247 79 86
3 1229 1241 1211
3 1231 53 76
3 1223 801 805
3 167 805 170
3 170 805 802
3 1262 1256 1250
3 1241 1242 1239
3 1185 1217 1238
3 57 1223 805
3 57 805 167
3 498 1263 409
3 167 56 57
3 1241 1229 1264
3 802 808 170
3 1233 1264 1229
3 175 808 807
3 493 512 498
3 1238 1217 1246
3 166 170 808
3 166 808 175
3 175 815 832
3 1263 403 409
3 1263 1177 403
3 197 175 832
3 1241 1264 1265
3 1243 1246 1258
3 1266 1267 1263
3 832 835 1268
3 1242 1257 1237
3 1268 202 832
3 197 832 202
3 1266 498 1184
3 1269 1257 1242
3 1263 498 1266
3 1184 1270 1266
3 1217 1271 1246
3 1272 1273 853
3 1272 1274 1273
3 1269 1260 1257
3 412 1273 1274
3 1246 1271 1275
3 1267 1266 1270
3 1177 1263 1267
3 1276 1274 1272
3 1190 1177 1267
3 1277 1274 1276
3 1241 1265 1242
3 512 501 1174
3 1278 1242 1265
3 902 1272 857
3 1213 1271 1217
3 1181 498 512
3 512 1174 1181
3 1279 1280 1265
3 857 1272 853
3 1280 1278 1265
3 1269 1242 1278
3 498 1181 1184
3 1281 1269 1278
3 1282 1276 1272
3 1282 1283 1276
3 1282 1272 902
3 1267 1284 1190
3 1284 1285 1190
3 1286 1287 1288
3 1289 1283 1282
3 1270 1284 1267
3 1290 1286 1291
3 1292 1258 1246
3 1224 1225 1288
3 1189 1284 1270
3 1258 1292 1262
3 1287 1224 1288
3 1250 1258 1262
3 1293 1224 1287
3 1224 1233 1222
3 1294 1274 1277
3 1190 1240 1186
3 1293 1233 1224
3 1277 1295 1294
3 1285 1240 1190
3 1295 1277 1296
3 1297 1294 1295
3 1287 1286 1290
3 1285 1284 1298
3 1246 1275 1292
3 1299 1297 1295
3 1290 1293 1287
3 1300 1301 1295
3 1296 1300 1295
3 1301 1300 1302
3 1299 1295 1301
3 1303 1293 1290
3 1304 1296 1283
3 1283 1296 1277
3 1305 1293 1306
3 1293 1303 1306
3 1289 1304 1283
3 1307 1240 1285
3 1291 1308 1290
3 1283 1277 1276
3 1309 1296 1310
3 1311 1303 1308
3 1308 1303 1290
3 1312 1308 1291
3 1313 1314 1262
3 1315 1309 1310
3 1183 1270 1184
3 1308 1312 1311
3 1313 1262 1292
3 1309 1300 1296
3 1304 1310 1296
3 1183 1189 1270
3 1316 1310 1304
3 1303 1317 1306
3 1311 1317 1303
3 1193 1284 1189
3 1317 1311 1318
3 1284 1193 1298
3 1319 1320 1321
3 1321 1320 1289
3 1322 1019 1011
3 1323 1311 1324
3 992 1026 996
3 433 1208 69
3 69 1325 66
3 1326 1311 1323
3 69 1208 1325
3 1327 1319 890
3 1233 1305 1264
3 1328 1264 1305
3 1329 1327 1330
3 996 1026 1331
3 1327 1320 1319
3 1332 1331 1026
3 1305 1233 1293
3 1264 1279 1265
3 1333 1009 1019
3 1333 1026 1009
3 1328 1279 1264
3 112 66 1325
3 1333 1019 1334
3 903 902 900
3 1335 1328 1305
3 902 903 1321
3 1306 1335 1305
3 894 1321 903
3 1336 1279 1328
3 902 1321 1282
3 1282 1321 1289
3 1337 1328 1335
3 1332 1338 1331
3 1338 1332 1339
3 1319 1321 894
3 894 890 1319
3 1333 1340 1332
3 1333 1332 1026
3 1208 1341 1325
3 1342 1316 1304
3 1342 1304 1320
3 1343 1031 1036
3 1343 1036 1344
3 1345 1278 1280
3 1345 1346 1278
3 1347 1346 1345
3 1336 1280 1279
3 1336 1345 1280
3 1348 1316 1342
3 1349 1350 1343
3 1163 112 1325
3 1351 1348 1342
3 1342 1329 1351
3 1344 1349 1343
3 1336 1352 1345
3 1330 1351 1329
3 1352 1347 1345
3 1352 1336 1353
3 1329 1342 1320
3 1039 1344 1036
3 1354 1163 1325
3 1355 1335 1306
3 1320 1327 1329
3 1356 1357 1355
3 1039 995 996
3 1355 1306 1317
3 1318 1355 1317
3 1356 1355 1318
3 1358 1163 1359
3 1337 1335 1355
3 1360 1348 1351
3 1337 1336 1328
3 1357 1337 1355
3 1320 1304 1289
3 1357 1361 1337
3 1208 1218 1341
3 1255 1341 1218
3 1356 1326 1357
3 1362 1350 1349
3 1326 1318 1311
3 1326 1356 1318
3 1363 1326 1323
3 1364 1365 1366
3 1341 1354 1325
3 1341 1367 1354
3 1366 1368 1364
3 1369 1370 1362
3 1371 1361 1357
3 1362 1349 1369
3 1372 1368 1366
3 1367 1341 1255
3 1357 1363 1373
3 1373 1371 1357
3 1363 1357 1326
3 1374 1375 1315
3 1369 1349 1344
3 1375 1376 1377
3 1378 1376 1375
3 1379 1380 1367
3 1381 1382 1383
3 1384 1367 1380
3 1336 1337 1353
3 1361 1353 1337
3 1301 1385 1299
3 1301 1302 1386
3 1301 1386 1385
3 1387 1352 1353
3 1385 1386 1388
3 1387 1353 1382
3 1389 1385 1388
3 1371 1390 1361
3 1255 1254 1379
3 1361 1390 1353
3 1391 1379 1254
3 1392 1390 1371
3 1039 996 1331
3 1371 1373 1392
3 1302 1309 1377
3 1309 1302 1300
3 1039 1331 1393
3 1393 1344 1039
3 1390 1392 1382
3 1394 1382 1392
3 1379 1367 1255
3 1302 1377 1395
3 1386 1302 1395
3 1353 1390 1382
3 1315 1377 1309
3 1377 1315 1375
3 1379 1396 1380
3 1393 1331 1338
3 1395 1377 1376
3 1395 1397 1386
3 1252 1178 515
3 1359 1163 1354
3 1395 1398 1397
3 1393 1338 1399
3 1400 1388 1397
3 1376 1398 1395
3 1386 1397 1388
3 1369 1344 1401
3 1393 1401 1344
3 1402 1178 1252
3 1252 1261 1402
3 1403 1378 1404
3 1354 1367 1384
3 1398 1376 1403
3 1354 1384 1359
3 1403 1376 1378
3 1402 1182 1178
3 1405 1403 1406
3 1182 1402 1191
3 1191 1183 1182
3 1405 1407 1408
3 1409 1358 1359
3 1191 1402 1410
3 1411 1412 1369
3 1413 1388 1414
3 1252 1253 1261
3 1359 1415 1409
3 1411 1369 1401
3 1359 1384 1415
3 1397 1398 1400
3 1416 1402 1261
3 1416 1410 1402
3 1401 1393 1399
3 1400 1398 1408
3 1384 1380 1417
3 1403 1405 1398
3 1418 1416 1261
3 1398 1405 1408
3 1384 1417 1415
3 1414 1388 1400
3 1419 1400 1408
3 1420 1419 1408
3 1421 1401 1399
3 1188 1191 1195
3 1421 1399 1422
3 1191 1410 1423
3 1421 1411 1401
3 1407 1420 1408
3 1423 1195 1191
3 542 1414 1419
3 1400 1419 1414
3 1424 1195 1423
3 1195 1424 1194
3 542 1419 543
3 1412 1370 1369
3 1425 1410 1416
3 1426 1362 1370
3 1427 1374 1428
3 1425 1423 1410
3 1374 1310 1316
3 1374 1315 1310
3 1429 1426 1370
3 1430 1425 1416
3 1427 1375 1374
3 1316 1348 1428
3 1428 1374 1316
3 1254 1259 1391
3 1431 1425 1430
3 1425 1432 1423
3 1427 1428 1433
3 1423 1432 1424
3 1378 1375 1427
3 1259 1434 1391
3 1435 1432 1425
3 1436 1429 1370
3 1427 1433 1378
3 1281 1260 1269
3 1360 1428 1348
3 1418 1261 1260
3 1281 1418 1260
3 1437 1428 1360
3 1307 1285 1438
3 1298 1438 1285
3 1412 1436 1370
3 1439 1307 1438
3 1440 1437 1360
3 1441 1416 1418
3 1429 1442 1443
3 1430 1416 1441
3 1429 1436 1442
3 1437 1433 1428
3 1437 1364 1433
3 1441 1418 1281
3 1307 1444 1240
3 1445 1446 1441
3 1442 1436 1447
3 1307 1448 1444
3 1440 1365 1437
3 1365 1364 1437
3 1404 1433 1449
3 1443 1442 1450
3 1346 1281 1278
3 1281 1346 1445
3 1433 1364 1449
3 1445 1441 1281
3 1307 1439 1448
3 1451 1448 1439
3 1433 1404 1378
3 1406 1403 1404
3 1406 1404 1452
3 1346 1453 1445
3 1404 1449 1452
3 1454 1455 1453
3 1454 1456 1455
3 1444 1448 1457
3 1451 1457 1448
3 1436 1458 1447
3 1441 1446 1430
3 1406 1407 1405
3 1406 1452 1459
3 1460 1457 1461
3 1430 1446 1431
3 1298 1193 1199
3 1438 1298 1199
3 1455 1446 1445
3 1197 1199 1193
3 1455 1431 1446
3 1431 1435 1425
3 1368 1449 1364
3 1462 1432 1435
3 1439 1199 1198
3 1439 1198 1463
3 1456 1462 1435
3 1439 1438 1199
3 1464 1465 1466
3 1411 1467 1412
3 1453 1455 1445
3 1463 1451 1439
3 1455 1435 1431
3 1463 1198 1207
3 1456 1435 1455
3 1468 1466 1469
3 1194 1424 1470
3 1467 1411 1421
3 1471 1472 1466
3 1207 1198 1200
3 1470 1197 1194
3 1472 1464 1466
3 1201 1197 1470
3 1249 1240 1444
3 1470 1424 1473
3 1424 1432 1473
3 1468 1471 1466
3 1444 1259 1249
3 1473 1201 1470
3 1460 1259 1444
3 1468 1469 1474
3 1412 1467 1475
3 1474 1469 1476
3 1477 1201 1473
3 1478 1474 1476
3 1479 1202 1201
3 1477 1479 1201
3 1460 1444 1457
3 1476 536 1478
3 1480 1473 1432
3 1467 1481 1475
3 1478 554 1474
3 1462 1480 1432
3 535 1478 536
3 1478 535 554
3 1475 1436 1412
3 1482 1477 1473
3 1482 1473 1480
3 1483 1477 1482
3 1460 1434 1259
3 1484 1482 1480
3 1458 1436 1475
3 1485 1468 1474
3 1484 1486 1482
3 554 1485 1474
3 1487 1488 1479
3 1205 1202 1488
3 1451 1461 1457
3 1485 1471 1468
3 1488 1202 1479
3 561 1471 1485
3 1489 1488 1490
3 1205 1489 1206
3 1205 1488 1489
3 681 1489 1491
3 1490 1491 1489
3 919 1322 1011
3 1207 1492 1463
3 549 1485 554
3 1451 1463 1492
3 1492 1493 1451
3 1494 1493 1492
3 1488 1487 1490
3 1205 1207 1200
3 919 1256 1322
3 1483 1479 1477
3 1495 1483 1482
3 1487 1479 1483
3 1496 1487 1483
3 1206 1492 1207
3 1485 549 561
3 1495 1482 1486
3 1334 1019 1322
3 1497 1496 1495
3 1497 1498 1496
3 1483 1495 1496
3 1451 1493 1461
3 1322 1499 1334
3 1500 1327 890
3 1501 1502 1487
3 1498 1497 1503
3 1496 1498 1487
3 1500 890 961
3 1206 1494 1492
3 1503 1501 1498
3 1498 1501 1487
3 1322 1256 1499
3 1504 1505 1506
3 1500 1507 1327
3 681 1206 1489
3 681 1494 1206
3 1456 1506 1462
3 1327 1507 1330
3 681 683 1494
3 1494 683 1493
3 961 976 1500
3 1508 1506 1456
3 976 1509 1500
3 1508 1504 1506
3 1004 1509 976
3 1493 687 1461
3 1510 1334 1499
3 1469 1507 1509
3 1507 1500 1509
3 1505 1480 1462
3 1505 1484 1480
3 687 1493 683
3 1004 1469 1509
3 1506 1505 1462
3 1469 1466 1507
3 1505 1486 1484
3 1465 1351 1330
3 1511 1497 1486
3 1505 1511 1486
3 1497 1511 1512
3 1460 1461 1513
3 1465 1330 1507
3 1507 1466 1465
3 1514 1497 1512
3 1333 1334 1515
3 1513 1434 1460
3 1511 1504 1516
3 1517 1516 1504
3 1505 1504 1511
3 1351 1465 1464
3 1516 1512 1511
3 1360 1351 1464
3 1340 1339 1332
3 1518 1512 1516
3 1518 1514 1512
3 1519 1514 1518
3 1434 1513 1520
3 1333 1515 1340
3 1521 1340 1515
3 1519 1518 1522
3 1476 1004 1003
3 616 1476 1003
3 1461 728 1513
3 1486 1497 1495
3 1469 1004 1476
3 1510 1515 1334
3 1510 1523 1515
3 1503 1497 1514
3 1476 616 536
3 1524 1338 1339
3 1340 1524 1339
3 727 1513 728
3 1520 1513 727
3 1521 1525 1340
3 1464 1440 1360
3 1525 1524 1340
3 1526 1524 1525
3 1527 1528 1347
3 1440 1464 1529
3 1472 1529 1464
3 1387 1347 1352
3 1387 1527 1347
3 1515 1523 1521
3 728 1461 687
3 1440 1530 1365
3 1440 1529 1530
3 1391 1396 1379
3 1531 1365 1530
3 1530 1532 1531
3 1346 1347 1528
3 1346 1528 1453
3 1472 1533 1529
3 1521 1534 1525
3 1534 1526 1525
3 1535 1396 1391
3 1536 1454 1453
3 1537 1256 1262
3 1538 1532 1533
3 1536 1453 1528
3 1533 1532 1529
3 1532 1530 1529
3 1314 1537 1262
3 1539 1380 1396
3 1540 1366 1531
3 1539 1396 1535
3 1536 1541 1454
3 1499 1256 1537
3 1366 1365 1531
3 1510 1499 1537
3 1542 1536 1528
3 1434 1535 1391
3 1536 1542 1541
3 1366 1540 169
3 1527 1542 1528
3 1520 1535 1434
3 1543 1541 1542
3 163 1372 1366
3 1537 1544 1510
3 1545 1541 1543
3 169 163 1366
3 155 163 169
3 1546 1532 1538
3 1535 1547 1539
3 1531 1532 1540
3 1546 1540 1532
3 1547 1548 1539
3 1549 1527 1387
3 1540 1546 169
3 1550 1537 1314
3 1551 1314 1313
3 1381 1387 1382
3 1552 1387 1381
3 168 169 1546
3 1553 168 1546
3 1539 1417 1380
3 1550 1544 1537
3 1417 1539 1554
3 1550 1555 1544
3 1552 1381 1556
3 1549 1387 1552
3 1471 1533 1472
3 1557 1558 1549
3 1539 1548 1554
3 1559 1533 1471
3 561 1560 1471
3 1552 1557 1549
3 1559 1471 1560
3 1561 1559 1560
3 1415 1417 1554
3 1558 1542 1527
3 1523 1510 1544
3 1559 1538 1533
3 1562 1542 1558
3 1554 1563 1564
3 1558 1527 1549
3 1415 1554 1564
3 1561 1538 1559
3 1543 1542 1562
3 1565 1543 1562
3 1545 1543 1565
3 1566 1523 1544
3 1563 1554 1548
3 1566 1567 1523
3 1558 1557 1568
3 1567 1521 1523
3 1568 1562 1558
3 560 1560 561
3 1534 1521 1567
3 1548 1569 1563
3 1568 1570 1562
3 1570 1565 1562
3 672 1561 1560
3 672 1560 560
3 1571 1570 1568
3 1553 679 253
3 1508 1456 1454
3 1567 1572 1534
3 1573 1572 1567
3 1566 1544 1555
3 668 679 672
3 1574 1564 1563
3 1541 1508 1454
3 1575 1508 1541
3 1567 1566 1576
3 1504 1508 1577
3 1535 1520 1547
3 271 253 679
3 1508 1575 1577
3 1555 1576 1566
3 1547 811 1548
3 278 271 679
3 1546 1538 1553
3 1576 1573 1567
3 1538 1561 1553
3 1541 1545 1575
3 1578 1575 1545
3 1572 1579 1534
3 1577 1575 1578
3 1580 1579 1572
3 184 168 1553
3 1581 1574 1563
3 1569 1581 1563
3 1553 253 184
3 1577 1517 1504
3 1573 1580 1572
3 679 1553 1561
3 1576 1582 1573
3 1583 1574 1581
3 1561 672 679
3 1517 1577 1584
3 1517 1518 1516
3 1580 1573 1582
3 1584 1522 1518
3 1584 1518 1517
3 412 308 1273
3 1524 1399 1338
3 412 309 308
3 1524 1422 1399
3 853 1273 308
3 1422 1524 1526
3 1585 1577 1578
3 1585 1584 1577
3 1526 1586 1422
3 1587 1584 1585
3 793 1547 1520
3 413 412 1588
3 1274 1588 412
3 1294 1588 1274
3 1588 421 413
3 1547 793 811
3 1587 1589 1584
3 1588 1297 421
3 1588 1294 1297
3 1297 448 421
3 727 793 1520
3 448 445 421
3 1590 1526 1534
3 1297 1299 448
3 1421 1422 1586
3 1299 1591 448
3 1592 1578 1593
3 1591 449 448
3 727 782 793
3 1578 1545 1565
3 1421 1586 1594
3 1593 1565 1570
3 1565 1593 1578
3 1595 1593 1570
3 1299 1385 1591
3 1595 1570 1571
3 1467 1421 1481
3 1596 1591 1389
3 1481 1421 1594
3 1597 1592 1593
3 1591 1385 1389
3 794 811 793
3 1591 455 449
3 811 1569 1548
3 1592 1585 1578
3 1591 1596 455
3 1594 1586 1590
3 455 1596 551
3 1586 1526 1590
3 1585 1592 1598
3 1569 811 819
3 1598 1587 1585
3 1599 1587 1598
3 1590 1600 1594
3 1601 1600 1590
3 812 819 811
3 1602 1592 1597
3 819 1581 1569
3 1596 1603 551
3 1602 1598 1592
3 468 455 551
3 468 551 547
3 818 1581 819
3 1602 1604 1598
3 818 1583 1581
3 1372 165 1605
3 1388 1413 1389
3 1413 1596 1389
3 1413 1603 1596
3 960 942 959
3 542 1413 1414
3 956 1163 1358
3 959 956 1358
3 1413 542 1603
3 1606 1605 165
3 1481 1594 1600
3 1607 1605 1606
3 163 165 1372
3 163 149 165
3 1608 964 960
3 151 1606 165
3 1609 1481 1600
3 1610 1481 1609
3 1611 1607 1606
3 542 532 1603
3 1606 1612 1611
3 218 1606 151
3 1590 1534 1579
3 1603 532 531
3 1611 1612 1613
3 218 1612 1606
3 1601 1590 1579
3 1614 960 959
3 1615 1614 959
3 1612 218 366
3 366 218 228
3 1613 1612 366
3 551 1603 1616
3 1601 1579 1580
3 1420 1407 1617
3 1608 986 964
3 551 1616 552
3 960 1614 1608
3 1618 1580 1619
3 1419 1420 543
3 1616 1603 531
3 575 1616 531
3 575 1620 1616
3 552 1616 1620
3 552 1620 1621
3 1420 1617 1622
3 543 1420 1622
3 986 1608 988
3 1608 1623 988
3 1621 1620 593
3 577 1620 575
3 1620 577 593
3 1624 1608 1614
3 1623 1608 1624
3 543 1622 553
3 587 586 1625
3 1601 1580 1618
3 1625 586 590
3 1626 1601 1618
3 1600 1601 1626
3 988 1623 1085
3 1622 1627 553
3 1621 555 552
3 553 1627 562
3 581 555 1621
3 1628 581 1621
3 1626 1618 1629
3 581 1628 582
3 1368 1452 1449
3 1605 1630 1368
3 1452 1368 1630
3 1459 1452 1630
3 1358 1615 959
3 593 1628 1621
3 1442 1631 1450
3 1459 1407 1406
3 1617 1407 1632
3 1459 1632 1407
3 582 1628 699
3 1632 1459 1633
3 1634 1450 1631
3 700 1628 593
3 699 1628 700
3 1607 1633 1630
3 1605 1607 1630
3 699 704 1635
3 1633 1459 1630
3 1636 1633 1607
3 582 1635 590
3 1637 1632 1633
3 1636 1637 1633
3 582 699 1635
3 590 1635 1638
3 1638 1625 590
3 1638 1639 1625
3 1442 1447 1631
3 1623 1624 1640
3 1637 1641 1632
3 1372 1605 1368
3 1640 1642 1623
3 1611 1636 1607
3 1638 1643 1639
3 1447 1458 1644
3 1631 1447 1644
3 738 1638 1635
3 1640 1645 1642
3 704 738 1635
3 1636 1646 1637
3 1409 1615 1358
3 1647 1634 1631
3 1641 1622 1617
3 1617 1632 1641
3 1638 738 1643
3 1648 1614 1615
3 1649 1650 1641
3 1651 1634 1647
3 1652 1615 1409
3 1615 1652 1648
3 1643 738 1653
3 1641 1637 1649
3 1653 738 754
3 1654 1631 1644
3 1648 1624 1614
3 1654 1647 1631
3 1655 937 88
3 1656 1650 1649
3 937 1655 999
3 1611 1646 1636
3 1657 999 1655
3 1658 1655 294
3 88 294 1655
3 294 88 87
3 1646 1611 1613
3 1646 1649 1637
3 1415 1652 1409
3 1646 1613 1659
3 1646 1659 1649
3 1657 1655 1658
3 1660 1458 1475
3 1622 1641 1650
3 1644 1458 1660
3 1415 1564 1652
3 1661 1001 999
3 1650 1627 1622
3 1644 1660 1662
3 1663 999 1657
3 1652 1564 1664
3 1663 1661 999
3 1665 1001 1661
3 1627 1650 1666
3 1652 1667 1648
3 1666 1650 1656
3 1668 1475 1481
3 293 1658 294
3 1658 293 297
3 297 1663 1658
3 1668 1660 1475
3 1652 1664 1667
3 562 1627 1666
3 1663 1657 1658
3 1648 1640 1624
3 1669 1665 1661
3 1669 1661 1663
3 366 391 1613
3 1669 1663 1670
3 1648 1667 1640
3 372 391 366
3 1613 391 1659
3 1654 1644 1662
3 1670 1663 297
3 1654 1671 1647
3 1659 391 39
3 1665 1012 987
3 1665 987 1001
3 1671 1654 1662
3 391 376 39
3 1672 1012 1673
3 1012 1665 1673
3 1674 1656 1649
3 1656 1674 61
3 1662 1660 1668
3 1012 1014 1010
3 1640 1667 1675
3 1676 1662 1668
3 1672 1014 1012
3 1672 537 1014
3 1675 1645 1640
3 537 616 1014
3 1674 1649 1659
3 1674 1659 39
3 579 537 1672
3 1662 1677 1678
3 1673 1665 1669
3 1679 1675 1667
3 1674 39 61
3 1651 1647 1680
3 1680 1681 1651
3 579 1672 1673
3 1680 1647 1671
3 1682 1680 1683
3 1679 1684 1675
3 100 1656 61
3 1656 100 1666
3 1685 1680 1682
3 1686 1685 1682
3 562 1666 680
3 100 680 1666
3 1687 1089 1085
3 1670 297 299
3 1110 1089 1687
3 1682 1688 1686
3 1683 1688 1682
3 327 1670 299
3 94 100 61
3 1671 1662 1678
3 680 100 101
3 1689 1671 1678
3 1690 1110 1687
3 1683 1680 1671
3 1128 1110 1691
3 1691 1110 1690
3 1683 1671 1689
3 1692 1691 1690
3 1694 326 328
3 1623 1642 1085
3 1695 1673 1669
3 1696 1695 1669
3 1085 1642 1690
3 1085 1690 1687
3 1673 635 579
3 1642 1692 1690
3 580 579 635
3 1677 1697 1678
3 635 1673 1695
3 1689 1678 1697
3 1645 1692 1642
3 636 635 645
3 635 1695 1696
3 645 635 1696
3 1696 1698 645
3 1699 1683 1689
3 1700 1683 1699
3 1688 1683 1700
3 1692 1701 1691
3 647 645 1698
3 1702 647 1698
3 1701 1692 1703
3 1696 1669 1704
3 1705 1691 1701
3 1704 1669 1670
3 1701 1706 1705
3 1706 1707 1705
3 1704 1698 1696
3 1699 1689 1708
3 1670 327 1704
3 327 1709 1704
3 1128 1691 1705
3 1123 1128 1705
3 1704 1710 1698
3 1709 1710 1704
3 13 1710 1709
3 1693 1709 327
3 1140 1123 1705
3 1609 1711 1610
3 1668 1481 1610
3 1710 1702 1698
3 644 647 1702
3 27 644 1702
3 1668 1610 1676
3 392 1694 328
3 392 14 1694
3 1693 13 1709
3 15 13 1693
3 30 14 392
3 1702 1710 27
3 1712 1140 1705
3 27 1710 13
3 1707 1712 1705
3 12 27 13
3 1677 1662 1676
3 1703 1692 1645
3 1645 1675 1713
3 1713 1703 1645
3 1676 1610 1711
3 1701 1703 1714
3 1715 1676 1711
3 1714 1706 1701
3 1600 1626 1609
3 1714 1716 1706
3 1707 1706 1716
3 1711 1609 1717
3 1717 1609 1626
3 1703 1718 1714
3 1684 1718 1713
3 1703 1713 1718
3 1684 1713 1675
3 1626 1629 1719
3 1626 1719 1717
3 1720 1718 1721
3 1716 1714 1720
3 1718 1720 1714
3 1722 1723 1717
3 1717 1719 1722
3 1143 1140 1712
3 1724 1143 1712
3 1723 1711 1717
3 1723 1715 1711
3 1676 1715 1677
3 1724 1712 1725
3 1697 1677 1726
3 1697 1726 1727
3 1151 1143 1724
3 1724 1728 1151
3 1726 1677 1715
3 1726 1715 1729
3 1708 1689 1697
3 1708 1697 1727
3 1728 1724 1730
3 1731 1708 1727
3 1730 1724 1732
3 1727 1726 1733
3 1734 1716 1735
3 1729 1715 1723
3 1735 1736 1734
3 1729 1723 1737
3 1707 1716 1734
3 1707 1725 1712
3 1725 1707 1734
3 1737 1723 1722
3 1738 1725 1734
3 1739 1729 1737
3 1739 1737 1740
3 1725 1732 1724
3 1741 1726 1729
3 1725 1738 1732
3 1726 1741 1733
3 1741 1729 1739
3 1736 1742 1738
3 1738 1734 1736
3 1743 1153 1171
3 1158 1153 1743
3 1564 1744 1664
3 1158 1743 1203
3 1745 1667 1664
3 1746 1203 1743
3 1745 1664 1744
3 1564 1574 1744
3 1574 1747 1744
3 1187 1203 1213
3 1748 1213 1203
3 1213 1748 1749
3 1748 1203 1746
3 1750 1745 1744
3 1747 1750 1744
3 1746 1751 1748
3 1679 1667 1745
3 1745 1752 1679
3 232 240 1171
3 1171 240 1743
3 1753 1684 1679
3 1679 1752 1753
3 1754 1743 240
3 1755 1754 240
3 232 230 240
3 1750 1752 1745
3 240 239 1755
3 1756 1752 1750
3 1752 1757 1753
3 1746 1743 1754
3 1574 1583 1747
3 1758 1755 280
3 1755 239 280
3 1758 1754 1755
3 1752 1756 1757
3 1757 1759 1753
3 1750 1760 1756
3 1761 1760 1750
3 1761 1750 1747
3 1758 280 1762
3 1583 1761 1747
3 1763 1754 1758
3 938 1583 818
3 1762 1763 1758
3 1761 1583 938
3 1764 1754 1763
3 316 1762 280
3 947 1761 938
3 1756 1760 1765
3 1754 1764 1746
3 1746 1764 1751
3 969 1765 1760
3 1756 1765 1757
3 1766 1748 1751
3 1767 1748 1766
3 1759 1757 1765
3 1765 978 1759
3 1768 1751 1764
3 1751 1769 1766
3 1761 947 1760
3 1751 1768 1769
3 947 950 1760
3 950 969 1760
3 1766 1769 1770
3 978 1765 969
3 1213 1749 1271
3 1271 1749 1771
3 1029 978 977
3 1771 1275 1271
3 1684 1753 1721
3 1721 1718 1684
3 1721 1772 1720
3 1753 1773 1721
3 1721 1773 1772
3 1749 1767 1771
3 1735 1716 1720
3 1735 1720 1772
3 1774 1275 1771
3 1772 1775 1735
3 1776 1774 1771
3 1771 1767 1776
3 1774 1776 1777
3 1778 1292 1275
3 1775 1736 1735
3 1779 1736 1775
3 1780 1772 1773
3 1773 1781 1780
3 1759 1781 1753
3 1753 1781 1773
3 1292 1778 1313
3 1780 1781 1782
3 1783 1313 1778
3 1783 1551 1313
3 1775 1772 1780
3 1780 1784 1775
3 1774 1778 1275
3 1774 1777 1783
3 1783 1778 1774
3 1749 1748 1767
3 1779 1775 1785
3 1786 1776 1767
3 1742 1736 1779
3 1784 1780 1782
3 1759 978 1787
3 1759 1787 1781
3 1787 1782 1781
3 1787 1788 1782
3 1789 1782 1788
3 1790 1767 1766
3 978 1029 1787
3 1788 1787 1029
3 1789 1784 1782
3 1767 1790 1786
3 1791 1786 1790
3 1786 1777 1776
3 1766 1770 1790
3 1785 1775 1784
3 1789 1785 1784
3 1770 1791 1790
3 1786 1791 1792
3 1788 1793 1789
3 1031 1788 1029
3 1792 1777 1786
3 1793 1788 1031
3 1794 1783 1777
3 1031 1343 1793
3 1785 1789 1793
3 685 274 278
3 685 282 274
3 1795 1777 1792
3 1795 1794 1777
3 1792 1796 1795
3 1797 1763 1762
3 1764 1763 1798
3 1797 1798 1763
3 1799 1797 1762
3 1210 282 685
3 316 1799 1762
3 1215 1210 685
3 282 329 275
3 316 337 1799
3 1209 338 329
3 329 282 1209
3 1800 1799 337
3 282 1210 1209
3 1798 1797 1801
3 1798 1801 1802
3 1797 1799 1801
3 1768 1764 1798
3 1803 1768 1798
3 1768 1803 1769
3 1798 1802 1803
3 1214 1210 1215
3 1770 1769 1804
3 1803 1804 1769
3 1805 694 695
3 1802 1804 1803
3 694 1215 685
3 1802 1801 1806
3 1807 694 1805
3 1807 1215 694
3 1216 1215 1807
3 1805 695 735
3 1805 735 751
3 1801 1799 1800
3 1808 1807 1805
3 558 1800 337
3 1808 1805 751
3 1800 1809 1801
3 1801 1809 1806
3 1216 1807 1225
3 1225 1807 1808
3 1809 1810 1806
3 1800 1811 1809
3 558 1811 1800
3 1812 1809 1811
3 1209 470 338
3 480 472 470
3 1813 1804 1802
3 1804 1813 1814
3 1810 1802 1806
3 945 1808 751
3 1808 945 1815
3 945 1816 1815
3 1225 1808 1288
3 1815 1288 1808
3 1810 1809 1817
3 1288 1815 1286
3 1810 1817 1818
3 1802 1810 1813
3 945 952 1816
3 1819 1816 952
3 1816 1820 1286
3 1810 1818 1813
3 1813 1818 1821
3 1819 1820 1816
3 1815 1816 1286
3 1791 1770 1822
3 1291 1286 1820
3 1770 1804 1822
3 982 1819 952
3 991 1819 982
3 1823 1819 991
3 1822 1804 1814
3 1291 1820 1823
3 1823 1820 1819
3 1822 1814 1824
3 1791 1822 1824
3 1824 1825 1791
3 1826 1824 1814
3 1792 1791 1825
3 1825 1796 1792
3 1827 1796 1825
3 1828 991 1829
3 1830 1795 1796
3 1291 1823 1312
3 1831 1312 1823
3 1824 1827 1825
3 1826 1827 1824
3 1828 1823 991
3 1831 1823 1828
3 1832 1827 1826
3 1833 1796 1827
3 1832 1833 1827
3 1324 1311 1312
3 1834 1835 1833
3 1836 1826 1814
3 1813 1821 1814
3 1732 1837 1730
3 1814 1821 1836
3 1838 1730 1837
3 1839 1832 1826
3 1836 1839 1826
3 1738 1742 1840
3 1837 1732 1738
3 1832 1834 1833
3 1841 1834 1832
3 1841 1832 1839
3 1842 1837 1738
3 1834 1841 1843
3 1842 1738 1840
3 1844 1730 1838
3 1836 1845 1839
3 1838 1837 1842
3 1838 1842 1846
3 1847 1838 1846
3 1848 1811 558
3 1849 1811 1848
3 558 572 1848
3 1551 1550 1314
3 1850 1742 1779
3 1550 1851 1555
3 1851 1550 1551
3 1840 1742 1850
3 1551 1783 1852
3 1853 1842 1840
3 1851 1551 1852
3 1854 1853 1840
3 1853 1846 1842
3 1855 1555 1851
3 1846 1853 1856
3 1854 1840 1850
3 1854 1857 1853
3 1858 1855 1851
3 1858 1851 1859
3 1850 1779 1785
3 1855 1576 1555
3 1860 1576 1855
3 1850 1785 1350
3 1861 1850 1350
3 1582 1576 1860
3 1793 1350 1785
3 1582 1619 1580
3 1350 1793 1343
3 1862 1619 1582
3 1860 1855 1863
3 1855 1858 1863
3 1864 1858 1859
3 1863 1865 1860
3 1862 1582 1860
3 1865 1862 1860
3 1854 1850 1861
3 1619 1862 1866
3 1854 1861 1867
3 1866 1862 1868
3 1867 1857 1854
3 1783 1794 1852
3 1861 1350 1362
3 1362 1867 1861
3 1867 1362 1426
3 1852 1859 1851
3 1869 1846 1856
3 1870 1864 1859
3 1870 1859 1852
3 1870 1852 1794
3 1856 1853 1857
3 1830 1794 1795
3 1794 1830 1870
3 1856 1857 1871
3 1869 1856 1872
3 1873 1864 1870
3 1872 1856 1871
3 1872 1871 1874
3 1875 1873 1870
3 1858 1864 1863
3 1876 1874 1871
3 1864 1865 1863
3 1877 1857 1867
3 1878 1865 1864
3 1865 1878 1879
3 1877 1871 1857
3 1443 1871 1877
3 1873 1878 1864
3 1880 1878 1873
3 1426 1877 1867
3 1862 1865 1881
3 1862 1882 1868
3 1882 1862 1881
3 1881 1865 1879
3 1877 1426 1429
3 1868 1882 1883
3 1883 1882 1884
3 1882 1881 1884
3 1879 1878 1880
3 1443 1876 1871
3 1884 1881 1885
3 1443 1877 1429
3 1879 1885 1881
3 1885 1879 1886
3 1450 1876 1443
3 1618 1619 1866
3 1629 1618 1866
3 1866 1887 1629
3 1874 1876 1888
3 1889 1888 1876
3 1866 1868 1887
3 1450 1889 1876
3 1887 1868 1883
3 1889 1450 1634
3 1651 1889 1634
3 1890 1889 1651
3 1833 1830 1796
3 1833 1875 1830
3 1870 1830 1875
3 681 1491 682
3 1491 1891 1892
3 1491 1892 682
3 1490 1891 1491
3 1893 1894 1875
3 1835 1875 1833
3 1835 1893 1875
3 1046 682 1892
3 1895 1896 1891
3 1896 1892 1891
3 1046 1892 1055
3 1896 1055 1892
3 1897 1894 1893
3 1502 1490 1487
3 1490 1502 1891
3 1898 1880 1873
3 1894 1873 1875
3 1898 1899 1880
3 1502 1501 1900
3 1898 1873 1894
3 1502 1900 1901
3 1895 1891 1502
3 1899 1879 1880
3 1895 1502 1901
3 1899 1886 1879
3 1886 1899 1902
3 1903 1904 1901
3 1895 1901 1904
3 1905 1898 1894
3 1895 1906 1896
3 1905 1894 1897
3 1052 1055 1064
3 1899 1898 1905
3 1902 1899 1905
3 1064 1055 1907
3 1895 1904 1906
3 1908 1906 1904
3 1843 1835 1834
3 1906 1055 1896
3 1835 1843 1909
3 1906 1907 1055
3 1893 1835 1909
3 1906 1908 1910
3 1904 1911 1908
3 1912 1910 1908
3 1909 1897 1893
3 1910 1907 1906
3 1913 1909 1843
3 1914 1843 1841
3 1907 1910 1109
3 1913 1843 1914
3 1913 1915 1909
3 1514 1519 1916
3 1916 1900 1514
3 1915 1897 1909
3 1900 1916 1917
3 1918 1915 1913
3 1919 1917 1916
3 1917 1919 1920
3 1921 1915 1918
3 1897 1922 1905
3 1902 1905 1923
3 1922 1923 1905
3 1916 1519 1522
3 1522 1919 1916
3 1915 1922 1897
3 1921 1922 1915
3 1885 1924 1884
3 1522 1925 1919
3 1885 1926 1924
3 1900 1501 1503
3 1900 1503 1514
3 1629 1887 1927
3 1927 1719 1629
3 1917 1901 1900
3 1903 1901 1917
3 1903 1917 1920
3 1927 1887 1928
3 1929 1930 1920
3 1930 1929 1931
3 1919 1932 1920
3 1932 1929 1920
3 1925 1932 1919
3 1722 1719 1933
3 1933 1719 1927
3 1934 1933 1927
3 1929 1932 1935
3 1929 1935 1936
3 1931 1929 1936
3 1931 1936 1937
3 1938 1933 1934
3 1939 1933 1938
3 8 1936 1935
3 10 1936 8
3 1903 1920 1930
3 1930 1904 1903
3 1928 1934 1927
3 1904 1930 1911
3 1722 1933 1939
3 1928 1887 1883
3 1931 1940 1911
3 1940 1908 1911
3 1883 1884 1924
3 1911 1930 1931
3 1928 1883 1924
3 1912 1941 1910
3 1924 1942 1928
3 1924 1943 1942
3 1109 1064 1907
3 1111 1075 1109
3 1109 1910 1941
3 1943 1924 1926
3 1109 1941 1944
3 1944 1111 1109
3 1941 1945 1944
3 1946 1944 1945
3 1928 1942 1934
3 1944 1149 1111
3 1947 1934 1942
3 1936 10 1937
3 1948 1937 1949
3 1942 1950 1947
3 1943 1950 1942
3 1937 10 1949
3 9 1949 10
3 38 1951 1949
3 38 1949 9
3 1951 38 48
3 1737 1722 1939
3 1912 1908 1940
3 1939 1740 1737
3 1952 1939 1938
3 1740 1939 1952
3 1937 1940 1931
3 1948 1940 1937
3 1953 1945 1912
3 1941 1912 1945
3 1946 1945 1954
3 1912 1940 1953
3 1945 1953 1954
3 1940 1948 1953
3 1951 1953 1948
3 1948 1949 1951
3 1955 1739 1740
3 1955 1740 1952
3 95 1956 48
3 90 95 48
3 95 96 1957
3 1938 1934 1947
3 96 254 1957
3 1938 1947 1958
3 1956 1953 1951
3 1956 1954 1953
3 1946 1954 1959
3 1954 1956 1959
3 1944 1946 1149
3 1960 1149 1946
3 1959 1960 1946
3 1958 1947 1961
3 1960 1959 222
3 1952 1938 1958
3 1960 231 1149
3 231 1168 1149
3 1149 1168 1115
3 1960 222 231
3 1952 1958 1962
3 231 232 1168
3 48 1956 1951
3 1961 1963 1958
3 1956 248 1959
3 1957 248 1956
3 1957 1956 95
3 1926 1885 1886
3 1926 1886 1964
3 248 222 1959
3 1902 1964 1886
3 248 1957 254
3 1965 1964 1902
3 1589 1522 1584
3 1923 1922 1966
3 1965 1902 1923
3 1965 1923 1967
3 1925 1522 1589
3 1967 1968 1965
3 1969 1964 1965
3 1968 1969 1965
3 1599 1589 1587
3 1966 1922 1921
3 1970 1966 1921
3 1971 1972 1589
3 1966 1967 1923
3 1970 1967 1966
3 1925 1589 1972
3 1970 1968 1967
3 1932 1925 1935
3 1968 1970 1973
3 62 1925 1972
3 1968 1974 1969
3 1925 8 1935
3 1974 1968 1973
3 9 8 62
3 62 8 1925
3 1964 1975 1926
3 1943 1926 1975
3 1975 1964 1969
3 63 62 1976
3 1950 1943 1975
3 1976 62 1972
3 1604 1599 1598
3 1971 1589 1599
3 1604 1977 1599
3 1977 1971 1599
3 1971 1977 1978
3 1979 1977 1604
3 1974 1980 1969
3 1979 1981 1977
3 1961 1947 1950
3 1961 1950 1982
3 1978 1972 1971
3 1982 1950 1975
3 1972 1978 1976
3 1983 1961 1982
3 5 1976 1978
3 128 63 1976
3 1978 1977 1981
3 1982 1975 1984
3 1981 5 1978
3 3 5 1981
3 1985 3 1981
3 1963 1961 1983
3 5 128 1976
3 128 5 4
3 1983 1982 1984
3 1986 1983 1984
3 1969 1980 1975
3 1975 1980 1984
3 1980 1987 1984
3 1988 1987 1980
3 1986 1984 1987
3 1987 1988 1989
3 1987 1989 1990
3 621 619 612
3 662 1991 665
3 1992 661 650
3 656 665 660
3 708 730 688
3 690 708 688
3 701 708 690
3 1991 691 665
3 691 1991 696
3 1993 634 660
3 690 634 1993
3 660 692 1993
3 702 690 1993
3 692 702 1993
3 692 660 665
3 701 690 702
3 677 630 688
3 933 937 994
3 1994 1995 1996
3 20 19 1997
3 1998 1999 2000
3 2001 2002 1998
3 1998 2003 2001
3 2003 2004 2001
3 2003 1998 2000
3 2005 1996 1995
3 2000 2006 2007
3 2008 2009 2010
3 2011 81 91
3 2011 91 2012
3 2013 2014 2009
3 31 82 2011
3 2011 82 81
3 2013 2009 2008
3 2015 2000 2007
3 2000 2015 2003
3 1996 2005 2016
3 2007 2017 2015
3 91 20 1997
3 91 1997 2018
3 2006 2019 2020
3 2007 2006 2020
3 2008 2010 2021
3 2022 2023 2020
3 2024 2022 2025
3 2026 2027 2018
3 2008 2028 2013
3 2029 869 1099
3 2023 2022 2024
3 2030 2026 2018
3 2031 2026 2030
3 2012 91 2027
3 2018 2027 91
3 2032 2027 2033
3 2027 2026 2033
3 2034 2020 2023
3 2007 2020 2034
3 2007 2034 2017
3 292 2035 2036
3 2017 2037 2038
3 2037 2017 2034
3 31 2011 2039
3 2034 2023 2037
3 2037 2023 2040
3 2032 2011 2012
3 2032 2012 2027
3 2039 2011 2032
3 2041 2042 2043
3 2043 2042 2028
3 2043 2044 2041
3 2045 2046 2047
3 2039 2032 2048
3 2045 2047 2049
3 2050 2051 2052
3 2045 2053 2054
3 2048 2032 2055
3 2053 2045 2056
3 2057 2029 1099
3 2045 2049 2056
3 2052 2054 2053
3 2058 2029 2057
3 2053 2059 2052
3 2021 2010 2060
3 2061 2021 2060
3 2033 2026 2031
3 2008 2021 2062
3 2062 2021 2061
3 2056 2049 2063
3 2057 2064 2058
3 2065 2055 2066
3 2067 2060 2010
3 2055 2032 2033
3 2033 2031 2068
3 2069 2060 2070
3 1099 1106 2057
3 2068 2031 2071
3 2055 2033 2066
3 2066 2033 2068
3 2072 2073 2074
3 2072 2075 2073
3 2076 2066 2068
3 2061 2060 2069
3 1268 835 2073
3 1268 2073 2075
3 2061 2069 2077
3 1106 2078 2057
3 2076 2068 2079
3 2080 2076 2079
3 18 1997 19
3 161 2081 18
3 2081 1997 18
3 2069 2082 2083
3 2081 2084 1997
3 2085 2081 161
3 2081 2085 2086
3 2077 2069 2083
3 2084 2018 1997
3 2084 2087 2030
3 2083 2088 2077
3 2084 2081 2086
3 2075 2072 2089
3 2090 2089 2072
3 2028 2008 2062
3 2087 2084 2086
3 2091 2087 2086
3 161 162 2085
3 2028 2062 2043
3 2092 2085 162
3 2093 2064 2094
3 2095 2096 2050
3 2052 2095 2050
3 2052 2059 2095
3 162 177 2092
3 2092 2097 2085
3 2098 2097 2092
3 2062 2061 2099
3 2100 2095 2059
3 2086 2085 2097
3 2072 2101 2096
3 2090 2072 2096
3 2102 2094 2064
3 2096 2095 2090
3 2086 2097 2091
3 2099 2061 2077
3 2064 2057 2078
3 2090 2095 2100
3 2103 2091 2097
3 2043 2062 2099
3 2059 2053 2056
3 2099 2044 2043
3 2098 2103 2097
3 2104 2059 2056
3 2091 2105 2087
3 2105 2091 2106
3 2106 2091 2103
3 2103 2107 2106
3 2092 177 2108
3 2109 2099 2088
3 2099 2077 2088
3 2063 2104 2056
3 2104 2063 2110
3 177 194 2108
3 2064 2078 2102
3 2108 2098 2092
3 2104 2100 2059
3 2099 2109 2044
3 209 2108 194
3 2111 2108 209
3 2112 2104 2110
3 2100 2104 2112
3 2111 2098 2108
3 2113 2005 2094
3 2111 2114 2098
3 2115 2090 2100
3 2083 2082 2116
3 2117 2115 2100
3 2112 2117 2100
3 2115 2089 2090
3 2115 2118 2089
3 2094 2119 2113
3 2102 2119 2094
3 2114 2111 2120
3 2121 2110 2122
3 2123 2111 209
3 2116 2124 2083
3 2111 2123 2120
3 2112 2110 2121
3 2125 2120 2123
3 2098 2114 2103
3 2126 2107 2103
3 2126 2103 2114
3 2116 2127 2128
3 2122 2067 2121
3 2084 2030 2018
3 2030 2087 2129
3 2130 2117 2112
3 2128 2124 2116
3 2131 2117 2130
3 2078 1106 1146
3 2031 2030 2129
3 2131 2130 2009
3 2129 2087 2105
3 2124 2128 2132
3 2130 2112 2121
3 2105 2133 2129
3 2134 2133 2105
3 2010 2130 2121
3 2133 2031 2129
3 2071 2031 2133
3 2088 2135 2109
3 2135 2088 2136
3 2009 2130 2010
3 2071 2133 2137
3 2010 2121 2067
3 2137 2133 2134
3 2136 2088 2138
3 2139 2067 2122
3 2140 2078 1146
3 2106 2134 2105
3 2138 2083 2124
3 2088 2083 2138
3 2138 2124 2141
3 2106 2107 2134
3 2107 2142 2134
3 2143 2142 2107
3 2047 2144 2145
3 2145 2144 2146
3 2147 2137 2134
3 2102 2078 2140
3 2148 2102 2140
3 2142 2147 2134
3 2049 2047 2145
3 2143 2149 2142
3 2150 2142 2149
3 2141 2124 2151
3 2146 2152 2153
3 2068 2071 2079
3 2137 2079 2071
3 2079 2137 2154
3 2124 2132 2151
3 2148 2140 2155
3 2141 2136 2138
3 2145 2146 2153
3 2154 2137 2147
3 2147 2156 2154
3 2119 2102 2148
3 2063 2049 2145
3 2151 2157 2141
3 2145 2153 2158
3 1151 2140 1146
3 2063 2145 2158
3 2156 2147 2142
3 2156 2142 2150
3 2126 2143 2107
3 2036 368 292
3 2153 2152 2159
3 2036 2160 368
3 2114 2161 2126
3 2162 2126 2161
3 2163 2160 2036
3 2126 2162 2143
3 2164 2143 2162
3 2165 2153 2159
3 2166 2153 2165
3 1151 2167 2140
3 2143 2164 2149
3 367 368 380
3 2160 380 368
3 2165 2159 2168
3 2164 2169 2149
3 2162 2170 2164
3 2165 2171 2172
3 2159 2173 2168
3 2120 2174 2114
3 2175 380 2160
3 2161 2114 2174
3 2168 2002 2001
3 2168 2001 2171
3 2041 2163 2036
3 2165 2168 2171
3 2120 2125 2174
3 2041 2044 2163
3 2166 2158 2153
3 2161 2176 2162
3 2176 2161 2174
3 2177 2163 2044
3 2176 2170 2162
3 2122 2063 2158
3 2164 2170 2178
3 2158 2166 2179
3 2176 2180 2170
3 2122 2158 2179
3 2176 2181 2180
3 2172 2166 2165
3 2180 2182 2170
3 2183 2184 2185
3 2160 2163 2175
3 2175 2163 2186
3 2178 2169 2164
3 2187 2185 2188
3 2179 2166 2172
3 2178 2170 2182
3 2182 2189 2178
3 2190 2191 1996
3 2192 2154 2156
3 2177 2044 2109
3 2193 2172 2194
3 2079 2154 2195
3 2195 2154 2192
3 2122 2110 2063
3 2196 2195 2192
3 2191 2197 2187
3 2198 2196 2192
3 2190 2197 2191
3 2198 2156 2150
3 2135 2177 2109
3 2185 2187 2197
3 2199 2197 2200
3 2149 2201 2150
3 2179 2139 2122
3 2197 2199 2185
3 2198 2150 2201
3 2156 2198 2192
3 2186 2163 2177
3 2179 2172 2193
3 2139 2179 2193
3 2200 2197 2190
3 2202 2198 2201
3 2201 2149 2169
3 2169 2203 2201
3 2067 2139 2070
3 2185 2204 2183
3 2135 2186 2177
3 2203 2169 2178
3 2185 2199 2204
3 2070 2060 2067
3 2201 2205 2202
3 2205 2201 2203
3 2069 2070 2082
3 381 380 2175
3 2203 2178 2189
3 2206 2203 2189
3 2116 2082 2127
3 2175 2207 381
3 2208 2123 209
3 2207 2175 2186
3 2171 2001 2004
3 344 2208 209
3 2209 2210 2200
3 2211 2204 2199
3 2211 2199 2210
3 2212 2171 2004
3 2003 2015 2004
3 2210 2199 2200
3 2213 2004 2015
3 2015 2214 2213
3 2212 2172 2171
3 2208 2125 2123
3 2215 2125 2208
3 1996 2016 2216
3 351 2208 344
3 2190 1996 2209
3 2194 2172 2212
3 351 2217 2208
3 2209 1996 2216
3 2200 2190 2209
3 2194 2212 2218
3 2212 2004 2213
3 2218 2212 2213
3 2208 2217 2215
3 2219 2135 2220
3 2016 2005 2221
3 2125 2222 2174
3 2017 2038 2015
3 2223 2216 2016
3 2224 2216 2223
3 2214 2015 2038
3 2181 2174 2222
3 2174 2181 2176
3 2225 2037 2040
3 2223 2016 2221
3 2207 2226 381
3 2209 2224 2210
3 2209 2216 2224
3 2227 2037 2225
3 2037 2227 2038
3 2214 2038 2227
3 2226 2207 2228
3 2180 2181 2229
3 2135 2219 2186
3 2222 2125 2215
3 2219 2207 2186
3 2230 2210 2224
3 2211 2210 2230
3 2215 2231 2222
3 2218 2213 2214
3 2232 2181 2222
3 2218 2214 2233
3 2234 2214 2227
3 2233 2214 2234
3 2220 2135 2235
3 2232 2222 2231
3 2236 2233 2234
3 2228 2207 2219
3 2237 2233 2236
3 2232 2229 2181
3 2236 2234 2238
3 2228 2219 2239
3 2189 2182 2240
3 2241 2189 2240
3 2242 2180 2229
3 2180 2240 2182
3 2240 2180 2242
3 2224 2243 2230
3 2242 2244 2240
3 2224 2245 2243
3 2241 2240 2244
3 2220 2239 2219
3 2246 2193 2194
3 2239 2220 2247
3 2245 2224 2223
3 2245 2223 2248
3 2193 2246 2139
3 2249 2232 2250
3 2229 2232 2249
3 2242 2229 2249
3 2239 2251 2228
3 2252 2242 2249
3 2253 2254 2255
3 2251 2239 2247
3 2244 2242 2252
3 2256 2194 2218
3 2257 2244 2252
3 351 401 2217
3 2246 2194 2256
3 2253 2255 2258
3 2070 2139 2246
3 2246 2082 2070
3 2082 2246 2256
3 2135 2136 2235
3 2259 2253 2211
3 2254 2253 2259
3 2260 2215 2217
3 2256 2218 2233
3 2260 2261 2215
3 2253 2204 2211
3 2262 401 402
3 2263 2256 2233
3 2235 2136 2141
3 2237 2263 2233
3 2262 2217 401
3 2255 2254 2264
3 491 2262 402
3 2236 2265 2237
3 2260 2217 2262
3 2266 2263 2237
3 2260 2262 2267
3 2264 2254 2268
3 2266 2237 2265
3 2269 2264 2268
3 2082 2256 2263
3 2267 2262 491
3 2270 2260 2267
3 2260 2270 2271
3 2254 2272 2268
3 2082 2263 2127
3 2273 2235 2141
3 2261 2231 2215
3 2127 2263 2266
3 2247 2220 2235
3 2232 2231 2250
3 2231 2261 2250
3 2247 2235 2273
3 2261 2260 2271
3 2259 2274 2254
3 2275 2127 2266
3 2128 2127 2275
3 2261 2276 2250
3 2271 2276 2261
3 2128 2275 2277
3 2272 2254 2274
3 2250 2276 2278
3 2276 2279 2278
3 2280 2281 2282
3 2278 2249 2250
3 2280 2283 2279
3 2284 2283 2285
3 2282 2283 2280
3 381 2226 388
3 2278 2286 2249
3 2252 2249 2286
3 2230 2259 2211
3 2226 514 388
3 2257 2252 2286
3 2286 2278 2279
3 2285 2283 2287
3 2282 2287 2283
3 2243 2288 2230
3 2271 2289 2276
3 2282 2281 2290
3 2289 2279 2276
3 2288 2259 2230
3 514 2226 2251
3 2291 2289 2271
3 2270 2291 2271
3 2228 2251 2226
3 2245 2292 2243
3 2281 2293 2290
3 514 2251 519
3 2287 2282 2290
3 2025 2285 2294
3 2292 2288 2243
3 2206 2189 2241
3 2292 2295 2288
3 2294 2285 2287
3 2296 2287 2290
3 2274 2259 2297
3 2296 2294 2287
3 495 491 411
3 2259 2288 2297
3 2296 2290 2298
3 2298 2290 2299
3 2300 2267 491
3 2247 2301 2251
3 2300 491 495
3 2296 2302 2294
3 2302 2296 2303
3 2300 2270 2267
3 2304 2305 2306
3 2304 2306 2307
3 2132 2128 2277
3 2308 2307 2306
3 2309 2270 2300
3 2297 2288 2310
3 2310 2288 2295
3 2309 2291 2270
3 2277 2311 2132
3 2312 2307 2308
3 2313 2311 2277
3 2312 2314 2307
3 2304 2307 2314
3 2315 2297 2316
3 2274 2297 2315
3 2293 2281 2305
3 2317 2300 495
3 2317 495 525
3 2318 2317 525
3 2316 2297 2310
3 2305 2304 2293
3 2316 2310 2319
3 2300 2317 2309
3 2320 2299 2293
3 2290 2293 2299
3 2317 2321 2309
3 2311 2151 2132
3 2305 2309 2321
3 2151 2311 2322
3 2293 2304 2320
3 2322 2311 2323
3 2113 2119 2324
3 2157 2151 2322
3 2324 2119 2325
3 2304 2314 2320
3 2289 2291 2280
3 2289 2280 2279
3 2291 2326 2280
3 2324 2325 2327
3 2298 2303 2296
3 2325 2119 2328
3 2280 2326 2281
3 2311 2313 2329
3 2323 2311 2329
3 2309 2326 2291
3 2326 2309 2305
3 2281 2326 2305
3 2298 2299 2330
3 2331 2322 2323
3 2299 2320 2332
3 2333 2331 2323
3 539 2318 525
3 2334 2330 2299
3 2327 2325 2335
3 2335 2325 2336
3 2317 2318 2321
3 2335 2337 2327
3 2329 2313 2338
3 2005 2113 2221
3 2302 2024 2294
3 2324 2221 2113
3 2321 2318 2306
3 2308 2306 2318
3 2321 2306 2305
3 2221 2324 2223
3 525 526 539
3 2329 2339 2323
3 2339 2329 2338
3 2308 2318 539
3 2340 2303 2298
3 2302 2303 2341
3 2323 2342 2333
3 2223 2324 2327
3 2340 2341 2303
3 2339 2342 2323
3 2340 2298 2330
3 2248 2223 2327
3 2343 2308 539
3 587 2343 539
3 2338 2344 2339
3 2312 2308 2343
3 2339 2344 2345
3 2340 2330 2346
3 2327 2337 2248
3 2347 2340 2348
3 646 31 2039
3 2345 2342 2339
3 2348 2340 2346
3 646 2039 2349
3 2350 2342 2345
3 2351 2342 2350
3 651 646 2349
3 2352 2348 2353
3 2328 2119 2148
3 2024 2025 2294
3 2354 2349 2355
3 2349 2039 2355
3 2354 2355 2356
3 2328 2148 2155
3 650 651 2357
3 2357 651 2349
3 2357 2349 2358
3 2358 2349 2354
3 2157 2273 2141
3 2359 650 2357
3 2359 2357 2358
3 2155 2140 2167
3 2024 2302 2360
3 2361 2023 2024
3 2157 2362 2273
3 2040 2023 2361
3 2354 2356 2363
3 2040 2361 2364
3 2358 2354 2365
3 2366 2328 2155
3 2356 2367 2363
3 2361 2024 2360
3 2336 2325 2328
3 2365 2354 2363
3 2341 2360 2302
3 2336 2328 2366
3 2365 2363 2368
3 2362 2157 2331
3 2369 2361 2360
3 2362 2331 2370
3 2355 2039 2048
3 2370 2371 2362
3 2341 2340 2347
3 2347 2360 2341
3 2336 2366 2372
3 2335 2336 2372
3 2356 2355 2048
3 2157 2322 2331
3 2373 2372 2366
3 2055 2065 2048
3 2374 2048 2065
3 2331 2333 2370
3 2366 2155 2375
3 2065 2376 2374
3 2065 2066 2376
3 587 2377 2343
3 2356 2048 2374
3 2377 2378 2343
3 2374 2376 2379
3 2373 2366 2375
3 2380 2314 2312
3 2362 2381 2273
3 2380 2312 2343
3 2380 2343 2378
3 2247 2273 2381
3 2379 2376 2382
3 2382 2376 2383
3 2314 2332 2320
3 2076 2376 2066
3 2384 2314 2380
3 2371 2381 2362
3 2385 2314 2384
3 2332 2314 2385
3 2386 2337 2335
3 2076 2383 2376
3 1625 2377 587
3 2377 1625 1639
3 2383 2076 2080
3 2387 2383 2080
3 2388 2377 1639
3 2388 2378 2377
3 2292 2245 2248
3 2383 2389 2382
3 2390 2378 2388
3 2391 2381 2371
3 2295 2292 2248
3 2367 2356 2374
3 2367 2374 2379
3 2384 2380 2378
3 2378 2390 2384
3 2295 2248 2392
3 2368 2363 2367
3 2393 2368 2367
3 2385 2390 2394
3 2310 2295 2392
3 2385 2384 2390
3 2370 2333 2395
3 2382 2367 2379
3 2392 2248 2337
3 2396 2367 2382
3 2389 2396 2382
3 2393 2367 2396
3 2393 2397 2400
3 2394 2401 2385
3 2397 2396 2403
3 2397 2393 2396
3 2404 2392 2337
3 2332 2334 2299
3 2396 2389 2403
3 2395 2333 2342
3 2337 2386 2404
3 697 696 2406
3 693 697 711
3 2406 2408 697
3 2405 2359 2409
3 2359 2358 2410
3 711 697 2411
3 2407 2405 2409
3 2411 697 2408
3 2319 2310 2392
3 2409 2359 2410
3 2410 2358 2365
3 2412 2410 2365
3 2413 2334 2401
3 2334 2332 2385
3 2334 2385 2401
3 2407 2409 2410
3 2407 2410 2412
3 2319 2392 2404
3 2395 2342 2351
3 2319 2404 2414
3 2365 2416 2412
3 2418 2412 2416
3 2419 2388 1639
3 2388 2419 2420
3 2411 2421 711
3 2371 2370 2422
3 2419 1639 1643
3 2408 2423 2411
3 2370 2395 2422
3 711 2421 717
3 2420 2419 2424
3 2421 2411 2423
3 2421 2423 2425
3 2421 2425 717
3 2394 2390 2420
3 2390 2388 2420
3 2426 2335 2372
3 1643 1653 2419
3 2423 2408 2427
3 2428 2407 2412
3 2424 2419 1653
3 2425 2423 2427
3 2335 2426 2386
3 2428 2412 2418
3 2429 2371 2422
3 2425 2427 2430
3 2417 2430 2427
3 2430 2417 2431
3 2432 717 2425
3 2394 2420 2433
3 2425 2430 2432
3 2372 2373 2426
3 2401 2394 2434
3 2435 2401 2434
3 2433 2434 2394
3 2437 2365 2368
3 2365 2437 2416
3 2351 2438 2395
3 2439 2373 2440
3 2426 2373 2439
3 2422 2441 2429
3 2417 2415 2431
3 2433 2420 2424
3 2431 2415 2436
3 2433 2424 2442
3 2431 2436 2443
3 2444 2424 1653
3 2445 2430 2431
3 2444 2442 2424
3 2395 2438 2422
3 2404 2386 2446
3 2445 2431 2447
3 2432 2430 2445
3 2448 2313 2277
3 2449 2432 2445
3 2449 2445 2450
3 2442 2434 2433
3 2437 2368 2393
3 2414 2404 2446
3 2393 2400 2437
3 2443 2436 2399
3 2446 2451 2414
3 2452 2446 2386
3 2398 2453 2399
3 2451 2446 2452
3 2334 2413 2330
3 2398 2454 2453
3 2454 2398 2455
3 2443 2399 2456
3 2457 2338 2313
3 2426 2452 2386
3 2456 2399 2453
3 2453 2454 2458
3 2426 2439 2459
3 2452 2426 2459
3 2453 2458 2456
3 2330 2460 2346
3 2460 2330 2413
3 2431 2443 2447
3 2460 2413 2461
3 2462 2338 2457
3 2445 2447 2450
3 2447 2443 2456
3 2435 2461 2401
3 2413 2401 2461
3 2447 2456 2463
3 2463 2456 2458
3 2464 2463 2458
3 2450 2447 2465
3 2463 2465 2447
3 2466 2338 2462
3 2466 2344 2338
3 2467 2465 2463
3 2464 2458 2468
3 2469 2466 2470
3 2344 2466 2469
3 2467 2463 2464
3 2348 2346 2353
3 2471 2472 2473
3 2387 2080 2474
3 2469 2345 2344
3 2353 2346 2475
3 2476 2460 2461
3 2389 2383 2387
3 2475 2346 2460
3 2475 2460 2476
3 2403 2389 2477
3 2473 2479 2471
3 2477 2389 2387
3 2477 2387 2474
3 2477 2474 2480
3 2478 2480 2481
3 2398 2402 2455
3 2475 2476 2482
3 2483 2484 2473
3 2481 2402 2478
3 2485 2486 2487
3 2488 2487 2486
3 2484 2489 2473
3 2490 2455 2481
3 2481 2455 2402
3 2486 2485 2491
3 2492 2455 2490
3 2454 2455 2492
3 2435 2434 2493
3 2442 2493 2434
3 2488 2345 2469
3 2479 2473 2489
3 2345 2488 2350
3 2494 2490 2481
3 2488 2469 2487
3 2468 2454 2492
3 2454 2468 2458
3 2435 2493 2495
3 2492 2490 2496
3 2464 2468 2497
3 2268 2472 2269
3 2492 2497 2468
3 2497 2492 2144
3 2486 2498 2488
3 2499 2461 2435
3 2464 2497 2500
3 2497 2144 2500
3 2350 2488 2498
3 2476 2461 2499
3 2432 788 717
3 717 788 756
3 2268 2272 2473
3 2268 2473 2472
3 2476 2499 2501
3 2473 2272 2483
3 2502 2499 2435
3 2503 2504 2505
3 2484 2483 2506
3 2184 2491 2507
3 2508 2432 2449
3 2502 2509 2499
3 2184 2507 2510
3 788 2432 2508
3 2184 2510 2188
3 2511 2484 2506
3 2508 2449 2512
3 2225 2040 2364
3 2188 2185 2184
3 2491 2184 2183
3 2491 2183 2513
3 2484 2514 2489
3 2234 2227 2225
3 2225 2238 2234
3 2514 2484 2511
3 2225 2515 2238
3 2491 2513 2486
3 2503 2511 2506
3 814 792 787
3 2503 2506 2504
3 814 787 788
3 2364 2361 2369
3 814 788 2516
3 2225 2364 2515
3 2516 788 2508
3 2515 2364 2369
3 2511 2503 2517
3 2515 2369 2518
3 2519 2515 2518
3 2486 2513 2498
3 2516 2508 2512
3 2520 2238 2515
3 2516 2512 2521
3 2511 2522 2514
3 2516 2523 814
3 2522 2511 2517
3 2523 2516 2521
3 2520 2515 2519
3 2483 2272 2274
3 2483 2274 2315
3 2523 2521 2101
3 2183 2524 2513
3 2525 2498 2513
3 2526 2520 2519
3 2525 2513 2524
3 2520 2526 2527
3 2369 2360 2347
3 2524 2183 2204
3 2449 2450 2528
3 2347 2529 2518
3 2512 2449 2528
3 2315 2506 2483
3 2369 2347 2518
3 2504 2315 2316
3 2518 2529 2530
3 2512 2528 2531
3 2348 2529 2347
3 2531 2528 2532
3 2504 2316 2505
3 2529 2348 2352
3 2528 2450 2465
3 2315 2504 2506
3 2528 2465 2532
3 2532 2465 2467
3 2530 2529 2533
3 2531 2532 2054
3 2352 2533 2529
3 2351 2350 2534
3 2464 2500 2467
3 2535 2351 2534
3 2519 2518 2530
3 2530 2536 2519
3 2046 2500 2047
3 2054 2532 2467
3 2534 2350 2498
3 2537 2471 2479
3 2054 2467 2046
3 2046 2467 2500
3 2498 2538 2534
3 2531 2521 2512
3 2539 2530 2533
3 2539 2536 2530
3 2534 2538 2535
3 2236 2238 2540
3 2520 2540 2238
3 2521 2531 2050
3 2101 2521 2050
3 2531 2051 2050
3 2236 2540 2265
3 2540 2541 2265
3 2542 2351 2535
3 2540 2520 2527
3 2543 2544 2479
3 2051 2531 2054
3 2527 2541 2540
3 2045 2054 2046
3 2051 2054 2052
3 2542 2438 2351
3 2266 2265 2275
3 2545 813 814
3 2448 2275 2541
3 2275 2265 2541
3 814 2523 2545
3 2277 2275 2448
3 2542 2535 2546
3 822 813 2545
3 2544 2537 2479
3 2074 822 2545
3 2527 2457 2541
3 2073 822 2074
3 2448 2541 2457
3 2457 2313 2448
3 2523 2074 2545
3 2544 2547 1173
3 2526 2519 2536
3 2536 2548 2526
3 2549 2542 2546
3 2527 2526 2548
3 2523 2101 2074
3 2074 2101 2072
3 2548 2550 2527
3 822 835 820
3 835 822 2073
3 2551 2536 2539
3 2551 2539 2552
3 2548 2536 2551
3 2552 2539 2553
3 2551 2552 2553
3 2050 2096 2101
3 2548 2551 2550
3 2554 2551 2555
3 2047 2500 2144
3 2543 2556 2544
3 2080 2079 2195
3 2080 2195 2474
3 2457 2527 2550
3 2550 2462 2457
3 2474 2195 2557
3 2538 2498 2525
3 2556 2547 2544
3 2195 2196 2557
3 2538 2525 2558
3 2556 2543 2559
3 2480 2557 2196
3 2474 2557 2480
3 2258 2525 2524
3 2196 2560 2480
3 2489 2559 2543
3 2550 2551 2554
3 2204 2253 2524
3 2470 2462 2550
3 2196 2198 2202
3 2258 2524 2253
3 2470 2466 2462
3 2560 2196 2202
3 2558 2525 2258
3 2470 2550 2554
3 2205 2561 2202
3 2562 2560 2202
3 2352 2353 2563
3 2561 2562 2202
3 2543 2479 2489
3 2564 2352 2563
3 2535 2538 2546
3 2538 2558 2546
3 2489 2514 2565
3 2560 2566 2480
3 2565 2559 2489
3 2563 2353 2475
3 2566 2494 2480
3 2494 2481 2480
3 2563 2475 2482
3 2558 2567 2546
3 2546 2567 2549
3 2565 2514 2522
3 2562 2568 2560
3 2560 2568 2566
3 2567 2558 2269
3 2566 2568 2494
3 2564 2563 2569
3 2570 2564 2569
3 2494 2568 2571
3 2562 2572 2568
3 2572 2573 2568
3 2569 2563 2482
3 2258 2264 2558
3 2574 2565 2522
3 2205 2575 2561
3 2264 2258 2255
3 2264 2269 2558
3 2576 2205 2203
3 2501 2482 2476
3 2575 2205 2576
3 2576 2203 2206
3 2577 2482 2501
3 2578 2576 2206
3 2499 2509 2501
3 2576 2578 2575
3 2469 2470 2487
3 2579 2575 2578
3 2580 2562 2561
3 2509 2502 2581
3 2580 2561 2575
3 2509 2577 2501
3 2582 2580 2575
3 2583 2509 2581
3 2572 2580 2584
3 2572 2562 2580
3 2584 2580 2582
3 2559 2565 2574
3 2569 2482 2577
3 2579 2582 2575
3 2585 2582 2579
3 2251 2586 519
3 2583 2577 2509
3 2494 2496 2490
3 2559 2574 2587
3 2588 2496 2494
3 2586 2301 2589
3 2589 2590 2586
3 2591 2496 2588
3 2592 2569 2577
3 2588 2494 2571
3 2593 2577 2583
3 2594 2595 2505
3 2596 2588 2571
3 2594 2319 2414
3 2591 2588 2596
3 2570 2569 2597
3 2589 2301 2381
3 2598 2570 2597
3 2571 2568 2573
3 2247 2381 2301
3 2414 2599 2594
3 2301 2586 2251
3 2144 2492 2496
3 2144 2496 2600
3 2600 2496 2591
3 2569 2592 2597
3 2600 2591 2601
3 2602 2590 2589
3 2603 2597 2592
3 2507 2597 2603
3 2593 2592 2577
3 2603 2593 2604
3 2505 2595 2503
3 2603 2592 2593
3 2144 2600 2146
3 2595 2517 2503
3 2601 2591 2596
3 2596 2571 2605
3 2601 2596 2605
3 2600 2601 2152
3 2589 2381 2391
3 2146 2600 2152
3 2152 2601 2605
3 2597 2507 2606
3 2602 2589 2391
3 2573 2572 2584
3 2485 2606 2507
3 2491 2485 2507
3 2391 2607 2602
3 2608 2595 2599
3 2595 2594 2599
3 2599 2609 2608
3 2507 2603 2610
3 2507 2610 2510
3 1086 518 519
3 2611 2573 2584
3 2571 2573 2611
3 2586 1086 519
3 2603 2604 2610
3 2188 2510 2610
3 1086 2586 2612
3 2517 2595 2613
3 2614 2188 2610
3 2584 2582 2615
3 2615 2582 2585
3 2595 2608 2613
3 2616 2584 2615
3 2612 2586 2590
3 2611 2584 2616
3 2505 2316 2319
3 2564 2533 2352
3 2615 1999 1998
3 2319 2594 2505
3 2159 2152 2173
3 2617 2533 2564
3 2553 2539 2533
3 2553 2533 2617
3 2605 2571 2611
3 2173 2605 2611
3 2612 1088 1086
3 2617 2564 2570
3 2152 2605 2173
3 2173 2611 2002
3 2590 2602 2618
3 2551 2553 2555
3 2555 2553 2617
3 2002 2611 2616
3 2616 2615 1998
3 2612 2590 2618
3 2002 2616 1998
3 2451 2599 2414
3 2168 2173 2002
3 2555 2617 2570
3 2598 2555 2570
3 2286 2619 2257
3 2619 2286 2284
3 2618 1088 2612
3 2620 2554 2555
3 2620 2555 2598
3 2451 2452 2621
3 2470 2554 2487
3 2487 2554 2620
3 2284 2286 2279
3 2284 2279 2283
3 2429 2391 2371
3 2597 2606 2598
3 2609 2599 2451
3 2607 2391 2429
3 2619 2284 2285
3 2621 2609 2451
3 2620 2485 2487
3 2485 2620 2598
3 2025 2619 2285
3 2606 2485 2598
3 2609 2621 2622
3 2241 2623 2206
3 1268 2624 202
3 2241 2244 2623
3 219 202 2624
3 2578 2206 2623
3 2075 2624 1268
3 2625 2626 2578
3 2623 2625 2578
3 2608 2609 2627
3 2628 2607 2429
3 2075 2629 2624
3 2624 244 219
3 2624 2629 244
3 2257 2623 2244
3 244 2629 2630
3 2089 2629 2075
3 2631 2623 2257
3 2628 2429 2632
3 2089 2118 2629
3 2632 2429 2441
3 2626 2579 2578
3 2585 2579 2626
3 2609 2622 2633
3 2629 2634 2630
3 2626 1999 2585
3 2635 2627 2609
3 2636 2626 2625
3 2618 1132 1088
3 1132 2618 2637
3 2638 2618 2602
3 2631 2625 2623
3 2637 2618 2638
3 2636 2625 2019
3 2019 2625 2631
3 2634 2629 2118
3 2522 2517 2639
3 2634 2118 2014
3 2639 2517 2613
3 2602 2607 2638
3 2634 2014 2640
3 2013 2640 2014
3 2639 2574 2522
3 2628 2638 2607
3 2019 2631 2641
3 2619 2631 2257
3 2641 2631 2619
3 2641 2619 2025
3 245 244 2630
3 2642 2630 2634
3 245 2630 2642
3 2637 2638 2643
3 2020 2019 2641
3 2020 2641 2022
3 2634 2640 2642
3 2643 2632 2644
3 2613 2645 2639
3 2628 2632 2643
3 2022 2641 2025
3 292 246 2035
3 245 2035 246
3 2035 245 2642
3 2613 2646 2645
3 2636 1999 2626
3 2035 2647 2036
3 2441 2648 2632
3 2615 2585 1999
3 2643 2638 2628
3 2035 2642 2647
3 2647 2642 2640
3 2639 2649 2574
3 2042 2647 2640
3 2028 2042 2640
3 2028 2640 2013
3 2650 2574 2649
3 2042 2041 2647
3 2422 2438 2441
3 2036 2647 2041
3 1999 2636 2006
3 2006 2636 2019
3 2000 1999 2006
3 2115 2117 2131
3 2131 2014 2115
3 2014 2118 2115
3 2649 2639 2645
3 2014 2131 2009
3 2637 1133 1132
3 2651 2645 2646
3 2649 2645 2651
3 2651 2652 2649
3 1142 1133 2637
3 2643 1142 2637
3 1142 2643 2644
3 2613 2608 2627
3 2646 2613 2627
3 2627 2635 2653
3 2648 2441 2654
3 2646 2627 2653
3 2648 2654 2655
3 2635 2609 2633
3 2644 2632 2648
3 2656 2651 2646
3 2657 2656 2646
3 2648 2655 2658
3 2657 2646 2653
3 2441 2438 2654
3 2542 2654 2438
3 1728 2167 1151
3 2659 2167 1728
3 2375 2155 2167
3 2549 2655 2654
3 2542 2549 2654
3 2375 2167 2659
3 2567 2655 2549
3 2659 1728 1730
3 2659 1730 1844
3 2655 2660 2658
3 2661 2660 2655
3 2375 2659 2662
3 2440 2375 2662
3 2373 2375 2440
3 2662 2659 1844
3 2472 2471 2661
3 2660 2661 2471
3 2663 2662 1844
3 2661 2567 2269
3 1838 1847 1844
3 2663 1844 1847
3 2567 2661 2655
3 2472 2661 2269
3 2459 2439 2664
3 2664 2439 2440
3 2662 2663 2665
3 1150 1142 2644
3 2440 2662 2665
3 2644 2648 2658
3 2440 2665 2664
3 2459 2664 2666
3 2667 1150 2644
3 2666 2664 2668
3 2667 2644 2658
3 2621 2452 2459
3 1170 2667 2658
3 2667 1162 1150
3 2669 2670 2671
3 2671 2664 2665
3 1162 2667 1170
3 2668 2664 2671
3 2670 2668 2671
3 2672 2663 1847
3 1170 2658 2673
3 2537 1170 2673
3 2672 2665 2663
3 2669 2665 2672
3 2673 2658 2660
3 2660 2537 2673
3 1846 2672 1847
3 2660 2471 2537
3 2672 1846 1869
3 2674 2669 2672
3 2671 2665 2669
3 2537 1173 1170
3 1173 1169 1170
3 2674 2675 2669
3 2674 2672 1869
3 1173 2537 2544
3 1869 2676 2674
3 2674 2676 2675
3 2444 1653 754
3 2442 2444 767
3 754 767 2444
3 2677 2442 767
3 1869 1872 2676
3 2678 2676 1872
3 763 771 767
3 2678 1872 1874
3 2493 2442 2677
3 2621 2459 2666
3 2621 2666 2679
3 2622 2621 2679
3 2679 2666 2668
3 2677 767 833
3 833 767 771
3 2680 2633 2622
3 2495 2493 2677
3 2502 2435 2495
3 2680 2622 2679
3 2679 2681 2680
3 2680 2681 2682
3 2683 2502 2495
3 833 2684 2677
3 2675 2670 2669
3 2684 2495 2677
3 2683 2495 2684
3 2679 2668 2670
3 2681 2679 2670
3 2681 2670 2675
3 2675 2676 2685
3 2683 2684 2686
3 2687 2675 2685
3 2688 2682 2681
3 2681 2675 2688
3 2687 2688 2675
3 2684 833 2689
3 2690 2688 2691
3 2689 833 834
3 2692 2688 2687
3 2688 2692 2691
3 2691 2692 2693
3 2635 2694 2653
3 2694 2633 2695
3 2686 2684 2689
3 2633 2694 2635
3 2695 2680 2690
3 2690 2680 2682
3 2689 834 869
3 2029 2689 869
3 2696 2695 2690
3 2680 2695 2633
3 2581 2502 2683
3 2697 2653 2694
3 2697 2694 2698
3 2694 2695 2698
3 2581 2683 2686
3 2653 2697 2657
3 2699 2657 2697
3 2581 2686 2700
3 2698 2695 2696
3 2701 2581 2700
3 2697 2698 2702
3 2702 2698 2696
3 2690 2682 2688
3 2703 2690 2691
3 2583 2581 2701
3 2703 2704 2690
3 2696 2690 2704
3 2702 2696 2704
3 2705 2583 2701
3 2704 2703 2706
3 2676 2678 2685
3 2686 2689 2029
3 2685 2678 2707
3 2707 2678 1874
3 2708 2686 2029
3 2058 2708 2029
3 1874 1888 2707
3 2687 2685 2709
3 2709 2685 2707
3 2709 2707 2710
3 2711 2709 2710
3 2700 2686 2708
3 2693 2692 2711
3 2712 2700 2708
3 2692 2687 2709
3 2711 2692 2709
3 2700 2712 2713
3 2710 2707 2714
3 2712 2708 2058
3 2715 2711 2710
3 2715 2710 2714
3 2712 2058 2093
3 2093 2058 2064
3 1888 2714 2707
3 2716 2714 1888
3 2713 2701 2700
3 1889 2716 1888
3 2717 2583 2705
3 2717 2593 2583
3 2604 2593 2717
3 1890 2716 1889
3 1995 2705 2701
3 2693 2718 2691
3 2703 2691 2718
3 1995 2701 2713
3 1994 2717 2705
3 2711 2715 2693
3 2718 2693 2715
3 2614 2604 2717
3 2614 2717 1994
3 2715 2719 2718
3 2614 2610 2604
3 1994 2191 2614
3 2188 2614 2187
3 2187 2614 2191
3 2706 2703 2718
3 2718 2720 2706
3 2719 2721 2718
3 1996 2191 1994
3 2720 2718 2721
3 2715 2714 2722
3 2722 2714 2716
3 2713 2712 2093
3 2722 2719 2715
3 2005 2713 2093
3 2723 2722 2724
3 2722 2716 1890
3 1890 2724 2722
3 2005 2093 2094
3 2724 1890 1681
3 2721 2719 2723
3 2723 2719 2722
3 2721 2723 2725
3 1995 2713 2005
3 2723 2724 2726
3 1994 2705 1995
3 2724 1685 2726
3 2725 2723 2726
3 2725 2726 2727
3 2727 2726 1685
3 1681 1890 1651
3 1685 2724 1681
3 1685 1681 1680
3 2727 1686 2728
3 1685 1686 2727
3 1992 650 2359
3 1991 2406 696
3 2405 1992 2359
3 2729 2730 2731
3 2732 2733 2734
3 572 550 2735
3 2736 2737 2729
3 2729 2738 2736
3 2739 2740 2741
3 2742 572 2735
3 2739 2741 2743
3 2742 1848 572
3 2744 1848 2742
3 2745 2746 2747
3 2748 1848 2744
3 550 568 2735
3 2749 2739 2750
3 2738 2747 2746
3 2750 2739 2751
3 2732 2734 2752
3 2753 2742 2754
3 568 2754 2735
3 541 545 568
3 2751 2739 2743
3 545 2755 568
3 2756 2757 2746
3 2758 2751 2743
3 2755 545 2759
3 2738 2746 2757
3 2754 2742 2735
3 2760 2753 2754
3 2761 2762 2763
3 2755 2754 568
3 2754 2755 2760
3 2755 2764 2760
3 2738 2757 2736
3 1913 1914 2765
3 2762 2766 2767
3 2742 2753 2744
3 1918 1913 2765
3 2757 2756 2768
3 2769 2760 2764
3 2753 2760 2769
3 2753 2769 2770
3 2736 2757 2771
3 2772 2762 2761
3 2762 2772 2766
3 2744 2753 2770
3 2757 2768 2771
3 2773 2774 2765
3 2770 2775 2776
3 2773 2765 2777
3 2744 2770 2776
3 2776 2778 2744
3 2766 2772 2779
3 2774 1918 2765
3 2780 2770 2769
3 2781 2782 2783
3 2784 1918 2774
3 2784 2774 2785
3 2776 2775 2786
3 2782 2781 2787
3 2770 2780 2775
3 2784 1921 1918
3 545 666 2759
3 2788 1921 2784
3 2789 2790 2791
3 1921 2788 1970
3 2782 2789 2783
3 2792 2759 666
3 666 659 2792
3 2790 2789 2782
3 2792 2793 2759
3 2794 1970 2788
3 2795 2796 2752
3 2794 1973 1970
3 1973 2794 2797
3 2787 2798 2782
3 2793 2799 2759
3 2799 2764 2759
3 2799 2793 2800
3 2801 2792 659
3 2802 2784 2785
3 2788 2784 2802
3 2767 2803 2734
3 2793 2792 2801
3 2802 2804 2788
3 2788 2804 2794
3 659 673 2801
3 2804 2797 2794
3 2767 2766 2803
3 2805 2790 2782
3 2782 2798 2806
3 2806 2805 2782
3 1973 2807 1974
3 2803 2752 2734
3 2807 1973 2797
3 2808 2799 2800
3 2808 2800 2809
3 2810 2803 2766
3 2811 2807 2797
3 2804 2812 2797
3 2755 2759 2764
3 2811 2797 2812
3 2813 2814 2791
3 2773 2777 2815
3 2766 2779 2810
3 2808 2816 2799
3 2791 2817 2813
3 2790 2817 2791
3 2752 2803 2795
3 2818 2774 2773
3 2785 2774 2818
3 2819 2795 2803
3 2803 2810 2819
3 2820 2808 2809
3 2816 2808 2821
3 2822 2795 2819
3 2823 2821 2824
3 2820 2821 2808
3 2825 2773 2826
3 2818 2773 2825
3 2825 2826 2827
3 2828 2821 2820
3 2829 2818 2825
3 2827 2830 2825
3 2790 2805 2831
3 2825 2830 2829
3 2817 2790 2831
3 2832 2769 2764
3 2764 2799 2816
3 2816 2832 2764
3 2829 2785 2818
3 2832 2833 2769
3 2833 2780 2769
3 2834 2829 2830
3 2833 2835 2780
3 2836 2837 2838
3 2785 2839 2802
3 2821 2832 2816
3 2821 2823 2832
3 2823 2833 2832
3 2840 2817 2831
3 2817 2840 2841
3 2842 2836 2838
3 2775 2780 2843
3 2798 2844 2845
3 2806 2798 2845
3 2843 2786 2775
3 2829 2839 2785
3 2846 2847 2843
3 2843 2847 2786
3 2804 2848 2812
3 2849 2786 2847
3 2804 2802 2848
3 2850 2847 2846
3 2848 2802 2839
3 2851 2849 2847
3 2850 2851 2847
3 2852 2812 2848
3 2811 2812 2853
3 2812 2852 2853
3 2837 2732 2838
3 2824 2821 2828
3 2752 2796 2732
3 2854 2806 2845
3 2838 2732 2796
3 2839 2855 2848
3 2855 2839 2829
3 2856 2848 2855
3 2835 2843 2780
3 2843 2835 2846
3 2857 2856 2855
3 2805 2806 2858
3 2838 2859 2860
3 2856 2852 2848
3 2860 2842 2838
3 2846 2835 2861
3 2862 2861 2835
3 2845 2863 2854
3 2833 2823 2862
3 2835 2833 2862
3 2838 2796 2859
3 2862 2823 2864
3 2865 2853 2852
3 2852 2856 2866
3 2852 2866 2865
3 1980 1974 2867
3 1988 1980 2867
3 2806 2854 2858
3 2867 1974 2807
3 2867 2807 2811
3 2842 2868 2869
3 2862 2870 2861
3 2871 2872 2869
3 2861 2850 2846
3 2858 2831 2805
3 2860 2868 2842
3 2840 2831 2858
3 2864 2823 2824
3 2868 2860 2873
3 2811 2874 2867
3 2875 2840 2858
3 1988 2867 2876
3 2873 2860 2859
3 2877 2864 2824
3 2869 2868 2871
3 2874 2876 2867
3 2878 2876 2874
3 2879 2880 2870
3 2873 2871 2868
3 2850 2861 2881
3 2881 2851 2850
3 1989 1988 2876
3 2881 2882 2851
3 2883 2851 2882
3 2884 2885 2871
3 2870 2881 2861
3 2880 2881 2870
3 2881 2880 2886
3 2887 2875 2858
3 2886 2882 2881
3 2858 2854 2887
3 2888 1989 2876
3 2875 2887 2889
3 2882 2886 2890
3 2890 2886 2891
3 2853 2874 2811
3 2892 2874 2853
3 2864 2893 2862
3 2894 2893 2864
3 2893 2870 2862
3 2893 2879 2870
3 2878 2874 2892
3 2895 2859 2796
3 2877 2894 2864
3 2896 2813 2817
3 2896 2897 2813
3 2895 2898 2859
3 2894 2899 2893
3 2900 2878 2892
3 2901 2899 2894
3 2894 2877 2902
3 2853 2865 2892
3 2903 2904 2896
3 2902 2901 2894
3 2899 2879 2893
3 2903 2896 2841
3 2817 2841 2896
3 2900 2892 2865
3 2796 2795 2895
3 2905 2879 2899
3 2906 2899 2901
3 2907 2900 2865
3 2895 2795 2822
3 2899 2906 2905
3 2879 2886 2880
3 2886 2879 2908
3 2909 2904 2910
3 2908 2891 2886
3 2911 2909 2910
3 2888 2876 2878
3 2903 2910 2904
3 2912 2891 2908
3 2910 2903 2913
3 2878 2914 2888
3 2913 2911 2910
3 2891 2912 2915
3 2915 2912 2916
3 2906 2917 2905
3 2913 2903 2841
3 2918 2878 2900
3 2905 2908 2879
3 2919 2908 2905
3 2913 2841 2920
3 2919 2912 2908
3 2920 2841 2840
3 2873 2921 2922
3 2905 2917 2919
3 2923 2919 2917
3 2873 2859 2921
3 2911 2913 2924
3 2884 2871 2873
3 2922 2884 2873
3 2925 2913 2920
3 2919 2926 2912
3 2926 2916 2912
3 2925 2924 2913
3 2927 2924 2925
3 2928 2830 2749
3 2929 2919 2923
3 2926 2919 2929
3 2929 2930 2926
3 2928 2834 2830
3 2931 2840 2875
3 2926 2932 2916
3 2930 2932 2926
3 2749 2750 2928
3 2929 2923 2933
3 2929 2934 2930
3 2859 2898 2921
3 2935 2936 2834
3 2928 2935 2834
3 2937 2921 2898
3 2936 2829 2834
3 2938 2922 2921
3 2939 2884 2922
3 2922 2938 2939
3 2940 2941 2934
3 2936 2855 2829
3 2942 2930 2941
3 2934 2941 2930
3 2943 2925 2920
3 2944 2855 2936
3 2945 2925 2943
3 2920 2840 2931
3 2940 2946 2941
3 2781 2939 2938
3 2783 2939 2781
3 2855 2944 2857
3 2857 2947 2856
3 2856 2947 2866
3 2944 2947 2857
3 2948 2947 2944
3 2949 2920 2931
3 2950 2951 2952
3 2866 2947 2953
3 1809 1812 1817
3 2954 2950 2952
3 2944 2955 2948
3 2936 2955 2944
3 2920 2949 2943
3 2951 2950 2956
3 2936 2935 2955
3 2957 2943 2949
3 1817 2958 1818
3 2953 2947 2948
3 2955 2959 2948
3 2958 2960 1818
3 1818 2960 1821
3 2957 2961 2943
3 2956 2950 2962
3 2958 2963 2964
3 2965 2863 2730
3 2964 2960 2958
3 2863 2965 2854
3 2966 2954 2952
3 2967 2935 2928
3 2730 2729 2965
3 2966 2952 2968
3 2969 2954 2966
3 2887 2854 2970
3 2951 2928 2750
3 2965 2970 2854
3 2751 2951 2750
3 2971 2970 2965
3 2951 2751 2952
3 2972 2954 2969
3 2967 2928 2951
3 1836 1821 2973
3 2956 2967 2951
3 1836 2973 1845
3 2974 2956 2962
3 2975 2974 2962
3 2965 2729 2737
3 1821 2960 2976
3 2962 2950 2954
3 2971 2965 2737
3 2976 2973 1821
3 2967 2955 2935
3 2976 2960 2964
3 2977 2955 2967
3 2978 2966 2968
3 2970 2971 2979
3 2973 2980 1845
3 2887 2970 2979
3 2978 2969 2966
3 2981 2973 2976
3 2981 2980 2973
3 2982 2959 2983
3 2983 2959 2955
3 2977 2983 2955
3 2977 2974 2983
3 2977 2967 2956
3 2984 1839 1845
3 2979 2971 2985
3 2956 2974 2977
3 1841 1839 2984
3 1841 2984 1914
3 2872 2969 2978
3 2984 2777 1914
3 2986 2889 2887
3 1845 2980 2984
3 2931 2875 2889
3 2959 2987 2948
3 2777 2984 2980
3 2948 2987 2953
3 2987 2959 2982
3 2982 2988 2987
3 2815 2777 2980
3 2988 2982 2989
3 2990 2975 2962
3 2765 1914 2777
3 2989 2983 2974
3 2983 2989 2982
3 2988 2989 2991
3 2979 2986 2887
3 2975 2989 2974
3 2976 2964 2992
3 2993 2981 2976
3 2994 2989 2975
3 2993 2976 2992
3 2991 2989 2994
3 2907 2865 2866
3 2985 2986 2979
3 2995 2980 2981
3 2990 2994 2975
3 2994 2996 2991
3 2997 2889 2986
3 2997 2931 2889
3 2953 2907 2866
3 2987 2998 2953
3 2954 2972 2962
3 2986 2999 2997
3 2931 2997 3000
3 2748 1849 1848
3 2907 2953 3001
3 1812 1811 1849
3 2999 3002 2997
3 2972 2990 2962
3 2907 3001 2900
3 3003 2900 3001
3 3004 2990 2972
3 1812 1849 3005
3 3006 2737 2736
3 3007 2994 2990
3 2990 3004 3007
3 2748 2744 2778
3 2953 2998 3001
3 3008 2971 2737
3 3009 2748 2778
3 3010 2994 3007
3 2996 2994 3010
3 3009 3005 1849
3 2971 3008 2985
3 2748 3009 1849
3 2737 3006 3008
3 1817 1812 3005
3 2958 1817 3005
3 3001 3011 3003
3 2998 2987 2988
3 3006 2736 2771
3 3005 2963 2958
3 2988 3012 2998
3 2991 3013 2988
3 3014 3009 2778
3 3015 2972 2969
3 2872 3015 2969
3 3001 2998 3012
3 3009 3016 3005
3 3017 3001 3012
3 3018 3008 3006
3 3006 3019 3018
3 3016 3009 3014
3 3018 3020 3008
3 2778 3021 3014
3 3012 2988 3013
3 3013 3022 3012
3 2985 3023 2986
3 3014 3024 3016
3 2972 3025 3004
3 3026 3027 3028
3 3029 3027 3030
3 3031 3030 3027
3 2999 2986 3023
3 3032 3025 2972
3 2778 2776 3021
3 2776 2786 3021
3 3033 2999 3023
3 3030 3031 3034
3 3034 3035 3030
3 3025 3036 3004
3 3036 3007 3004
3 3007 3037 3010
3 3020 2985 3008
3 3036 3037 3007
3 3016 2963 3005
3 3020 3023 2985
3 3024 2963 3016
3 3023 3020 3038
3 3039 3038 3020
3 3018 3039 3020
3 3035 3034 3040
3 2963 3041 2964
3 3034 3042 3040
3 2964 3041 2992
3 3034 3031 3043
3 2963 3024 3041
3 2972 3015 3032
3 3044 3034 3043
3 3045 3033 3023
3 3045 3023 3038
3 3046 3044 3043
3 3044 3042 3034
3 3047 3044 3046
3 3042 3044 3047
3 3000 2949 2931
3 3048 3025 3032
3 3048 3036 3025
3 3036 3048 3049
3 2949 3000 3050
3 2996 3013 2991
3 2883 2890 3028
3 3051 2993 2992
3 3051 3052 2993
3 2992 3041 3051
3 3050 2957 2949
3 2915 2890 2891
3 2915 3028 2890
3 3053 3050 3000
3 3013 2996 3054
3 2981 2993 3055
3 3026 3031 3027
3 3055 2995 2981
3 2996 3010 3054
3 3052 3055 2993
3 3056 3055 3052
3 3056 3057 3055
3 2995 2815 2980
3 2997 3002 3000
3 2915 3058 3028
3 3053 3000 3002
3 3058 3026 3028
3 3058 2915 2916
3 3026 3058 3059
3 3022 3013 3054
3 3026 3043 3031
3 3053 3060 3050
3 3022 3054 3061
3 3057 2995 3055
3 2826 2995 3057
3 3062 3060 3053
3 3058 2916 2932
3 2815 2995 2826
3 2815 2826 2773
3 3058 3063 3059
3 2957 3050 3064
3 3058 2932 3063
3 2942 3063 2932
3 3059 3043 3026
3 3065 3066 3014
3 3066 3024 3014
3 3059 3067 3043
3 3061 3054 3068
3 3069 3060 3062
3 3066 3065 3070
3 3067 3059 3071
3 3066 3070 3072
3 3002 2999 3033
3 2849 3021 2786
3 3021 2849 3065
3 3021 3065 3014
3 3049 3037 3036
3 3073 3002 3033
3 3059 3063 3071
3 3054 3010 3037
3 3054 3037 3068
3 3062 3053 3002
3 3068 3037 3074
3 2849 3075 3076
3 3076 3065 2849
3 2942 2932 2930
3 3075 2849 2851
3 3062 3002 3073
3 3062 3073 3077
3 3078 3068 3074
3 3070 3065 3076
3 3033 3045 3073
3 3067 3046 3043
3 3074 3037 3049
3 3074 3049 3079
3 3080 3073 3045
3 3072 3024 3066
3 3046 2733 3047
3 3072 3041 3024
3 3067 3071 2733
3 3067 2733 3046
3 2734 2733 3071
3 2733 2837 3047
3 3041 3081 3082
3 3041 3082 3051
3 3083 3074 3084
3 3040 3042 3085
3 3072 3070 3081
3 3086 3062 3077
3 3081 3041 3072
3 3077 3087 3086
3 3082 3081 3088
3 2872 2871 2885
3 2885 3089 2872
3 3090 3085 3091
3 3089 3015 2872
3 3091 2743 3090
3 2768 3092 2771
3 2851 2883 3075
3 3093 3091 3085
3 3085 3042 3093
3 3075 3094 3076
3 3089 3095 3015
3 3075 2883 3094
3 3042 3096 3093
3 3094 3029 3076
3 3070 3076 3029
3 3093 3097 3091
3 3027 3029 3094
3 3006 2771 3019
3 3094 2883 3027
3 2758 2743 3098
3 2743 3091 3098
3 3092 3099 2771
3 3089 2885 3100
3 3101 2758 3098
3 2952 2751 2758
3 3099 3019 2771
3 3019 3039 3018
3 3097 3098 3091
3 3098 3097 3101
3 3081 3102 3088
3 2885 3103 3100
3 3103 3104 3100
3 3105 3039 3019
3 3015 3095 3032
3 3106 3081 3070
3 3099 3092 3107
3 2968 2952 2758
3 3108 3032 3095
3 2968 2758 3101
3 3102 3081 3106
3 3095 3100 3109
3 3095 3109 3108
3 3042 3047 3096
3 3029 3106 3070
3 3030 3106 3029
3 3106 3030 3035
3 3048 3032 3108
3 3096 3047 2836
3 3019 3099 3105
3 3110 3099 3107
3 3111 3049 3048
3 3106 3035 3102
3 3099 3110 3105
3 3111 3048 3108
3 3112 3093 3096
3 3102 3040 3113
3 3114 3111 3108
3 3035 3040 3102
3 3093 3112 3097
3 3095 3089 3100
3 3104 3109 3100
3 2836 3112 3096
3 2890 2883 2882
3 3028 3027 2883
3 3115 3038 3039
3 2836 2842 3112
3 3101 3097 3116
3 3038 3117 3045
3 3118 3109 3104
3 3101 3116 3119
3 3119 2968 3101
3 3109 3114 3108
3 3097 3112 3116
3 3082 3120 3051
3 3120 3052 3051
3 3038 3115 3117
3 2869 3119 3116
3 3118 3114 3109
3 3039 3105 3115
3 2978 2968 3119
3 2842 3116 3112
3 2869 3116 2842
3 3121 3115 3105
3 3114 3118 3122
3 3111 3114 3122
3 3105 3110 3121
3 2884 3123 2885
3 2978 3119 2869
3 2939 3123 2884
3 3120 3056 3052
3 2872 2978 2869
3 3056 3120 2741
3 3047 2837 2836
3 2885 3123 3103
3 3056 3124 3057
3 3124 2826 3057
3 3123 3125 3103
3 2827 2826 3124
3 2734 3071 3126
3 3107 3127 3110
3 3125 2814 3103
3 3126 3063 2942
3 3110 3127 3128
3 3129 3128 3127
3 3126 2942 2763
3 3125 3123 2939
3 2942 2941 2946
3 2783 3125 2939
3 2741 2740 3056
3 2946 2763 2942
3 3124 3056 2740
3 3063 3126 3071
3 2749 2827 3124
3 3128 3121 3110
3 2740 2749 3124
3 2749 2830 2827
3 3121 3130 3115
3 2749 2740 2739
3 2789 2814 3125
3 3121 3128 3130
3 2946 3131 2761
3 2783 2789 3125
3 3120 3082 3088
3 3130 3117 3115
3 3132 3117 3130
3 3113 3088 3102
3 2946 2761 2763
3 3126 2767 2734
3 3104 3103 2814
3 3126 2763 2762
3 3120 3088 3090
3 2762 2767 3126
3 2741 3120 3090
3 3133 3132 3130
3 3113 3090 3088
3 2743 2741 3090
3 3134 3130 3128
3 3128 3129 3134
3 3113 3040 3085
3 3085 3090 3113
3 3130 3134 3133
3 2732 2837 2733
3 3104 2814 3118
3 2789 2791 2814
3 3134 3135 3133
3 3117 3136 3045
3 3137 3122 3118
3 3136 3080 3045
3 3138 3080 3136
3 3077 3073 3080
3 3138 3087 3077
3 3077 3080 3138
3 2814 2813 3118
3 2813 3137 3118
3 3117 3132 3136
3 3111 3079 3049
3 3111 3139 3079
3 3139 3140 3079
3 3136 3141 3138
3 3084 3074 3079
3 3084 3079 3140
3 3087 3142 3086
3 3140 3143 3084
3 3087 3144 3142
3 3111 3122 3139
3 3144 3087 3138
3 3138 3141 3144
3 3144 3141 3145
3 3122 3146 3139
3 3146 3140 3139
3 3147 3136 3132
3 3135 3147 3132
3 3136 3147 3141
3 3141 3147 3148
3 3141 3148 3145
3 3122 3137 3149
3 3132 3133 3135
3 3122 3149 3146
3 3146 3143 3140
3 3143 3146 3150
3 3151 3143 3150
3 3147 3135 3152
3 3149 3150 3146
3 2813 2897 3137
3 3149 3137 2897
3 3147 3152 3148
3 2904 2897 2896
3 3149 2897 2909
3 2904 2909 2897
3 3149 2909 3150
3 2909 3153 3150
3 2909 2911 3153
3 3154 3145 3148
3 2810 2779 3155
3 2810 3155 3156
3 3129 3157 3134
3 3156 2819 2810
3 3157 3158 3134
3 3159 2819 3156
3 3160 3158 3157
3 3158 3160 3161
3 3156 3155 3162
3 3162 3163 3156
3 3160 3157 3164
3 3160 3165 3161
3 3156 3163 3159
3 3158 3135 3134
3 3166 3152 3135
3 3167 3168 3162
3 3163 3162 3168
3 3135 3158 3166
3 3163 3169 3159
3 3163 3168 3170
3 3169 3163 3170
3 3168 3171 3170
3 3170 3171 3172
3 3173 3166 3158
3 3174 2895 2822
3 3173 3175 3166
3 3148 3152 3154
3 2895 3174 2898
3 3176 3154 3152
3 3177 3178 3174
3 3154 3176 3179
3 3152 3166 3175
3 3174 2822 3177
3 3152 3175 3176
3 3159 3180 2819
3 2822 2819 3180
3 2822 3180 3177
3 3181 3176 3175
3 3181 3179 3176
3 3182 3177 3180
3 3158 3161 3173
3 3177 3183 3178
3 2898 3174 2937
3 3184 2938 2937
3 3185 3173 3161
3 3186 3184 2937
3 2937 2938 2921
3 3187 3161 3165
3 3187 3165 3188
3 3165 3189 3188
3 3190 3187 3188
3 3184 2781 2938
3 3187 3185 3161
3 2787 2781 3184
3 3178 2937 3174
3 3190 3191 3187
3 3186 2937 3178
3 3191 3185 3187
3 3185 3191 3192
3 3175 3173 3193
3 3193 3181 3175
3 2844 2787 3184
3 3185 3193 3173
3 3184 3186 2844
3 2798 2787 2844
3 3169 3180 3159
3 3180 3169 3182
3 3192 3193 3185
3 3182 3169 3194
3 3195 3193 3192
3 3181 3193 3196
3 3193 3195 3196
3 3182 3183 3177
3 3182 3194 3183
3 3191 3197 3192
3 3194 3169 3198
3 3198 3169 3170
3 3191 3190 3197
3 3170 3172 3198
3 3199 3197 3190
3 3197 3199 3200
3 3194 3201 3183
3 3202 3203 3199
3 3192 3197 3195
3 3200 3204 3197
3 3196 3195 3205
3 3206 2844 3186
3 3206 2845 2844
3 3195 3197 3204
3 3195 3204 3205
3 3178 3183 3186
3 3207 3208 3204
3 3204 3208 3205
3 3183 3206 3186
3 3200 3199 3203
3 2845 3206 2863
3 3209 3204 3200
3 3201 3206 3183
3 3209 3207 3204
3 3201 3194 3210
3 2731 3206 3201
3 3200 3203 3209
3 3211 3209 3203
3 3207 3209 3212
3 3213 3198 3172
3 3209 3211 3214
3 3213 3194 3198
3 3211 3215 3214
3 3213 3210 3194
3 3216 3214 3215
3 2745 3213 3172
3 3213 2745 2747
3 2747 3210 3213
3 3210 2731 3201
3 2730 2863 3206
3 2730 3206 2731
3 3210 2747 2738
3 2738 2731 3210
3 2731 2738 2729
3 3217 3218 3219
3 3218 3217 3220
3 3221 3222 3223
3 3224 3225 3226
3 3227 3223 3222
3 3228 3219 3218
3 3229 3218 3220
3 3230 3221 3223
3 3218 3229 3228
3 3231 3230 3223
3 3232 3233 3225
3 3234 3235 3222
3 3236 3237 3238
3 3236 3238 3239
3 3222 3235 3227
3 3238 3241 3239
3 3242 3231 3223
3 3242 3223 3227
3 3243 3231 3242
3 3179 3181 3244
3 3245 3244 3181
3 3236 3239 3246
3 3247 3232 3225
3 3249 3246 3239
3 3250 3251 3252
3 3230 3231 3253
3 3253 3231 3254
3 3253 3254 3255
3 3249 3239 3241
3 3244 3245 3256
3 3245 3181 3196
3 3233 3252 3251
3 3243 3254 3231
3 3257 3256 3245
3 3258 3241 3238
3 3251 3226 3233
3 3260 3259 3261
3 3262 3263 3264
3 3260 3261 3265
3 3260 3240 3259
3 3226 3251 3266
3 3267 3256 3257
3 3268 3248 3260
3 3260 3248 3240
3 3256 3267 3269
3 3217 3236 3246
3 3246 3220 3217
3 3205 3245 3196
3 3245 3205 3257
3 3270 3271 3262
3 3272 3246 3249
3 3208 3257 3205
3 3271 3270 3273
3 3271 3273 3274
3 3220 3246 3272
3 3275 3276 3277
3 3262 3278 3279
3 3280 3275 3277
3 3279 3270 3262
3 3281 3220 3272
3 3279 3278 3232
3 3276 3275 3282
3 3272 3249 3283
3 3273 3270 3285
3 3286 3287 3282
3 3285 3270 3279
3 3282 3275 3286
3 3288 3272 3283
3 3289 3267 3257
3 3290 3208 3207
3 3291 3292 3285
3 3208 3290 3289
3 3289 3257 3208
3 3293 3294 3280
3 3295 3280 3294
3 3291 3296 3292
3 3268 3297 3248
3 3296 3291 3298
3 3299 3289 3290
3 3297 3284 3248
3 3300 3274 3296
3 3273 3285 3292
3 3284 3297 3301
3 3294 3302 3303
3 3303 3302 3304
3 3273 3292 3296
3 3289 3305 3267
3 3274 3273 3296
3 3297 3268 3306
3 3280 3307 3275
3 3301 3297 3306
3 3308 3299 3290
3 3275 3307 3286
3 3289 3299 3305
3 3309 3286 3307
3 3295 3307 3280
3 3295 3310 3307
3 3307 3311 3309
3 3310 3311 3307
3 3267 3305 3312
3 3313 3314 3315
3 3316 3315 3314
3 3287 3286 3317
3 3318 3279 3232
3 3309 3319 3286
3 3319 3317 3286
3 3317 3319 3320
3 3320 3319 3321
3 3320 3321 3322
3 3309 3311 3323
3 3323 3319 3309
3 3324 3325 3314
3 3319 3323 3321
3 3232 3247 3318
3 3314 3325 3316
3 3299 3326 3305
3 3303 3295 3294
3 3295 3303 3310
3 3326 3327 3305
3 3328 3316 3325
3 3316 3328 3329
3 3285 3330 3291
3 3330 3279 3318
3 3330 3318 3331
3 3332 3310 3303
3 3330 3285 3279
3 3333 3334 3335
3 3336 3333 3335
3 3290 3207 3337
3 3338 3291 3330
3 3207 3212 3337
3 3251 3250 3310
3 3250 3323 3311
3 3250 3311 3310
3 3271 3339 3262
3 3326 3299 3308
3 3340 3271 3274
3 3321 3323 3341
3 3341 3322 3321
3 3342 3290 3337
3 3322 3341 3343
3 3342 3308 3290
3 3336 3344 3345
3 3343 3346 3322
3 3212 3209 3214
3 3340 3274 3300
3 3341 3250 3347
3 3348 3337 3212
3 3349 3347 3250
3 3212 3214 3216
3 3350 3347 3263
3 3345 3333 3336
3 3212 3216 3348
3 3252 3349 3250
3 3333 3345 3351
3 3348 3216 3352
3 3300 3353 3340
3 3349 3263 3347
3 3250 3341 3323
3 3343 3341 3347
3 3343 3347 3350
3 3343 3350 3354
3 3346 3343 3354
3 3355 3342 3337
3 3348 3355 3337
3 3356 3355 3348
3 3354 3350 3357
3 3349 3252 3264
3 3263 3349 3264
3 3326 3308 3358
3 3350 3263 3357
3 3339 3263 3262
3 3351 3345 3344
3 3357 3263 3339
3 3342 3358 3308
3 3359 3224 3360
3 3224 3359 3225
3 3361 3346 3354
3 3361 3354 3362
3 3358 3342 3363
3 3358 3364 3326
3 3362 3354 3357
3 3365 3225 3359
3 3326 3364 3327
3 3366 3365 3359
3 3334 3324 3367
3 3368 3369 3327
3 3366 3359 3370
3 3364 3368 3327
3 3362 3357 3339
3 3370 3371 3366
3 3363 3364 3358
3 3339 3271 3340
3 3372 3368 3364
3 3355 3363 3342
3 3362 3339 3340
3 3373 3363 3355
3 3355 3356 3373
3 3363 3372 3364
3 3304 3302 3374
3 3373 3372 3363
3 3375 3247 3365
3 3374 3376 3304
3 3377 3334 3333
3 3365 3247 3225
3 3372 3373 3378
3 3334 3325 3324
3 3377 3325 3334
3 3332 3303 3304
3 3379 3304 3376
3 3377 3328 3325
3 3380 3381 3371
3 3251 3310 3332
3 3372 3378 3368
3 3266 3251 3332
3 3365 3366 3375
3 3366 3382 3375
3 3383 3368 3378
3 3382 3384 3375
3 3385 3328 3377
3 3382 3367 3384
3 3335 3367 3382
3 3334 3367 3335
3 3266 3379 3386
3 3371 3382 3366
3 3387 3352 3216
3 3216 3215 3387
3 3379 3376 3388
3 3381 3382 3371
3 3379 3388 3386
3 3388 3376 3389
3 3332 3304 3379
3 3390 3385 3377
3 3388 3389 3391
3 3391 3392 3388
3 3390 3393 3385
3 3336 3335 3381
3 3394 3386 3388
3 3394 3388 3392
3 3332 3379 3266
3 3381 3335 3382
3 3370 3359 3360
3 3226 3266 3224
3 3395 3377 3333
3 3396 3266 3386
3 3396 3224 3266
3 3397 3380 3370
3 3380 3371 3370
3 3398 3352 3387
3 3399 3380 3397
3 3348 3352 3400
3 3395 3333 3351
3 3394 3392 3401
3 3352 3398 3400
3 3390 3377 3395
3 3402 3401 3392
3 3403 3401 3402
3 3386 3394 3396
3 3404 3360 3396
3 3336 3381 3380
3 3394 3404 3396
3 3356 3405 3373
3 3401 3404 3394
3 3396 3360 3224
3 3336 3380 3399
3 3401 3397 3404
3 3351 3406 3395
3 3404 3370 3360
3 3397 3370 3404
3 3407 3378 3373
3 3373 3405 3407
3 3408 3390 3395
3 3409 3407 3405
3 3406 3408 3395
3 3401 3403 3397
3 3344 3336 3399
3 3348 3400 3356
3 3410 3408 3406
3 3411 3356 3400
3 3403 3399 3397
3 3234 3411 3400
3 3393 3390 3408
3 3411 3405 3356
3 3405 3411 3409
3 3330 3331 3338
3 3411 3234 3409
3 3412 3318 3247
3 3412 3331 3318
3 3409 3234 3222
3 3413 3331 3412
3 3408 3414 3393
3 3412 3247 3375
3 3415 3234 3400
3 3412 3416 3413
3 3408 3410 3414
3 3415 3400 3398
3 3398 3417 3415
3 3414 3418 3393
3 3235 3234 3415
3 3384 3419 3375
3 3419 3412 3375
3 3420 3418 3414
3 3384 3367 3324
3 3421 3422 3423
3 3419 3384 3324
3 3419 3324 3314
3 3222 3221 3409
3 3424 3423 3422
3 3412 3313 3416
3 3421 3425 3422
3 3426 3427 3422
3 3425 3426 3422
3 3419 3313 3412
3 3428 3427 3426
3 3314 3313 3419
3 3291 3338 3298
3 3429 3427 3430
3 3338 3431 3432
3 3428 3426 3425
3 3432 3298 3338
3 3378 3433 3383
3 3430 3427 3428
3 3298 3432 3434
3 3425 3435 3428
3 3378 3407 3433
3 3315 3421 3423
3 3338 3331 3413
3 3436 3433 3407
3 3423 3313 3315
3 3278 3262 3264
3 3233 3264 3252
3 3383 3437 3438
3 3233 3232 3278
3 3278 3264 3233
3 3433 3437 3383
3 3421 3315 3439
3 3440 3438 3437
3 3433 3436 3437
3 3440 3437 3441
3 3316 3329 3315
3 3329 3439 3315
3 3225 3233 3226
3 3442 3439 3329
3 3425 3421 3439
3 3221 3436 3407
3 3443 3434 3432
3 3434 3443 3444
3 3434 3444 3445
3 3446 3435 3439
3 3439 3435 3425
3 3407 3409 3221
3 3447 3443 3432
3 3431 3447 3432
3 3448 3443 3447
3 3328 3442 3329
3 3441 3437 3436
3 3230 3436 3221
3 3449 3450 3429
3 3448 3452 3443
3 3453 3452 3448
3 3430 3449 3429
3 3444 3443 3452
3 3230 3441 3436
3 3430 3428 3454
3 3455 3453 3456
3 3441 3253 3457
3 3441 3230 3253
3 3455 3452 3453
3 3454 3449 3430
3 3444 3452 3455
3 3458 3455 3456
3 3444 3455 3458
3 3458 3459 3444
3 3458 3456 3460
3 3461 3458 3460
3 3439 3442 3446
3 3461 3460 3237
3 3462 3446 3442
3 3463 3435 3446
3 3464 3465 3466
3 3464 3466 3467
3 3462 3442 3468
3 3328 3468 3442
3 3469 3470 3465
3 3471 3465 3470
3 3465 3471 3466
3 3466 3471 3472
3 3463 3446 3462
3 3423 3424 3470
3 3473 3462 3468
3 3473 3463 3462
3 3474 3463 3473
3 3475 3474 3473
3 3454 3428 3435
3 3476 3454 3435
3 3470 3424 3471
3 3463 3476 3435
3 3471 3477 3472
3 3478 3454 3476
3 3477 3479 3472
3 3478 3449 3454
3 3477 3471 3424
3 3427 3477 3424
3 3424 3422 3427
3 3427 3479 3477
3 3479 3429 3481
3 3429 3479 3427
3 3474 3478 3476
3 3463 3474 3476
3 3482 3474 3475
3 3482 3478 3474
3 3469 3483 3413
3 3484 3469 3413
3 3483 3431 3413
3 3413 3431 3338
3 3464 3485 3465
3 3450 3449 3487
3 3483 3469 3485
3 3487 3449 3478
3 3485 3447 3431
3 3485 3431 3483
3 3485 3448 3447
3 3261 3451 3486
3 3465 3485 3469
3 3453 3464 3467
3 3448 3485 3464
3 3464 3453 3448
3 3478 3488 3487
3 3490 3468 3328
3 3385 3490 3328
3 3491 3468 3490
3 3484 3470 3469
3 3470 3484 3423
3 3484 3413 3416
3 3491 3473 3468
3 3423 3484 3416
3 3423 3416 3313
3 3385 3492 3490
3 3492 3491 3490
3 3493 3492 3385
3 3493 3491 3492
3 3467 3466 3494
3 3472 3494 3466
3 3482 3495 3478
3 3496 3494 3472
3 3488 3478 3495
3 3498 3494 3496
3 3479 3496 3472
3 3500 3488 3495
3 3479 3481 3496
3 3393 3493 3385
3 3501 3453 3467
3 3453 3501 3456
3 3494 3501 3467
3 3494 3502 3501
3 3456 3501 3503
3 3460 3456 3503
3 3503 3501 3502
3 3503 3502 3504
3 3265 3261 3486
3 3502 3494 3498
3 3505 3265 3486
3 3498 3504 3502
3 3237 3460 3503
3 3237 3503 3504
3 3504 3238 3237
3 3506 3260 3265
3 3268 3260 3506
3 3504 3258 3238
3 3506 3265 3505
3 3496 3481 3498
3 3258 3504 3498
3 3259 3497 3480
3 3429 3450 3481
3 3505 3486 3489
3 3507 3505 3489
3 3259 3480 3451
3 3507 3489 3499
3 3451 3261 3259
3 3296 3298 3508
3 3300 3296 3509
3 3296 3508 3509
3 3510 3268 3506
3 3306 3268 3510
3 3508 3298 3434
3 3511 3306 3510
3 3434 3509 3508
3 3510 3506 3512
3 3507 3513 3505
3 3445 3509 3434
3 3509 3445 3514
3 3515 3513 3507
3 3516 3514 3445
3 3517 3509 3514
3 3505 3513 3506
3 3512 3506 3513
3 3515 3518 3513
3 3512 3513 3518
3 3300 3519 3353
3 3519 3300 3509
3 3473 3491 3475
3 3520 3475 3491
3 3521 3520 3491
3 3493 3521 3491
3 3522 3520 3521
3 3519 3509 3517
3 3523 3482 3475
3 3523 3475 3520
3 3524 3519 3517
3 3523 3495 3482
3 3525 3526 3523
3 3495 3523 3526
3 3514 3528 3517
3 3526 3500 3495
3 3524 3517 3529
3 3445 3444 3459
3 3516 3445 3459
3 3493 3522 3521
3 3530 3522 3493
3 3516 3459 3531
3 3459 3458 3531
3 3531 3458 3461
3 3418 3493 3393
3 3418 3530 3493
3 3418 3420 3532
3 3532 3530 3418
3 3219 3531 3461
3 3531 3533 3516
3 3534 3522 3530
3 3533 3531 3219
3 3535 3530 3532
3 3535 3534 3530
3 3461 3237 3236
3 3461 3217 3219
3 3236 3217 3461
3 3527 3536 3499
3 3523 3520 3525
3 3525 3520 3522
3 3537 3514 3516
3 3534 3525 3522
3 3525 3534 3538
3 3526 3525 3538
3 3516 3533 3537
3 3228 3533 3219
3 3528 3514 3537
3 3537 3539 3528
3 3535 3540 3534
3 3540 3538 3534
3 3541 3538 3540
3 3536 3527 3538
3 3537 3533 3228
3 3539 3537 3228
3 3541 3536 3538
3 3499 3515 3507
3 3515 3499 3536
3 3518 3515 3536
3 3542 3543 3544
3 3545 3546 3547
3 3548 3549 3550
3 3551 885 905
3 885 3551 893
3 3552 3553 3554
3 3548 3555 3549
3 3556 3545 3547
3 3557 3545 3556
3 3558 904 908
3 3545 3557 3559
3 3548 3543 3555
3 3556 3560 3561
3 3554 3562 3552
3 904 3563 905
3 3555 3543 3564
3 3557 3556 3565
3 3564 3543 3566
3 3562 3554 3567
3 3568 3564 3566
3 3565 3556 3561
3 3568 3569 3564
3 908 3570 3558
3 3572 3573 3574
3 3563 904 3558
3 3575 3563 3558
3 3573 3552 3562
3 3575 3558 3570
3 3555 3576 3549
3 998 962 3577
3 3577 3578 998
3 3560 3579 3561
3 3580 3561 3579
3 3581 3561 3580
3 3555 3582 3576
3 3555 3564 3569
3 3583 3573 3562
3 3584 1000 998
3 3585 3573 3583
3 3586 3566 3543
3 3584 998 3578
3 3566 3586 3587
3 3588 3589 3590
3 3591 3561 3581
3 3592 3566 3587
3 990 997 1000
3 3566 3592 3568
3 3593 3565 3561
3 3590 3589 3594
3 3592 3587 3595
3 3568 3592 3596
3 3596 3592 3597
3 3597 3592 3595
3 1000 3598 990
3 3599 3600 3601
3 3602 1000 3584
3 3598 1000 3602
3 3600 3599 3603
3 3594 3604 3590
3 3604 3594 3574
3 3603 3605 3600
3 2650 3606 3607
3 3608 3603 3599
3 3584 3578 3609
3 3606 2650 2652
3 3606 2652 3610
3 3602 3584 3609
3 3611 3602 3609
3 3612 3605 3603
3 3613 3588 3590
3 3614 3605 3612
3 3607 3606 3597
3 3597 3606 3615
3 3616 3605 3617
3 3611 3618 3602
3 3619 3590 3620
3 3613 3590 3619
3 893 3621 889
3 3622 3606 3610
3 889 3621 1008
3 3614 3617 3605
3 3577 974 1008
3 1008 3621 3623
3 3590 3604 3620
3 3621 893 3551
3 3620 3604 3624
3 3551 3623 3621
3 3625 3622 3610
3 3614 3612 3626
3 3625 3610 3627
3 3625 3628 3622
3 3577 962 974
3 3599 3601 3629
3 3627 3630 3625
3 3624 3604 3574
3 3631 3599 3629
3 3632 1008 3623
3 3578 3577 1008
3 3608 3599 3631
3 3632 3578 1008
3 3630 3627 3633
3 3574 3573 3585
3 3634 3632 3623
3 3585 3624 3574
3 3627 3635 3633
3 3551 3636 3623
3 3637 3608 3631
3 3638 3637 3631
3 3555 3639 3582
3 3582 3639 3640
3 3634 3623 3636
3 3585 3641 3624
3 3638 3642 3637
3 3643 3640 3639
3 3632 3634 3644
3 3639 3555 3569
3 3645 3634 3636
3 3639 3569 3646
3 3569 3568 3647
3 3648 3637 3642
3 3634 3645 3644
3 3646 3569 3647
3 905 3649 3551
3 3650 3649 3563
3 3563 3649 905
3 3649 3636 3551
3 3651 3608 3637
3 3649 3650 3636
3 3643 3639 3646
3 3603 3608 3651
3 3651 3612 3603
3 3652 3620 3624
3 3640 3643 3653
3 3570 3654 3575
3 3655 3646 3647
3 3656 3575 3654
3 3657 3651 3637
3 3655 3647 3658
3 3655 3658 3659
3 3646 3655 3643
3 3563 3656 3650
3 3660 3650 3656
3 3575 3656 3563
3 3653 3643 3661
3 3655 3659 3643
3 3661 3643 3659
3 3656 3654 3662
3 3596 3597 3615
3 3650 3660 3636
3 3663 3612 3651
3 3568 3596 3647
3 3636 3660 3645
3 3612 3663 3664
3 3615 3658 3596
3 3645 3660 3665
3 3664 3626 3612
3 3665 3660 3666
3 3660 3656 3666
3 3615 3622 3628
3 3642 3545 3559
3 3667 3666 3656
3 3667 3656 3662
3 3658 3615 3668
3 3628 3668 3615
3 3666 3667 3669
3 3648 3642 3559
3 3606 3622 3615
3 3670 3671 3672
3 3671 3670 3673
3 3658 3647 3596
3 3648 3559 3674
3 3670 3675 3673
3 3676 3578 3632
3 3668 3659 3658
3 3677 3559 3557
3 3676 3632 3644
3 3661 3659 3678
3 3661 3678 3679
3 3648 3657 3637
3 3609 3578 3676
3 3680 3609 3676
3 3681 3657 3648
3 3675 3670 3682
3 3644 3683 3676
3 3645 3684 3644
3 3628 3685 3668
3 3686 3645 3665
3 3684 3645 3686
3 3683 3644 3684
3 3685 3628 3630
3 3611 3609 3680
3 3683 3680 3676
3 3682 3687 3675
3 3628 3625 3630
3 3687 3682 3688
3 3687 3688 3689
3 3685 3630 3690
3 3687 3689 3691
3 3671 3673 3692
3 3565 3677 3557
3 3692 3673 3693
3 3684 3694 3683
3 3677 3674 3559
3 3693 3673 3675
3 3633 3690 3630
3 3695 3677 3565
3 3696 3692 3693
3 3565 3593 3695
3 3659 3668 3678
3 3683 3697 3680
3 3678 3668 3685
3 3697 3611 3680
3 3698 3677 3695
3 3675 3691 3693
3 3699 3611 3697
3 3648 3674 3681
3 3694 3697 3683
3 3700 3685 3690
3 3701 3678 3685
3 3691 3675 3687
3 3701 3685 3700
3 3686 3702 3684
3 3702 3694 3684
3 3703 3681 3674
3 3704 3694 3702
3 3674 3677 3698
3 3705 3706 3707
3 3708 3704 3702
3 3709 3693 3691
3 3710 3708 3702
3 3711 3688 3682
3 3703 3674 3698
3 3712 3715 3706
3 3665 3666 3686
3 3711 3716 3688
3 3716 3711 3717
3 3666 3718 3686
3 3707 3706 3715
3 3657 3681 3663
3 3651 3657 3663
3 3719 3669 3667
3 3666 3669 3718
3 3720 3718 3669
3 3721 3723 3707
3 3720 3669 3724
3 3715 3721 3707
3 3702 3686 3718
3 3725 3722 3714
3 3726 3663 3681
3 3718 3710 3702
3 3727 3626 3664
3 3710 3718 3728
3 3729 3696 3693
3 3663 3726 3664
3 3724 3730 3720
3 3728 3718 3720
3 3731 3696 3729
3 3732 3720 3730
3 3733 3664 3726
3 3723 3721 3734
3 3726 3681 3703
3 3696 3731 3735
3 3736 3726 3703
3 3737 3735 3731
3 1054 907 910
3 3738 3735 3737
3 3740 3722 3725
3 3571 907 1054
3 3691 3689 3709
3 3741 3571 1054
3 3703 3742 3736
3 3571 3741 3743
3 3721 3739 3734
3 3739 3744 3734
3 1053 3745 1054
3 3741 1054 3745
3 3746 3734 3744
3 3747 3688 3716
3 3745 1053 1063
3 3743 3741 3745
3 3748 3733 3726
3 3745 1068 3743
3 3736 3748 3726
3 3749 3746 3744
3 3750 3716 3717
3 3751 3716 3750
3 3688 3747 3689
3 1063 1068 3745
3 3748 3736 3752
3 3739 3753 3744
3 3755 3747 3716
3 3747 3756 3689
3 3747 3757 3756
3 3758 1068 1066
3 3758 1066 1069
3 3725 3759 3760
3 3755 3757 3747
3 3761 3762 3763
3 1069 3764 3758
3 3765 3761 3763
3 3740 3725 3760
3 3762 3761 3766
3 3755 3716 3751
3 3766 3761 3767
3 3768 3654 3570
3 3759 3582 3770
3 3743 3769 3571
3 3751 3771 3755
3 3772 3769 3743
3 3772 3743 1068
3 3768 3662 3654
3 3773 3754 3760
3 3616 3761 3765
3 3774 3662 3768
3 3770 3640 3773
3 3729 3693 3709
3 3770 3760 3759
3 3775 3769 3772
3 3776 3709 3756
3 3756 3709 3689
3 3760 3770 3773
3 3777 3772 3778
3 3776 3756 3779
3 3761 3616 3780
3 3776 3729 3709
3 3781 3662 3774
3 3775 3777 3782
3 3754 3740 3760
3 3667 3662 3781
3 3783 3782 3777
3 3780 3767 3761
3 3767 3780 3785
3 3756 3786 3779
3 3667 3781 3784
3 3787 3749 3744
3 3788 3731 3729
3 3777 3775 3772
3 3767 3785 3789
3 3788 3737 3731
3 3766 3767 3790
3 3790 3767 3789
3 3777 3791 3783
3 3777 3778 3791
3 3789 3792 3790
3 3787 3744 3753
3 3793 3787 3753
3 3788 3794 3737
3 3776 3788 3729
3 3778 1068 3758
3 3793 3753 3796
3 3772 1068 3778
3 3788 3776 3779
3 3786 3797 3779
3 3794 3788 3779
3 3798 3758 3764
3 3794 3797 3799
3 3758 3798 3778
3 3797 3794 3779
3 3792 3789 3800
3 3801 3778 3798
3 3764 3802 3798
3 3803 3801 3798
3 3803 3798 3802
3 3804 3792 3800
3 3786 3756 3757
3 3805 3754 3773
3 3778 3801 3791
3 3805 3795 3754
3 3771 3757 3755
3 3762 3806 215
3 3807 3795 3805
3 3757 3771 3808
3 3805 3773 3809
3 3667 3784 3719
3 215 444 196
3 3810 3805 3809
3 3811 3805 3810
3 3812 3783 3791
3 3813 3786 3757
3 215 3806 444
3 3797 3786 3813
3 3813 3757 3808
3 3814 444 3806
3 3812 3791 3815
3 3801 3815 3791
3 3806 3762 3766
3 3816 3787 3793
3 3808 3771 3817
3 3813 3808 3818
3 3818 3808 3817
3 3766 3814 3806
3 3770 3582 3640
3 3803 3819 3815
3 3803 3815 3801
3 3819 3803 3820
3 3821 3815 3819
3 3640 3653 3773
3 3823 3719 3784
3 3824 3825 3750
3 3653 3661 3809
3 3719 3724 3669
3 3809 3661 3826
3 3724 3719 3823
3 3823 3730 3724
3 3773 3653 3809
3 3814 474 444
3 3812 3822 3783
3 3827 3822 3812
3 3825 3829 3830
3 3730 3823 3828
3 3661 3679 3826
3 3831 3825 3830
3 3678 3701 3679
3 3809 3826 3810
3 3832 3732 3730
3 3730 3828 3832
3 3826 3833 3810
3 3834 3826 3679
3 3827 3812 3835
3 3679 3701 3834
3 3830 3836 3837
3 3834 3838 3839
3 3701 3700 3838
3 3701 3838 3834
3 3834 3833 3826
3 3833 3834 3839
3 3830 3840 3831
3 3815 3835 3812
3 3841 474 3814
3 3835 3815 3821
3 3833 3811 3810
3 3827 3835 3842
3 3843 3844 3845
3 3842 3835 3821
3 3814 3790 3841
3 3845 3846 3843
3 3847 3845 3844
3 3819 3848 3821
3 3849 3846 3845
3 3850 3848 3819
3 3851 3845 3847
3 1069 1125 3764
3 3814 3766 3790
3 3849 3845 3851
3 3764 1125 3802
3 3840 3830 3837
3 3852 3853 3854
3 3852 3847 3853
3 3792 3841 3790
3 3851 3847 3852
3 3840 3837 3855
3 3802 1125 1148
3 3856 3849 3851
3 3803 3802 3857
3 1148 3857 3802
3 3858 3841 3792
3 3804 3858 3792
3 3852 3856 3851
3 3856 3859 3849
3 3751 3750 3860
3 3858 3804 3861
3 3860 3750 3825
3 3862 3849 3859
3 3860 3825 3831
3 3858 3861 3863
3 1148 1147 1161
3 1152 1161 1147
3 3864 1148 1161
3 3854 3865 3852
3 3854 3866 3865
3 3867 3751 3860
3 3867 3860 3868
3 3861 3869 3863
3 3865 3856 3852
3 3869 3870 3863
3 3864 3857 1148
3 3865 3871 3856
3 3856 3871 3859
3 3872 3860 3831
3 3873 3864 3874
3 3871 3865 3875
3 3860 3872 3868
3 3866 3854 3876
3 474 3841 3877
3 3878 3866 3876
3 3820 3803 3857
3 3872 3831 3840
3 3879 3866 3878
3 3877 483 474
3 3873 3820 3857
3 3880 3878 3881
3 3879 3878 3882
3 3878 3880 3882
3 3866 3879 3865
3 3864 3873 3857
3 3883 3872 3840
3 3883 3840 3855
3 3884 3882 3880
3 3850 3819 3820
3 3877 637 483
3 3879 3875 3865
3 3771 3751 3867
3 3884 3885 3882
3 3874 3886 3873
3 3867 3887 3771
3 3888 3889 3884
3 3887 3867 3868
3 3885 3879 3882
3 3885 3890 3879
3 3850 3820 3873
3 3875 3879 3890
3 3891 3877 3841
3 3872 3892 3868
3 1157 3893 1161
3 1161 3893 3864
3 3887 3868 3894
3 3893 3874 3864
3 3885 3895 3890
3 3894 3868 3892
3 3884 3889 3885
3 3895 3885 3889
3 3896 3895 3889
3 3889 3897 3896
3 1169 3898 1157
3 1169 1157 1164
3 3817 3771 3887
3 3898 1169 1172
3 3893 1157 3898
3 3899 3862 3859
3 3900 3887 3894
3 3871 3899 3859
3 3874 3893 3901
3 3893 3898 3901
3 3902 3903 3901
3 3898 1172 3902
3 1172 1173 3904
3 3905 637 3877
3 3902 1172 3904
3 3894 3906 3900
3 3902 3904 3907
3 3908 3862 3899
3 3902 3901 3898
3 3909 3908 3899
3 3910 3817 3887
3 3903 3886 3874
3 3901 3903 3874
3 3910 3887 3900
3 3905 673 637
3 3911 3909 3899
3 3911 3912 3909
3 3911 3899 3871
3 3892 3872 3883
3 3871 3875 3911
3 3911 3875 3913
3 3911 3913 3914
3 3915 1363 1323
3 3916 1363 3915
3 3914 3912 3911
3 3916 3915 3917
3 3905 3877 3891
3 3916 1373 1363
3 3890 3913 3875
3 1373 3916 3918
3 3855 3919 3883
3 3917 3915 3920
3 3895 3921 3890
3 3895 3922 3921
3 3919 3923 3883
3 3913 3890 3921
3 3924 3925 3905
3 3894 3892 3906
3 3926 3916 3917
3 3892 3883 3923
3 3895 3896 3922
3 3918 3916 3926
3 3923 3906 3892
3 3858 3891 3841
3 3927 3896 3897
3 3928 3918 3926
3 3927 3922 3896
3 3913 3929 3914
3 3913 3921 3929
3 3930 3921 3922
3 3929 3931 3914
3 3880 3888 3884
3 1392 1373 1394
3 3932 3933 3934
3 3934 3933 3935
3 3858 3863 3891
3 1373 3918 1394
3 3933 3932 3888
3 3932 3889 3888
3 1383 1382 1394
3 3936 3937 3923
3 3938 1383 1394
3 3939 3905 3891
3 3932 3897 3889
3 3940 3738 3737
3 3941 3737 3794
3 3942 3918 3928
3 3943 3934 3944
3 3737 3941 3940
3 3934 3943 3932
3 1394 3918 3938
3 3932 3943 3897
3 3939 3924 3905
3 3942 3938 3918
3 3891 3863 3939
3 3945 3938 3942
3 3794 3799 3941
3 3799 3946 3941
3 3947 3816 3948
3 3939 3863 3870
3 3949 3939 3870
3 3948 3950 3947
3 3951 3928 3926
3 3952 3951 3926
3 3934 3935 3947
3 3944 3934 3947
3 3941 3953 3940
3 3942 3928 3954
3 3941 3946 3953
3 3617 3780 3616
3 3951 3954 3928
3 3944 3947 3950
3 3955 3945 3942
3 3956 3944 3950
3 3957 3943 3944
3 3955 3942 3954
3 3950 3948 3956
3 3958 3954 3951
3 3959 3799 3797
3 3960 3959 3797
3 3961 3955 3954
3 3962 3785 3780
3 3963 3953 3946
3 3964 3780 3617
3 3959 3946 3799
3 3780 3964 3962
3 3617 3614 3964
3 3943 3965 3897
3 3626 3964 3614
3 3965 3943 3957
3 3964 3626 3966
3 1381 1383 3967
3 3946 3968 3963
3 3959 3968 3946
3 3967 1556 1381
3 3626 3969 3966
3 3626 3727 3969
3 3957 3944 3956
3 3966 3962 3964
3 3970 1552 1556
3 1552 3970 1557
3 1557 3970 3971
3 3956 3972 3957
3 3960 3797 3813
3 3960 3813 3818
3 3973 1556 3967
3 3974 3962 3966
3 3973 3970 1556
3 3973 3975 3970
3 3976 3967 3938
3 3969 3974 3966
3 3976 3973 3967
3 3972 3956 3977
3 3976 3978 3973
3 3979 3977 3956
3 3789 3785 3800
3 3978 3975 3973
3 3980 3978 3976
3 3817 3910 3818
3 3785 3962 3981
3 1383 3938 3967
3 3977 3982 3972
3 3960 3818 3983
3 3984 3785 3981
3 3983 3985 3960
3 3910 3983 3818
3 3945 3976 3938
3 3983 3910 3986
3 3984 3804 3800
3 3987 3908 3909
3 3909 3912 3987
3 3959 3960 3988
3 3984 3800 3785
3 3989 3990 3987
3 3980 3976 3945
3 3971 1568 1557
3 3974 3981 3962
3 3991 3987 3992
3 3992 3987 3912
3 3968 3959 3988
3 3975 3971 3970
3 3993 3984 3981
3 3988 3985 3994
3 3971 3975 3995
3 3912 3914 3992
3 3994 3985 3996
3 3960 3985 3988
3 3997 3993 3981
3 1571 1568 3971
3 3998 3992 3931
3 3931 3992 3914
3 3974 3997 3981
3 3983 3999 3985
3 3971 3995 1571
3 3995 1595 1571
3 3991 3989 3987
3 1595 3995 4000
3 4001 3984 3993
3 3985 3999 3996
3 3978 4002 3975
3 3975 4002 3995
3 4003 3996 3999
3 4004 4001 3993
3 3953 4005 3940
3 3991 4006 4007
3 4008 3991 4007
3 3995 4009 4000
3 4010 4011 4008
3 4008 4007 4010
3 4012 3974 3969
3 4009 3995 4002
3 3953 4013 4014
3 4012 3997 3974
3 4012 4015 4016
3 3980 3945 3955
3 4004 3993 3997
3 3953 3963 4013
3 4016 4004 3997
3 3997 4012 4016
3 4017 3633 3635
3 3963 4018 4013
3 4019 3955 3961
3 4020 4017 3635
3 3955 4019 3980
3 4020 4021 4022
3 4019 4023 3980
3 4020 3635 4021
3 4023 3978 3980
3 3968 4024 3963
3 3968 4025 4024
3 4019 4026 4023
3 4024 4018 3963
3 4027 4022 4028
3 3961 3954 3958
3 4029 4019 3961
3 4030 4020 4027
3 4031 4029 3961
3 3961 3958 4031
3 4022 4027 4020
3 3733 3727 3664
3 4026 4019 4029
3 4028 4032 4027
3 4033 4032 4028
3 4034 4035 4013
3 4036 3969 3727
3 3838 3700 4037
3 4034 4013 4018
3 3690 3633 4017
3 4017 4038 3690
3 4039 4023 4026
3 4038 4017 4040
3 4041 4036 3727
3 4029 4042 4026
3 4024 4043 4018
3 4002 3978 4023
3 3727 3733 4041
3 4041 3733 4044
3 4045 4018 4043
3 4017 4020 4030
3 4002 4023 4046
3 3988 4025 3968
3 4040 4017 4030
3 3994 4025 3988
3 3733 3748 4044
3 3700 3690 4038
3 4046 4009 4002
3 4038 4037 3700
3 4041 4047 4036
3 4037 4038 4048
3 4046 4049 4050
3 3996 4025 3994
3 4051 4041 4044
3 4052 4050 4049
3 3996 4053 4025
3 4047 4041 4051
3 4048 4038 4040
3 4053 3996 4003
3 4040 4054 4048
3 4036 4012 3969
3 4015 4012 4036
3 4049 4023 4039
3 4036 4047 4015
3 4015 4047 4055
3 4023 4049 4046
3 4056 4016 4015
3 4055 4056 4015
3 4057 4049 4039
3 4058 3910 3900
3 4032 4059 4027
3 3986 3910 4058
3 4052 4049 4057
3 4060 4055 4047
3 4030 4027 4059
3 4061 1593 1595
3 4059 4062 4030
3 4062 4059 4063
3 3900 3906 4058
3 4064 4040 4030
3 4062 4064 4030
3 4061 1597 1593
3 4016 4056 4065
3 4054 4040 4064
3 4058 3906 4066
3 4067 4058 4066
3 4064 4068 4054
3 4061 1595 4069
3 1595 4000 4069
3 4056 4055 4070
3 4070 4065 4056
3 3999 3983 3986
3 4062 4068 4064
3 4071 4069 4000
3 3986 4072 3999
3 4073 4000 4009
3 4003 3999 4072
3 3861 3804 4074
3 4074 3804 3984
3 4028 4075 4033
3 4058 4067 3986
3 4069 4076 4061
3 4061 4076 4077
3 4078 4033 4075
3 4032 4033 4079
3 4077 1597 4061
3 4078 4080 4033
3 4081 3861 4074
3 4072 3986 4067
3 4082 1602 1597
3 3984 4001 4074
3 4083 4084 4085
3 3906 3923 4086
3 4082 4087 1602
3 4088 4084 2728
3 4085 4080 4078
3 1597 4077 4082
3 4085 4089 4090
3 4080 4085 4090
3 4074 4001 4091
3 4086 3923 3937
3 4089 4085 4084
3 4089 4084 4088
3 4082 4077 4092
3 4092 4093 4082
3 4091 4081 4074
3 3937 4094 4086
3 4063 4059 4079
3 4059 4032 4079
3 4046 4073 4009
3 4071 4000 4073
3 4079 4033 4080
3 4071 4073 4095
3 3861 4081 3869
3 4050 4073 4046
3 4095 4073 4050
3 4080 4096 4079
3 4095 4076 4071
3 4076 4069 4071
3 4086 4066 3906
3 4076 4095 4097
3 4079 4098 4063
3 4096 4098 4079
3 4097 4095 4099
3 4100 3870 3869
3 4067 4066 4101
3 4062 4063 4102
3 4099 4095 4103
3 4086 4101 4066
3 4094 4101 4086
3 4102 4104 4062
3 4105 4067 4101
3 4063 4098 4102
3 4050 4052 4106
3 4081 4107 3869
3 4050 4103 4095
3 4081 4091 4107
3 4108 3869 4107
3 4106 4103 4050
3 4090 4109 4096
3 4096 4080 4090
3 4100 3869 4108
3 4089 4109 4090
3 4100 4108 4110
3 4077 4076 4097
3 4003 4072 4111
3 4092 4077 4112
3 4112 4077 4097
3 4109 4113 4096
3 4111 4072 4105
3 4114 4112 4097
3 4053 4003 4111
3 4089 4115 4109
3 4097 4099 4114
3 4115 4089 4116
3 4001 4004 4091
3 4117 4111 4105
3 4115 4113 4109
3 4118 4093 4092
3 4091 4004 4119
3 4118 4092 4112
3 4067 4105 4072
3 4112 4114 4120
3 4065 4004 4016
3 4096 4121 4098
3 4102 4098 4121
3 4120 4118 4112
3 4122 4099 4103
3 4122 4114 4099
3 4114 4122 4123
3 4124 4123 4122
3 4124 4122 4103
3 4121 4096 4113
3 4125 4121 4113
3 4004 4126 4119
3 4123 4120 4114
3 4120 4127 4118
3 4128 4113 4115
3 4004 4065 4126
3 4129 4127 4120
3 4130 4126 4065
3 4123 4129 4120
3 4131 4129 4123
3 4094 4132 4101
3 3807 3805 3811
3 4123 4124 4133
3 4132 4105 4101
3 3843 4031 3844
3 4134 4119 4126
3 4029 4031 3843
3 3843 4042 4029
3 4126 4130 4134
3 4091 4119 4107
3 3807 3811 4135
3 4136 4135 3811
3 4094 4137 4132
3 3948 3816 3793
3 4042 3843 3846
3 4138 4107 4119
3 3846 4139 4042
3 4108 4107 4140
3 3793 4141 3948
3 4042 4039 4026
3 4142 4117 4105
3 4138 4143 4107
3 4105 4132 4142
3 4143 4140 4107
3 4144 4057 4039
3 4042 4139 4039
3 4145 4142 4132
3 4141 3793 4146
3 4138 4119 4134
3 4144 4039 4139
3 4134 4147 4138
3 3979 3948 4141
3 4148 4143 4138
3 4132 4137 4149
3 4145 4132 4149
3 4138 4147 4150
3 3956 3948 3979
3 3849 4139 3846
3 3862 4139 3849
3 3862 4144 4139
3 4043 4024 4151
3 3796 4146 3793
3 4153 4146 3796
3 4152 3795 3807
3 4154 4025 4053
3 4065 4070 4130
3 4156 4146 4153
3 4151 4024 4025
3 4151 4025 4154
3 4156 4141 4146
3 4144 3862 3908
3 4152 3807 4135
3 4155 4152 4135
3 4134 4130 4157
3 4141 4156 4158
3 4160 4103 4106
3 4053 4161 4154
3 4162 4163 3671
3 4164 4154 4161
3 4161 4165 4164
3 4165 4161 4166
3 4106 4052 4057
3 3977 3979 4167
3 4167 3979 4168
3 4144 4169 4057
3 4161 4053 4111
3 4168 3979 4141
3 4111 4166 4161
3 4169 4106 4057
3 4166 4111 4117
3 3982 3977 4167
3 3692 4170 4162
3 3692 4162 3671
3 4170 3692 4171
3 4144 3908 4169
3 4168 4172 4167
3 4169 3908 3990
3 4106 4173 4160
3 4173 4106 4169
3 4142 4174 4117
3 3696 4171 3692
3 4142 4145 4174
3 4173 4169 3990
3 4155 4135 4159
3 4175 4176 4177
3 4171 3581 3580
3 4160 4124 4103
3 4159 4135 4178
3 4171 3591 3581
3 3580 4170 4171
3 4179 4124 4160
3 4179 4133 4124
3 4180 4171 3696
3 3837 4181 4175
3 4131 4123 4133
3 4159 4178 4183
3 3591 4171 4180
3 4184 4178 4185
3 3593 3561 3591
3 4160 4173 4179
3 4141 4158 4168
3 4158 4172 4168
3 4182 4172 4158
3 4186 4133 4179
3 3855 3837 4175
3 3591 4187 3593
3 4188 3855 4175
3 4188 4175 4177
3 4189 4179 4173
3 4187 3591 4180
3 4190 4187 4180
3 4191 3839 3838
3 3839 4191 4192
3 4193 3833 3839
3 4037 4191 3838
3 4191 4037 4048
3 4192 4191 4194
3 4188 4177 4195
3 4195 4177 4196
3 4048 4194 4191
3 3990 3908 3987
3 4197 4173 3990
3 3696 3735 4180
3 3811 3833 4193
3 4198 4177 4176
3 3989 4197 3990
3 4180 3735 4190
3 4193 3839 4192
3 4193 4136 3811
3 4008 3989 3991
3 4008 4011 3989
3 4135 4136 4199
3 4197 4189 4173
3 4136 4193 4200
3 4200 4199 4136
3 4201 4203 4205
3 4201 4198 4203
3 4193 4192 4200
3 3698 3695 4206
3 4207 4202 4204
3 4208 4202 4210
3 4211 4200 4192
3 4212 4189 4197
3 3703 3698 4206
3 4213 4198 4201
3 4194 4048 4054
3 4011 4197 3989
3 4213 4201 4209
3 4011 4212 4197
3 4189 4186 4179
3 4054 4214 4194
3 4215 4186 4189
3 4214 4216 4194
3 4215 4189 4212
3 4217 4214 4104
3 4104 4218 4217
3 4213 4196 4198
3 4219 4187 4190
3 4220 4196 4213
3 4221 4215 4212
3 4219 3593 4187
3 4208 4210 4222
3 3695 3593 4219
3 4199 4200 4223
3 4225 4208 4222
3 4223 4226 4199
3 4194 4211 4192
3 4225 4222 4227
3 4219 4206 3695
3 4211 4194 4216
3 4223 4211 4216
3 4209 4224 4213
3 4211 4223 4200
3 4224 4220 4213
3 4226 4223 4216
3 4226 4216 4228
3 4011 4221 4212
3 4216 4214 4217
3 4198 4196 4177
3 4216 4217 4229
3 4229 4217 4218
3 4010 4163 4011
3 4221 4011 4163
3 4228 4216 4229
3 4214 4054 4068
3 3671 4163 4010
3 990 1829 991
3 3919 3855 4188
3 4214 4068 4104
3 4062 4104 4068
3 3738 4190 3735
3 3919 4188 4230
3 4230 4188 4195
3 4135 4199 4185
3 4185 4178 4135
3 4231 1831 1828
3 4199 4226 4185
3 3738 4232 4190
3 1828 1829 4233
3 4219 4234 4206
3 4234 4219 4190
3 4231 1828 4233
3 4184 4185 4235
3 4184 4235 4236
3 4185 4226 4235
3 4228 4235 4226
3 4190 4232 4234
3 4237 3982 4167
3 1829 4238 4233
3 4239 4230 4195
3 4237 4167 4172
3 4237 4172 4240
3 1829 990 3598
3 4232 4241 4234
3 4240 4242 4237
3 4243 4239 4244
3 4245 4242 4240
3 4206 3742 3703
3 3598 3602 3618
3 4246 1829 3598
3 4246 3598 3618
3 4246 3618 4247
3 4182 4240 4172
3 4225 4227 4248
3 4249 4246 4247
3 4250 4225 4248
3 4183 4184 4252
3 3752 3742 4254
3 4248 4255 4256
3 4206 4254 3742
3 4238 1829 4246
3 4183 4178 4184
3 4238 4246 4249
3 3742 3752 3736
3 4258 4195 4196
3 4258 4196 4220
3 4259 3748 3752
3 4253 4240 4182
3 4260 4259 3752
3 4254 4260 3752
3 4261 1831 4231
3 4245 4240 4253
3 4245 4253 4263
3 4233 4264 4231
3 4264 4261 4231
3 4265 4252 4184
3 4252 4265 4262
3 4265 4184 4266
3 1324 1312 1831
3 4254 4267 4260
3 4258 4220 4251
3 4224 4251 4220
3 4261 1324 1831
3 3920 1324 4261
3 4264 4268 4261
3 4269 4245 4263
3 4258 4239 4195
3 3920 1323 1324
3 4239 4258 4244
3 4270 4254 4206
3 4262 4265 4271
3 4270 4206 4234
3 4272 4233 4238
3 4262 4271 4204
3 4233 4272 4264
3 4205 4269 4263
3 4272 4238 4273
3 4274 4264 4272
3 4258 4251 4244
3 4244 4251 4257
3 4234 4241 4270
3 4268 3920 4261
3 4256 4250 4248
3 4241 4275 4270
3 4268 4264 4274
3 4276 4268 4274
3 4255 4277 4256
3 4276 3920 4268
3 4278 4270 4275
3 4254 4270 4267
3 4278 4267 4270
3 4279 4229 4218
3 3699 3618 3611
3 3923 3919 3936
3 4280 4281 4218
3 3919 4230 3936
3 3699 4247 3618
3 4247 3699 4282
3 4279 4218 4281
3 4278 4283 4267
3 3697 4284 3699
3 4273 4238 4249
3 4239 3936 4230
3 3738 3940 4232
3 4104 4280 4218
3 4280 4104 4102
3 4232 3940 4241
3 4005 4241 3940
3 4247 4282 4249
3 4280 4102 4121
3 4282 3699 4284
3 4222 4285 4286
3 4227 4222 4286
3 4005 4275 4241
3 4284 4287 4282
3 4288 4281 4289
3 4227 4286 4290
3 4291 4282 4287
3 4014 4275 4005
3 4274 4272 4273
3 4273 4292 4274
3 4288 4293 4281
3 3953 4014 4005
3 4227 4290 4248
3 4292 4294 4276
3 4280 4121 4289
3 4290 4295 4296
3 4289 4121 4125
3 4292 4276 4274
3 4283 4278 4297
3 4281 4280 4289
3 4255 4296 4298
3 4290 4255 4248
3 4255 4290 4296
3 4275 4297 4278
3 4275 4014 4297
3 4289 4125 4299
3 4300 4294 4292
3 4301 4300 4292
3 4302 4273 4249
3 4288 4289 4299
3 4014 4013 4035
3 4302 4249 4282
3 4302 4292 4273
3 4235 4228 4236
3 4303 4243 4244
3 4304 4236 4228
3 4304 4228 4229
3 4259 4044 3748
3 4282 4305 4302
3 4301 4292 4302
3 4304 4266 4236
3 4305 4301 4302
3 4266 4184 4236
3 4257 4306 4244
3 4277 4298 4308
3 4279 4304 4229
3 4051 4044 4259
3 4307 4256 4277
3 4304 4279 4309
3 4305 4282 4310
3 4291 4310 4282
3 4308 4312 4307
3 4277 4308 4307
3 4313 4260 4267
3 4304 4309 4266
3 4291 4314 4310
3 4315 4259 4260
3 4303 4244 4306
3 4313 4315 4260
3 4309 4279 4316
3 4303 4306 4311
3 4265 4266 4317
3 4309 4317 4266
3 4317 4271 4265
3 4308 4318 4312
3 4315 4051 4259
3 4319 4051 4315
3 4060 4051 4319
3 4320 4309 4316
3 4279 4281 4316
3 3694 3704 3697
3 4321 4319 4315
3 3697 3704 4284
3 4284 3704 4322
3 4311 4323 4303
3 4324 4316 4293
3 4325 4316 4324
3 4326 3704 3708
3 4318 4327 4312
3 4316 4281 4293
3 4326 4322 3704
3 4328 4323 4311
3 4329 4327 4318
3 4330 4313 4267
3 4327 4329 4331
3 4332 4293 4288
3 4321 4313 4330
3 4323 4328 4334
3 4333 4327 4331
3 4332 4335 4293
3 4324 4293 4335
3 4315 4313 4321
3 4320 4317 4309
3 4317 4320 4271
3 4331 4336 4333
3 4337 4326 3708
3 4271 4320 4325
3 4338 4319 4321
3 4320 4316 4325
3 4287 4284 4322
3 4321 4339 4338
3 3937 3936 4340
3 4324 4341 4325
3 4291 4287 4342
3 4322 4342 4287
3 4326 4342 4322
3 4271 4325 4204
3 4207 4204 4325
3 4207 4325 4341
3 4343 4291 4342
3 4342 4326 4337
3 4344 3937 4340
3 4283 4330 4267
3 3921 3930 3929
3 4337 4345 4342
3 3922 4346 3930
3 4239 4340 3936
3 4347 4345 4337
3 4343 4342 4345
3 4340 4239 4243
3 4348 4345 4347
3 4346 3922 3927
3 4321 4330 4339
3 4349 3708 3710
3 4349 4337 3708
3 4349 3710 3728
3 4047 4051 4060
3 4346 3927 4350
3 4350 4351 4346
3 4346 4351 4352
3 4347 4337 4349
3 4353 4349 3728
3 4347 4349 4353
3 4094 3937 4344
3 3897 4350 3927
3 3728 3720 3732
3 4350 3897 3965
3 3732 4353 3728
3 4060 4319 4338
3 4350 4354 4355
3 4354 3965 3957
3 4354 4350 3965
3 4094 4344 4356
3 4340 4243 4357
3 4358 4055 4060
3 4355 4354 4359
3 4348 4347 4360
3 4361 4359 4354
3 3957 3972 4354
3 4360 4353 3705
3 4340 4357 4344
3 3972 4361 4354
3 4353 4360 4347
3 4070 4055 4358
3 3705 4353 4362
3 4060 4338 4358
3 4363 4070 4358
3 3915 1323 3920
3 3931 4364 3998
3 4006 3991 3992
3 4365 4338 4366
3 4366 4338 4339
3 3917 3920 4276
3 3992 3998 4367
3 4367 3998 4364
3 3952 3917 4276
3 4367 4006 3992
3 3917 3952 3926
3 4243 4303 4357
3 4368 4367 4364
3 4367 4368 4369
3 4367 4369 4006
3 4294 3952 4276
3 4370 3931 3929
3 4370 3929 3930
3 4357 4303 4323
3 4365 4358 4338
3 4370 4364 3931
3 4346 4352 3930
3 3930 4352 4371
3 3930 4371 4370
3 4358 4365 4372
3 4370 4371 4364
3 4371 4373 4364
3 4372 4363 4358
3 4373 4371 4352
3 4374 4356 4344
3 4357 4374 4344
3 4373 4352 4375
3 4376 4352 4351
3 4375 4352 4376
3 4364 4373 4368
3 4374 4377 4356
3 4378 4294 4300
3 4379 4377 4374
3 4283 4297 4380
3 4330 4283 4381
3 4381 4339 4330
3 4382 4378 4300
3 4283 4380 4381
3 4378 3952 4294
3 4378 3951 3952
3 4383 4375 4384
3 4384 4375 4376
3 4376 4385 4384
3 4356 4137 4094
3 4035 4380 4297
3 4297 4014 4035
3 3672 4007 4006
3 4380 4035 4381
3 4381 4035 4386
3 4149 4137 4387
3 4300 4301 4388
3 4377 4137 4356
3 4387 4137 4377
3 4389 3672 4006
3 4378 3958 3951
3 4389 4006 4369
3 4390 4366 4339
3 4007 3672 4010
3 3958 4378 4391
3 4392 4391 4378
3 4382 4392 4378
3 4339 4381 4390
3 4010 3672 3671
3 4390 4381 4386
3 4387 4377 4379
3 4310 4314 4393
3 4394 4395 4369
3 4374 4357 4323
3 4369 4395 4389
3 4305 4396 4301
3 4395 3682 4389
3 4305 4393 4396
3 4310 4393 4305
3 3672 4389 3670
3 4389 3682 3670
3 4397 4393 4398
3 4396 4393 4397
3 4399 4386 4035
3 3682 4395 3711
3 4373 4394 4368
3 4394 4369 4368
3 4400 4374 4323
3 4401 4397 4398
3 4373 4383 4394
3 4402 4394 4383
3 4386 4399 4403
3 4375 4383 4373
3 4399 4404 4403
3 4323 4334 4400
3 4291 4343 4314
3 4405 4365 4366
3 4406 4365 4405
3 4407 4402 4383
3 4408 4383 4384
3 4407 4383 4408
3 4400 4379 4374
3 4394 4409 4395
3 4314 4343 4410
3 4314 4410 4398
3 4409 4394 4402
3 4411 4343 4345
3 4411 4345 4348
3 4402 4412 4409
3 4413 4411 4348
3 3711 4395 4409
3 4390 4414 4366
3 4379 4400 4415
3 4412 3711 4409
3 4414 4405 4366
3 4343 4411 4410
3 3711 4412 3717
3 4412 4402 4407
3 4407 3717 4412
3 3717 4407 3824
3 4408 3824 4407
3 4398 4393 4314
3 4410 4416 4398
3 4336 4417 4333
3 4390 4419 4414
3 3750 3717 3824
3 4414 4420 4405
3 4401 4398 4416
3 4419 4420 4414
3 4418 4400 4334
3 4400 4418 4415
3 4350 4355 4351
3 4421 4351 4355
3 4417 4336 4422
3 4416 4410 4411
3 4416 4411 4423
3 4421 4376 4351
3 4355 4359 4421
3 4405 4424 4406
3 4425 4406 4424
3 4405 4420 4424
3 4413 4348 4426
3 4426 4348 4360
3 4296 4427 4428
3 4426 4429 4413
3 4376 4421 4385
3 4413 4429 4430
3 4419 4390 4386
3 4403 4419 4386
3 4421 4359 4431
3 4426 4360 3705
3 4296 4428 4298
3 4385 4421 4431
3 4432 4385 4431
3 4433 4420 4419
3 3707 4426 3705
3 4403 4433 4419
3 4428 4427 4434
3 4413 4430 4411
3 4430 4423 4411
3 4435 4359 4361
3 4436 4430 4429
3 4429 4426 4437
3 3982 4361 3972
3 4437 4426 3707
3 4437 3707 3723
3 4420 4433 4424
3 4429 4437 4436
3 4438 4428 4434
3 4439 4436 4437
3 4440 4361 3982
3 4441 4434 4427
3 4435 4361 4440
3 4435 4431 4359
3 4434 4441 4442
3 4298 4277 4255
3 4431 4435 4443
3 4444 4300 4388
3 4308 4298 4428
3 4443 4435 4440
3 4382 4300 4444
3 4308 4428 4438
3 4445 4403 4446
3 4438 4318 4308
3 4444 4447 4382
3 4447 4392 4382
3 4445 4433 4403
3 4438 4329 4318
3 4433 4445 4448
3 4396 4388 4301
3 4434 4442 4449
3 4431 4443 4432
3 4384 4385 4408
3 4438 4434 4449
3 4396 4450 4388
3 4450 4444 4388
3 4070 4157 4130
3 4442 4451 4449
3 4408 4385 3829
3 4408 3829 3824
3 4450 4396 4397
3 4385 4432 3829
3 4401 4452 4397
3 4453 4070 4363
3 4397 4452 4450
3 4453 4157 4070
3 4454 4444 4450
3 4455 4454 4450
3 4454 4447 4444
3 4456 4447 4454
3 4442 4457 4458
3 4451 4442 4458
3 3825 3824 3829
3 4432 3830 3829
3 4157 4453 4459
3 4455 4460 4454
3 4461 4451 4462
3 4462 4451 4458
3 4455 4463 4460
3 4450 4452 4455
3 4452 4463 4455
3 4329 4438 4449
3 4453 4363 4372
3 4452 4464 4463
3 4401 4464 4452
3 4443 4440 4465
3 4372 4466 4453
3 4451 4329 4449
3 4451 4467 4329
3 4365 4406 4372
3 4425 4466 4372
3 4467 4331 4329
3 3836 4443 4465
3 4467 4451 4461
3 4459 4453 4468
3 3836 4432 4443
3 4392 4447 4469
3 4469 4391 4392
3 3830 4432 3836
3 4469 4447 4456
3 4466 4468 4453
3 4467 4336 4331
3 4181 3836 4465
3 4336 4467 4422
3 4468 4466 4470
3 3958 4391 3844
3 3836 4181 3837
3 3844 4031 3958
3 4461 4422 4467
3 4471 4391 4469
3 4471 3844 4391
3 4237 4440 3982
3 4472 4134 4157
3 4471 3847 3844
3 4459 4472 4157
3 4471 4469 4473
3 4237 4242 4440
3 4399 4035 4034
3 4473 4469 4456
3 4459 4474 4472
3 4034 4018 4045
3 4134 4472 4147
3 4147 4472 4475
3 4404 4399 4034
3 3853 4471 4473
3 4471 3853 3847
3 4034 4045 4404
3 4476 4475 4472
3 4472 4474 4476
3 4473 3854 3853
3 4242 4465 4440
3 3854 4473 4477
3 4478 4465 4242
3 4454 4460 4456
3 4474 4459 4468
3 4242 4479 4478
3 4474 4468 4480
3 4479 4242 4245
3 4481 4460 4463
3 4269 4479 4245
3 4269 4176 4479
3 3876 4460 4481
3 4468 4470 4480
3 4481 4463 4482
3 4482 4463 4464
3 4482 4464 4483
3 4480 4470 4484
3 4456 4477 4473
3 4460 4477 4456
3 3876 4477 4460
3 4485 4476 4474
3 4175 4478 4176
3 4479 4176 4478
3 4486 4481 4482
3 3881 3876 4481
3 4485 4474 4480
3 4481 4486 3881
3 4484 4485 4480
3 4478 4181 4465
3 4486 4482 4483
3 4487 4476 4485
3 4483 4488 4486
3 4175 4181 4478
3 3876 3854 4477
3 3878 3876 3881
3 4372 4406 4425
3 4045 4043 4489
3 4043 4490 4489
3 4486 3880 3881
3 4203 4176 4269
3 3880 4486 4488
3 4198 4176 4203
3 4205 4203 4269
3 4491 4466 4425
3 4045 4489 4404
3 4401 4416 4492
3 4491 4470 4466
3 4470 4491 4493
3 4494 4489 4490
3 4401 4492 4495
3 4496 4495 4492
3 3601 4497 4498
3 4499 4489 4494
3 4404 4499 4500
3 4423 4492 4416
3 4404 4489 4499
3 4493 4491 4501
3 4423 4502 4492
3 4087 1604 1602
3 4502 4423 4430
3 4490 4503 4494
3 4502 4496 4492
3 1604 4087 1979
3 4464 4401 4495
3 4151 4490 4043
3 4501 4425 4424
3 4504 1979 4087
3 4505 4464 4495
3 4496 4505 4495
3 1979 1985 1981
3 4504 1985 1979
3 4491 4425 4501
3 4093 4087 4082
3 4503 4490 4151
3 4503 4151 4164
3 4164 4506 4503
3 4502 4507 4496
3 4508 4424 4433
3 4093 4504 4087
3 4509 4505 4496
3 4164 4151 4154
3 4510 4496 4507
3 4424 4508 4501
3 4511 4512 4504
3 4436 4502 4430
3 4511 4504 4093
3 4439 4502 4436
3 4448 4508 4433
3 4506 4164 4513
3 4164 4165 4513
3 1985 4514 3
3 4165 4515 4513
3 4514 1985 4512
3 4516 4502 4439
3 4439 4437 3723
3 3723 3734 4439
3 4514 4 3
3 4514 4517 4
3 3746 4439 3734
3 4503 4506 4518
3 4512 1985 4504
3 4518 4494 4503
3 4502 4516 4507
3 4519 4501 4508
3 4511 4520 4512
3 4520 4514 4512
3 4521 4507 4516
3 4520 4517 4514
3 4521 4516 3746
3 4508 4448 4519
3 3746 4516 4439
3 4513 4515 4506
3 4522 4093 4118
3 4521 3746 3749
3 4523 4524 4506
3 4515 4523 4506
3 4505 4483 4464
3 4522 4118 4127
3 4093 4522 4511
3 4522 4525 4511
3 4500 4403 4404
3 4403 4500 4446
3 4493 4484 4470
3 4526 4127 4129
3 4526 4522 4127
3 4505 4509 4483
3 4500 4527 4446
3 4528 4129 4131
3 4528 4526 4129
3 4483 4509 4529
3 4509 4530 4529
3 4531 4532 4493
3 4522 4526 4525
3 4484 4493 4532
3 4496 4510 4509
3 4500 4499 4533
3 4534 4499 4494
3 4533 4499 4534
3 4526 4528 4535
3 4494 4518 4534
3 4485 4484 4536
3 4535 4525 4526
3 4530 4509 4510
3 4510 3935 4530
3 4537 4500 4533
3 4500 4537 4527
3 4488 4483 4529
3 4537 4533 4534
3 4537 4534 4538
3 4485 4536 4539
3 4540 4538 4534
3 4511 4525 4541
3 4541 4520 4511
3 4536 4484 4532
3 4529 3888 4488
3 4488 3888 3880
3 4542 4520 4497
3 3933 3888 4529
3 4532 4543 4536
3 4541 4497 4520
3 4536 4543 4539
3 4530 3933 4529
3 4530 3935 3933
3 4527 4445 4446
3 4544 4541 4525
3 4525 4535 4545
3 4544 4525 4545
3 4546 4543 4532
3 4510 4507 4521
3 4541 4544 4498
3 4498 4497 4541
3 4545 4498 4544
3 3935 4510 4547
3 3601 4498 3629
3 4547 4521 3749
3 4547 4510 4521
3 4501 4531 4493
3 4519 4531 4501
3 4537 4548 4527
3 4546 4532 4531
3 3787 3816 3749
3 4549 4542 4550
3 4550 4542 4497
3 4549 4550 4551
3 4551 4552 4549
3 4548 4537 4538
3 3816 3935 4547
3 4553 4546 4531
3 3935 3816 3947
3 4519 4553 4531
3 4550 4497 3601
3 4538 4554 4548
3 4548 4554 4555
3 3749 3816 4547
3 4538 4556 4554
3 4518 4540 4534
3 3600 4551 4550
3 3600 4550 3601
3 3732 3832 4362
3 4557 4543 4546
3 3832 3828 4559
3 4362 3832 4559
3 3763 4552 3765
3 3765 4552 4551
3 4558 3827 3842
3 4546 4560 4557
3 4540 4518 4561
3 4561 4518 4506
3 4524 4561 4506
3 4560 4546 4553
3 3732 4362 4353
3 4561 4524 4562
3 4563 3765 4551
3 4448 4445 4564
3 3600 4563 4551
3 3600 3605 4563
3 4563 3605 3616
3 4556 4538 4565
3 4565 4538 4540
3 3616 3765 4563
3 4565 4540 4561
3 4562 4565 4561
3 3705 4362 3706
3 4565 4562 4566
3 4567 4448 4564
3 4 4568 131
3 4519 4448 4567
3 4568 4 4517
3 3712 3706 4362
3 4556 4565 4566
3 4559 3712 4362
3 4569 3713 4558
3 4570 4519 4567
3 4568 173 131
3 4524 4571 4562
3 4572 173 4568
3 3714 3713 4573
3 4519 4570 4553
3 4542 4517 4520
3 4574 4562 4571
3 4542 4575 4517
3 4576 3842 3821
3 4575 4568 4517
3 4572 4568 4575
3 3842 4569 4558
3 4569 3842 4576
3 4552 4572 4575
3 4570 4567 4577
3 4570 4577 4578
3 4549 4575 4542
3 4579 4165 4166
3 4549 4552 4575
3 4576 3821 3848
3 4572 207 173
3 4165 4579 4515
3 4166 4117 4579
3 4553 4580 4560
3 4174 4579 4117
3 4570 4578 4553
3 207 215 174
3 3762 215 207
3 3550 4576 3848
3 4552 3763 4572
3 4553 4578 4580
3 3762 207 4572
3 4579 4174 4581
3 3763 3762 4572
3 4573 3713 4569
3 2728 1686 4582
3 4515 4579 4581
3 4576 4583 4569
3 4573 4569 4583
3 4584 4515 4581
3 3550 4583 4576
3 4088 2728 4582
3 1686 1688 4582
3 4584 4523 4515
3 4582 4585 4088
3 3725 3714 4573
3 4586 4582 1688
3 4174 4587 4581
3 4588 4528 4131
3 4589 4528 4588
3 4584 4581 4590
3 4133 4588 4131
3 4590 4581 4587
3 3576 4573 4583
3 4528 4589 4535
3 4591 4535 4589
3 4585 4582 4586
3 3549 3576 4583
3 4583 3550 3549
3 4133 4592 4588
3 4088 4585 4593
3 4585 4594 4593
3 4186 4592 4133
3 4573 3576 3725
3 4586 1688 1700
3 4595 1700 1699
3 4586 1700 4595
3 4589 4596 4591
3 3725 3576 3759
3 4586 4595 4597
3 4588 4596 4589
3 3759 3576 3582
3 4145 4587 4174
3 4598 4588 4592
3 4598 4596 4588
3 4587 4145 4599
3 4600 4587 4599
3 3886 3850 3873
3 4595 1699 1708
3 4601 4595 1708
3 3850 3886 4602
3 4602 3886 3544
3 4595 4601 4597
3 4603 4535 4591
3 4603 4545 4535
3 4604 3544 3886
3 4149 4599 4145
3 4585 4586 4597
3 3629 4545 4603
3 4545 3629 4498
3 4605 4599 4149
3 2547 3904 1173
3 2547 3907 3904
3 4594 4585 4597
3 3631 3629 4603
3 3638 3631 4603
3 4597 4606 4594
3 4607 4603 4591
3 4608 4607 4591
3 4606 4597 4609
3 4524 4523 4584
3 3907 2547 4610
3 4596 4608 4591
3 4601 4609 4597
3 2556 4611 2547
3 3547 4608 4596
3 4601 4612 4609
3 4611 4610 2547
3 3638 4607 3546
3 4587 4613 4590
3 4607 3638 4603
3 4608 3546 4607
3 3547 3546 4608
3 3886 3903 4604
3 4116 4089 4088
3 3642 3638 3546
3 3907 3903 3902
3 4215 4592 4186
3 4571 4524 4584
3 4116 4088 4593
3 4604 3903 4614
3 3903 3907 4614
3 4592 4215 4615
3 4598 4592 4615
3 4616 4571 4584
3 4616 4590 4613
3 4616 4584 4590
3 4610 4614 3907
3 4617 4115 4116
3 4614 4610 4618
3 3560 4598 4615
3 4619 4593 4594
3 3542 4604 4614
3 4116 4593 4619
3 3544 4604 3542
3 4614 3586 3542
3 4616 4620 4571
3 4621 4620 4616
3 3543 3542 3586
3 4622 4215 4221
3 4615 4215 4622
3 4574 4571 4620
3 4618 3586 4614
3 4611 4618 4610
3 4617 4116 4619
3 4618 4611 4623
3 4624 2556 2587
3 4611 2556 4624
3 4621 4616 4613
3 4624 4623 4611
3 4625 4622 4221
3 4613 4626 4621
3 4623 4624 4627
3 4128 4115 4617
3 4221 4163 4625
3 4624 2587 3607
3 4627 4624 3607
3 4162 4622 4625
3 4628 4629 4621
3 3607 2587 2650
3 4162 4625 4163
3 4618 4623 3587
3 4617 4630 4128
3 3587 4623 4627
3 4615 4622 3579
3 3586 4618 3587
3 4613 4587 4600
3 3579 3560 4615
3 4631 4630 4632
3 3579 4622 4162
3 4626 4613 4600
3 4632 4617 4619
3 3580 3579 4170
3 4170 3579 4162
3 4630 4617 4632
3 4598 3547 4596
3 3587 4627 3595
3 4619 4594 4606
3 3597 3595 3607
3 3560 3556 3547
3 4598 3560 3547
3 4605 4600 4599
3 4627 3607 3595
3 4606 4633 4619
3 4634 4626 4600
3 3545 3642 3546
3 4634 4600 4605
3 4633 4606 4635
3 3550 3848 4602
3 3850 4602 3848
3 4635 4606 4609
3 4602 3548 3550
3 4635 4636 4637
3 4632 4619 4633
3 4602 3544 3548
3 4628 4621 4626
3 4638 4632 4633
3 4637 4638 4633
3 3548 3544 3543
3 4634 4628 4626
3 4633 4635 4637
3 4445 4527 4639
3 4564 4445 4639
3 4640 4564 4639
3 4641 4640 4639
3 4612 1708 1731
3 4639 4527 4548
3 4612 4601 1708
3 4642 4612 1731
3 4640 4567 4564
3 1731 1727 4643
3 4643 1727 1733
3 4644 4643 1733
3 4642 1731 4643
3 4642 4643 4644
3 4639 4548 4555
3 4645 4642 4644
3 4554 4646 4555
3 4641 4639 4555
3 4612 4642 4645
3 4647 4640 4641
3 4641 4555 4646
3 4648 1733 1741
3 1733 4648 4644
3 4641 4649 4647
3 4641 4646 4649
3 4650 4649 4646
3 4644 4648 4651
3 4652 4649 4650
3 4556 4566 4554
3 4554 4653 4646
3 4648 1741 4654
3 4566 4653 4554
3 1741 1739 4655
3 4566 4562 4656
3 4654 1741 4655
3 4653 4650 4646
3 4651 4648 4654
3 4653 4566 4656
3 4654 4655 4657
3 4651 4645 4644
3 4562 4574 4656
3 4645 4651 4658
3 4658 4651 4654
3 4653 4659 4650
3 4660 4658 4654
3 4659 4653 4661
3 4653 4656 4661
3 4662 4609 4612
3 4661 4656 4663
3 4609 4636 4635
3 4609 4662 4636
3 4661 4663 4664
3 4567 4640 4577
3 4665 4636 4662
3 4662 4612 4645
3 4645 4666 4662
3 4667 4662 4666
3 4577 4668 4578
3 4665 4662 4667
3 4647 4577 4640
3 4636 4669 4637
3 4577 4647 4668
3 4669 4636 4665
3 4669 4665 4670
3 4647 4671 4668
3 4672 4637 4669
3 4669 4670 4672
3 4649 4671 4647
3 4671 4649 4652
3 4665 4667 4670
3 4671 4652 4673
3 4666 4645 4658
3 4578 4668 4674
3 4666 4658 4675
3 4668 4676 4674
3 4668 4671 4677
3 4671 4673 4677
3 4668 4677 4676
3 4658 4678 4675
3 4659 4652 4650
3 4666 4679 4667
3 4679 4666 4675
3 4670 4667 4679
3 4661 4664 4659
3 4679 4675 4680
3 4652 4659 4681
3 4682 4680 4675
3 4681 4659 4683
3 4207 4210 4202
3 4683 4684 4681
3 4659 4664 4683
3 4664 4685 4683
3 4685 4686 4683
3 4673 4652 4681
3 4687 4688 4689
3 4681 4684 4673
3 4683 4686 4684
3 4113 4128 4125
3 4630 4690 4128
3 4299 4125 4128
3 4684 4686 4691
3 4692 4673 4691
3 4691 4693 4692
3 4691 4673 4684
3 4128 4690 4299
3 4685 4694 4686
3 4631 4690 4630
3 4695 4691 4686
3 4620 4696 4574
3 4688 4299 4690
3 4574 4696 4656
3 4288 4299 4688
3 4696 4663 4656
3 4620 4629 4696
3 4696 4629 4697
3 4621 4629 4620
3 4690 4689 4688
3 4698 4663 4696
3 4698 4696 4697
3 4632 4638 4631
3 4698 4697 4699
3 4700 4631 4638
3 4701 4697 4629
3 4699 4697 4701
3 4638 4637 4672
3 4699 4701 4702
3 4700 4638 4672
3 4700 4672 4703
3 4631 4689 4690
3 4631 4700 4689
3 4704 4628 4634
3 4700 4705 4689
3 4701 4629 4628
3 4705 4700 4706
3 4707 4701 4628
3 4701 4707 4702
3 4707 4628 4704
3 4332 4288 4688
3 4704 4708 4707
3 4332 4709 4335
3 4332 4688 4687
3 4687 4689 4705
3 4332 4687 4709
3 4335 4341 4324
3 4710 4707 4708
3 4710 4711 4707
3 4341 4335 4210
3 4341 4210 4207
3 4210 4335 4285
3 4712 4711 4710
3 4698 4664 4663
3 4285 4335 4709
3 4685 4664 4698
3 4698 4699 4685
3 4222 4210 4285
3 4699 4713 4685
3 4694 4685 4713
3 4709 4286 4285
3 4713 4699 4702
3 4714 4713 4702
3 4715 4687 4705
3 4694 4716 4686
3 4716 4694 4713
3 4717 4687 4715
3 4716 4713 4714
3 4718 4716 4714
3 4719 4715 4705
3 4714 4702 4720
3 4718 4714 4720
3 4707 4711 4702
3 4295 4286 4717
3 4295 4290 4286
3 4709 4717 4286
3 4717 4709 4687
3 4720 4702 4711
3 4715 4295 4717
3 4711 4712 4721
3 4706 4719 4705
3 4722 4149 4387
3 4703 4672 4670
3 4379 4723 4387
3 4724 4703 4670
3 4722 4387 4723
3 4725 4724 4670
3 4703 4706 4700
3 4706 4703 4726
3 4706 4726 4727
3 4726 4703 4724
3 4729 4415 4418
3 4422 4728 4417
3 4730 4728 4422
3 4731 4724 4725
3 4729 4732 4415
3 4725 4670 4679
3 4725 4679 4680
3 4732 4729 4733
3 4735 4725 4680
3 4730 4734 4728
3 4725 4735 4736
3 4734 4730 4737
3 4682 4735 4680
3 4415 4723 4379
3 4732 4723 4415
3 4725 4736 4731
3 4724 4731 4726
3 4731 4736 4738
3 4739 4738 4736
3 4739 4736 4740
3 4741 4722 4723
3 4741 4742 4722
3 4742 4741 4743
3 4737 4745 4734
3 4719 4727 4746
3 4296 4295 4427
3 4741 4732 4747
3 4295 4715 4427
3 4723 4732 4741
3 4719 4427 4715
3 4427 4719 4746
3 4732 4733 4744
3 4744 4747 4732
3 4427 4746 4441
3 4744 4748 4747
3 4743 4741 4750
3 4750 4741 4747
3 4706 4727 4719
3 4751 4747 4748
3 4750 4747 4751
3 4746 4752 4441
3 4458 4753 4754
3 4462 4458 4754
3 4441 4752 4442
3 4461 4462 4755
3 4442 4752 4457
3 4756 4457 4752
3 4757 4758 4754
3 4754 4758 4462
3 4457 4753 4458
3 4727 4726 4738
3 4752 4727 4738
3 4462 4758 4759
3 4738 4726 4731
3 4752 4738 4756
3 4746 4727 4752
3 4739 4756 4738
3 4422 4461 4760
3 4755 4760 4461
3 4755 4761 4760
3 4756 4739 4762
3 4756 4753 4457
3 4655 1739 1955
3 4761 4755 4763
3 4764 4655 1955
3 4657 4655 4764
3 4755 4462 4759
3 4755 4759 4763
3 1955 1952 1962
3 4764 1955 1962
3 4757 4765 4758
3 4764 1962 4766
3 4767 4758 4765
3 4759 4758 4767
3 4654 4657 4660
3 4767 4765 4768
3 4769 4660 4657
3 4763 4759 4770
3 4769 4764 4766
3 4764 4769 4657
3 4770 4759 4767
3 4766 1962 4771
3 4770 4767 4772
3 4768 4772 4767
3 4768 4773 4772
3 4774 1962 1958
3 4771 1962 4774
3 1963 4774 1958
3 4770 4772 4775
3 4774 1963 4776
3 4775 4772 4777
3 4778 4771 4774
3 4778 4774 4776
3 3613 4765 4779
3 4771 4780 4766
3 4765 3613 4768
3 4730 4422 4760
3 4769 4766 4781
3 4781 4766 4780
3 4730 4760 4761
3 4782 4781 4780
3 4780 4771 4778
3 4763 4737 4761
3 4730 4761 4737
3 4780 4778 4783
3 4784 4782 4780
3 4775 4785 4763
3 4763 4785 4737
3 4784 4780 4783
3 4660 4678 4658
3 4660 4769 4678
3 4770 4775 4763
3 4785 4745 4737
3 4786 4678 4769
3 4749 4745 4785
3 4786 4769 4787
3 4777 4788 4775
3 4682 4675 4678
3 4786 4789 4678
3 4749 4785 4788
3 4775 4788 4785
3 4682 4678 4789
3 4787 4769 4781
3 4787 4781 4790
3 4787 4790 4791
3 4751 4792 4750
3 4790 4781 4782
3 4751 4793 4792
3 4782 4795 4790
3 4795 4782 4784
3 4787 4796 4786
3 4797 4799 4800
3 4796 4787 4791
3 4802 4786 4796
3 4773 4768 4803
3 4773 4777 4772
3 4790 4804 4791
3 4795 4804 4790
3 4804 4805 4791
3 4804 4806 4805
3 4807 4777 4773
3 4808 4809 4803
3 4773 4803 4809
3 4809 4808 4810
3 4807 4773 4809
3 4810 4811 4809
3 4807 4809 4811
3 4812 1963 1983
3 4776 1963 4812
3 4803 3613 3619
3 3613 4803 4768
3 4812 1983 1986
3 4812 1986 4813
3 4803 3619 4808
3 4808 3619 3620
3 4776 4814 4778
3 4814 4776 4812
3 4783 4778 4814
3 4814 4812 4815
3 4815 4812 4813
3 4815 4816 4814
3 4815 4817 4816
3 4818 4811 4819
3 4783 4814 4816
3 4808 3620 3652
3 4810 4808 3652
3 1990 1986 1987
3 3624 3641 3652
3 3652 3641 4820
3 4813 1986 1990
3 4821 3652 4820
3 4813 1990 4822
3 4822 1990 4823
3 4810 3652 4821
3 4819 4810 4821
3 4819 4821 4824
3 4815 4813 4822
3 4811 4810 4819
3 4822 4825 4815
3 4788 4777 4826
3 4828 4749 4788
3 4828 4788 4826
3 4825 4822 4829
3 4829 4822 4830
3 4831 4784 4783
3 4832 4828 4826
3 4816 4831 4783
3 4795 4784 4831
3 4807 4826 4777
3 4795 4831 4833
3 4834 4831 4816
3 4833 4831 4834
3 4826 4835 4832
3 4834 4816 4817
3 4835 4807 4836
3 4834 4817 4837
3 4795 4806 4804
3 4806 4795 4833
3 4826 4807 4835
3 4827 4751 4748
3 4838 4806 4833
3 4827 4793 4751
3 4834 4837 4833
3 4839 4833 4837
3 4837 3553 4839
3 4838 4833 4839
3 4794 4828 4832
3 4794 4832 4840
3 3553 3552 4839
3 4840 4832 4835
3 4840 4835 4841
3 4815 4825 4817
3 4794 4840 4801
3 4800 4799 4793
3 4842 4817 4825
3 4811 4836 4807
3 4843 4825 4829
3 4841 4835 4836
3 4837 4817 4842
3 4842 3553 4837
3 3554 3553 4844
3 4818 4819 4845
3 4836 4811 4818
3 4842 4825 4843
3 4818 4846 4836
3 4846 4818 4845
3 3553 4842 4844
3 4844 4842 4843
3 4844 4843 4847
3 4847 3554 4844
3 4848 4735 4682
3 4801 4840 4849
3 4849 4798 4801
3 4841 4849 4840
3 4798 4849 4850
3 4850 4849 4841
3 4841 4836 4846
3 4846 4850 4841
3 4848 4789 4802
3 4789 4786 4802
3 4682 4789 4848
3 4851 4850 4846
3 4851 4852 4850
3 4848 4736 4735
3 4852 4851 4853
3 4851 4846 4845
3 4736 4848 4740
3 4851 4845 4854
3 4855 4740 4848
3 4856 4848 4802
3 4149 4722 4605
3 4848 4856 4855
3 4722 4742 4605
3 4802 4796 4791
3 4791 4857 4802
3 4857 4858 4802
3 4857 4791 4805
3 4605 4742 4859
3 4860 4857 4805
3 4634 4605 4859
3 4861 4856 4858
3 3589 4861 4858
3 4856 4802 4858
3 4859 4742 4743
3 3589 4858 4857
3 4860 3589 4857
3 4862 4754 4753
3 4634 4859 4863
3 4863 4859 4864
3 4862 4757 4754
3 4743 4864 4859
3 4762 4739 4740
3 4753 4756 4762
3 4762 4740 4855
3 4862 4762 4855
3 4863 4864 4865
3 4866 4855 4856
3 4865 4864 4867
3 4862 4855 4866
3 4864 4868 4867
3 4779 4862 4866
3 4753 4762 4862
3 4704 4634 4863
3 4704 4863 4708
3 4863 4865 4708
3 4757 4862 4779
3 4866 4856 4861
3 4869 4866 4861
3 4750 4868 4743
3 4743 4868 4864
3 4868 4750 4792
3 3588 4861 3589
3 4869 4861 3588
3 3588 3613 4869
3 4779 4866 4869
3 4779 4869 3613
3 4779 4765 4757
3 4799 4868 4792
3 4793 4799 4792
3 4870 4865 4867
3 4838 4805 4806
3 4710 4708 4865
3 4860 4805 4838
3 4838 4839 3552
3 4865 4870 4871
3 3572 4860 4838
3 4872 4871 4870
3 3572 4838 3552
3 3552 3573 3572
3 4873 4712 4710
3 4865 4873 4710
3 3589 4860 3594
3 4871 4873 4865
3 3594 4860 3572
3 4871 4874 4873
3 3574 3594 3572
3 4868 4870 4867
3 4870 4868 4799
3 4799 4797 4875
3 4877 4875 4797
3 4870 4799 4872
3 4799 4875 4872
3 4872 4875 4878
3 4878 4875 4880
3 4874 4871 4872
3 4874 4872 4878
3 4850 4876 4798
3 4876 4850 4852
3 4852 4879 4876
3 4880 4875 4877
3 2656 2657 3627
3 3627 2657 2699
3 2699 3635 3627
3 2587 2556 2559
3 2706 2720 4075
3 2574 2650 2587
3 3635 2699 4021
3 4021 2699 2702
3 2699 2697 2702
3 2650 2649 2652
3 2652 2651 4881
3 4021 2702 4022
3 2652 4881 3610
3 2720 2721 4078
3 4028 2702 2704
3 4881 2651 2656
3 2720 4078 4075
3 4028 4022 2702
3 3610 4881 2656
3 3610 2656 3627
3 2704 2706 4075
3 4028 2704 4075
3 4083 2721 2725
3 4078 2721 4083
3 4083 4085 4078
3 2725 4084 4083
3 2725 2727 2728
3 4084 2725 2728
3 4882 4883 4884
3 673 3925 4885
3 4887 4888 4890
3 4891 4883 4892
3 4884 4883 4891
3 2801 673 4885
3 4893 4894 4895
3 4893 4895 4896
3 2793 2801 2800
3 4885 2800 2801
3 2800 4885 2809
3 4897 2809 4885
3 4820 3641 4898
3 2809 4897 4899
3 3925 673 3905
3 4893 4888 4887
3 4894 4893 4887
3 4894 4887 4901
3 4820 4902 4824
3 4902 4820 4898
3 4903 4904 4905
3 4885 3925 4897
3 4902 4898 4906
3 4905 4904 4907
3 4902 4906 4908
3 4909 4910 4911
3 4911 4910 4912
3 4897 3925 4913
3 4824 4821 4820
3 4899 2820 2809
3 4914 4915 4903
3 4824 4916 4819
3 4917 4918 4912
3 4899 2828 2820
3 4919 4912 4918
3 4895 4920 4918
3 4921 4824 4902
3 4902 4908 4921
3 4824 4921 4916
3 4922 4919 4918
3 4922 4918 4920
3 4908 4923 4921
3 4911 4924 4909
3 4925 4924 4911
3 4906 4926 4927
3 4928 4899 4897
3 4929 4903 4905
3 4927 4908 4906
3 4930 4925 4911
3 4931 4924 4925
3 4912 4919 4911
3 4932 4899 4928
3 4911 4919 4930
3 4932 2828 4899
3 4927 4926 4933
3 4929 4914 4903
3 4934 4925 4930
3 4919 4922 4930
3 4935 4927 4933
3 4936 4930 4922
3 4908 4927 4937
3 4934 4930 4936
3 4938 4929 4905
3 4936 4922 4939
3 4940 4908 4937
3 4923 4908 4940
3 4913 3925 3924
3 4895 4894 4920
3 4941 4940 4937
3 4941 4937 4942
3 3949 3924 3939
3 4937 4927 4935
3 4939 4920 4943
3 4944 3107 3092
3 4920 4894 4943
3 3924 3949 4913
3 4943 4894 4901
3 4945 4913 3949
3 4946 4943 4901
3 4845 4916 4948
3 4943 4946 4950
3 4928 4897 4913
3 4920 4939 4922
3 4951 4939 4943
3 4952 4928 4913
3 4845 4948 4854
3 4854 4853 4851
3 4939 4951 4936
3 4953 4853 4854
3 4928 4952 4954
3 4943 4950 4951
3 3127 3107 4944
3 4955 4854 4948
3 4955 4948 4956
3 4953 4854 4955
3 4944 4957 3127
3 4958 4953 4955
3 4952 4913 4945
3 4819 4916 4845
3 4959 4960 4962
3 4954 4932 4928
3 4963 4954 4952
3 4948 4921 4923
3 4921 4948 4916
3 4964 3127 4957
3 2824 2828 2877
3 3129 3127 4964
3 4965 4962 4966
3 4956 4967 4955
3 4958 4955 4967
3 4965 4959 4962
3 4968 2877 2828
3 4967 4969 4970
3 4970 4971 4967
3 4965 4972 4959
3 4932 4968 2828
3 4956 4948 4923
3 4972 4965 4973
3 4956 4923 4969
3 4974 4975 3142
3 4976 4977 4978
3 4979 4977 4976
3 4969 4923 4940
3 4940 4980 4969
3 4940 4941 4980
3 4981 4974 3142
3 4981 4982 4974
3 4977 4979 4983
3 4982 4981 4984
3 4967 4956 4969
3 2877 4968 2902
3 2902 4968 4985
3 4970 4969 4980
3 4986 3144 3145
3 3142 3144 4981
3 4986 4981 3144
3 4986 4984 4981
3 4978 4965 4966
3 4987 4935 4933
3 4976 4978 4966
3 4985 4968 4988
3 4989 4985 4988
3 4990 4987 4991
3 4989 4992 4985
3 4973 4965 4978
3 4935 4987 4990
3 2901 4993 2906
3 4935 4942 4937
3 4990 4942 4935
3 4994 4995 4986
3 4942 4990 4996
3 3145 4994 4986
3 4985 4993 2901
3 4985 2901 2902
3 4996 4990 4991
3 4996 4991 4997
3 3154 4998 4994
3 3154 4994 3145
3 4942 4996 4999
3 4932 4954 5000
3 4998 3154 3179
3 4978 4977 4973
3 5001 4991 5002
3 5001 5003 5004
3 4977 5005 4973
3 4932 5000 4968
3 4991 5001 4997
3 4957 5006 5007
3 4968 5000 4988
3 5004 4997 5001
3 5008 5007 5006
3 4973 5009 4972
3 5007 4964 4957
3 5010 4996 4997
3 5010 4997 5011
3 4954 4963 5012
3 5011 4997 5004
3 5013 5011 5004
3 4954 5012 5000
3 5012 5014 5000
3 5007 5015 4964
3 4999 4941 4942
3 4980 4941 4999
3 5000 5014 4988
3 4980 4999 5016
3 5008 5017 5018
3 5007 5008 5018
3 5019 5009 4973
3 5005 5019 4973
3 5020 5017 5008
3 5016 4999 5021
3 5022 5005 4977
3 5022 5023 5005
3 4999 4996 5021
3 5021 4996 5010
3 4983 5022 4977
3 5007 5018 5015
3 4970 4980 5024
3 5015 5018 5025
3 5016 5024 4980
3 5026 4989 4988
3 5014 5026 4988
3 5016 5021 5027
3 4964 5015 3129
3 5028 3949 3870
3 4100 5028 3870
3 5029 5016 5027
3 5030 5009 5019
3 5024 5016 5029
3 5028 4100 4110
3 3129 5015 3157
3 5015 5025 3164
3 4140 4110 4108
3 5028 4110 5031
3 5032 5031 4110
3 4110 4140 5032
3 5015 3164 3157
3 5005 5023 5019
3 5033 5019 5023
3 5034 5021 5010
3 5034 5010 5011
3 5034 5011 5035
3 4959 4889 4960
3 5036 5037 5031
3 4886 4889 4959
3 5038 5034 5035
3 5039 5017 5040
3 4140 4143 5032
3 4900 4886 4972
3 5025 5018 5041
3 4959 4972 4886
3 5027 5042 5029
3 5031 5032 5043
3 5017 5041 5018
3 4900 4972 5044
3 5045 5043 5032
3 5027 5021 5034
3 5046 5036 5043
3 4148 5032 4143
3 5047 5042 5027
3 5027 5034 5038
3 4148 4138 4150
3 4150 5048 4148
3 4148 5045 5032
3 5038 5047 5027
3 5045 5049 5043
3 5039 5041 5017
3 4712 4873 5050
3 4900 5044 4947
3 4148 5048 5045
3 5048 5049 5045
3 5009 5044 4972
3 5036 5031 5043
3 4873 4874 5050
3 5046 5051 5036
3 5052 5041 5039
3 5046 5053 5051
3 5054 4947 5044
3 5020 5055 5017
3 4874 5056 5050
3 5049 5046 5043
3 5054 5044 5009
3 5030 5054 5009
3 5057 5046 5049
3 5056 4874 5058
3 5055 5040 5017
3 4949 4947 5054
3 4949 5054 5059
3 5060 5049 5048
3 5060 5057 5049
3 4949 5059 5061
3 5056 5058 5063
3 5055 5064 5040
3 5063 5058 5065
3 5053 5046 5057
3 5030 5059 5054
3 5066 5053 5057
3 5067 4878 4880
3 5028 4945 3949
3 5028 5031 4945
3 5069 5039 5040
3 5070 5071 5064
3 4945 5031 5037
3 5064 5071 5040
3 5072 5073 5074
3 5037 4952 4945
3 5075 4874 4878
3 5025 5076 3164
3 5077 5074 5073
3 5078 5077 5073
3 3164 5076 3189
3 5037 4963 4952
3 5058 4874 5075
3 5077 5078 5079
3 5076 5025 5041
3 3189 3160 3164
3 5075 4878 5081
3 5037 5036 5082
3 3160 3189 3165
3 5051 5082 5036
3 4963 5037 5082
3 4963 5082 5083
3 5084 5085 5086
3 5084 5087 5085
3 5075 5065 5058
3 5051 5083 5082
3 5051 5053 5088
3 5065 5075 5089
3 5090 5088 5053
3 5079 5091 5092
3 5093 5075 5081
3 5095 5053 5066
3 5076 5041 5052
3 5089 5075 5093
3 5096 5079 5078
3 5079 5096 5097
3 5098 5089 5099
3 5089 5093 5101
3 5089 5101 5099
3 5102 4712 5050
3 5103 5102 5050
3 5097 5091 5079
3 5097 5084 5091
3 5083 5012 4963
3 5097 5104 5084
3 5084 5105 5087
3 5105 5084 5104
3 5050 5056 5103
3 5012 5106 5107
3 5105 5104 5108
3 5103 5056 5063
3 5109 5104 5097
3 5110 5103 5063
3 5014 5012 5107
3 5109 5111 5104
3 5014 5112 5026
3 5110 5113 5114
3 5111 5108 5104
3 5107 5112 5014
3 5065 5115 5063
3 5113 5110 5063
3 5115 5113 5063
3 5072 4924 4931
3 5073 5072 4931
3 5116 5117 5118
3 5119 5073 4931
3 5120 5116 5118
3 4931 4925 5119
3 5119 4925 4934
3 5088 5083 5051
3 4934 5121 5119
3 5122 5119 5121
3 5083 5088 5123
3 5123 5106 5083
3 5124 5120 5118
3 5106 5012 5083
3 4936 5121 4934
3 5106 5123 5125
3 5115 5065 5098
3 5118 5126 5124
3 5065 5089 5098
3 5088 5090 5123
3 5078 5073 5119
3 5118 5117 5127
3 5095 5090 5053
3 4879 4852 5128
3 4879 5128 5068
3 4853 5128 4852
3 5090 5129 5123
3 5125 5123 5129
3 5078 5119 5122
3 4953 5130 4853
3 5095 5129 5090
3 5128 4853 5130
3 5128 5130 5068
3 5131 5132 5121
3 5133 5121 5132
3 5107 5106 5134
3 5068 5130 5135
3 5135 5130 5136
3 5122 5121 5133
3 4953 5136 5130
3 5136 4953 4958
3 5137 5136 4958
3 5080 5068 5135
3 5138 5118 5127
3 5067 5081 4878
3 5106 5125 5134
3 5134 5139 5107
3 5135 5140 5080
3 5138 5126 5118
3 4936 4951 5131
3 5136 5140 5135
3 5134 5141 5142
3 5121 4936 5131
3 5141 5134 5125
3 5131 4951 5143
3 5137 5140 5136
3 5062 4951 4950
3 5144 5125 5129
3 5145 5140 5137
3 5144 5129 5146
3 5141 5125 5144
3 5062 5147 5143
3 5149 5138 5127
3 4967 5137 4958
3 5144 5150 5141
3 4951 5062 5143
3 5151 5138 5149
3 4967 5152 5137
3 5141 5150 5153
3 5152 5145 5137
3 5145 5152 5154
3 5132 5131 5143
3 5149 5155 5151
3 4992 4989 5156
3 5152 4967 4971
3 5157 5132 5158
3 2917 2906 4993
3 5159 5160 5161
3 4992 4993 4985
3 5140 5094 5080
3 5143 5147 5132
3 5162 5159 5161
3 5140 5163 5094
3 5162 5155 5159
3 5163 5140 5145
3 5164 5165 4993
3 5164 4993 4992
3 5158 5132 5147
3 5162 5166 5155
3 2923 2917 5165
3 5165 2917 4993
3 5100 5094 5163
3 5168 5148 5169
3 5163 5145 5154
3 5165 2933 2923
3 5154 5100 5163
3 5100 5154 5170
3 5164 5171 5165
3 5154 5152 5172
3 5078 5122 5096
3 5173 5151 5155
3 5096 5122 5174
3 5174 5122 5133
3 5096 5174 5097
3 5175 5099 5176
3 5097 5174 5109
3 5156 5164 4992
3 5178 5171 5164
3 5179 5173 5155
3 5164 5156 5178
3 5114 5113 5180
3 5181 5182 5183
3 5184 5182 5181
3 5133 5132 5157
3 5165 5185 2933
3 5186 5187 5182
3 5180 5113 5188
3 5185 5189 2933
3 5185 5165 5171
3 5133 5157 5190
3 5174 5133 5190
3 5185 5191 5189
3 5188 5192 5180
3 5193 5194 5195
3 5189 2929 2933
3 5196 5114 5180
3 5197 5198 5189
3 5167 5158 5147
3 5193 5186 5194
3 5189 2934 2929
3 5167 5199 5158
3 5158 5199 5157
3 5196 5180 5200
3 5200 4892 5196
3 5198 2934 5189
3 2940 2934 5198
3 5200 5180 5192
3 5167 5201 5199
3 5195 5194 5203
3 5178 5191 5171
3 5204 5174 5190
3 5109 5174 5204
3 5191 5185 5171
3 5205 5204 5190
3 5205 5190 5157
3 5206 5203 5194
3 5111 5109 5204
3 5207 5191 5178
3 5098 5188 5115
3 5194 5208 5206
3 5209 5204 5205
3 5197 5189 5191
3 5209 5111 5204
3 5183 5210 5181
3 5209 5205 5211
3 5188 5098 5212
3 5205 5157 5199
3 5115 5188 5113
3 5199 5213 5205
3 5214 5191 5207
3 5213 5199 5201
3 5098 5099 5212
3 5213 5211 5205
3 5212 5099 5175
3 5213 5215 5211
3 5188 5212 5192
3 5216 5184 5181
3 5192 5212 5217
3 5218 5156 4989
3 5156 5218 5219
3 5219 5178 5156
3 5184 5186 5182
3 5186 5184 5220
3 5220 5184 5221
3 5222 5218 4989
3 5222 4989 5026
3 5217 5212 5175
3 5216 5221 5184
3 5223 5019 5033
3 4891 4892 5200
3 4891 5200 5224
3 5225 5219 5218
3 5225 5218 5222
3 5023 5226 5033
3 5227 5181 5210
3 5200 5192 5224
3 5192 5228 5224
3 5226 5229 5033
3 5216 5181 5227
3 5227 5230 5216
3 5231 5030 5019
3 5232 4884 4891
3 5223 5231 5019
3 5227 5233 5230
3 5232 4891 5234
3 5223 5235 5231
3 4891 5224 5234
3 5233 5236 5230
3 5225 5237 5219
3 5225 5238 5237
3 5237 5207 5219
3 5232 5234 5239
3 5224 5240 5234
3 5239 5240 5241
3 5239 5234 5240
3 5219 5207 5178
3 5223 5033 5242
3 5243 5221 5216
3 5242 5033 5229
3 5228 5217 5244
3 5216 5245 5243
3 5214 5207 5246
3 5207 5237 5246
3 5175 5248 5217
3 5244 5217 5249
3 5230 5245 5216
3 5246 5237 5250
3 5249 5217 5248
3 5251 5253 5254
3 5243 5245 5255
3 5198 5256 2940
3 5257 5244 5249
3 5258 5235 5223
3 5260 5257 5249
3 5186 5220 5194
3 5228 5192 5217
3 5258 5251 5235
3 5254 5235 5251
3 2940 3131 2946
3 5256 3131 2940
3 5194 5220 5261
3 5262 5220 5221
3 5240 5228 5244
3 5262 5261 5220
3 5256 5263 3131
3 5224 5228 5240
3 5264 5265 5198
3 5256 5198 5265
3 5265 5266 5256
3 5244 5241 5240
3 5267 5242 5268
3 5269 5261 5262
3 5214 5197 5191
3 5261 5208 5194
3 5214 5264 5197
3 5242 5258 5223
3 5214 5270 5264
3 5258 5242 5267
3 4971 4970 5024
3 5197 5264 5198
3 5024 5271 4971
3 4971 5172 5152
3 5272 5251 5258
3 5172 4971 5271
3 5266 5265 5273
3 5274 5266 5273
3 5271 5024 5275
3 5273 5265 5264
3 5269 5208 5261
3 5277 5253 5251
3 5272 5277 5251
3 5271 5275 5278
3 5269 5279 5208
3 5280 5256 5266
3 5256 5280 5263
3 5274 5280 5266
3 5280 5281 5263
3 5172 5170 5154
3 5243 5262 5221
3 5282 5281 5280
3 5172 5283 5170
3 5262 5243 5269
3 5176 5099 5101
3 5177 5100 5170
3 5267 5284 5272
3 5282 5280 5274
3 5286 5272 5284
3 5267 5272 5258
3 5287 5282 5274
3 5288 5269 5243
3 5289 5274 5273
3 5289 5287 5274
3 5283 5177 5170
3 5290 5282 5287
3 5148 5061 5059
3 5283 5291 5247
3 5292 5290 5287
3 5172 5271 5278
3 5278 5283 5172
3 5169 5059 5231
3 5283 5278 5291
3 5269 5293 5279
3 5269 5288 5293
3 5059 5030 5231
3 5255 5288 5243
3 5214 5246 5270
3 5275 5024 5029
3 5270 5273 5264
3 5270 5289 5273
3 5059 5169 5148
3 5294 5288 5255
3 5288 5294 5293
3 5169 5231 5295
3 5296 5297 5270
3 5279 5293 5298
3 5270 5297 5289
3 5247 5291 5299
3 5300 5278 5301
3 5278 5275 5301
3 5298 5293 5294
3 5302 5169 5295
3 5300 5291 5278
3 5303 5304 5305
3 5246 5250 5306
3 5246 5296 5270
3 5300 5301 5307
3 5307 5301 5308
3 5309 5161 5304
3 5246 5306 5296
3 5300 5299 5291
3 5235 5295 5231
3 5309 5304 5303
3 5307 5299 5300
3 5299 5307 5310
3 5303 5311 5309
3 5168 5169 5302
3 5275 5029 5042
3 5203 5303 5305
3 5042 5301 5275
3 5202 5168 5302
3 5301 5042 5308
3 5289 5312 5287
3 5202 5302 5254
3 5303 5203 5206
3 5313 5287 5312
3 5254 5302 5295
3 5235 5254 5295
3 5314 5312 5289
3 5315 5313 5312
3 5314 5315 5312
3 5308 5042 5316
3 5314 5297 5317
3 5314 5289 5297
3 5296 5317 5297
3 5318 5307 5308
3 5303 5319 5311
3 5314 5317 5320
3 5201 5321 5213
3 5175 5176 5248
3 5283 5247 5177
3 5323 5311 5319
3 5322 5202 5254
3 5319 5303 5206
3 5315 5314 5324
3 5325 5247 5299
3 5215 5213 5321
3 5326 5249 5248
3 5321 5327 5215
3 5206 5328 5319
3 5319 5328 5323
3 5329 5162 5161
3 5254 5253 5322
3 5026 5112 5222
3 5325 5299 5310
3 5309 5329 5161
3 5325 5310 5259
3 5330 5222 5112
3 5249 5326 5260
3 5166 5162 5329
3 5257 5260 5331
3 5329 5311 5333
3 5333 5166 5329
3 5330 5225 5222
3 5311 5329 5309
3 5225 5330 5334
3 5225 5334 5238
3 5139 5330 5112
3 5335 5336 5337
3 5323 5333 5311
3 5112 5107 5139
3 5336 5338 5337
3 5339 5333 5323
3 5337 5338 5340
3 5179 5155 5166
3 5340 5341 5337
3 5179 5166 5342
3 5337 5341 5343
3 5337 5343 5335
3 5344 5345 5346
3 5166 5333 5342
3 5347 5334 5330
3 5347 5330 5139
3 5335 5343 5348
3 5333 5339 5342
3 5339 5349 5342
3 5350 5351 5070
3 5349 5179 5342
3 5341 5340 5352
3 5353 5351 5350
3 5353 5354 5351
3 5237 5238 5250
3 5350 5345 5353
3 5341 5352 5355
3 5356 5250 5238
3 5344 5353 5345
3 5357 5343 5341
3 5334 5347 5358
3 5358 5238 5334
3 5355 5357 5341
3 5353 5359 5360
3 5323 5361 5339
3 5362 5357 5355
3 5363 5339 5361
3 5363 5364 5339
3 5352 5365 5366
3 5366 5355 5352
3 5356 5238 5358
3 5356 5358 5367
3 5356 5367 5368
3 5348 5369 5370
3 5142 5139 5134
3 5369 5348 5343
3 5369 5343 5357
3 5344 5346 5371
3 5139 5142 5372
3 5370 5369 5373
3 5371 5346 5374
3 5364 5349 5339
3 5373 5369 5357
3 5139 5372 5347
3 5375 5371 5374
3 5370 5376 5377
3 5371 5375 5344
3 5378 5347 5372
3 5376 5370 5373
3 5379 5378 5372
3 5380 5376 5373
3 5359 5353 5344
3 5142 5379 5372
3 5381 5359 5344
3 5381 5344 5375
3 5362 5373 5357
3 5153 5142 5141
3 5153 5382 5142
3 5380 5373 5362
3 5208 5328 5206
3 5208 5383 5328
3 5142 5382 5379
3 5384 5380 5362
3 5385 5360 5359
3 5208 5279 5383
3 5378 5358 5347
3 5378 5367 5358
3 5384 5386 5380
3 5361 5323 5328
3 5328 5387 5361
3 5328 5383 5387
3 5388 5359 5381
3 5388 5385 5359
3 5389 5376 5390
3 5391 5375 5392
3 4915 5391 5392
3 5376 5393 5390
3 5394 5390 5395
3 5396 5383 5279
3 5397 5367 5378
3 5390 5393 5398
3 5383 5396 5387
3 5399 5391 4915
3 5398 5395 5390
3 5400 5306 5250
3 5250 5356 5400
3 5396 5279 5298
3 5376 5380 5393
3 5375 5374 5392
3 5356 5368 5400
3 5380 5386 5393
3 5401 5400 5368
3 5402 5393 5386
3 5401 5403 5400
3 5396 5298 5404
3 5402 5398 5393
3 5401 5368 5405
3 5387 5396 5406
3 5407 5398 5402
3 5391 5381 5375
3 5306 5317 5296
3 5403 5306 5400
3 5396 5404 5406
3 5403 5317 5306
3 5394 5395 5408
3 5409 5381 5391
3 5403 5401 5410
3 5395 5398 5411
3 5411 5408 5395
3 5320 5317 5403
3 5210 5183 5408
3 5324 5314 5320
3 5387 5363 5361
3 5411 5210 5408
3 5409 5391 5399
3 5411 5412 5210
3 5407 5411 5398
3 5412 5411 5407
3 5403 5410 5320
3 5320 5410 5413
3 5414 5410 5401
3 5363 5415 5364
3 5402 5416 5407
3 5407 5233 5412
3 5416 5233 5407
3 5320 5413 5324
3 5417 5324 5413
3 5418 5363 5387
3 5210 5412 5227
3 5412 5233 5227
3 5419 5388 5381
3 5363 5420 5415
3 5420 5363 5418
3 5419 5421 5388
3 5405 5368 5367
3 5419 5381 5409
3 5011 5013 5422
3 5401 5405 5414
3 5418 5387 5406
3 5035 5011 5422
3 5367 5423 5405
3 5424 5035 5422
3 5406 5425 5418
3 5038 5035 5424
3 5424 5422 5426
3 5425 5427 5418
3 5367 5397 5423
3 5406 5428 5425
3 5429 5419 5409
3 5405 5430 5414
3 5423 5430 5405
3 5431 5419 5429
3 5432 5038 5424
3 5428 5433 5425
3 5047 5038 5432
3 5434 5430 5423
3 5316 5047 5432
3 5427 5420 5418
3 5435 5431 5429
3 5431 5421 5419
3 5432 5424 5436
3 5436 5424 5437
3 5433 5427 5425
3 5424 5426 5437
3 5438 5437 5439
3 5430 5434 5440
3 5436 5437 5438
3 5414 5413 5410
3 5413 5414 5430
3 5399 4915 4914
3 5441 5399 4914
3 5413 5430 5440
3 5442 5443 5444
3 5445 5446 5239
3 5443 5447 5444
3 5241 5445 5239
3 5448 5449 5450
3 5048 4150 5451
3 4475 4150 4147
3 4914 4929 5441
3 4150 4475 5451
3 4476 5452 4475
3 5450 5449 5453
3 4475 5452 5451
3 5454 5441 4929
3 5455 5445 5241
3 5241 5244 5257
3 5048 5451 5456
3 5444 5449 5457
3 5458 5451 5452
3 5442 5444 5457
3 5451 5458 5456
3 5241 5257 5455
3 5459 5455 5257
3 4487 5452 4476
3 5449 5460 5453
3 5460 5444 5447
3 5452 4487 5458
3 5445 5455 5461
3 5460 5449 5444
3 5399 5441 5462
3 5454 5463 5441
3 5463 5462 5441
3 5464 5450 5453
3 5456 5458 5465
3 5465 5458 5466
3 5461 5455 5459
3 5467 5463 5468
3 5466 5458 4487
3 5453 5460 5469
3 5462 5409 5399
3 5447 5470 5460
3 5060 5048 5456
3 5470 5469 5460
3 5465 5060 5456
3 5471 5459 5472
3 5461 5459 5471
3 5060 5066 5057
3 5429 5462 5467
3 5474 5066 5060
3 5465 5474 5060
3 5469 5464 5453
3 5066 5474 5475
3 5463 5467 5462
3 5469 5470 5476
3 5318 5477 5307
3 5465 5466 5478
3 5479 5464 5469
3 5310 5307 5477
3 5479 5469 5476
3 5409 5462 5429
3 5478 5474 5465
3 5316 5042 5047
3 5480 5474 5478
3 5467 5481 5429
3 4539 4487 4485
3 5481 5435 5429
3 5482 4487 4539
3 5483 5484 5316
3 5485 4539 4543
3 5483 5432 5436
3 5482 4539 5485
3 5316 5432 5483
3 5466 4487 5482
3 5486 5431 5435
3 5487 5466 5482
3 5482 5485 5488
3 5318 5308 5489
3 5488 5487 5482
3 5489 5308 5316
3 5490 5486 5435
3 5489 5491 5318
3 5489 5316 5484
3 4557 5488 5485
3 5484 5491 5489
3 5491 5484 5492
3 4557 5485 4543
3 5436 5438 5483
3 5467 5493 5481
3 5481 5493 5490
3 4580 4557 4560
3 5483 5438 5494
3 5490 5435 5481
3 5495 5488 4557
3 5496 5497 5498
3 5439 5494 5438
3 5496 5124 5126
3 5499 5494 5500
3 5501 5126 5138
3 5496 5126 5501
3 5487 5502 5466
3 5501 5503 5496
3 5504 5502 5487
3 5487 5488 5504
3 5492 5484 5505
3 5478 5466 5502
3 5502 5506 5478
3 5507 5491 5492
3 5505 5508 5492
3 5508 5509 5492
3 5483 5505 5484
3 5505 5483 5494
3 5497 5496 5503
3 5495 5504 5488
3 5052 5039 5510
3 5511 5505 5494
3 5069 5040 5071
3 5502 5504 5512
3 5508 5505 5511
3 5069 5071 5513
3 5508 5511 5514
3 5497 5515 5498
3 5512 5504 5516
3 5512 5516 5517
3 5070 5351 5071
3 5257 5331 5459
3 5071 5351 5513
3 5504 5495 5518
3 5519 5332 5259
3 5504 5518 5516
3 5518 5520 5516
3 5519 5310 5477
3 5259 5310 5519
3 5477 5521 5519
3 5510 5039 5069
3 5318 5522 5477
3 5475 5095 5066
3 5475 5480 5523
3 5513 5524 5069
3 5523 5525 5475
3 5526 5497 5527
3 5519 5529 5332
3 5146 5129 5095
3 5524 5510 5069
3 5475 5530 5095
3 5510 5524 5531
3 5095 5530 5146
3 5477 5522 5521
3 5515 5532 5498
3 5318 5491 5522
3 5525 5530 5475
3 5525 5146 5530
3 5354 5513 5351
3 5526 5515 5497
3 5475 5474 5480
3 5521 5522 5507
3 5523 5480 5533
3 5519 5521 5529
3 5529 5521 5534
3 5506 5533 5478
3 5478 5533 5480
3 5535 5523 5533
3 5526 5536 5515
3 5528 5459 5331
3 5459 5528 5472
3 5523 5537 5525
3 5522 5491 5507
3 5535 5537 5523
3 5521 5507 5538
3 5513 5539 5524
3 5534 5521 5538
3 5540 5534 5538
3 5541 5146 5525
3 5541 5144 5146
3 5542 5144 5541
3 5538 5543 5540
3 5542 5150 5144
3 5510 5544 5052
3 5076 5052 5545
3 5546 5150 5542
3 5151 5501 5138
3 5537 5541 5525
3 5534 5473 5529
3 5537 5547 5541
3 5548 5547 5537
3 5547 5542 5541
3 5052 5544 5545
3 5535 5548 5537
3 5540 5473 5534
3 5076 5545 3189
3 5471 5472 5550
3 5547 5546 5542
3 5545 3188 3189
3 5547 5551 5546
3 5551 5547 5548
3 5552 5551 5548
3 5501 5553 5503
3 5549 5473 5540
3 5553 5501 5151
3 5554 5553 5151
3 5555 5506 5502
3 5506 5555 5556
3 5556 5533 5506
3 5507 5492 5509
3 5557 5558 5553
3 5538 5507 5509
3 5556 5535 5533
3 5508 5559 5509
3 5151 5173 5554
3 5560 5554 5173
3 5509 5559 5543
3 5559 5508 5514
3 5561 5545 5544
3 5556 5562 5535
3 5512 5555 5502
3 5538 5509 5543
3 5563 5173 5179
3 5564 5556 5555
3 5512 5517 5555
3 5555 5517 5564
3 5544 5565 5561
3 5563 5560 5173
3 5562 5556 5566
3 5544 5510 5531
3 5560 5567 5554
3 5553 5554 5557
3 5567 5557 5554
3 5568 5557 5567
3 5511 5494 5499
3 5556 5564 5566
3 5564 5569 5566
3 5570 5566 5569
3 5560 5563 5571
3 5571 5567 5560
3 5572 5573 5499
3 5574 5564 5517
3 5514 5511 5573
3 5564 5575 5569
3 5573 5511 5499
3 5503 5553 5558
3 5562 5548 5535
3 5548 5562 5552
3 5576 5524 5539
3 5558 5497 5503
3 5558 5527 5497
3 5577 5573 5572
3 5572 5578 5579
3 5580 5558 5557
3 5581 5552 5562
3 5565 5544 5531
3 5582 5550 5584
3 5582 5471 5550
3 5585 5552 5581
3 5565 5586 5561
3 5587 5585 5581
3 5562 5566 5570
3 5568 5580 5557
3 5570 5581 5562
3 5583 5549 5588
3 5549 5540 5588
3 5565 5589 5586
3 5580 5568 5590
3 5591 5588 5540
3 5568 5567 5571
3 5581 5570 5592
3 5568 5571 5593
3 5581 5592 5587
3 5568 5593 5590
3 5524 5576 5531
3 5583 5594 5596
3 5595 5582 5584
3 5570 5597 5592
3 5598 5592 5597
3 5592 5598 5599
3 5588 5594 5583
3 5531 5600 5565
3 5600 5531 5576
3 5594 5588 5601
3 5580 5527 5558
3 5600 5576 5602
3 5603 5596 5594
3 5527 5580 5604
3 5559 5514 5605
3 5573 5605 5514
3 5605 5573 5606
3 5589 5565 5600
3 5559 5591 5543
3 5591 5540 5543
3 5590 5607 5580
3 5607 5604 5580
3 4578 5608 4580
3 4580 5608 5609
3 5605 5591 5559
3 5605 5610 5591
3 5611 4557 4580
3 5588 5591 5601
3 5610 5601 5591
3 4580 5609 5611
3 5606 5610 5605
3 4557 5611 5495
3 5601 5610 5612
3 5613 5495 5611
3 5614 5602 5576
3 5615 5590 5616
3 5606 5573 5577
3 5590 5615 5607
3 5612 5610 5606
3 5617 5607 5615
3 5618 5600 5602
3 5613 5611 5609
3 5612 5606 5619
3 5613 5609 5620
3 5619 5621 5612
3 5526 5622 5536
3 4578 4674 5608
3 5577 5619 5606
3 5589 5600 5618
3 5613 5518 5495
3 5518 5613 5520
3 5601 5623 5594
3 5621 5601 5612
3 5624 5622 5625
3 5626 5520 5613
3 5623 5603 5594
3 5360 5354 5353
3 5603 5623 5448
3 5627 5628 5520
3 5627 5520 5626
3 5619 5577 5579
3 5572 5579 5577
3 5579 5629 5619
3 5630 5622 5526
3 5620 5626 5613
3 5527 5630 5526
3 5629 5621 5619
3 5631 5354 5360
3 5604 5630 5527
3 5631 5614 5354
3 5621 5629 5632
3 5631 5360 5385
3 5629 5579 5633
3 5629 5633 5442
3 5632 5629 5442
3 5632 5442 5457
3 5631 5634 5614
3 5517 5516 5574
3 5513 5354 5539
3 5520 5628 5516
3 5574 5516 5628
3 5354 5614 5539
3 5614 5576 5539
3 5564 5574 5575
3 5628 5575 5574
3 5623 5601 5621
3 5575 5628 5635
3 5636 5625 5622
3 5634 5637 5614
3 5636 5622 5630
3 5638 5621 5632
3 5623 5621 5638
3 4905 5624 5625
3 5569 5575 5639
3 4938 4905 5625
3 5638 5449 5448
3 5638 5448 5623
3 5575 5635 5639
3 5640 4938 5625
3 5639 5635 5641
3 5632 5457 5638
3 5636 5640 5625
3 5627 5635 5628
3 5449 5638 5457
3 5642 5290 5292
3 5643 5627 5626
3 5644 5637 5634
3 5645 5640 5636
3 5646 5637 5644
3 5313 5647 5292
3 5643 5648 5627
3 5649 5292 5647
3 5650 5649 5647
3 5313 5292 5287
3 5635 5627 5648
3 5385 5651 5631
3 5635 5648 5641
3 5652 5647 5313
3 5313 5315 5652
3 5651 5385 5388
3 5653 5648 5643
3 5639 5570 5569
3 5631 5651 5634
3 5654 5650 5647
3 5570 5639 5597
3 5655 5630 5604
3 5654 5656 5650
3 5597 5639 5657
3 5658 5651 5388
3 5652 5654 5647
3 5630 5655 5636
3 5641 5657 5639
3 5324 5652 5315
3 5597 5657 5598
3 5636 5655 5645
3 5651 5644 5634
3 5659 5598 5657
3 5660 5645 5655
3 5661 5598 5659
3 5607 5662 5604
3 5637 5602 5614
3 5602 5637 5663
3 5664 5656 5654
3 5665 5604 5662
3 3188 5545 5666
3 5667 5664 5654
3 5666 3190 3188
3 5668 5648 5669
3 5648 5668 5641
3 5670 5664 5671
3 5607 5617 5662
3 5672 5659 5657
3 5673 5665 5662
3 5661 5659 5674
3 3190 5666 3199
3 5672 5657 5641
3 5417 5675 5324
3 5673 5662 5617
3 5672 5641 5668
3 5652 5324 5675
3 5545 5561 5666
3 5672 5668 5676
3 5665 5655 5604
3 5676 5668 5338
3 5338 5336 5676
3 5675 5667 5652
3 5667 5654 5652
3 3202 3199 5666
3 5660 5655 5665
3 5667 5675 5677
3 5677 5678 5667
3 5679 5660 5665
3 5680 5153 5150
3 5681 3202 5666
3 5680 5382 5153
3 5546 5680 5150
3 5673 5682 5665
3 5682 5679 5665
3 5683 5379 5382
3 5413 5684 5417
3 5685 5379 5683
3 5680 5683 5382
3 5686 5683 5680
3 5686 5685 5683
3 5687 5640 5645
3 5688 5546 5551
3 5689 5677 5690
3 5417 5677 5675
3 5688 5691 5546
3 5585 5688 5551
3 5692 5688 5585
3 5561 5681 5666
3 5678 5664 5667
3 5691 5680 5546
3 5691 5686 5680
3 5645 5660 5693
3 5671 5678 5694
3 5678 5671 5664
3 5695 5691 5688
3 5692 5695 5688
3 5696 5697 5681
3 5695 5698 5691
3 5679 5693 5660
3 5379 5685 5378
3 5681 5561 5586
3 5699 5670 5671
3 5378 5685 5397
3 5586 5696 5681
3 5699 5671 5694
3 5700 5685 5686
3 5694 5701 5699
3 5702 5679 5682
3 5689 5678 5677
3 5689 5694 5678
3 5697 3202 5681
3 5700 5397 5685
3 5702 5693 5679
3 5703 5700 5686
3 5397 5700 5704
3 5697 3203 3202
3 5698 5703 5686
3 5698 5686 5691
3 5705 5694 5689
3 4938 5454 4929
3 5704 5700 5703
3 5706 5704 5703
3 5684 5677 5417
3 5707 5706 5703
3 5708 5696 5586
3 5586 5589 5708
3 5413 5440 5684
3 5552 5585 5551
3 5690 5677 5684
3 5709 5692 5585
3 5709 5585 5587
3 5697 5696 5710
3 3203 5697 5710
3 5709 5587 5711
3 5712 4938 5640
3 5692 5709 5695
3 5713 5710 5696
3 5714 5695 5709
3 5715 5684 5440
3 5454 4938 5712
3 5709 5711 5716
3 5716 5714 5709
3 5713 5696 5708
3 5717 5715 5440
3 5687 5712 5640
3 5717 5718 5715
3 5599 5587 5592
3 5599 5711 5587
3 5690 5684 5715
3 5719 5690 5715
3 5710 3211 3203
3 5711 5599 5720
3 5710 5721 3215
3 5693 5687 5645
3 5720 5716 5711
3 5710 3215 3211
3 5689 5690 5722
3 5722 5705 5689
3 5693 5723 5687
3 5724 5698 5695
3 5695 5714 5724
3 5724 5703 5698
3 5707 5703 5724
3 5693 5702 5725
3 5726 5724 5714
3 5602 5663 5618
3 5716 5726 5714
3 5722 5727 5705
3 5589 5618 5728
3 5725 5729 5693
3 5724 5730 5707
3 5693 5729 5723
3 5731 5728 5618
3 5732 5723 5729
3 5730 5724 5726
3 5690 5719 5722
3 5733 5729 5725
3 5734 5722 5719
3 5722 5734 5727
3 5733 5732 5729
3 5735 5716 5736
3 5735 5726 5716
3 5663 5731 5618
3 5716 5720 5736
3 5563 5179 5737
3 5694 5705 5738
3 5179 5349 5737
3 5735 5730 5726
3 5663 5739 5731
3 5740 5730 5735
3 5735 5736 5740
3 5740 5741 5730
3 5705 5742 5738
3 5743 5563 5737
3 5646 5644 5744
3 5740 5736 5745
3 5727 5742 5705
3 5746 5742 5727
3 5747 5748 5737
3 5651 5749 5644
3 5750 5423 5397
3 5744 5644 5749
3 5751 5749 5651
3 5397 5704 5750
3 5743 5571 5563
3 5752 5746 5727
3 5423 5750 5753
3 5734 5752 5727
3 5751 5651 5658
3 5753 5434 5423
3 5754 5753 5750
3 5743 5755 5571
3 5748 5743 5737
3 5754 5750 5704
3 5117 5116 5752
3 5706 5754 5704
3 5751 5756 5749
3 5748 5755 5743
3 5757 5754 5706
3 5758 5755 5748
3 5646 5663 5637
3 5757 5759 5754
3 5759 5753 5754
3 5760 5718 5717
3 5747 5349 5364
3 5747 5737 5349
3 5646 5739 5663
3 5719 5715 5761
3 5761 5715 5718
3 5747 5762 5748
3 5763 5761 5718
3 5759 5434 5753
3 5717 5764 5760
3 5765 5760 5764
3 5415 5747 5364
3 5763 5718 5760
3 5747 5415 5762
3 5766 5760 5765
3 5766 5763 5760
3 5759 5764 5434
3 5767 5761 5763
3 5744 5768 5646
3 5769 5763 5766
3 5770 5764 5759
3 5771 5759 5757
3 5770 5759 5771
3 5769 5767 5763
3 5764 5770 5765
3 5739 5768 5772
3 5768 5739 5646
3 5761 5773 5719
3 5717 5440 5434
3 5774 5758 5748
3 5775 5772 5768
3 5764 5717 5434
3 5772 5776 5739
3 5777 5706 5707
3 5730 5777 5707
3 5774 5762 5778
3 5773 5734 5719
3 5748 5762 5774
3 5773 5779 5734
3 5730 5741 5777
3 5773 5761 5767
3 5780 5768 5744
3 5773 5767 5781
3 5780 5775 5768
3 5782 5706 5777
3 5783 5782 5777
3 5777 5741 5783
3 5755 5593 5571
3 5758 5593 5755
3 5782 5757 5706
3 5771 5757 5782
3 5784 5773 5781
3 5784 5779 5773
3 5780 5744 5749
3 5758 5616 5593
3 5780 5749 5756
3 5785 5741 5740
3 5766 5765 5786
3 5769 5766 5786
3 5783 5741 5787
3 5788 5782 5783
3 5787 5788 5783
3 5786 5789 5790
3 5791 5780 5756
3 5786 5790 5769
3 5616 5590 5593
3 5740 5745 5785
3 5780 5791 5792
3 5793 5767 5769
3 5785 5787 5741
3 5794 5787 5785
3 5617 5615 5616
3 5617 5616 5795
3 5770 5771 5796
3 5797 5790 5789
3 5788 5771 5782
3 5797 5798 5790
3 5799 5797 5789
3 5800 5795 5616
3 5771 5788 5801
3 5770 5796 5765
3 5801 5796 5771
3 5802 5769 5790
3 5798 5802 5790
3 5802 5793 5769
3 5780 5803 5775
3 5804 5793 5802
3 5792 5803 5780
3 5796 5786 5765
3 5789 5796 5801
3 5805 5802 5798
3 5806 5789 5801
3 5805 5804 5802
3 5789 5786 5796
3 5806 5801 5788
3 5807 5806 5788
3 5808 5781 5767
3 5767 5793 5808
3 5787 5807 5788
3 5794 5807 5787
3 5774 5809 5758
3 5774 5810 5809
3 5811 5803 5792
3 5806 5799 5789
3 5781 5808 5812
3 5812 5784 5781
3 5813 5799 5806
3 5814 5809 5810
3 5813 5806 5807
3 5815 5812 5808
3 5816 5784 5812
3 5616 5758 5800
3 5797 5799 5813
3 5816 5812 5817
3 5758 5809 5800
3 5708 5728 5818
3 5599 5598 5661
3 5804 5808 5793
3 5815 5808 5804
3 5819 5720 5599
3 5721 5710 5713
3 5820 5804 5805
3 5821 5804 5820
3 5815 5804 5821
3 5815 5821 5822
3 5819 5599 5661
3 5800 5823 5795
3 5819 5661 5824
3 5674 5824 5661
3 5817 5812 5815
3 5823 5800 5809
3 5713 5825 5721
3 5809 5814 5823
3 5815 5822 5826
3 5826 5817 5815
3 5818 5825 5713
3 5825 5818 5827
3 5708 5818 5713
3 5720 5819 5828
3 5829 5827 5818
3 5672 5674 5659
3 5752 5734 5779
3 5824 5674 5830
3 5674 5672 5676
3 5752 5779 5831
3 5676 5830 5674
3 5831 5117 5752
3 5778 5762 5415
3 5336 5830 5676
3 5728 5708 5589
3 5824 5830 5819
3 5127 5117 5831
3 5819 5832 5828
3 5829 5728 5731
3 5784 5831 5779
3 5832 5819 5830
3 5818 5728 5829
3 5778 5415 5420
3 5833 5834 5778
3 5778 5420 5833
3 5832 5830 5335
3 5831 5784 5835
3 5348 5832 5335
3 5835 5127 5831
3 5778 5834 5774
3 5736 5720 5828
3 5810 5774 5834
3 5776 5731 5739
3 5736 5828 5836
3 5784 5816 5835
3 5776 5829 5731
3 5836 5745 5736
3 5837 5835 5816
3 5828 5838 5836
3 5427 5833 5420
3 5828 5832 5839
3 5837 5159 5835
3 5828 5839 5838
3 5840 5816 5817
3 5837 5816 5840
3 5832 5348 5839
3 5826 5840 5817
3 5839 5841 5838
3 5842 5840 5826
3 5843 5833 5427
3 5843 5427 5433
3 5841 5839 5348
3 5838 5844 5836
3 3215 5721 5845
3 5160 5837 5840
3 5846 5847 5833
3 5846 5833 5843
3 5838 5848 5844
3 5838 5377 5848
3 5849 5160 5840
3 5838 5841 5377
3 5849 5161 5160
3 5847 5834 5833
3 5127 5835 5149
3 5159 5149 5835
3 5155 5149 5159
3 5830 5336 5335
3 5160 5159 5837
3 5850 5851 5852
3 5825 5845 5721
3 5370 5841 5348
3 5853 5845 5825
3 5797 5852 5798
3 5845 5853 5854
3 5855 5847 5846
3 5850 5852 5797
3 5841 5370 5377
3 5377 5389 5848
3 5376 5389 5377
3 5856 5852 5851
3 5853 5825 5827
3 5857 5785 5745
3 5858 5798 5852
3 5858 5805 5798
3 5836 5844 5745
3 5820 5805 5858
3 5827 5859 5853
3 5856 5858 5852
3 5810 5860 5814
3 5844 5857 5745
3 5834 5860 5810
3 5845 5854 3215
3 5856 5861 5858
3 5785 5857 5794
3 5854 5853 5862
3 5863 5794 5857
3 5182 5851 5183
3 5814 5864 5823
3 5182 5187 5851
3 5856 5851 5187
3 5860 5864 5814
3 5865 5844 5848
3 5856 5187 5861
3 5866 5867 5776
3 5187 5193 5861
3 5865 5848 5389
3 5829 5867 5868
3 5869 5864 5860
3 5844 5865 5857
3 5821 5870 5822
3 5871 5863 5857
3 5861 5820 5858
3 5820 5861 5821
3 5865 5871 5857
3 5860 5834 5847
3 5861 5870 5821
3 5867 5872 5868
3 5776 5867 5829
3 5394 5865 5389
3 5873 5826 5822
3 5865 5394 5871
3 5394 5874 5871
3 5873 5875 5826
3 5842 5826 5875
3 5876 5875 5873
3 5875 5876 5842
3 5870 5873 5822
3 5863 5813 5794
3 5876 5870 5195
3 5876 5873 5870
3 5193 5870 5861
3 5872 5867 5877
3 5866 5877 5867
3 5813 5807 5794
3 5193 5195 5870
3 5869 5860 5847
3 5186 5193 5187
3 5813 5878 5850
3 5850 5797 5813
3 5868 5859 5827
3 5850 5878 5851
3 5876 5195 5203
3 5863 5878 5813
3 5879 5847 5855
3 5880 5859 5868
3 5842 5849 5840
3 5879 5869 5847
3 5305 5849 5842
3 5304 5849 5305
3 5842 5876 5305
3 5876 5203 5305
3 5874 5878 5863
3 5871 5874 5863
3 5849 5304 5161
3 5853 5859 5862
3 5394 5408 5874
3 5874 5408 5183
3 5642 5881 5290
3 5183 5851 5878
3 5882 5862 5859
3 5883 5881 5642
3 5878 5874 5183
3 5883 5884 5881
3 5883 5885 5884
3 5886 5885 5883
3 5887 5869 5879
3 5869 5887 5888
3 2779 5884 5885
3 5394 5389 5390
3 2779 5885 5889
3 3155 2779 5889
3 5827 5829 5868
3 5890 5886 5883
3 5868 5872 5880
3 5891 5886 5890
3 1989 4823 1990
3 4823 1989 2888
3 5892 5673 5617
3 5885 5886 5893
3 5893 5889 5885
3 5872 5894 5880
3 5617 5795 5892
3 5642 5890 5883
3 5795 5895 5892
3 5896 5892 5895
3 5897 4823 2888
3 5292 5649 5642
3 5892 5682 5673
3 5649 5890 5642
3 5877 5898 5872
3 5897 2888 2914
3 5872 5898 5894
3 5896 5682 5892
3 4823 5897 4830
3 5649 5899 5890
3 4823 4830 4822
3 5899 5891 5890
3 5650 5899 5649
3 5859 5880 5900
3 5901 5900 5880
3 3155 5889 3162
3 3167 3162 5889
3 5902 5903 5896
3 5904 5897 5905
3 5904 4830 5897
3 5891 5893 5886
3 5776 5772 5866
3 5906 5907 5893
3 5893 5891 5906
3 5889 5893 5907
3 5823 5895 5795
3 5772 5908 5866
3 5775 5908 5772
3 5906 5909 5907
3 5909 5910 5907
3 2914 2878 2918
3 5910 5909 5911
3 5912 5891 5899
3 5775 5913 5908
3 5775 5803 5913
3 5908 5877 5866
3 5902 5896 5895
3 5905 5897 2914
3 5913 5914 5908
3 5903 5702 5682
3 5905 5915 5904
3 5912 5906 5891
3 5903 5682 5896
3 5908 5914 5877
3 5916 5906 5912
3 2914 5917 5905
3 5918 5906 5916
3 5906 5918 5909
3 5917 2914 2918
3 5919 5916 5912
3 5864 5895 5823
3 5877 5920 5898
3 5915 5905 5917
3 5877 5914 5920
3 4829 4830 5921
3 4843 4829 5921
3 5922 5921 4830
3 3168 3167 5910
3 5803 5923 5913
3 5904 5922 4830
3 5889 5907 3167
3 5924 5902 5895
3 5907 5910 3167
3 5925 5922 5904
3 5913 5923 5914
3 5926 5921 5922
3 5927 5902 5924
3 5921 5926 4843
3 5910 3171 3168
3 5811 5923 5803
3 5702 5903 5928
3 4847 4843 5926
3 5656 5899 5650
3 5929 5928 5903
3 5930 5926 5922
3 5930 5922 5925
3 5931 5923 5932
3 5914 5923 5933
3 5934 4847 5926
3 5926 5935 5934
3 5936 5725 5702
3 5935 5926 5930
3 5936 5733 5725
3 5928 5936 5702
3 5919 5899 5656
3 5919 5912 5899
3 5925 5904 5915
3 5421 5658 5388
3 5670 5919 5656
3 5670 5937 5919
3 5664 5670 5656
3 5917 5938 5915
3 5939 5925 5915
3 5940 5936 5928
3 5936 5940 5941
3 5939 5915 5938
3 5941 5733 5936
3 5670 5701 5937
3 5942 5658 5421
3 5431 5942 5421
3 5935 5930 5943
3 5902 5929 5903
3 5943 5930 5939
3 5909 5918 5911
3 5925 5939 5930
3 5944 5911 5918
3 5927 5929 5902
3 5945 5918 5916
3 5946 5939 5947
3 5945 5916 5919
3 5948 5431 5486
3 2918 2900 3003
3 5945 5944 5918
3 5940 5929 5949
3 5942 5751 5658
3 5950 5944 5945
3 2918 3003 5951
3 5950 5952 5944
3 5929 5940 5928
3 5911 5953 5910
3 5951 3003 3011
3 5954 5941 5940
3 5955 5951 3011
3 5956 5953 5911
3 5953 3171 5910
3 5957 5751 5942
3 5949 5954 5940
3 5951 5917 2918
3 5957 5756 5751
3 5958 5951 5955
3 5951 5958 5917
3 3172 3171 5953
3 5959 5895 5864
3 5959 5924 5895
3 5957 5960 5756
3 5961 5958 5955
3 5962 5959 5864
3 5869 5962 5864
3 5953 5956 5963
3 3011 3001 3017
3 5948 5942 5431
3 5962 5964 5959
3 5911 5944 5965
3 5944 5952 5965
3 5955 3011 3017
3 5965 5956 5911
3 5965 5966 5956
3 5964 5924 5959
3 5948 5957 5942
3 3017 3012 3022
3 5967 5952 5950
3 3017 3022 5968
3 5964 5927 5924
3 5963 5956 5969
3 5970 3017 5968
3 5970 5955 3017
3 5969 5971 5972
3 5973 5957 5948
3 5974 5975 5964
3 5952 5966 5965
3 5966 5952 5976
3 5955 5977 5961
3 5973 5960 5957
3 5888 5962 5869
3 5978 5952 5967
3 5979 5960 5973
3 5976 5952 5978
3 5977 5955 5970
3 5966 5969 5956
3 5980 5969 5966
3 5970 5981 5977
3 5962 5888 5982
3 5958 5938 5917
3 5976 5978 5983
3 5984 5983 5978
3 5985 5983 5984
3 5985 5986 5983
3 5960 5791 5756
3 5966 5976 5980
3 5969 5980 5971
3 5938 5958 5961
3 5961 5987 5938
3 5988 5980 5986
3 5971 5980 5988
3 5982 5964 5962
3 5983 5980 5976
3 5983 5986 5980
3 5987 5961 5989
3 5982 5974 5964
3 5938 5990 5939
3 5990 5947 5939
3 5982 5991 5974
3 5945 5919 5937
3 5937 5992 5945
3 5791 5811 5792
3 5987 5990 5938
3 5990 5987 5993
3 5992 5950 5945
3 5994 5991 5982
3 5989 5961 5977
3 5949 5929 5927
3 5975 5949 5927
3 5975 5927 5964
3 5993 5987 5989
3 5701 5995 5937
3 5975 5996 5949
3 5937 5997 5992
3 5981 5998 5977
3 5977 5998 5989
3 5995 5997 5937
3 5998 5999 5989
3 5996 5975 5974
3 6000 5791 5960
3 5791 6000 5811
3 6001 5949 5996
3 6002 5967 5950
3 5992 6002 5950
3 6003 5954 5949
3 5979 6000 5960
3 6004 6002 5992
3 5999 5998 6005
3 6006 6000 5979
3 6004 6007 6002
3 5989 5999 5993
3 6004 5992 5997
3 4847 3567 3554
3 6008 6004 5997
3 5974 5991 5996
3 5932 5811 6009
3 3567 4847 5934
3 6010 6008 5997
3 6000 6009 5811
3 6004 6008 6007
3 5934 6011 3567
3 6011 5934 5935
3 6001 6003 5949
3 6011 6012 3567
3 6013 3562 3567
3 6002 5978 5967
3 6002 5984 5978
3 3567 6012 6013
3 3583 3562 6013
3 6014 6003 6001
3 3583 6013 6015
3 6007 5984 6002
3 6016 5985 5984
3 6016 5984 6007
3 5996 5991 6001
3 6017 6001 5991
3 6013 6012 6015
3 6016 6007 6018
3 6008 6018 6007
3 5486 6019 5948
3 5943 6011 5935
3 5963 3172 5953
3 5991 6020 6017
3 2745 3172 5963
3 6021 6011 5943
3 5943 5939 5946
3 6017 6014 6001
3 2745 5963 6022
3 6019 5973 5948
3 5946 6023 5943
3 6023 5946 6024
3 6022 6025 2745
3 6012 6011 6021
3 5969 6022 5963
3 6026 6025 6022
3 6027 5979 5973
3 6028 6012 6021
3 6022 5969 5972
3 6021 5943 6023
3 6023 6029 6021
3 6017 6030 6014
3 6027 5973 6019
3 6029 6023 6031
3 6028 6021 6029
3 2745 6025 2746
3 2746 6025 2756
3 6017 5085 6030
3 5972 6026 6022
3 3585 3583 6015
3 3585 6015 6032
3 6019 5486 6033
3 5490 6034 5486
3 6032 6015 6035
3 6036 6037 6038
3 6035 6015 6012
3 6039 6037 6036
3 6033 5486 6034
3 6039 6036 6040
3 6025 6026 2756
3 6041 6042 6043
3 3641 3585 6032
3 5365 6042 6041
3 4898 3641 6032
3 6043 6042 6039
3 6040 6043 6039
3 6044 6033 6045
3 6040 6046 6043
3 5701 5670 5699
3 5694 6047 5701
3 6019 6033 6044
3 6032 4906 4898
3 6046 6048 6043
3 6027 6019 6044
3 6049 6027 6044
3 6047 5995 5701
3 6028 6035 6012
3 5738 6047 5694
3 6050 5995 6047
3 6047 5738 6050
3 6051 6052 6038
3 4926 6035 6053
3 5997 5995 6054
3 6055 6028 6029
3 6052 6036 6038
3 5995 6050 6054
3 6053 6035 6028
3 6053 6028 6055
3 6056 6036 6052
3 6056 6052 6057
3 4926 6032 6035
3 4906 6032 4926
3 6057 6052 6058
3 6057 6058 4882
3 5742 6059 5738
3 6059 6050 5738
3 6050 6059 6054
3 4926 6053 4933
3 6060 6010 6054
3 4933 6053 6061
3 6040 6036 6056
3 6054 6059 6060
3 6000 6006 6009
3 6062 6060 6059
3 6010 5997 6054
3 6040 6056 6046
3 5946 5947 6024
3 6027 6006 5979
3 6046 6056 6063
3 5990 6064 5947
3 6065 6006 6027
3 6063 6056 6066
3 6024 5947 6064
3 6065 6027 6049
3 6024 6031 6023
3 6031 6024 6067
3 6067 6024 6064
3 6066 6056 6057
3 6064 5990 5993
3 5993 6068 6064
3 6008 6010 6069
3 6065 6009 6006
3 6068 6067 6064
3 6066 6070 6063
3 6071 6067 6068
3 6066 6057 6072
3 6010 6073 6069
3 6067 6074 6031
3 6029 6031 6074
3 6072 6057 4882
3 6075 6067 6071
3 6060 6076 6010
3 6072 4882 4884
3 6074 6067 6075
3 6076 6060 6062
3 5993 6077 6068
3 6066 6072 6078
3 6078 6072 6079
3 6077 5993 5999
3 5999 6080 6077
3 6079 6072 4884
3 6076 6073 6010
3 6071 6068 6077
3 6077 6081 6071
3 6080 5999 6082
3 6065 6049 6083
3 5742 5746 6059
3 6081 6077 6080
3 6080 6084 6081
3 6079 4884 5232
3 6062 6059 5746
3 6083 6085 6065
3 6071 6086 6075
3 5116 5746 5752
3 6055 6029 6074
3 6074 6087 6055
3 6087 6074 6075
3 6085 6009 6065
3 5366 5365 6041
3 6061 6053 6055
3 6088 6009 6085
3 6041 6089 5366
3 6041 6043 6048
3 6075 6090 6087
3 6048 6046 6091
3 6091 6041 6048
3 6092 6076 6062
3 6087 6061 6055
3 5923 5811 5932
3 6061 6087 4987
3 6093 6041 6091
3 4987 4933 6061
3 5002 4987 6087
3 5002 6087 6090
3 5116 6062 5746
3 6094 5366 6089
3 5120 6062 5116
3 4987 5002 4991
3 6094 5355 5366
3 6062 5120 6092
3 5898 6095 5894
3 6095 6096 5894
3 6092 5120 5124
3 6097 5002 6090
3 5001 5002 6097
3 5001 6097 5003
3 5901 5880 5894
3 6093 6089 6041
3 5901 6098 5900
3 5263 2761 3131
3 6099 2911 2924
3 6091 6100 6093
3 2761 5263 6101
3 5894 6096 5901
3 5281 6101 5263
3 2772 2761 6101
3 6093 6102 6089
3 6102 6093 6100
3 6103 6096 6095
3 6103 5901 6096
3 6103 6104 5901
3 5362 5355 6094
3 2772 6101 5884
3 2924 2927 6099
3 6105 6094 6089
3 5384 5362 6094
3 5281 5881 6101
3 5281 5282 5290
3 5281 5290 5881
3 5884 6101 5881
3 6106 6099 6107
3 5914 5933 5920
3 6094 6105 6108
3 2772 5884 2779
3 2927 6107 6099
3 5933 6109 5920
3 6089 6102 6105
3 6105 6102 6110
3 3061 5968 3022
3 6099 6106 6111
3 6106 6112 6111
3 6102 6100 6113
3 6110 6102 6113
3 3061 6114 5968
3 6105 6110 6108
3 5931 5933 5923
3 6115 6110 6113
3 6113 6116 6115
3 6108 5384 6094
3 6107 6117 6106
3 5384 6108 6118
3 6117 6119 6106
3 5386 5384 6118
3 6119 6120 6106
3 6114 6121 5968
3 6095 5898 5920
3 5968 6121 5970
3 2927 2925 2945
3 5970 6121 5981
3 6122 6108 6110
3 2945 6107 2927
3 6122 6110 6115
3 6121 6123 5981
3 6095 6109 6124
3 2943 2961 2945
3 6095 5920 6109
3 6108 6122 6118
3 6123 6121 6125
3 6126 6124 6109
3 6125 6121 6114
3 6115 6127 6122
3 6115 6128 6127
3 6107 2945 2961
3 6095 6124 6103
3 3061 3068 3078
3 3078 6129 3061
3 2961 6130 6107
3 6091 6046 6063
3 6131 6124 6126
3 6132 6063 6070
3 6130 2961 2957
3 6114 3061 6129
3 6091 6063 6132
3 6107 6130 6133
3 6100 6091 6132
3 6103 6124 6134
3 3074 3083 3078
3 6135 6134 6124
3 6133 6130 6136
3 6107 6133 6117
3 6129 3078 3083
3 6070 6066 6078
3 6124 6131 6135
3 6137 6132 6070
3 6129 6125 6114
3 6138 6125 6129
3 6139 6126 5933
3 5933 6126 6109
3 6125 6138 6140
3 6106 6120 6112
3 6100 6132 6141
3 6138 6129 3083
3 6142 6131 6143
3 6141 6144 6100
3 6145 6138 3083
3 6131 6126 6143
3 6141 6146 6144
3 5931 6139 5933
3 6147 6138 6145
3 6141 6132 6137
3 6126 6139 6143
3 5998 5981 6123
3 6148 2957 3064
3 6130 2957 6148
3 6141 6137 6149
3 6150 3064 3050
3 3060 6150 3050
3 6150 6148 3064
3 6151 6148 6150
3 5998 6123 6005
3 6131 6142 6135
3 6148 6151 6130
3 6123 6152 6005
3 6135 6142 6153
3 6137 6070 6078
3 6136 6130 6151
3 6152 6123 6125
3 6154 6137 6078
3 6155 6150 3060
3 3060 3069 6155
3 6079 6154 6078
3 6152 6125 6156
3 6156 6157 6152
3 6150 6155 6151
3 6158 6151 6155
3 6159 6142 6143
3 6142 6159 6153
3 6152 6160 6005
3 6158 6161 6151
3 6082 5999 6005
3 6159 6162 6153
3 6136 6151 6161
3 6158 6163 6161
3 6152 6157 6160
3 6154 6079 6164
3 6165 6160 6157
3 6156 6125 6140
3 6088 6166 6009
3 6137 6154 6167
3 3069 6168 6155
3 6167 6149 6137
3 3069 3062 3086
3 6158 6155 6168
3 6169 6088 6085
3 6088 6169 6170
3 6168 3069 3086
3 6171 6168 3086
3 6172 6156 6140
3 6147 6140 6138
3 6168 6163 6158
3 6140 6147 6173
3 6172 6140 6173
3 3086 3142 4975
3 4975 6171 3086
3 6167 6154 6174
3 6171 6163 6168
3 6171 4975 6175
3 6163 6171 6175
3 6113 6100 6144
3 6144 6116 6113
3 6144 6146 6116
3 6175 4975 4974
3 6175 4974 6176
3 6177 6157 6156
3 6177 6165 6157
3 6172 6177 6156
3 6177 6172 6178
3 6179 5986 5985
3 6173 6178 6172
3 6180 6181 5931
3 6182 6116 6146
3 6183 5971 5988
3 5932 6180 5931
3 6146 6141 6149
3 5988 5986 6184
3 6179 6184 5986
3 6183 5988 6184
3 3143 6185 3084
3 3083 3084 6185
3 6186 6146 6149
3 6183 6184 6187
3 6128 6115 6116
3 6186 6182 6146
3 6188 6018 6008
3 6185 3143 3151
3 6009 6166 5932
3 6180 5932 6166
3 6145 3083 6185
3 6189 6016 6018
3 6128 6116 6182
3 3151 6190 6185
3 6016 6191 5985
3 6189 6191 6016
3 6128 6192 6127
3 6179 5985 6191
3 6192 6128 6182
3 6191 6193 6179
3 6189 6193 6191
3 6182 6186 6194
3 6195 6184 6179
3 6195 6179 6193
3 6194 6186 6196
3 6185 6190 6197
3 6197 6145 6185
3 6198 6149 6167
3 6197 6147 6145
3 6180 6166 6199
3 6188 6189 6018
3 6180 6200 6181
3 6186 6149 6196
3 6196 6149 6198
3 6199 6200 6180
3 3151 3150 3153
3 6189 6201 6193
3 6181 6139 5931
3 3153 6190 3151
3 6174 6198 6167
3 6202 6189 6188
3 6201 6189 6202
3 6203 6201 6202
3 6139 6181 6204
3 2911 6099 3153
3 6195 6187 6184
3 6198 6174 6205
3 6195 6206 6187
3 6206 6195 6207
3 6208 6195 6193
3 6111 3153 6099
3 6111 6190 3153
3 6209 6196 6198
3 6210 6211 6208
3 6208 6207 6195
3 6208 6211 6207
3 6181 6200 6204
3 6209 6198 6212
3 6201 6208 6193
3 6139 6204 6159
3 6208 6213 6210
3 6143 6139 6159
3 6201 6213 6208
3 6214 6209 6212
3 6204 6162 6159
3 6215 6210 6213
3 6197 6190 6112
3 6112 6190 6111
3 6216 6211 6210
3 6209 6217 6218
3 6209 6218 6196
3 6219 6211 6216
3 6215 6216 6210
3 6220 6221 6216
3 6222 5402 5386
3 5971 6223 5972
3 5386 6118 6222
3 6026 6224 2756
3 6225 6173 6147
3 6226 6224 6026
3 6204 6200 6227
3 6228 6222 6118
3 6223 6026 5972
3 6225 6147 6197
3 6118 6122 6228
3 6197 6229 6225
3 6127 6228 6122
3 6226 6026 6223
3 6230 6226 6223
3 6231 6222 6228
3 6227 6162 6204
3 6232 6173 6225
3 6233 5402 6222
3 5402 6233 5416
3 5971 6183 6223
3 6183 6230 6223
3 6233 6222 6231
3 6112 6234 6197
3 6235 6230 6183
3 6234 6229 6197
3 6227 6236 6162
3 6231 6237 6233
3 2768 2756 6224
3 6112 6120 6234
3 6234 6238 6229
3 3092 2768 6224
3 6228 6127 6239
3 6160 6082 6005
3 6088 6240 6166
3 6160 6241 6082
3 6082 6084 6080
3 6242 6231 6228
3 6239 6242 6228
3 6239 6243 6242
3 6242 6237 6231
3 6166 6240 6199
3 6244 6224 6226
3 6242 6243 6245
3 6246 6244 6226
3 6247 3092 6224
3 5416 6248 5233
3 6249 6248 5416
3 6199 6240 6250
3 5416 6233 6249
3 6249 6233 6237
3 6183 6187 6235
3 6251 4676 4677
3 4674 4676 6252
3 6187 6206 6235
3 5608 4674 6252
3 6253 5608 6252
3 6253 5609 5608
3 5620 5609 6253
3 6226 6230 6246
3 6230 6235 6254
3 6230 6254 6246
3 6248 5236 5233
3 6255 6235 6256
3 6170 6250 6240
3 6088 6170 6240
3 6235 6206 6256
3 6257 6255 6256
3 6258 6257 6256
3 5620 6253 6259
3 6254 6235 6255
3 6260 6259 6253
3 6248 6249 6261
3 5620 6259 5626
3 6254 6262 6263
3 6254 6255 6262
3 6250 6170 6264
3 6264 6265 6250
3 5236 6248 6261
3 6199 6250 6266
3 5626 6259 6267
3 6250 6265 6266
3 4673 4692 4677
3 4677 4692 6251
3 6237 6242 6245
3 4676 6251 6252
3 6246 6268 6244
3 6224 6244 6247
3 6245 6249 6237
3 6260 6253 6252
3 3092 6247 4944
3 6269 6249 6245
3 6199 6266 6270
3 6260 6252 6251
3 6268 4944 6247
3 6269 6245 6271
3 6268 6247 6244
3 4957 4944 6268
3 6272 6260 6251
3 6266 6265 6273
3 6269 6261 6249
3 6200 6199 6270
3 6261 6269 6274
3 6251 4692 6275
3 6200 6270 6227
3 4692 4693 6276
3 6277 6227 6270
3 4692 6276 6275
3 6263 6268 6246
3 6192 6182 6278
3 6127 6192 6239
3 4693 4691 4695
3 6263 6246 6254
3 6239 6192 6279
3 4695 4686 4716
3 6279 6192 6280
3 6273 6277 6270
3 6278 6280 6192
3 4693 6281 6276
3 4695 6281 4693
3 4695 6282 6281
3 6278 6182 6194
3 6278 6194 6283
3 6251 6275 6272
3 6277 6236 6227
3 6218 6194 6196
3 6283 6194 6218
3 6284 6276 6281
3 6207 6285 6206
3 6284 6272 6275
3 6256 6206 6285
3 6276 6284 6275
3 6285 6258 6256
3 6280 6278 6283
3 6211 6219 6207
3 6219 6285 6207
3 6286 6287 6236
3 6288 6281 6282
3 6289 6284 6281
3 6236 6277 6286
3 6243 6239 6279
3 6281 6288 6289
3 6216 6221 6219
3 6288 6290 6289
3 6255 6257 6262
3 6273 6270 6266
3 6257 6291 6262
3 6243 6279 6292
3 6293 6291 6257
3 6294 6259 6260
3 6273 6295 6277
3 6291 6293 6296
3 6297 6280 6283
3 6298 6279 6280
3 6298 6280 6297
3 6299 6294 6260
3 6298 6292 6279
3 6299 6260 6272
3 6300 6294 6299
3 6263 5006 6268
3 5006 4957 6268
3 6267 6259 6294
3 6301 6295 6273
3 6302 6298 6297
3 6303 6302 6297
3 6303 6304 6302
3 6305 5008 5006
3 5008 6305 5020
3 6300 6267 6294
3 6267 6300 6306
3 6307 6295 6301
3 6262 6308 6263
3 6295 6286 6277
3 6308 5006 6263
3 6262 6291 6308
3 6295 6309 6286
3 6300 6310 6306
3 6283 6218 6311
3 6217 6311 6218
3 6312 6286 6309
3 6272 6284 6313
3 6313 6284 6289
3 6272 6314 6299
3 6313 6314 6272
3 6315 6312 6309
3 6300 6299 6310
3 6316 6291 6296
3 6291 6316 6308
3 6308 6316 6305
3 6313 6317 6314
3 6317 6313 6289
3 6289 6290 6317
3 6217 6209 6214
3 6305 5006 6308
3 6297 6283 6311
3 6303 6297 6311
3 6318 6311 6217
3 6299 6319 6310
3 6299 6314 6319
3 6319 6320 6310
3 6303 6311 6318
3 6321 5463 5454
3 6319 6314 6317
3 6290 6322 6317
3 6323 5055 6305
3 5064 5055 6323
3 5055 5020 6305
3 6321 5468 5463
3 6317 6324 6319
3 6324 6317 6322
3 6316 6323 6305
3 6323 6325 5070
3 6325 6323 6316
3 4716 6326 4695
3 5064 6323 5070
3 6327 6318 6217
3 4718 6326 4716
3 6245 6243 6292
3 6328 5454 5712
3 6282 4695 6326
3 6292 6329 6245
3 6330 6258 6285
3 6293 6258 6330
3 6271 6245 6329
3 6331 6285 6219
3 6330 6285 6331
3 6328 6332 5454
3 6292 6333 6329
3 4718 6334 6326
3 6333 6292 6335
3 6336 6282 6326
3 6298 6335 6292
3 6336 6288 6282
3 6335 6298 6302
3 6257 6258 6293
3 6335 6302 6304
3 6332 6321 5454
3 6326 6334 6336
3 6331 6337 6330
3 6338 6335 6304
3 6333 6335 6338
3 6332 6339 6321
3 6340 6296 6293
3 6341 6336 6334
3 6330 6340 6293
3 6333 6271 6329
3 6269 6271 6342
3 6343 6340 6330
3 6344 6330 6337
3 6330 6344 6343
3 4721 4720 4711
3 6269 6342 6274
3 6221 6331 6219
3 6345 4718 4720
3 4718 6345 6334
3 6346 6331 6221
3 6345 4720 4721
3 6271 6347 6342
3 6333 6347 6271
3 4712 5102 4721
3 6348 6346 6221
3 5493 5467 5468
3 5102 6345 4721
3 6346 6337 6331
3 6346 6344 6337
3 6349 6338 6304
3 6344 6346 6350
3 6351 6333 6338
3 6347 6333 6351
3 5102 6352 6345
3 6351 6338 6349
3 6353 5493 5468
3 6351 6349 6354
3 6321 6339 5468
3 6355 6334 6345
3 6351 6354 6356
3 6351 6356 6347
3 6355 6345 6352
3 6304 6303 6318
3 6357 6358 6340
3 6352 5102 5103
3 5110 6352 5103
3 6357 6340 6343
3 6359 5490 5493
3 6360 6304 6318
3 6344 6361 6343
3 6290 6288 6336
3 6336 6341 6290
3 6362 6343 6361
3 6363 6318 6327
3 6359 6034 5490
3 6364 6318 6363
3 6341 6365 6290
3 6365 6341 6366
3 6360 6318 6364
3 6353 6359 5493
3 6367 6362 6361
3 6341 6334 6366
3 6366 6334 6355
3 6368 6034 6359
3 6369 6357 6343
3 6370 6343 6362
3 6370 6369 6343
3 5374 6369 6370
3 6367 6370 6362
3 6290 6365 6322
3 6349 6304 6360
3 6371 6349 6360
3 6370 5392 5374
3 5468 6339 6353
3 6358 6316 6296
3 6322 6365 6372
3 6371 6360 6373
3 6340 6358 6296
3 6354 6349 6371
3 6372 6374 6322
3 6365 6366 6372
3 6316 6358 6325
3 6375 6339 6332
3 6376 6358 6357
3 6377 6353 6339
3 6372 6378 6374
3 6378 6372 6366
3 6376 6325 6358
3 6325 6376 5350
3 6373 6360 6364
3 6379 6359 6353
3 5346 6376 6357
3 6380 6373 6364
3 6353 6377 6379
3 6376 5345 5350
3 5345 6376 5346
3 5350 5070 6325
3 6381 6373 6380
3 6352 6382 6355
3 6369 5346 6357
3 6379 6368 6359
3 5232 6164 6079
3 6382 6352 5110
3 5114 6382 5110
3 5239 5446 5232
3 5374 5346 6369
3 6069 6188 6008
3 6188 6069 6383
3 6164 5232 5446
3 6328 5712 5687
3 6073 6383 6069
3 6328 5687 5723
3 6384 6366 6355
3 6378 6366 6384
3 6384 6355 6382
3 6174 6154 6164
3 6385 6378 6384
3 6164 5446 6386
3 5723 6387 6328
3 6388 6383 6073
3 6386 6174 6164
3 6076 6388 6073
3 6387 6332 6328
3 6384 6382 6389
3 6390 6383 6388
3 6267 5643 5626
3 6387 6375 6332
3 6386 5446 5445
3 6188 6383 6202
3 6267 6306 5643
3 6391 6375 6387
3 6392 6375 6391
3 6390 6202 6383
3 6390 6203 6202
3 6306 6310 6393
3 5732 6387 5723
3 6205 6174 6386
3 6306 6393 5643
3 6205 6212 6198
3 6203 6213 6201
3 6394 6386 5445
3 6395 5643 6393
3 6395 5653 5643
3 6203 6215 6213
3 5732 5733 6396
3 6397 6205 6386
3 6396 6398 5732
3 6386 6394 6397
3 6220 6216 6215
3 6399 6220 6215
3 6387 5732 6391
3 6393 6310 6320
3 6399 6215 6203
3 6400 6395 6393
3 6212 6205 6397
3 5732 6398 6391
3 6401 6203 6390
3 6214 6212 6402
3 6391 6398 6403
3 6402 6212 6397
3 6319 6404 6320
3 6324 6404 6319
3 6400 6393 6320
3 6401 6405 6203
3 6406 6400 6320
3 6405 6399 6203
3 6406 6320 6404
3 6397 6394 6407
3 6394 6408 6407
3 6404 6324 6409
3 6409 6324 6322
3 6402 6397 6407
3 6405 6410 6399
3 6322 6051 6409
3 6377 6339 6375
3 6392 6377 6375
3 6394 5445 5461
3 6404 6411 6406
3 6092 6388 6076
3 6412 6400 6406
3 6412 6406 6411
3 6408 6394 5461
3 6413 6388 6092
3 6412 6411 6414
3 6413 6415 6388
3 6408 5461 5471
3 6409 6411 6404
3 6415 6390 6388
3 6416 6409 6051
3 6411 6409 6416
3 6414 6411 6037
3 6037 6411 6416
3 6379 6377 6417
3 6416 6038 6037
3 5653 5669 5648
3 6377 6392 6417
3 6092 5124 6413
3 6418 6408 5471
3 6419 6417 6392
3 6417 6419 6420
3 5496 6413 5124
3 5653 6421 5669
3 6421 5653 6395
3 6422 6423 6417
3 5669 6421 5340
3 5668 5669 5338
3 6420 6422 6417
3 6424 6392 6391
3 5498 6415 6413
3 5496 5498 6413
3 6425 6214 6402
3 5669 5340 5338
3 6390 6415 6401
3 6424 6419 6392
3 6391 6403 6424
3 6425 6402 6426
3 6403 6427 6424
3 6421 6395 6400
3 6426 6402 6407
3 6427 6419 6424
3 6421 6400 6428
3 6429 6421 6428
3 6425 6426 6430
3 6421 6429 5340
3 6327 6214 6425
3 6428 6431 6429
3 6427 6432 6419
3 5532 6405 6401
3 5352 5340 6429
3 5532 6401 6415
3 6429 6431 5352
3 6419 6432 6420
3 6433 6405 5532
3 6400 6412 6428
3 6434 6428 6412
3 5498 5532 6415
3 6430 6435 6425
3 6434 6431 6428
3 6414 6434 6412
3 6414 6039 6434
3 6217 6214 6327
3 6037 6039 6414
3 6435 6327 6425
3 5536 6433 5532
3 5536 5624 6433
3 6434 6042 6431
3 5532 5515 5536
3 6434 6039 6042
3 5365 5352 6431
3 5365 6431 6042
3 6436 6033 6034
3 6034 6368 6436
3 6220 6348 6221
3 6407 6408 6426
3 6348 6220 6399
3 6368 6379 6437
3 6437 6436 6368
3 6426 6408 6418
3 6322 6374 6051
3 6058 6051 6374
3 6379 6417 6423
3 6423 6437 6379
3 6410 6348 6399
3 6438 6437 6423
3 6430 6426 6418
3 6410 6439 6348
3 6374 6378 6440
3 6058 6374 6440
3 6418 5471 5582
3 6439 6410 4907
3 6038 6416 6051
3 6439 4907 4904
3 5582 6441 6418
3 6423 6422 6438
3 6433 4907 6410
3 6440 4882 6058
3 6405 6433 6410
3 6052 6051 6058
3 6441 6430 6418
3 5624 4907 6433
3 6442 6443 6422
3 6422 6420 6442
3 6385 6440 6378
3 6442 6420 6432
3 6432 6444 6442
3 6385 6384 6389
3 5114 6389 6382
3 6445 6430 6441
3 6444 6446 6442
3 6441 6447 6445
3 6448 6385 6389
3 5196 6448 6389
3 5196 6389 5114
3 6449 6396 5941
3 5941 6396 5733
3 6440 6385 6448
3 5536 5622 5624
3 4883 4882 6440
3 4883 6440 6448
3 6449 6398 6396
3 4892 6448 5196
3 5624 4905 4907
3 6450 6449 5941
3 4892 4883 6448
3 6327 6435 6363
3 6398 6449 6451
3 6451 6449 6450
3 6363 6435 6452
3 6350 6346 6348
3 6380 6364 6363
3 6403 6398 6453
3 6452 6380 6363
3 6350 6361 6344
3 6453 6398 6451
3 6348 6439 6350
3 6450 5941 5954
3 6435 6454 6452
3 6455 6452 6454
3 6456 6350 6439
3 6003 6450 5954
3 6361 6350 6456
3 6456 6367 6361
3 4915 6367 6456
3 5392 6367 4915
3 6367 5392 6370
3 6457 6453 6451
3 6450 6457 6451
3 6458 6380 6452
3 4904 6456 6439
3 6459 6457 6003
3 6003 6457 6450
3 6452 6455 6458
3 6430 6454 6435
3 6430 6445 6454
3 4904 4903 6456
3 6455 6454 6445
3 4903 4915 6456
3 6447 6460 6445
3 6403 6461 6427
3 6453 6461 6403
3 6460 6447 6462
3 6461 6464 6427
3 6465 6461 6453
3 6466 6468 6460
3 6462 6466 6460
3 6465 6464 6461
3 6464 6432 6427
3 6455 6445 6460
3 6460 6468 6455
3 6464 6444 6432
3 5595 6441 5582
3 6464 6469 6444
3 6453 6457 6465
3 6447 5595 6462
3 6447 6441 5595
3 5603 6463 5596
3 6469 6464 6465
3 6470 6465 6457
3 6471 6463 5603
3 6472 6469 6465
3 6467 6463 6471
3 5448 6471 5603
3 6014 6459 6003
3 5230 5236 5245
3 5236 6473 5245
3 6473 5236 6474
3 5236 6261 6474
3 6470 6457 6459
3 6475 6470 6459
3 5245 6473 5255
3 6475 6476 6470
3 6477 5255 6473
3 6476 6472 6470
3 6014 6030 6459
3 6477 6473 6474
3 6030 6475 6459
3 6478 6479 6477
3 6474 6261 6274
3 6480 6475 6030
3 6474 6274 6481
3 6480 6030 5085
3 6474 6482 6477
3 6482 6478 6477
3 6476 6475 6480
3 5255 6477 6479
3 6472 6465 6470
3 6483 6479 6478
3 5255 6479 5294
3 6484 5298 5294
3 6484 5294 6479
3 6436 6045 6033
3 6484 6479 6483
3 6045 6485 6044
3 6486 6437 6438
3 6487 6486 6438
3 6488 6484 6483
3 6486 6045 6436
3 6274 6342 6489
3 6274 6489 6481
3 6486 6436 6437
3 6481 6482 6474
3 6489 6482 6481
3 6489 6342 6347
3 6490 6045 6486
3 6490 6486 6487
3 6347 6491 6489
3 6490 6485 6045
3 6491 6347 6356
3 6485 6049 6044
3 6492 6491 6356
3 6482 6493 6494
3 6493 6482 6489
3 6489 6491 6493
3 6493 6491 6495
3 6490 6496 6497
3 6492 6498 6491
3 6497 6485 6490
3 6492 6499 6498
3 6491 6498 6495
3 6500 6495 6501
3 6501 6498 6499
3 6501 6495 6498
3 6083 6049 6485
3 6371 6373 6502
3 6371 6502 6354
3 6492 6356 6354
3 6492 6354 6503
3 6503 6354 6502
3 6503 6502 6504
3 6083 6169 6085
3 6502 6373 6381
3 6505 6083 6485
3 6083 6505 6169
3 6504 6502 6381
3 6381 6506 6504
3 6499 6492 6503
3 6499 6503 6507
3 6508 6169 6505
3 6485 6497 6505
3 6507 6503 6504
3 6504 6509 6507
3 6505 6497 6510
3 6494 6478 6482
3 6494 6483 6478
3 6511 6505 6510
3 6494 6488 6483
3 6488 6494 6512
3 6511 6508 6505
3 6512 6494 6493
3 6493 6495 6512
3 6443 6438 6422
3 6488 6512 6513
3 6487 6438 6514
3 6513 6512 6515
3 6512 6495 6500
3 6496 6490 6487
3 6500 6515 6512
3 6514 6496 6487
3 6438 6443 6514
3 6484 6488 6516
3 6517 6516 6488
3 6518 6516 6517
3 6488 6513 6517
3 6442 6446 6443
3 6446 6519 6443
3 6519 6514 6443
3 6513 6515 6520
3 6517 6513 6521
3 6521 6513 6520
3 6522 6523 6514
3 6522 6514 6519
3 6524 6519 6446
3 6519 6524 6522
3 6525 6522 6524
3 6523 6497 6496
3 6496 6514 6523
3 6526 6515 6500
3 6526 6500 6501
3 6526 6501 6527
3 6520 6515 6526
3 6528 6497 6523
3 6528 6523 6529
3 6526 6527 6530
3 6530 6520 6526
3 6531 6520 6530
3 6531 6532 6520
3 6522 6529 6523
3 6527 6501 6499
3 6527 6499 6507
3 6533 6529 6534
3 6534 6529 6522
3 6522 6525 6534
3 6527 6507 6535
3 6536 6507 6509
3 6535 6507 6536
3 6527 6537 6530
3 6528 6510 6497
3 6527 6535 6537
3 6528 6538 6510
3 6538 6528 6533
3 6535 6536 6539
3 6535 6540 6537
3 6540 6535 6539
3 6484 5404 5298
3 6533 6528 6529
3 5404 6484 6516
3 6541 6533 6542
3 6541 6538 6533
3 6541 6543 6538
3 6516 6544 5404
3 6516 6518 6544
3 5406 5404 5428
3 5428 5404 6545
3 6546 6444 6469
3 5404 6544 6545
3 6547 6546 6469
3 6472 6547 6469
3 5428 6545 6548
3 6548 5433 5428
3 6549 6476 6480
3 5433 6550 5843
3 6549 6551 6476
3 6521 6518 6517
3 6552 6544 6518
3 6552 6518 6521
3 6544 6552 6553
3 6554 6547 6472
3 6532 6521 6520
3 6472 6555 6554
3 6521 6532 6552
3 6552 6532 6556
3 6547 6554 6557
3 6558 6557 6554
3 6545 6544 6553
3 6553 6552 6559
3 6560 6558 6554
3 6561 6558 6560
3 6559 6552 6556
3 6555 6472 6476
3 6551 6555 6476
3 6562 6555 6551
3 6548 6545 6563
3 6550 5433 6548
3 6560 6554 6555
3 6548 6563 6550
3 6550 6563 6564
3 6562 6560 6555
3 6565 6560 6562
3 6550 6566 5843
3 6545 6553 6563
3 6563 6553 6567
3 6567 6564 6563
3 6567 6553 6559
3 6568 6569 6559
3 6564 6567 6569
3 6567 6559 6569
3 6565 6570 6560
3 6571 6570 6565
3 6560 6570 6561
3 6572 6569 6568
3 6573 6561 6570
3 6574 6566 6550
3 6575 6446 6444
3 6446 6575 6524
3 6550 6564 6574
3 6564 6572 6574
3 6576 6577 6574
3 6569 6572 6564
3 6546 6575 6444
3 6574 6572 6576
3 6578 6576 6572
3 6556 6532 6531
3 6579 6556 6531
3 6524 6575 6525
3 6580 6525 6575
3 6568 6559 6556
3 6581 6525 6580
3 6530 6582 6531
3 6530 6537 6582
3 6579 6531 6582
3 6582 6537 6540
3 6583 6546 6547
3 6575 6546 6583
3 6540 6539 6584
3 6557 6583 6547
3 6585 6582 6540
3 6540 6586 6585
3 6580 6575 6583
3 6586 6540 6587
3 6540 6584 6587
3 6588 6580 6583
3 6588 6583 6557
3 6585 6579 6582
3 6568 6556 6579
3 6589 6580 6588
3 6586 6590 6585
3 6579 6585 6590
3 6591 6579 6590
3 6581 6580 6589
3 6592 6590 6586
3 6587 6592 6586
3 6587 6593 6592
3 6581 6589 6594
3 6595 6589 6588
3 6568 6579 6591
3 6594 6589 6595
3 6596 6568 6591
3 6596 6591 6597
3 6581 6534 6525
3 6590 6597 6591
3 6597 6590 6592
3 6596 6597 6598
3 6599 6597 6592
3 6598 6597 6599
3 6534 6581 6542
3 6542 6533 6534
3 6568 6596 6572
3 6578 6572 6596
3 6542 6581 6600
3 6601 6578 6596
3 6596 6598 6601
3 6600 6602 6542
3 6542 6602 6541
3 6599 6603 6598
3 6602 6604 6541
3 6605 6604 6602
3 6506 6381 6380
3 6506 6380 6458
3 6606 6605 6602
3 6504 6506 6607
3 6458 6455 6608
3 6594 6600 6581
3 6609 6600 6594
3 6458 6608 6610
3 6610 6506 6458
3 6600 6611 6602
3 6611 6600 6609
3 6509 6504 6607
3 6612 6509 6607
3 6610 6608 6613
3 6606 6602 6611
3 6607 6506 6610
3 6614 6607 6610
3 6614 6612 6607
3 6558 6588 6557
3 6595 6588 6558
3 6561 6595 6558
3 6468 6466 6616
3 6468 6608 6455
3 6613 6608 6468
3 6595 6617 6594
3 6618 6617 6595
3 6613 6468 6619
3 6620 6613 6619
3 6621 6609 6617
3 6622 6617 6618
3 6614 6610 6613
3 6614 6613 6620
3 6468 6616 6619
3 6623 6617 6622
3 6561 6618 6595
3 6573 6622 6618
3 6573 6618 6561
3 6612 6614 6624
3 6625 6573 6626
3 6573 6627 6622
3 6625 6627 6573
3 6612 6624 6628
3 6628 6624 6629
3 6594 6617 6609
3 6611 6609 6621
3 6624 6614 6620
3 6623 6621 6617
3 6631 6620 6619
3 6631 6633 6620
3 6634 6605 6606
3 6635 6624 6620
3 6636 6606 6611
3 6635 6629 6624
3 6636 6634 6606
3 6635 6620 6633
3 6637 6635 6633
3 6636 6639 6634
3 6640 6639 6636
3 6641 6639 6640
3 6612 6536 6509
3 6642 6536 6612
3 6643 6627 6625
3 6627 6623 6622
3 6627 6644 6623
3 6644 6621 6623
3 6539 6536 6642
3 6628 6642 6612
3 6645 6642 6628
3 6627 6643 6644
3 6643 6646 6644
3 6646 6643 6647
3 6647 6648 6646
3 6621 6649 6611
3 6649 6636 6611
3 6636 6649 6640
3 6650 6471 5450
3 5450 6471 5448
3 6471 6650 6467
3 6615 6467 6650
3 6651 6640 6649
3 6630 6615 6650
3 6640 6651 6652
3 5450 6653 6650
3 6653 5450 5464
3 6652 6641 6640
3 6631 6619 6616
3 6644 6649 6621
3 6644 6651 6649
3 6646 6651 6644
3 6646 6654 6651
3 6655 6630 6650
3 6653 6655 6650
3 6656 6641 6652
3 6656 6657 6641
3 6658 6655 6659
3 6660 6661 6657
3 6651 6654 6652
3 6654 6656 6652
3 6662 6656 6663
3 6648 6654 6646
3 6655 6632 6630
3 6654 6648 6663
3 6663 6656 6654
3 6632 6655 6664
3 6664 6638 6632
3 6665 6666 6662
3 6663 6665 6662
3 6664 6655 6658
3 6667 6666 6665
3 6660 6656 6662
3 5464 6659 6653
3 6653 6659 6655
3 6666 6660 6662
3 5479 6659 5464
3 6656 6660 6657
3 6666 6668 6660
3 6659 6669 6658
3 5479 6669 6659
3 6508 6170 6169
3 6670 6628 6629
3 6508 6511 6671
3 6629 6635 6637
3 6672 6629 6637
3 6510 6673 6511
3 6671 6511 6673
3 6674 6671 6673
3 6538 6673 6510
3 6676 6672 6637
3 6543 6673 6538
3 6677 6672 6676
3 6541 6604 6543
3 6679 6677 6676
3 6680 6677 6679
3 6642 6584 6539
3 6508 6681 6170
3 6584 6642 6645
3 6671 6681 6508
3 6681 6264 6170
3 6587 6584 6682
3 6264 6681 6683
3 6682 6584 6645
3 6265 6264 6683
3 6670 6645 6628
3 6684 6681 6671
3 6684 6683 6681
3 6671 6674 6684
3 6593 6587 6682
3 6685 6593 6682
3 6686 6684 6674
3 6645 6687 6682
3 6684 6688 6683
3 6687 6645 6670
3 6688 6684 6686
3 6685 6682 6687
3 6683 6273 6265
3 6273 6683 6689
3 6672 6670 6629
3 6690 6670 6672
3 6690 6687 6670
3 6690 6672 6677
3 6691 6687 6690
3 6692 6688 6693
3 6693 6688 6686
3 6592 6593 6685
3 6694 6592 6685
3 6273 6689 6301
3 6683 6688 6695
3 6695 6689 6683
3 6696 6689 6695
3 6696 6301 6689
3 6685 6687 6691
3 6697 6685 6691
3 6697 6694 6685
3 6301 6696 6307
3 6698 6307 6696
3 6307 6309 6295
3 6592 6694 6599
3 6309 6307 6315
3 6307 6698 6315
3 6699 6603 6599
3 6694 6699 6599
3 6699 6694 6700
3 6698 6701 6315
3 6702 6694 6697
3 6692 6695 6688
3 6700 6694 6702
3 6692 6696 6695
3 6703 6692 6693
3 6691 6690 6677
3 6703 6704 6692
3 6704 6698 6692
3 6691 6677 6705
3 6692 6698 6696
3 6706 6698 6704
3 6706 6707 6701
3 6706 6701 6698
3 6691 6705 6697
3 6680 6705 6677
3 6704 6708 6706
3 6702 6697 6709
3 6705 6709 6697
3 6710 6674 6673
3 6709 6705 4888
3 6673 6711 6710
3 4888 6705 6680
3 4888 6680 4890
3 6710 6686 6674
3 4890 6680 4961
3 6712 6686 6710
3 6693 6686 6712
3 6713 6693 6712
3 6711 6712 6710
3 6714 6713 6712
3 6658 6715 6664
3 6675 6664 6715
3 6675 6638 6664
3 6711 6673 6543
3 6716 6711 6543
3 6717 6715 6658
3 6716 6543 6604
3 6716 6604 6605
3 6718 6716 6605
3 6716 6718 6719
3 6711 6716 6719
3 6711 6719 6712
3 6719 6714 6712
3 6720 6675 6715
3 6721 6720 6715
3 6722 6714 6719
3 6717 6658 6669
3 6714 6723 6713
3 6724 6717 6669
3 5479 6725 6669
3 6726 6723 6714
3 6724 6669 6725
3 6713 6703 6693
3 6727 6703 6713
3 6727 6704 6703
3 6728 6717 6724
3 6725 6729 6724
3 6708 6704 6727
3 6729 6730 6724
3 6729 6731 6730
3 6730 6728 6724
3 6717 6728 6715
3 6713 6723 6727
3 6678 6675 6720
3 6732 6727 6723
3 6732 6708 6727
3 6732 6733 6708
3 6715 6728 6721
3 6734 6732 6723
3 6734 6733 6732
3 4961 6680 6679
3 6720 4960 6678
3 6718 6722 6719
3 4966 4962 6721
3 4962 6720 6721
3 4960 6720 4962
3 6634 6718 6605
3 6735 6718 6634
3 6735 6722 6718
3 6735 6736 6722
3 6634 6639 6735
3 6730 6731 6737
3 6738 6728 6730
3 6737 6738 6730
3 6726 6714 6722
3 4966 6738 4976
3 6739 6726 6736
3 6737 4976 6738
3 6739 6723 6726
3 6736 6726 6722
3 6734 6723 6739
3 6740 6734 6739
3 6740 6741 6734
3 6721 6728 6738
3 6740 6739 6736
3 6742 6740 6736
3 4966 6721 6738
3 6743 6735 6639
3 6736 6735 6743
3 6742 6743 6744
3 5843 6566 5846
3 6743 6742 6736
3 6742 6744 6745
3 6566 5855 5846
3 6641 6743 6639
3 6566 6746 5855
3 6747 5855 6746
3 6743 6641 6657
3 6661 6744 6657
3 6743 6657 6744
3 6566 6574 6577
3 6661 6745 6744
3 6577 6746 6566
3 6668 6661 6660
3 6577 6748 6746
3 6577 6576 6748
3 6480 5085 5087
3 5087 6549 6480
3 6746 6748 6749
3 5105 6750 6549
3 6751 6747 6746
3 6751 6746 6749
3 5087 5105 6549
3 6748 6576 6578
3 6752 6749 6748
3 6578 6752 6748
3 5105 6753 6750
3 6754 6749 6752
3 6551 6549 6750
3 6755 6749 6754
3 6750 6756 6551
3 5855 6747 5879
3 6757 5879 6747
3 6747 6758 6757
3 6758 6747 6751
3 5108 6759 6753
3 5105 5108 6753
3 6759 5108 5111
3 5879 6757 5887
3 6760 5887 6757
3 6750 6761 6756
3 5887 6762 5888
3 6756 6761 6763
3 5887 6760 6762
3 6760 6757 6758
3 6758 6764 6760
3 5111 5209 6759
3 6765 6762 6760
3 6764 6765 6760
3 6766 6767 6759
3 6751 6768 6758
3 6759 5209 6766
3 6769 6770 6766
3 6753 6761 6750
3 6755 6768 6751
3 6768 6764 6758
3 6753 6759 6767
3 6753 6767 6761
3 6768 6755 6771
3 6768 6771 6764
3 6764 6771 6772
3 6749 6755 6751
3 6773 6755 6754
3 6771 6755 6773
3 6761 6767 6774
3 6767 6766 6770
3 6775 6770 6776
3 6765 6764 6777
3 6767 6770 6774
3 6774 6770 6778
3 6765 6777 6779
3 6773 6772 6771
3 6764 6772 6777
3 6780 6777 6772
3 6551 6756 6562
3 6772 6773 6780
3 6562 6756 6565
3 6781 6777 6780
3 6777 6781 6779
3 6780 6782 6781
3 6571 6565 6756
3 6578 6601 6752
3 6756 6763 6571
3 6571 6763 6783
3 6601 6598 6603
3 6784 6601 6603
3 6699 6784 6603
3 6571 6783 6785
3 6754 6752 6786
3 6570 6571 6785
3 6786 6752 6601
3 6784 6786 6601
3 6626 6570 6785
3 6754 6786 6773
3 4910 6786 6784
3 6761 6774 6763
3 4909 6773 6786
3 6763 6774 6783
3 4909 6786 4910
3 6780 6773 6782
3 6773 4909 6782
3 6783 6774 6778
3 6787 6783 6778
3 4924 6782 4909
3 6781 6782 4924
3 6788 5888 6762
3 5211 6769 5209
3 6766 5209 6769
3 6788 5982 5888
3 6769 5211 5215
3 6776 6769 5215
3 6776 6770 6769
3 6765 6788 6762
3 6788 6765 6779
3 6788 6779 6789
3 6776 6790 6775
3 5327 6790 6776
3 5994 5982 6788
3 6770 6791 6778
3 6790 5327 6792
3 6792 5327 5252
3 5252 6793 6792
3 5994 6794 6020
3 6792 6793 6795
3 6789 5994 6788
3 6795 6790 6792
3 6789 6794 5994
3 6795 6796 6790
3 5276 6793 5252
3 6797 5277 5272
3 6793 5276 6798
3 6789 6779 6799
3 5286 5284 6801
3 6789 6799 5074
3 6779 6781 6799
3 5285 6802 6803
3 5286 6797 5272
3 5072 6781 4924
3 6799 6781 5072
3 6799 5072 5074
3 5285 6803 6798
3 6793 6798 6803
3 6804 6794 6789
3 6789 5074 6804
3 6793 6805 6795
3 5077 6804 5074
3 6793 6803 6806
3 6806 6805 6793
3 5092 6794 6804
3 6804 5077 5092
3 5077 5079 5092
3 6807 6806 6803
3 5994 6020 5991
3 6803 6802 6807
3 6787 6785 6783
3 5086 6017 6020
3 6626 6785 6808
3 6787 6808 6785
3 5086 6020 6794
3 6794 5092 5086
3 6787 6778 6809
3 6809 6810 6787
3 5086 5092 5091
3 6810 6809 6811
3 6775 6791 6770
3 5085 6017 5086
3 6791 6809 6778
3 6796 6812 6791
3 6791 6775 6796
3 6791 6812 6809
3 6812 6811 6809
3 6796 6775 6790
3 6796 6795 6813
3 5086 5091 5084
3 6813 6812 6796
3 6811 6812 6813
3 6811 6813 6814
3 6815 6813 6795
3 6810 6808 6787
3 6810 6816 6808
3 6699 6817 6784
3 6817 6699 6700
3 6814 6816 6811
3 6810 6811 6816
3 4896 6700 6702
3 6817 6700 4896
3 6709 4896 6702
3 6818 6819 6820
3 4912 6784 6817
3 4910 6784 4912
3 6805 6815 6795
3 4912 6817 4917
3 6818 6805 6806
3 6815 6805 6818
3 6818 6806 6819
3 6817 4896 4917
3 6818 6820 6815
3 6806 6807 6819
3 4895 4917 4896
3 4918 4917 4895
3 4893 6709 4888
3 6820 6821 6814
3 4893 4896 6709
3 6822 6814 6821
3 6823 6820 6824
3 6821 6820 6823
3 6820 6814 6813
3 6820 6813 6815
3 6819 6824 6820
3 6825 6824 6819
3 6807 6825 6819
3 6825 6826 6824
3 6776 5215 5327
3 5327 5321 5252
3 6570 6626 6573
3 6808 6625 6626
3 6827 6643 6625
3 6808 6827 6625
3 6827 6808 6816
3 6816 6828 6827
3 6829 6828 6816
3 6643 6827 6828
3 6829 6647 6828
3 6828 6647 6643
3 6816 6814 6822
3 6829 6816 6822
3 6830 6831 6829
3 6829 6822 6830
3 6825 6832 6826
3 6833 6826 6834
3 6833 6835 6830
3 6835 6833 6834
3 6647 6829 6836
3 6647 6836 6648
3 6648 6836 6663
3 6663 6836 6837
3 6836 6829 6831
3 6831 6830 6835
3 6838 6831 6835
3 6834 6839 6835
3 6831 6837 6836
3 6838 6837 6831
3 6835 6839 6838
3 6822 6821 6823
3 6822 6823 6830
3 6826 6823 6824
3 6833 6823 6826
3 6830 6823 6833
3 6837 6665 6663
3 6665 6837 6840
3 6838 6840 6837
3 6840 6838 6841
3 6840 6667 6665
3 6842 6843 6844
3 6845 6846 6847
3 6848 6849 6850
3 6846 6845 6851
3 6852 6853 6854
3 6846 6851 6855
3 6854 6853 6856
3 6857 6850 6849
3 6856 6853 6858
3 6859 6860 6861
3 6862 6859 6861
3 6863 6864 6850
3 6859 6865 6866
3 6867 6852 6854
3 6854 6868 6867
3 6071 6081 6869
3 6850 6857 6863
3 6862 6846 6855
3 6869 6086 6071
3 6862 6861 6846
3 6869 6081 6084
3 6870 6867 6868
3 6871 6086 6869
3 6850 6864 6872
3 6859 6862 6865
3 6868 6854 6856
3 6855 6873 6862
3 6861 6860 6874
3 6868 6856 6875
3 6090 6075 6086
3 6859 6876 6860
3 6086 6097 6090
3 6877 6878 6879
3 6859 6866 6876
3 6880 6086 6871
3 6877 6881 6878
3 6097 6086 6880
3 6878 6881 6882
3 6880 6871 6883
3 6884 6865 6885
3 6873 6865 6862
3 6097 6880 5003
3 6864 6863 6886
3 5003 6880 6887
3 6865 6873 6885
3 5004 5003 6887
3 6881 6888 6858
3 6877 6889 6881
3 6865 6884 6866
3 6888 6881 6889
3 6857 6890 6891
3 6857 6891 6892
3 6894 6866 6896
3 6897 6858 6888
3 6173 6232 6178
3 6892 6891 6898
3 6856 6858 6897
3 6863 6857 6892
3 6899 6895 6900
3 6884 6896 6866
3 6884 6901 6896
3 6225 6229 6232
3 6903 6892 6904
3 6897 6888 6905
3 6884 6885 6906
3 6906 6901 6884
3 6904 6892 6898
3 6875 6856 6897
3 6238 6234 6120
3 6907 6875 6897
3 6898 6908 6909
3 6238 6910 6229
3 6229 6910 6232
3 6904 6898 6909
3 6903 6863 6892
3 6886 6863 6903
3 6907 6897 6905
3 6907 6905 6911
3 6912 6910 6238
3 6913 6905 6914
3 6911 6905 6913
3 6912 6238 6915
3 6916 6903 6904
3 6917 6918 6919
3 6919 6918 6920
3 6084 6082 6241
3 6921 6919 6920
3 6922 6084 6241
3 6923 6916 6904
3 6889 6877 6924
3 6165 6241 6160
3 6918 6899 6920
3 6888 6889 6925
3 6922 6241 6926
3 6241 6165 6926
3 6924 6877 6927
3 6900 6920 6899
3 6927 6928 6929
3 6924 6927 6929
3 6869 6084 6922
3 6930 6864 6931
3 6932 6920 6900
3 6922 6933 6869
3 6871 6869 6933
3 6934 6924 6929
3 6929 6928 6935
3 6935 6928 6936
3 6922 6926 6933
3 6844 6843 6930
3 6937 6929 6935
3 6844 6930 6931
3 6931 6938 6844
3 6935 6939 6937
3 6889 6924 6934
3 6940 6941 6919
3 6933 6926 6942
3 6934 6925 6889
3 6844 6943 6842
3 6844 6938 6943
3 6919 6921 6940
3 6177 6944 6165
3 6178 6944 6177
3 6931 6864 6886
3 6926 6165 6945
3 6945 6165 6944
3 6946 6945 6944
3 6947 6925 6934
3 6934 6929 6937
3 6921 6948 6940
3 6920 6932 6921
3 6178 6949 6944
3 6178 6232 6949
3 6934 6937 6947
3 6939 6950 6937
3 6944 6949 6946
3 6947 6937 6950
3 6951 6931 6886
3 6921 6932 6952
3 6905 6888 6953
3 6953 6888 6925
3 6954 6945 6946
3 6947 6953 6925
3 6926 6945 6954
3 6914 6905 6953
3 6946 6955 6954
3 6942 6926 6954
3 6938 6931 6951
3 6956 6942 6954
3 6955 6956 6954
3 6957 6947 6950
3 6955 6946 6949
3 6914 6953 6947
3 6914 6947 6957
3 6958 6949 6959
3 6949 6958 6955
3 6960 6940 6948
3 6961 6938 6951
3 6962 6963 6964
3 6965 6964 6963
3 6961 6951 6966
3 6963 6960 6948
3 6933 6967 6871
3 6968 6914 6957
3 6967 6883 6871
3 6913 6914 6968
3 6933 6942 6967
3 6668 6666 6969
3 6916 6970 6903
3 6903 6971 6886
3 6951 6886 6971
3 6969 6972 6973
3 6942 6974 6967
3 6975 6976 6977
3 6666 6667 6969
3 6971 6903 6970
3 6978 6976 6975
3 6969 6667 6972
3 6972 6667 6965
3 6978 6975 6979
3 6965 6667 6964
3 6883 6967 6980
3 6887 6880 6883
3 6975 6977 6867
3 6916 6981 6970
3 6870 6975 6867
3 6974 6980 6967
3 6973 6972 6982
3 6981 6983 6970
3 6974 6984 6980
3 6985 6883 6980
3 6979 6975 6986
3 6986 6975 6870
3 6987 6982 6988
3 6923 6981 6916
3 6988 6989 6987
3 6990 6991 6978
3 6992 6980 6984
3 6985 6980 6992
3 6988 6965 6963
3 5633 6990 6993
3 6948 6994 6963
3 6963 6994 6988
3 6951 6971 6966
3 6974 6942 6956
3 6972 6965 6982
3 6982 6965 6988
3 6966 6971 6995
3 6978 6979 6990
3 6995 6971 6970
3 6990 6979 6993
3 6955 6996 6956
3 6997 6956 6996
3 6974 6956 6997
3 6998 6966 6995
3 6999 6979 6986
3 6993 6979 6999
3 6995 6970 6983
3 7000 7001 7002
3 6952 7003 7000
3 7002 6952 7000
3 6995 6983 7004
3 6997 6984 6974
3 6998 6995 7004
3 7005 6998 7004
3 7004 7006 7005
3 6984 6997 7007
3 7008 6984 7007
3 6949 6232 6959
3 7009 7010 6986
3 6986 7010 6999
3 6948 6921 7002
3 7011 5882 6098
3 7012 6959 7013
3 7010 7009 7014
3 7013 6959 6232
3 7013 6232 6910
3 5882 7011 7015
3 7015 7011 7016
3 7002 6921 6952
3 6958 6959 7012
3 7017 6870 6868
3 7017 6868 6875
3 6958 7012 7018
3 7009 6870 7017
3 6955 7019 6996
3 6958 7019 6955
3 7019 6958 7018
3 6870 7009 6986
3 7002 6994 6948
3 6988 6994 6989
3 7001 6989 6994
3 6098 5901 6104
3 5443 5633 6993
3 7012 7020 7018
3 6994 7002 7001
3 6104 7011 6098
3 7013 6910 7021
3 6993 5447 5443
3 7021 6910 6912
3 6993 7022 5447
3 7012 7013 7021
3 6104 7023 7011
3 7023 6104 7024
3 7022 6993 6999
3 7025 7022 6999
3 6103 7024 6104
3 7026 7028 6906
3 7021 6912 7029
3 6134 7024 6103
3 7022 7030 5447
3 6912 7031 7029
3 7024 7032 7023
3 7033 7029 7031
3 7034 7036 7027
3 5447 7030 5470
3 7037 7027 7036
3 7038 7012 7021
3 6134 7032 7024
3 7012 7038 7020
3 7039 7040 7041
3 7025 7030 7022
3 7025 7042 7030
3 7038 7021 7029
3 7025 6999 7010
3 7043 7011 7023
3 7044 7025 7010
3 7045 7046 7040
3 7023 7032 7043
3 7025 7044 7042
3 7047 7020 7038
3 7033 7047 7038
3 7044 7010 7014
3 7048 7049 7050
3 7019 7051 6996
3 6996 7051 7052
3 7042 7044 7053
3 7054 7050 7049
3 7055 7035 7041
3 7030 5476 5470
3 7018 7051 7019
3 7015 7016 7049
3 7049 7016 7054
3 7042 5476 7030
3 7018 7057 7051
3 7057 7058 7051
3 5476 7042 7053
3 7059 3235 7048
3 7052 6997 6996
3 7050 7059 7048
3 7007 6997 7052
3 7041 7040 7046
3 7060 7052 7058
3 7046 7055 7041
3 7053 7061 5476
3 7007 7052 7060
3 5479 5476 7061
3 6725 5479 7061
3 7050 7062 7059
3 7051 7058 7052
3 7017 6875 7063
3 7064 7039 7026
3 7065 7060 7058
3 7066 7017 7063
3 7039 7041 7026
3 7067 7054 7016
3 7020 7057 7018
3 7057 7020 7068
3 7016 7011 7069
3 7067 7016 7069
3 6906 7064 7026
3 7068 7020 7047
3 7063 6875 6907
3 7068 7070 7057
3 7050 7054 7062
3 7071 7068 7047
3 7063 6907 6911
3 7072 7063 6911
3 7028 7026 7035
3 7057 7070 7073
3 7054 7067 7062
3 7057 7073 7058
3 7066 7009 7017
3 7041 7035 7026
3 7065 7058 7073
3 7014 7009 7066
3 7070 7068 7071
3 7011 7043 7069
3 7072 7066 7063
3 7036 7034 7074
3 7075 7066 7072
3 7076 7043 7032
3 7075 7072 7077
3 7078 7014 7066
3 7074 7079 7036
3 7066 7075 7078
3 7073 7070 7080
3 7081 7073 7080
3 7082 7032 7083
3 7080 7070 7071
3 7078 7075 7084
3 7071 7085 7080
3 7086 6911 6913
3 7082 7076 7032
3 7087 7088 7089
3 6911 7086 7072
3 7090 5004 6887
3 7067 7069 7091
3 7077 7072 7086
3 7091 7092 7067
3 7079 7087 7089
3 7062 7067 7093
3 6887 6883 6985
3 7090 6887 6985
3 7087 7079 7074
3 7067 7092 7093
3 7094 7092 7091
3 7095 7086 6913
3 7096 7079 7089
3 7091 7069 7043
3 6985 7097 7090
3 7090 5013 5004
3 7095 6968 7098
3 7098 7099 7095
3 7076 7091 7043
3 7075 7077 7100
3 7101 7100 7077
3 7056 7074 7034
3 6992 7097 6985
3 7097 6992 7102
3 7103 7105 7056
3 7105 7103 7106
3 7074 7056 7105
3 7090 7097 7107
3 7104 7055 7046
3 7107 5013 7090
3 7095 7077 7086
3 7077 7095 7099
3 7107 5422 5013
3 7076 7082 7108
3 7101 7077 7099
3 7109 7103 7110
3 7107 7097 7102
3 7107 7102 7112
3 7113 7094 7091
3 7114 7101 7099
3 5426 5422 7107
3 7113 7091 7076
3 7076 7108 7113
3 7112 5426 7107
3 7106 7115 7116
3 7117 7044 7014
3 7044 7117 7053
3 6992 6984 7118
3 7102 6992 7118
3 7119 7102 7118
3 7078 7117 7014
3 7118 6984 7008
3 7120 7121 7113
3 7117 7078 7122
3 7106 7116 7088
3 7008 7007 7123
3 7108 7120 7113
3 7053 7124 7061
3 7123 7118 7008
3 7109 7115 7103
3 7125 7120 7108
3 6725 7061 7124
3 7106 7103 7115
3 7112 7102 7119
3 7125 7126 7120
3 7117 7124 7053
3 7117 7127 7124
3 7118 7128 7119
3 6729 7124 7129
3 7105 7087 7074
3 6729 6725 7124
3 7130 7083 6134
3 7129 6731 6729
3 7106 7087 7105
3 7127 7129 7124
3 7122 7127 7117
3 7087 7106 7088
3 6134 6135 7130
3 7131 7129 7127
3 7129 7131 7132
3 7122 7131 7127
3 7032 6134 7083
3 7133 7112 7119
3 5426 7112 7133
3 6900 6895 6902
3 7134 7082 7083
3 7130 7134 7083
3 5437 5426 7133
3 7084 7122 7078
3 7135 7082 7134
3 7133 7119 7128
3 7133 7128 7136
3 7122 7137 7131
3 6901 6906 7028
3 7131 7137 7138
3 7139 7135 7134
3 7131 7138 7132
3 7129 7132 6731
3 6902 7037 6900
3 5437 7133 5439
3 5439 7133 7140
3 7132 7138 7141
3 7142 7130 6153
3 6153 7130 6135
3 7143 6731 7132
3 7123 7007 7060
3 7132 7141 7143
3 7141 7144 7143
3 7123 7060 7145
3 7037 6932 6900
3 6162 7142 6153
3 7084 7075 7100
3 7027 7037 6902
3 7122 7084 7137
3 7145 7060 7065
3 7139 7134 7130
3 7100 7137 7084
3 7130 7146 7139
3 7137 7100 7147
3 7146 7130 7142
3 7128 7118 7123
3 7148 7128 7123
3 7149 7139 7146
3 7149 7135 7139
3 7137 7147 7150
3 7151 7149 7146
3 7149 7151 7152
3 7150 7147 7153
3 7123 7145 7148
3 7101 7147 7100
3 7148 7145 7154
3 7151 7146 7142
3 7154 7145 7155
3 7155 7145 7156
3 7138 7137 7150
3 6932 7037 7157
3 7150 7141 7138
3 7158 7148 7154
3 7159 7150 7153
3 7141 7150 7159
3 7156 7065 7073
3 7073 7081 7156
3 7145 7065 7156
3 6932 7157 6952
3 7160 7082 7135
3 7095 6913 6968
3 7037 7036 7157
3 7082 7160 7108
3 7081 7155 7156
3 7157 7036 7079
3 7161 7108 7160
3 6935 6936 7162
3 7162 7163 6935
3 7081 7164 7155
3 6939 6935 7163
3 7079 7096 7003
3 7163 7162 7165
3 7079 7003 7157
3 7155 7166 7154
3 7096 7167 7003
3 7003 7167 7000
3 7168 7161 7160
3 7166 7155 7164
3 7169 7166 7164
3 7108 7161 7125
3 6952 7157 7003
3 7170 7081 7080
3 7171 7125 7161
3 6950 6939 7172
3 7081 7170 7164
3 7126 7125 7171
3 7164 7170 7173
3 7174 7175 7176
3 7169 7164 7173
3 7161 7168 7171
3 7177 7171 7168
3 7178 7176 7175
3 7172 6939 7163
3 7177 7126 7171
3 7179 7163 7180
3 7163 7165 7180
3 7149 7160 7135
3 7181 7179 7180
3 7152 7160 7149
3 7179 7172 7163
3 7172 7179 7182
3 7183 7174 7176
3 7168 7160 7152
3 7136 7128 7158
3 7184 7168 7152
3 7148 7158 7128
3 7180 7185 7186
3 7178 7187 7176
3 7187 7178 7188
3 7165 7185 7180
3 7189 7158 7154
3 7136 7158 7190
3 7189 7190 7158
3 7191 7187 7192
3 7190 7189 7193
3 7133 7136 7140
3 7176 7187 7191
3 7194 3227 7059
3 7140 7136 7190
3 7195 7194 7059
3 7180 7196 7181
3 7197 7140 7190
3 5439 7140 5500
3 7059 7062 7195
3 5500 7140 7197
3 7198 7199 7186
3 7194 3242 3227
3 7199 7180 7186
3 7183 7176 7200
3 3242 7194 7201
3 7197 7190 7193
3 7180 7199 7196
3 7183 7200 7202
3 7196 7199 7203
3 7200 7176 7191
3 7204 7154 7166
3 7189 7154 7204
3 6957 6950 7205
3 7200 7191 7206
3 7205 6950 7172
3 7093 7195 7062
3 6957 7205 7207
3 7208 7166 7169
3 7208 7204 7166
3 7205 7172 7182
3 7195 7201 7194
3 7201 7195 7209
3 7179 7181 7182
3 7182 7181 7210
3 7211 7209 7195
3 7207 7205 7182
3 7212 7191 7192
3 7195 7093 7211
3 7206 7191 7212
3 7193 7189 7204
3 7207 7182 7210
3 6968 6957 7207
3 7193 7204 6976
3 7208 6976 7204
3 7201 7213 3243
3 7213 7214 3243
3 7212 7192 7215
3 6968 7207 7216
3 7193 6976 7217
3 7218 7212 7215
3 7209 7213 7201
3 7192 7219 7215
3 7215 7219 6842
3 7216 7220 6968
3 7215 6842 7221
3 5500 5494 5439
3 7216 7207 7210
3 7213 7222 7214
3 7218 7215 7221
3 7223 7181 7196
3 7210 7181 7223
3 7213 7209 7224
3 7197 7225 5500
3 7226 7209 7211
3 7225 7197 7193
3 7223 7196 7227
3 5499 5500 7225
3 5572 5499 7225
3 7209 7226 7228
3 7216 7210 7229
3 7229 7210 7223
3 7206 7212 7218
3 7213 7224 7222
3 5572 7225 5578
3 7228 7224 7209
3 7228 7230 7224
3 7230 7222 7224
3 7231 7229 7223
3 7225 7193 7217
3 7231 7223 7232
3 7233 7218 7234
3 7234 7218 7221
3 7206 7218 7235
3 7235 7218 7233
3 7217 5578 7225
3 7227 7196 7203
3 7236 7233 7234
3 7227 7203 7237
3 7238 7093 7092
3 7094 7238 7092
3 7223 7227 7232
3 7093 7238 7239
3 7217 6976 6978
3 7240 7198 7241
3 7242 7243 7202
3 7244 7211 7093
3 7240 7199 7198
3 7211 7244 7226
3 7242 7200 7206
3 7202 7200 7242
3 7239 7244 7093
3 7245 7240 7241
3 7226 7244 7246
3 5578 5633 5579
3 7247 7226 7246
3 7241 7248 7249
3 5578 7217 6991
3 7250 7239 7238
3 7245 7241 7249
3 6991 7217 6978
3 7199 7240 7203
3 7251 7243 7252
3 7253 7203 7240
3 7244 7239 7246
3 7252 7243 7242
3 5633 5578 6990
3 6990 5578 6991
3 7254 7246 7239
3 7237 7203 7253
3 7255 7243 7251
3 7121 7238 7094
3 7121 7094 7113
3 7256 7251 7252
3 7253 7240 7245
3 5442 5633 5443
3 7256 7257 7251
3 7253 7258 7237
3 7258 7253 7259
3 7238 7121 7250
3 7250 7121 7260
3 7259 7253 7245
3 6133 7261 6117
3 7262 7250 7260
3 7242 7206 7263
3 7263 7206 7235
3 7260 7121 7120
3 6136 7264 6133
3 7261 6133 7264
3 7265 7260 7120
3 7265 7120 7126
3 7252 7242 7263
3 7245 7249 7266
3 7266 7249 7267
3 7265 7262 7260
3 7268 7262 7265
3 7269 7175 7267
3 6915 6238 6120
3 7250 7254 7239
3 6915 6120 7270
3 7266 7267 7174
3 7174 7267 7175
3 7271 7266 7174
3 7250 7262 7272
3 7273 7274 7235
3 7263 7235 7274
3 7259 7245 7266
3 6119 7270 6120
3 7270 6119 7275
3 7259 7266 7271
3 7254 7272 7276
3 6117 7275 6119
3 7272 7254 7250
3 7235 7233 7273
3 7236 7273 7233
3 7277 7270 7275
3 7259 7271 7278
3 6915 7270 7279
3 7271 7174 7183
3 7271 7183 7278
3 7280 7256 7252
3 7279 7281 6915
3 7280 7282 7256
3 6912 6915 7281
3 7226 7247 7228
3 7280 7252 7263
3 7277 7279 7270
3 7283 7257 7256
3 7282 7283 7256
3 7284 7227 7237
3 7232 7227 7284
3 7280 7285 7282
3 7286 7283 7282
3 7285 7286 7282
3 7279 7277 7287
3 7288 7258 7259
3 7274 7289 7280
3 7280 7263 7274
3 7289 7285 7280
3 7284 7237 7258
3 6117 7261 7275
3 7290 7284 7258
3 7289 7274 7291
3 7290 7258 7288
3 7285 7289 7292
3 7293 7286 7285
3 7294 7284 7290
3 7232 7284 7294
3 7293 7285 7292
3 7294 7231 7232
3 7254 7295 7246
3 7254 7276 7295
3 7261 7296 7275
3 7295 7247 7246
3 7221 6842 6943
3 7294 7290 7297
3 7297 7290 7288
3 7298 3293 7228
3 6943 6938 7299
3 7300 7296 7261
3 7221 6943 7299
3 7298 7228 7247
3 7234 7221 7299
3 7234 7299 7301
3 7247 7295 7298
3 7277 7275 7296
3 7302 7298 7295
3 7288 7259 7303
3 7304 7287 7277
3 7277 7296 7304
3 7183 7202 7278
3 7305 7234 7301
3 7278 7303 7259
3 7265 7306 7268
3 7236 7234 7305
3 7303 7278 7202
3 7296 7300 7307
3 7296 7308 7304
3 7308 7296 7307
3 7297 7288 7309
3 7310 7236 7305
3 7151 7184 7152
3 7297 7309 7311
3 7312 7313 7301
3 7312 7314 7313
3 7303 7309 7288
3 7184 7315 7177
3 7313 7305 7301
3 7184 7177 7168
3 7126 7177 7315
3 7309 7303 7316
3 7305 7313 7310
3 7264 6136 7317
3 7202 7316 7303
3 7314 7318 7313
3 7311 7309 7316
3 7319 7311 7316
3 7299 6938 6961
3 6136 6161 7317
3 7099 7098 7320
3 7317 6161 7321
3 7320 7114 7099
3 7301 7299 6961
3 7301 6961 7322
3 7323 7272 7262
3 7301 7322 7312
3 7323 7262 7268
3 7114 7320 7324
3 7321 7325 7317
3 7276 7326 7295
3 6163 7321 6161
3 7144 4979 7143
3 7295 7326 7302
3 7327 7328 7144
3 7329 7326 7276
3 7314 7312 7330
3 6163 6175 6176
3 7331 7328 7327
3 7332 6163 6176
3 7330 7333 7335
3 7302 7326 7336
3 7314 7330 7337
3 7153 7147 7338
3 7339 7153 7338
3 7339 7338 7340
3 7147 7101 7114
3 7341 7276 7272
3 7147 7114 7338
3 7330 7335 7337
3 7342 7338 7114
3 7341 7329 7276
3 7341 7343 7329
3 7335 7333 7345
3 7341 7272 7323
3 7342 7114 7324
3 7332 7321 6163
3 7334 7344 7346
3 7347 7346 7344
3 7323 7348 7341
3 7349 7329 7343
3 7340 7338 7342
3 7348 7343 7341
3 7321 7350 7325
3 7351 7340 7342
3 7350 7321 7332
3 7351 7342 7352
3 7329 7353 7326
3 7350 7332 7354
3 7339 7159 7153
3 6961 6966 6998
3 7353 7355 7326
3 7339 7327 7159
3 7322 6961 6998
3 7356 7339 7340
3 7339 7356 7327
3 7159 7144 7141
3 7159 7327 7144
3 7329 7349 7353
3 6998 7357 7322
3 7300 7261 7264
3 7317 7300 7264
3 7312 7322 7357
3 7353 7358 7355
3 7300 7317 7359
3 7357 7330 7312
3 7349 7360 7353
3 7360 7358 7353
3 7357 6998 7005
3 7330 7357 7333
3 7333 7357 7005
3 7356 7331 7327
3 7333 7005 7361
3 7356 7340 7351
3 7005 7006 7361
3 7361 7006 7362
3 7306 7265 7126
3 7363 7317 7325
3 7359 7317 7363
3 7331 7364 7365
3 7324 7352 7342
3 7352 7324 7366
3 7315 7306 7126
3 7345 7333 7361
3 7359 7307 7300
3 7352 7367 7351
3 7352 7366 7368
3 7368 7367 7352
3 7368 7369 7367
3 7369 7368 7370
3 7368 7371 7370
3 7268 7306 7323
3 7351 7372 7356
3 7373 7307 7359
3 7374 7364 7372
3 7291 7273 7236
3 7291 7236 7310
3 7356 7364 7331
3 7363 7375 7359
3 7364 7356 7372
3 7274 7273 7291
3 7373 7359 7376
3 7372 7351 7367
3 7310 7377 7291
3 7306 7378 7323
3 7367 7369 7372
3 7378 7306 7379
3 7380 7374 7381
3 7315 7379 7306
3 7365 7364 7380
3 7380 7364 7374
3 7318 7310 7313
3 7377 7310 7318
3 7380 7381 7382
3 7350 7383 7384
3 7372 7369 7374
3 7384 7325 7350
3 7374 7369 7381
3 7381 7369 7370
3 7314 7385 7318
3 7384 7363 7325
3 7375 7363 7384
3 7386 7377 7318
3 7387 7379 7315
3 7375 7384 7388
3 7386 7318 7385
3 7291 7292 7289
3 7377 7292 7291
3 7388 7384 7383
3 7378 7379 7389
3 7098 6968 7220
3 7390 7292 7377
3 7220 7216 7391
3 7293 7292 7045
3 7359 7375 7376
3 7376 7375 7392
3 7389 7393 7378
3 7394 7376 7392
3 7045 7292 7390
3 7395 7220 7391
3 7098 7220 7320
3 7395 7320 7220
3 7323 7378 7348
3 7390 7377 7386
3 7388 7392 7375
3 7396 7343 7348
3 7392 7388 7397
3 7378 7396 7348
3 7398 7349 7343
3 7399 7395 7400
3 7398 7343 7396
3 7324 7320 7395
3 7397 7388 7401
3 7324 7395 7399
3 7391 7229 7400
3 7395 7391 7400
3 7390 7046 7045
3 6912 7281 7031
3 7216 7229 7391
3 7349 7398 7402
3 7229 7231 7403
3 7400 7229 7403
3 7031 7404 7033
3 7287 7281 7279
3 7402 7360 7349
3 7031 7281 7287
3 7385 7406 7408
3 7385 7314 7337
3 7404 7287 7409
3 7402 7410 7360
3 7031 7287 7404
3 7411 7360 7410
3 7412 7403 7231
3 7410 7413 7411
3 7396 7402 7398
3 7033 7038 7029
3 7337 7406 7385
3 7414 7402 7396
3 7406 7337 7335
3 7366 7324 7399
3 7415 7033 7404
3 7393 7396 7378
3 7346 7405 7334
3 7047 7033 7415
3 7366 7399 7416
3 7415 7404 7417
3 7404 7409 7417
3 7366 7416 7418
3 7414 7396 7393
3 7417 7409 7419
3 7407 7405 7420
3 7399 7400 7403
3 7414 7393 7421
3 7420 7405 7346
3 7403 7416 7399
3 7416 7403 7412
3 7389 7421 7393
3 7422 7421 7389
3 7409 7287 7304
3 7409 7304 7308
3 7421 7422 7423
3 7368 7366 7371
3 7409 7308 7424
3 7390 7385 7408
3 7410 7402 7414
3 7425 7410 7414
3 7426 7414 7421
3 7385 7390 7386
3 7426 7425 7414
3 7427 7425 7426
3 7308 7428 7429
3 7307 7428 7308
3 7423 7426 7421
3 7423 7427 7426
3 7046 7390 7111
3 7424 7308 7429
3 7430 7427 7423
3 7111 7390 7408
3 7109 7110 7407
3 7431 7429 7428
3 7425 7427 7432
3 7419 7409 7424
3 7109 7407 7420
3 7433 7380 7382
3 7434 7109 7420
3 7417 7419 7435
3 7436 7382 7381
3 7436 7381 7370
3 7437 7142 6162
3 7419 7424 7438
3 7438 7439 7419
3 7438 7424 7429
3 7438 7429 7431
3 7436 7440 7382
3 6315 7441 6312
3 7440 7442 7382
3 7438 7443 7444
3 6315 7445 7441
3 6701 7445 6315
3 7071 7047 7415
3 7445 7446 7441
3 7447 7446 7445
3 7071 7415 7448
3 7448 7415 7417
3 7449 7440 7436
3 7450 7151 7142
3 7447 7445 6707
3 7450 7142 7437
3 7085 7071 7448
3 6707 7445 6701
3 7451 7442 7440
3 7452 7450 7437
3 6707 6706 7453
3 7453 6706 6708
3 7454 7440 7455
3 7455 7440 7449
3 6162 6236 7437
3 7451 7440 7454
3 7456 6707 7453
3 7451 7454 7457
3 7080 7085 7458
3 7458 7085 7459
3 7460 7447 6707
3 7085 7448 7461
3 7454 7455 6874
3 6287 7437 6236
3 7459 7085 7461
3 7459 7461 7462
3 6707 7456 7460
3 6287 7452 7437
3 7460 7463 7447
3 7448 7417 7435
3 7454 7464 7457
3 7460 7456 7465
3 7466 7448 7435
3 7465 7463 7460
3 7466 7435 7439
3 7412 7231 7294
3 7435 7419 7439
3 7461 7448 7466
3 7412 7294 7467
3 7468 7412 7467
3 7439 7438 7444
3 7444 7466 7439
3 7444 7469 7466
3 7469 7470 7466
3 7416 7412 7471
3 7462 7461 7466
3 7471 7412 7468
3 7462 7466 7470
3 7471 7418 7416
3 7472 7459 7462
3 6286 7473 6287
3 7471 7468 7474
3 6312 7473 6286
3 7468 7475 7474
3 7470 7469 7476
3 7476 7469 7477
3 7478 7456 7453
3 6312 7479 7473
3 7480 7453 6708
3 7428 7307 7373
3 7481 7474 7475
3 7478 7453 7480
3 7482 7450 7452
3 7294 7297 7467
3 7428 7483 7431
3 7456 7484 7465
3 7485 7452 6287
3 7373 7483 7428
3 7486 7474 7481
3 7465 7484 7487
3 7483 7373 7376
3 7481 7475 7488
3 7489 7484 7478
3 7478 7484 7456
3 7490 7488 7475
3 7482 7151 7450
3 7151 7482 7184
3 7484 7489 7487
3 7491 7488 6845
3 7488 7490 7492
3 6733 7480 6708
3 7492 6845 7488
3 7443 7438 7431
3 7493 7482 7452
3 7480 6733 7494
3 7297 7311 7467
3 7495 7431 7483
3 7496 7494 6733
3 7482 7497 7184
3 7493 7497 7482
3 7443 7431 7495
3 6741 6733 6734
3 7467 7311 7498
3 6733 6741 7496
3 7499 7494 7496
3 7500 7499 7496
3 7496 6741 7500
3 7319 7498 7311
3 7497 7501 7184
3 7502 7319 7503
3 7498 7319 7502
3 7483 7376 7394
3 7504 7501 7497
3 7505 7483 7394
3 7499 7506 7507
3 7319 7316 7503
3 7475 7468 7467
3 7498 7475 7467
3 7498 7490 7475
3 7478 7480 7494
3 7494 7489 7478
3 7483 7505 7508
3 7493 7452 7485
3 7490 7498 7502
3 7394 7392 7397
3 7502 7492 7490
3 7499 7487 7489
3 7505 7394 7397
3 7499 7489 7494
3 7505 7397 7509
3 7510 7497 7493
3 7499 7507 7487
3 7511 7509 7397
3 7493 7485 7510
3 7371 7366 7418
3 7512 7371 7418
3 7513 7505 7509
3 7512 7418 7471
3 7513 7509 7514
3 7515 7463 7465
3 7483 7508 7495
3 7516 7463 7515
3 7508 7505 7517
3 7504 7497 7510
3 7371 7512 7518
3 7518 7370 7371
3 7519 7508 7517
3 7487 7515 7465
3 7518 7512 7486
3 7486 7520 7518
3 7517 7505 7513
3 7521 7504 7510
3 7522 7515 7487
3 7444 7443 7523
3 7486 7481 7520
3 7444 7523 7469
3 7520 7436 7518
3 7443 7495 7523
3 7518 7436 7370
3 7520 7449 7436
3 7512 7471 7474
3 7485 6287 7473
3 7474 7486 7512
3 7524 7525 7516
3 7477 7523 7526
3 7523 7495 7526
3 7525 7524 7527
3 7526 7495 7508
3 7526 7508 7519
3 7515 7524 7516
3 7524 7515 7522
3 7477 7526 7528
3 7529 7485 7473
3 7529 7510 7485
3 7528 7526 7519
3 7449 7520 7530
3 7477 7469 7523
3 7455 7449 7530
3 7530 7520 7491
3 7531 7532 7507
3 7528 6879 7477
3 7473 7533 7529
3 7477 6879 7476
3 7481 7491 7520
3 7481 7488 7491
3 7532 7522 7507
3 7487 7507 7522
3 7473 7479 7533
3 7441 7479 6312
3 7530 6847 7455
3 7446 7479 7441
3 6847 7530 7491
3 6879 7528 6877
3 7533 7534 7535
3 7479 7446 7533
3 7524 7522 7536
3 6847 7491 6845
3 7534 7533 7446
3 7455 6847 6874
3 7513 7537 7517
3 7532 7536 7522
3 7538 7510 7529
3 7519 7517 7539
3 7540 7541 7542
3 7529 7535 7538
3 7539 7543 7519
3 7544 7545 7546
3 7528 7519 7543
3 7547 7521 7538
3 7535 7547 7538
3 7539 7517 7548
3 7517 7537 7548
3 7549 7546 7545
3 7510 7538 7521
3 7548 7537 7550
3 7548 7551 7539
3 7521 7547 7552
3 7553 7554 7555
3 7548 7556 7551
3 7557 7552 7547
3 7558 7559 7540
3 6731 7143 6737
3 6737 7143 4979
3 6927 7528 7543
3 6737 4979 4976
3 7552 7560 7521
3 7561 7558 7540
3 6877 7528 6927
3 7529 7533 7535
3 7543 6928 6927
3 7543 7539 7551
3 7558 7545 7562
3 7551 7556 6936
3 7558 7563 7545
3 7564 7547 7535
3 7535 7534 7564
3 4979 7144 7328
3 6928 7543 7551
3 7563 7549 7545
3 6928 7551 6936
3 7565 7566 7563
3 7553 7555 7566
3 7555 7549 7566
3 4982 6176 4974
3 6176 4982 7567
3 7563 7566 7549
3 4983 4979 7328
3 7558 7565 7563
3 7547 7564 7557
3 6176 7568 7332
3 7568 6176 7567
3 7331 4983 7328
3 7569 7568 7567
3 7569 7570 7568
3 7571 7557 7564
3 4984 7567 4982
3 7572 7573 7554
3 7574 7557 7571
3 4983 7331 7575
3 4984 4986 4995
3 7576 4984 4995
3 4995 7577 7576
3 7567 4984 7576
3 7572 7578 7573
3 7576 7577 7579
3 7501 7315 7184
3 7575 5022 4983
3 7576 7569 7567
3 7572 7580 7581
3 7576 7579 7569
3 7387 7315 7501
3 7582 7570 7569
3 7582 7569 7579
3 7501 7583 7387
3 7504 7583 7501
3 7575 7331 7365
3 7420 7578 7434
3 7568 7570 7332
3 7575 7584 5022
3 7585 7578 7572
3 7578 7585 7434
3 7570 7354 7332
3 7586 7387 7583
3 7389 7379 7387
3 5226 5022 7584
3 7584 7575 7365
3 7587 7115 7434
3 7354 7570 7588
3 7587 7434 7585
3 7584 7365 7380
3 7588 7570 7582
3 7589 7389 7387
3 7590 7588 7582
3 7589 7387 7586
3 7589 7591 7389
3 7592 7591 7589
3 7593 7354 7588
3 7591 7592 7594
3 5226 5023 5022
3 7581 7587 7585
3 7587 7581 7595
3 7581 7596 7595
3 7586 7583 7504
3 7597 5226 7584
3 7598 7596 7599
3 7600 7588 7590
3 7577 4995 7601
3 7560 7586 7504
3 7380 7433 7584
3 7521 7560 7504
3 7586 7560 7602
3 7586 7602 7592
3 4994 7601 4995
3 7584 7433 7597
3 7592 7589 7586
3 7601 7603 7577
3 7603 7601 7604
3 7605 7604 7601
3 7579 7577 7603
3 7585 7572 7581
3 7597 5229 5226
3 7582 7579 7603
3 7606 5229 7597
3 7603 7607 7582
3 7606 7597 7608
3 7592 7602 7609
3 7433 7382 7442
3 7433 7442 7608
3 7610 7609 7602
3 7603 7604 7607
3 7433 7608 7597
3 7527 7611 7525
3 7601 4994 4998
3 7591 7422 7389
3 7594 7422 7591
3 7601 4998 7605
3 7527 7524 7536
3 7612 7607 7604
3 7605 7612 7604
3 7594 7592 7609
3 7542 7611 7527
3 7422 7594 7613
3 7542 7527 7614
3 7540 7542 7614
3 7613 7430 7423
3 7540 7614 7561
3 7615 7607 7612
3 7613 7423 7422
3 7607 7590 7582
3 7616 7614 7527
3 7590 7607 7615
3 7613 7617 7430
3 7618 5268 7606
3 7613 7594 7619
3 7620 7621 7622
3 7623 7618 7608
3 7624 7590 7615
3 7608 7618 7606
3 7625 7626 7627
3 7626 7625 7628
3 7600 7590 7624
3 7619 7594 7609
3 7629 5284 7618
3 7609 7610 7619
3 7619 7610 7630
3 7618 7623 7631
3 7457 7631 7623
3 7527 7536 7616
3 7631 7457 7632
3 7622 7536 7532
3 7618 7631 7629
3 7629 7631 7632
3 7633 7613 7619
3 7536 7622 7621
3 7634 7633 7619
3 7606 5242 5229
3 5268 5242 7606
3 7627 7616 7621
3 7621 7616 7536
3 7615 7635 7624
3 7616 7627 7614
3 5268 5284 5267
3 7618 5284 5268
3 7635 7636 7624
3 7383 7350 7354
3 7383 7354 7593
3 7614 7627 7626
3 7442 7623 7608
3 7442 7451 7623
3 7637 7638 7639
3 7457 7623 7451
3 7625 7627 7621
3 7383 7401 7388
3 7552 7602 7560
3 7383 7593 7401
3 7640 7641 7580
3 7552 7638 7602
3 7554 7553 7580
3 7593 7588 7600
3 7552 7639 7638
3 7602 7638 7610
3 7553 7640 7580
3 7593 7600 7642
3 7593 7642 7401
3 7401 7642 7643
3 7640 7553 7566
3 7644 7645 7646
3 7580 7572 7554
3 3327 3312 3305
3 3312 7644 7646
3 7610 7638 7647
3 7644 3312 7648
3 7649 7643 7642
3 7552 7557 7639
3 3327 7648 3312
3 3327 3369 7648
3 7650 7640 7651
3 7397 7401 7652
3 7574 7639 7557
3 7511 7397 7652
3 7574 7637 7639
3 7651 7558 7561
3 7652 7401 7643
3 7653 7638 7637
3 7645 7644 7654
3 7651 7561 7655
3 7638 7653 7647
3 7614 7626 7655
3 7648 7654 7644
3 7656 7647 7653
3 7654 7648 7657
3 7658 7652 7643
3 7654 7659 7645
3 7651 7655 7650
3 7655 7561 7614
3 7657 7659 7654
3 7600 7624 7660
3 7566 7565 7640
3 7659 7657 7661
3 7640 7565 7651
3 7651 7565 7558
3 7642 7600 7660
3 7649 7642 7660
3 7648 7662 7657
3 7660 7624 7636
3 3369 7662 7648
3 7663 7664 7665
3 7596 7581 7580
3 7596 7580 7641
3 7666 7664 7663
3 7666 7667 7664
3 7662 7661 7657
3 7668 7667 7666
3 7626 7628 7669
3 7669 7628 7599
3 7641 7669 7599
3 7630 7634 7619
3 7669 7641 7640
3 7669 7640 7650
3 7643 7649 7670
3 7647 7630 7610
3 7599 7596 7641
3 7671 7658 7670
3 7643 7670 7658
3 7665 7630 7647
3 7672 7673 7661
3 7661 7673 7659
3 7664 7634 7630
3 7665 7664 7630
3 7673 7674 7659
3 7667 7634 7664
3 7675 7660 7636
3 7655 7669 7650
3 7669 7655 7626
3 7656 7665 7647
3 7670 7649 7676
3 7660 7676 7649
3 7676 7677 7670
3 7678 7656 7653
3 7663 7665 7656
3 7447 7534 7446
3 7660 7675 7676
3 7672 7679 7673
3 7680 7663 7656
3 7681 7676 7675
3 7682 7534 7447
3 7534 7682 7683
3 7684 7676 7681
3 7684 7681 7685
3 7686 7666 7663
3 7673 7679 7687
3 7688 7684 7685
3 7689 7686 7544
3 7686 7663 7680
3 7682 7447 7463
3 3368 7690 3369
3 7662 3369 7690
3 7691 4998 3179
3 7691 3179 7692
3 7690 7693 7661
3 7690 7661 7662
3 7564 7534 7683
3 7691 7605 4998
3 7694 7695 7214
3 7691 7612 7605
3 7214 7222 7694
3 7612 7691 7696
3 7697 7698 7695
3 7699 7564 7683
3 7699 7571 7564
3 7672 7661 7693
3 7691 7692 7696
3 7683 7682 7700
3 7230 7694 7222
3 3383 7690 3368
3 3244 7692 3179
3 7690 3383 7701
3 7699 7683 7700
3 7690 7701 7693
3 7702 7693 7701
3 7701 3438 7702
3 7699 7700 7703
3 7615 7612 7696
3 7692 7704 7696
3 7705 7697 7695
3 7694 7705 7695
3 7696 7704 7706
3 7707 7697 7708
3 7709 7672 7710
3 7615 7696 7706
3 7697 7705 7708
3 7571 7699 7711
3 7693 7702 7710
3 7699 7703 7711
3 7712 7702 3438
3 7702 7713 7710
3 7710 7672 7693
3 3277 7694 7230
3 7682 7463 7700
3 7692 7714 7704
3 7700 7463 7516
3 7516 7703 7700
3 7709 7710 7713
3 7714 7715 7704
3 7715 7716 7704
3 3277 7230 3280
3 3277 7705 7694
3 7704 7716 7706
3 7705 3277 3276
3 7708 7705 3276
3 7706 7716 7717
3 7679 7672 7709
3 7707 7708 7718
3 7525 7711 7703
3 7703 7516 7525
3 7635 7615 7706
3 7709 7719 7679
3 7720 7707 7718
3 7721 7679 7722
3 7635 7706 7717
3 7722 7679 7719
3 7723 7722 7719
3 7724 7725 7720
3 7726 7724 7720
3 7727 7725 7724
3 7719 7709 7728
3 7711 7574 7571
3 7574 7711 7729
3 7730 7719 7728
3 7718 7708 3287
3 3282 7708 3276
3 7716 7731 7717
3 3287 7708 3282
3 7730 7723 7719
3 7718 3287 7732
3 7726 7720 7718
3 7726 7718 7732
3 7733 7674 7687
3 7726 7732 7734
3 7687 7674 7673
3 7729 7637 7574
3 7637 7729 7735
3 7736 7692 3244
3 3244 3256 7736
3 7678 7653 7735
3 7733 7687 7737
3 7735 7653 7637
3 7732 3287 3317
3 7732 3317 7738
3 7736 7714 7692
3 7714 7736 7739
3 7738 3317 3320
3 7739 7715 7714
3 7678 7735 7541
3 7738 7734 7732
3 7740 7687 7741
3 3269 7739 7736
3 7736 3256 3269
3 7724 7726 7734
3 7742 7739 3269
3 7715 7743 7716
3 7525 7729 7711
3 7525 7611 7729
3 7687 7679 7721
3 7739 7743 7715
3 7741 7687 7721
3 7729 7611 7735
3 7734 7738 7744
3 7745 7734 7744
3 7731 7716 7746
3 7746 7716 7743
3 7741 7721 7747
3 7737 7687 7740
3 7542 7735 7611
3 7541 7735 7542
3 3312 3269 3267
3 7737 7740 7748
3 7749 7740 7747
3 7743 7742 7646
3 7739 7742 7743
3 7742 3269 7646
3 7749 7748 7740
3 3312 7646 3269
3 7750 7727 7751
3 7752 7748 7749
3 7646 7645 7743
3 7747 7740 7741
3 7743 7645 7746
3 7727 7724 7753
3 7727 7753 7751
3 7749 7747 7754
3 7680 7656 7678
3 7755 7717 7731
3 7636 7635 7717
3 7636 7717 7755
3 7541 7680 7678
3 7721 7722 7756
3 7559 7562 7680
3 7753 7724 7734
3 7541 7559 7680
3 7734 7745 7753
3 7562 7686 7680
3 7722 7723 7757
3 7758 7746 7645
3 7751 7753 7759
3 7760 7751 7759
3 7659 7758 7645
3 5854 3387 3215
3 7759 7753 7761
3 7753 7745 7761
3 5854 3398 3387
3 7731 7746 7758
3 7545 7544 7562
3 7731 7758 7762
3 7686 7562 7544
3 3280 7230 3293
3 7755 7731 7762
3 3293 7230 7228
3 7541 7540 7559
3 7558 7562 7559
3 5854 5862 3398
3 7758 7674 7762
3 7659 7674 7758
3 5862 3417 3398
3 7763 7762 7674
3 3293 7298 7764
3 6740 7765 6741
3 3293 7764 3302
3 5859 5900 5882
3 3302 3294 3293
3 6098 5882 5900
3 5882 3417 5862
3 7766 7675 7636
3 6742 7765 6740
3 5882 7015 3417
3 7767 3320 3322
3 7636 7755 7766
3 7768 3417 7015
3 7767 7738 3320
3 7744 7738 7767
3 7765 7769 7770
3 7765 6742 6745
3 7768 3415 3417
3 7771 7750 7751
3 7766 7755 7772
3 6745 7769 7765
3 7773 7771 7751
3 7774 7772 7755
3 7049 7768 7015
3 7048 3415 7768
3 7049 7048 7768
3 7775 7773 7751
3 7681 7675 7766
3 7769 7776 7770
3 3415 7048 3235
3 7776 7777 7770
3 7778 7681 7766
3 7778 7766 7772
3 7701 3383 3438
3 7779 7776 7769
3 7685 7681 7778
3 7685 7778 7780
3 7781 7773 7775
3 7782 7778 7772
3 7775 7751 7760
3 3440 7712 3438
3 7783 7777 7776
3 7780 7778 7782
3 7702 7712 7713
3 7782 7772 7784
3 7712 3440 7785
3 7713 7712 7785
3 7785 3440 3457
3 7774 7784 7772
3 7760 7759 7786
3 7787 7782 7784
3 7786 7759 7761
3 7788 7789 7713
3 7782 7787 7790
3 7713 7728 7709
3 7713 7789 7728
3 7775 7760 7791
3 7786 7791 7760
3 7792 7793 7794
3 3440 3441 3457
3 7785 3457 7795
3 7762 7763 7755
3 3255 7795 3457
3 7796 7797 7798
3 3457 3253 3255
3 7792 7794 7799
3 7800 7795 3255
3 7795 7788 7785
3 7755 7763 7774
3 7788 7795 7801
3 7788 7713 7785
3 7781 7775 7791
3 7781 7791 7802
3 7803 7788 7801
3 7801 7795 7800
3 7733 7774 7763
3 7792 7796 7798
3 7804 7774 7733
3 7733 7763 7674
3 7803 7789 7788
3 7789 7803 7805
3 7791 7806 7802
3 7804 7784 7774
3 7787 7784 7804
3 7770 7500 6741
3 7506 7500 7770
3 7730 7728 7807
3 7806 7791 7786
3 7770 6741 7765
3 3235 7059 3227
3 7737 7808 7733
3 7806 7809 7802
3 7787 7804 7810
3 7804 7733 7808
3 7499 7500 7506
3 7811 7801 7800
3 3255 7812 7800
3 7804 7808 7810
3 3255 3254 7812
3 7813 7812 3254
3 7744 7767 7814
3 7811 7800 7812
3 7767 3322 3346
3 7507 7506 7531
3 7815 7811 7812
3 7787 7810 7816
3 7813 3254 3243
3 7201 3243 3242
3 7814 7767 3346
3 7810 7808 7737
3 7812 7813 7815
3 3361 7814 3346
3 7214 7813 3243
3 7817 7810 7737
3 7214 7818 7813
3 7819 7820 7748
3 7819 7748 7752
3 7817 7816 7810
3 7820 7816 7817
3 7777 7506 7770
3 7748 7817 7737
3 7821 7814 3361
3 7752 7749 7754
3 7822 7819 7752
3 7817 7748 7820
3 7822 7752 7754
3 7823 7819 7822
3 7824 7819 7823
3 7511 7514 7509
3 7511 7652 7658
3 7531 7825 7532
3 7511 7658 7671
3 7822 7826 7823
3 3362 7827 3361
3 7511 7671 7514
3 7531 7506 7777
3 7754 7747 7828
3 7821 3361 7827
3 7829 7754 7828
3 7756 7722 7757
3 7671 7670 7830
3 7756 7757 7831
3 7744 7814 7745
3 7832 7745 7814
3 7833 7757 7723
3 7832 7814 7821
3 7671 7830 7834
3 7513 7514 7537
3 7832 7761 7745
3 7532 7825 7835
3 7831 7757 7836
3 7514 7834 7537
3 7747 7721 7756
3 7514 7671 7834
3 7828 7747 7756
3 7837 7832 7821
3 7835 7622 7532
3 7622 7835 7793
3 7550 7537 7834
3 7828 7756 7831
3 7531 7777 7783
3 7838 7828 7831
3 7839 7838 7831
3 7834 7830 7840
3 7827 7841 7821
3 7531 7783 7825
3 7839 7831 7836
3 7825 7783 7794
3 7837 7821 7841
3 7799 7794 7783
3 7842 7834 7840
3 7838 7839 7843
3 7842 7840 7844
3 7825 7794 7835
3 7835 7794 7793
3 7677 7830 7670
3 7839 7836 6849
3 7845 7841 7827
3 7846 7830 7677
3 7793 7792 7798
3 7684 7677 7676
3 7728 7789 7847
3 7827 3362 7848
3 7847 7789 7805
3 7805 7849 7847
3 7840 7830 7846
3 3362 3340 7848
3 7848 3340 3353
3 7850 7840 7846
3 7807 7728 7847
3 7677 7684 7688
3 7723 7730 7807
3 7723 7807 7833
3 7846 7677 7688
3 7845 7827 7848
3 7807 7847 7851
3 7851 7833 7807
3 7852 7688 7685
3 7853 6661 6668
3 7846 7688 7852
3 7850 7846 7852
3 7853 7854 6661
3 6661 7854 6745
3 7847 7849 7851
3 7855 7852 7856
3 7851 7857 7833
3 7854 7853 7858
3 7840 7850 7844
3 7859 7845 7848
3 7811 7803 7801
3 7805 7803 7860
3 7803 7811 7860
3 7779 7854 7861
3 7811 7862 7860
3 7863 7860 7862
3 7811 7815 7862
3 7858 7861 7854
3 6987 7861 7858
3 7864 7844 7850
3 7805 7860 7863
3 7865 7845 7859
3 7855 7850 7852
3 7866 7845 7865
3 6745 7779 7769
3 7867 7805 7863
3 6745 7854 7779
3 7850 7855 7864
3 7818 7698 7815
3 7698 7862 7815
3 7864 7855 7868
3 7776 7779 7869
3 7861 7869 7779
3 7698 7870 7862
3 7815 7813 7818
3 7695 7818 7214
3 7783 7776 7869
3 7695 7698 7818
3 7871 7786 7761
3 7862 7870 7863
3 7556 7548 7550
3 7556 7550 7872
3 6668 6969 7853
3 7853 6969 6973
3 7697 7870 7698
3 7873 7786 7871
3 7707 7870 7697
3 7872 7550 7842
3 7867 7863 7870
3 7834 7842 7550
3 7806 7786 7873
3 7874 7867 7875
3 7853 6973 6982
3 6982 7858 7853
3 7870 7875 7867
3 7870 7707 7875
3 7875 7707 7720
3 7725 7875 7720
3 6987 7858 6982
3 7809 7806 7873
3 7872 7842 7876
3 7849 7805 7877
3 7871 7761 7832
3 7849 7877 7851
3 7877 7805 7867
3 7871 7832 7837
3 7877 7867 7874
3 7162 7556 7872
3 7556 7162 6936
3 7871 7878 7873
3 7879 6989 7001
3 7880 7877 7874
3 6987 7881 7861
3 6987 7879 7881
3 6987 6989 7879
3 7871 7882 7878
3 7162 7872 7883
3 7837 7882 7871
3 7883 7872 7876
3 7884 7837 7841
3 7885 7874 7875
3 7165 7162 7883
3 7882 7837 7884
3 7167 7886 7887
3 7000 7167 7887
3 7885 7875 7725
3 7885 7725 7727
3 7185 7165 7883
3 7880 7874 7888
3 7889 7842 7844
3 7888 7874 7885
3 7888 7885 7750
3 7750 7885 7727
3 7890 7887 7886
3 7889 7844 7891
3 7841 7845 7866
3 7884 7841 7866
3 7876 7842 7889
3 7001 7887 7879
3 7889 7892 7876
3 7892 7889 7891
3 7893 7884 7866
3 7894 7884 7893
3 7891 7844 7864
3 7001 7000 7887
3 7895 7891 7864
3 7887 7890 7879
3 7892 7891 7895
3 7757 7833 7836
3 7836 7833 7896
3 7883 7876 7185
3 7185 7876 7892
3 7896 7833 7857
3 7799 7783 7869
3 7861 7881 7869
3 7897 7873 7878
3 7881 7799 7869
3 7186 7185 7892
3 7799 7898 7792
3 7898 7881 7879
3 7799 7881 7898
3 7857 7851 7877
3 7890 7796 7898
3 7857 7899 7896
3 7792 7898 7796
3 7898 7879 7890
3 7899 6890 7896
3 7878 7882 7894
3 7890 7797 7796
3 7895 7186 7892
3 7186 7895 7900
3 7901 7878 7894
3 7797 7890 7886
3 7882 7884 7894
3 7900 7198 7186
3 7836 7896 6849
3 7894 7893 7902
3 7901 7894 7903
3 7856 7685 7904
3 7903 7894 7902
3 7780 7904 7685
3 7904 7780 7790
3 7905 7088 7906
3 6849 7896 6890
3 7856 7852 7685
3 7780 7782 7790
3 6890 6857 6849
3 7907 7905 7908
3 7906 7908 7905
3 7904 7790 7909
3 7893 7866 7865
3 7857 7877 7899
3 7880 7899 7877
3 7909 7790 7816
3 7893 7865 7910
3 6890 7899 7911
3 7912 7904 7909
3 7598 7907 7908
3 7880 7911 7899
3 7910 7865 7913
3 7914 7909 7816
3 7856 7904 7912
3 7912 7855 7856
3 7902 7893 7910
3 7868 7855 7912
3 7911 7880 7888
3 7910 7915 7902
3 7915 7910 7916
3 7888 7750 7771
3 7917 7918 7096
3 7919 7888 7771
3 7919 7771 7773
3 7903 7902 7915
3 7911 7888 7919
3 7912 7909 7914
3 7920 7868 7912
3 7088 7905 7089
3 7911 7919 7921
3 7920 7912 7914
3 7089 7905 7917
3 7921 7919 7773
3 7764 7298 7302
3 6891 6890 7911
3 7336 7764 7302
3 7917 7905 7922
3 3374 3302 7764
3 7816 7790 7787
3 7923 7764 7336
3 7096 7089 7917
3 7924 7923 7336
3 7923 3374 7764
3 7781 7921 7773
3 7925 7914 7816
3 7355 7336 7326
3 7336 7355 7924
3 6908 7921 7781
3 7925 7816 7820
3 6891 7911 7921
3 7921 6898 6891
3 6898 7921 6908
3 7922 7926 7798
3 7802 6908 7781
3 3374 3389 3376
3 7797 7922 7798
3 7824 7820 7819
3 7797 7918 7922
3 7754 7829 7822
3 7918 7797 7886
3 7925 7820 7824
3 7828 7838 7829
3 7923 7924 7927
3 7922 7918 7917
3 7920 7914 7928
3 7929 7822 7829
3 7930 7924 7355
3 7931 7930 7355
3 7907 7922 7905
3 7928 7914 7925
3 7826 7822 7932
3 7928 7925 7933
3 3389 3374 7923
3 7927 3389 7923
3 7926 7922 7907
3 7928 7934 7920
3 7930 7935 7927
3 7930 7927 7924
3 7934 7928 7936
3 7936 7928 7933
3 7927 3391 3389
3 7932 7822 7929
3 7933 7925 7824
3 7935 3391 7927
3 7933 7824 7823
3 3391 7935 3392
3 7932 7929 7937
3 7938 7932 7937
3 7937 7929 7939
3 7936 7933 7940
3 7941 7937 7939
3 7942 7935 7930
3 7116 7906 7088
3 7940 7933 7823
3 7930 7931 7942
3 7940 7823 7826
3 7868 7943 7864
3 7943 7895 7864
3 7829 7838 7944
3 7944 7945 7829
3 7587 7906 7116
3 7943 7868 7920
3 7943 7900 7895
3 7931 7355 7358
3 7587 7116 7115
3 7900 7943 7946
3 7906 7595 7908
3 7843 7944 7838
3 7943 7920 7947
3 7944 7843 6848
3 7587 7595 7906
3 7839 6848 7843
3 7946 7943 7947
3 6848 7839 6849
3 7598 7595 7596
3 7948 7944 6848
3 7944 7948 7945
3 7411 7358 7360
3 7358 7411 7931
3 7908 7595 7598
3 6872 6848 6850
3 7948 6848 6872
3 7929 7829 7945
3 7939 7929 7945
3 7946 7198 7900
3 7939 7945 7948
3 7946 7241 7198
3 7620 7625 7621
3 7949 7625 7620
3 7939 7948 7950
3 7941 7939 7950
3 7620 7951 7949
3 7946 7947 7248
3 7241 7946 7248
3 7248 7947 7952
3 7950 7948 6872
3 7953 7942 7931
3 6872 6864 7950
3 7926 7949 7951
3 7947 7920 7934
3 7951 7622 7793
3 7622 7951 7620
3 7934 7936 7954
3 7826 7938 7940
3 7952 7934 7954
3 7955 7940 7938
3 7952 7947 7934
3 7938 7178 7955
3 7628 7949 7598
3 7956 7953 7931
3 7628 7598 7599
3 7952 7954 7269
3 7954 7936 7940
3 7942 7953 7957
3 7826 7932 7938
3 7940 7955 7954
3 7958 7938 7937
3 7949 7628 7625
3 7958 7937 7941
3 7269 7954 7955
3 7956 7931 7411
3 7958 7178 7938
3 7907 7949 7926
3 7949 7907 7598
3 7249 7248 7952
3 7178 7175 7955
3 7249 7952 7269
3 7951 7793 7798
3 7951 7798 7926
3 7956 7959 7953
3 7178 7958 7188
3 7935 7942 3392
3 7918 7167 7096
3 7267 7249 7269
3 7942 3402 3392
3 7167 7918 7886
3 7188 7192 7187
3 7955 7175 7269
3 7080 7458 7170
3 7960 7941 7950
3 7958 7941 7960
3 7472 7961 7458
3 7957 3402 7942
3 7960 7188 7958
3 7962 7964 7347
3 7458 7961 7170
3 7347 7344 7962
3 7965 7960 7950
3 7459 7472 7458
3 7965 7950 6864
3 6930 7965 6864
3 6930 6843 7965
3 7966 7961 7472
3 7192 7188 7960
3 7173 7170 7961
3 7957 7967 3403
3 7192 7960 7219
3 7960 6843 7219
3 7173 7961 7968
3 6843 7960 7965
3 6843 6842 7219
3 7957 3403 3402
3 7968 7961 7966
3 7967 7957 7969
3 7462 7970 7472
3 7347 7964 7971
3 7972 7347 7971
3 7972 7971 7554
3 7966 7472 7970
3 7470 7970 7462
3 7957 7953 7973
3 6882 7966 7970
3 7470 7476 7970
3 7476 6878 7970
3 6878 7476 6879
3 7973 7969 7957
3 7973 7953 7959
3 7966 6853 7968
3 7974 7973 7959
3 7974 7969 7973
3 7972 7346 7347
3 6853 7966 6882
3 7969 7974 7975
3 7970 6878 6882
3 7969 7975 7976
3 6858 6882 6881
3 6882 6858 6853
3 7976 7977 7969
3 7977 7967 7969
3 7573 7972 7554
3 6976 7208 6977
3 7963 7361 7362
3 7169 7978 7208
3 7411 7413 7979
3 7345 7361 7963
3 7978 7173 7968
3 7978 7169 7173
3 7964 7962 7980
3 6977 7208 7978
3 7413 7410 7425
3 6977 7978 6852
3 7425 7982 7413
3 7968 6852 7978
3 7982 7979 7413
3 7979 7956 7411
3 7968 6853 6852
3 7983 7959 7979
3 7959 7956 7979
3 6977 6852 6867
3 7982 7983 7979
3 7984 7985 7971
3 7986 7983 7982
3 7985 7555 7971
3 7986 7987 7983
3 7988 7974 7959
3 7984 7971 7964
3 7983 7988 7959
3 7987 7988 7983
3 7987 7989 7988
3 7432 7982 7425
3 7986 7982 7432
3 7427 7990 7432
3 7991 7985 7984
3 7990 7986 7432
3 7427 7430 7992
3 7991 7546 7985
3 7992 7990 7427
3 7992 7993 7990
3 7994 7546 7991
3 7555 7985 7549
3 7985 7546 7549
3 7986 7995 7987
3 7554 7971 7555
3 7990 7995 7986
3 7990 7993 7995
3 7996 7995 7997
3 7993 7997 7995
3 7998 7974 7988
3 7998 7975 7974
3 7998 7999 7975
3 7989 7998 7988
3 7578 7346 7972
3 7998 7989 7999
3 7989 8000 7999
3 7972 7573 7578
3 7420 7346 7578
3 7975 7999 7976
3 8001 8002 7999
3 8003 8001 7999
3 8000 8003 7999
3 7996 7987 7995
3 7997 8004 7996
3 7544 8005 7689
3 7544 7546 8005
3 8005 7546 7994
3 7996 7989 7987
3 7989 7996 8000
3 8006 3353 3519
3 8006 3519 3524
3 8007 8006 3524
3 8004 8000 7996
3 8004 8008 8000
3 8007 8009 8006
3 8008 8001 8003
3 8003 8000 8008
3 8007 3524 3529
3 8010 8007 3529
3 8011 8008 8004
3 3517 3528 3529
3 3529 3528 8012
3 8013 3529 8012
3 3353 8006 7848
3 7848 8006 7859
3 8014 8009 8007
3 8009 7859 8006
3 8015 7859 8014
3 8014 7859 8009
3 8014 8007 8010
3 3403 7967 3399
3 8010 3529 8013
3 8015 7865 7859
3 8014 8010 8016
3 8017 8016 8010
3 8017 8010 8013
3 7865 8015 7913
3 8018 7913 8015
3 3539 8012 3528
3 8019 7913 8018
3 7916 7910 7913
3 7915 7916 8020
3 3539 8021 8012
3 8012 8021 8013
3 8021 8022 8013
3 8022 8021 8023
3 7916 7913 8019
3 8024 7916 8019
3 3228 8025 3539
3 8025 3228 3229
3 3229 8026 8025
3 8024 8019 8027
3 8028 8027 8019
3 8025 8021 3539
3 8023 8021 8025
3 8026 8023 8025
3 8029 7916 8024
3 8029 8020 7916
3 8020 8029 8031
3 8032 8023 8026
3 8029 8024 8034
3 8036 8029 8034
3 8034 8024 8027
3 8035 8033 8037
3 8038 8022 8023
3 8017 8013 8022
3 8017 8022 8039
3 8008 8040 8001
3 8041 8040 8008
3 8042 8038 8023
3 8032 8042 8023
3 8041 8043 8040
3 8039 8022 8038
3 8039 8038 8042
3 8011 8041 8008
3 3229 3220 3281
3 3272 3288 3281
3 3283 8044 3288
3 8026 3229 3281
3 8026 3281 8046
3 8032 8026 8046
3 8046 3281 3288
3 8047 8032 8046
3 3288 8044 8046
3 8043 8041 8048
3 8045 3284 3301
3 8049 8045 3301
3 8050 8043 8048
3 3301 3306 3511
3 8051 3301 3511
3 8052 8053 8054
3 8049 8051 8055
3 8049 3301 8051
3 8056 8047 8046
3 8057 8042 8032
3 8047 8057 8032
3 8058 8059 8060
3 8061 8042 8057
3 8062 8063 8064
3 8064 8065 8062
3 8066 8059 8063
3 8067 8055 8068
3 8066 8063 8062
3 8060 8059 8066
3 8067 8068 8069
3 8015 8014 8018
3 8066 8062 8065
3 6909 6908 7802
3 8018 8014 8016
3 8028 8018 8016
3 8018 8028 8019
3 8070 6909 7802
3 8071 8028 8016
3 8072 6909 8070
3 8028 8071 8073
3 7809 8070 7802
3 7809 8074 8075
3 8071 8016 8017
3 6904 6909 8072
3 8071 8017 8076
3 8070 8077 8072
3 8078 8071 8076
3 6923 6904 8072
3 8080 6923 8072
3 6981 6923 8080
3 8027 8028 8073
3 8080 8072 8077
3 8027 8073 8082
3 8075 8070 7809
3 8073 8071 8083
3 8082 8073 8083
3 8077 8070 8075
3 8075 8084 8077
3 8085 8081 8086
3 8081 8087 8086
3 8034 8027 8082
3 8077 8089 8080
3 8033 8081 8085
3 8089 8077 8084
3 8037 8085 8090
3 8033 8085 8037
3 8091 8084 8092
3 8084 8091 8089
3 8086 8094 8085
3 8090 8085 8094
3 8094 8053 8090
3 8094 8095 8053
3 8096 8097 8098
3 8086 8095 8094
3 8099 8097 8100
3 8083 8071 8088
3 8088 8071 8078
3 8088 8082 8083
3 8101 8086 8087
3 8099 8100 8102
3 8087 8079 8103
3 8076 8017 8039
3 8076 8039 8104
3 6981 8080 8106
3 8078 8076 8104
3 8107 8106 8089
3 8089 8106 8080
3 6983 6981 8106
3 7004 6983 8108
3 8106 8108 6983
3 8106 8109 8108
3 8109 8106 8107
3 8054 8053 8095
3 8095 8110 8054
3 8095 8086 8101
3 8110 8095 8101
3 8107 8089 8091
3 8064 8054 8110
3 8091 8112 8107
3 8092 8112 8091
3 8103 8101 8087
3 8114 8107 8112
3 8109 8107 8115
3 8079 8116 8103
3 8115 8118 8109
3 8115 8107 8114
3 8118 8115 8114
3 8101 8103 8119
3 8113 8120 8117
3 8101 8119 8110
3 8121 8110 8119
3 8109 8122 8108
3 7362 8108 8122
3 8122 8109 8118
3 8122 8118 8123
3 7362 7981 7963
3 8108 7006 7004
3 8108 7362 7006
3 8121 8064 8110
3 8064 8121 8065
3 8065 8125 8066
3 7362 8122 7981
3 7981 8122 8123
3 8121 8126 8065
3 8127 8128 8119
3 8117 8129 8124
3 8128 8121 8119
3 8124 8129 8130
3 8128 8126 8121
3 8131 8128 8127
3 8132 8128 8131
3 8117 8120 8129
3 8133 8104 8039
3 8116 8079 8105
3 7980 8124 8130
3 8116 8105 8135
3 7980 8130 7964
3 8135 8105 8134
3 8116 8135 8136
3 8137 8138 8136
3 8039 8042 8061
3 8133 8039 8061
3 8133 8061 8140
3 8061 8057 8141
3 8140 8061 8141
3 8141 8057 8143
3 8142 8144 8145
3 8146 8142 8145
3 8139 8142 8146
3 8147 8146 8145
3 8148 8149 8150
3 8136 8135 8134
3 7984 8130 8149
3 8151 8134 8139
3 8136 8134 8151
3 7984 8149 8148
3 7964 8130 7984
3 8137 8136 8152
3 8151 8152 8136
3 8146 8151 8139
3 8151 8146 8147
3 7991 8148 7994
3 8148 8153 7994
3 8147 8145 8154
3 8154 8145 8069
3 8154 8069 8155
3 8156 8154 8155
3 8155 8069 8157
3 8157 8158 8155
3 8150 8153 8148
3 8159 8137 8152
3 8147 8152 8151
3 8156 8147 8154
3 8160 8137 8159
3 8152 8147 8156
3 8156 8155 8158
3 8152 8156 8159
3 8156 8161 8159
3 7984 8148 7991
3 8138 8103 8116
3 8119 8103 8138
3 8136 8138 8116
3 8119 8138 8127
3 8137 8127 8138
3 8120 8162 8149
3 8131 8127 8160
3 8163 8120 8164
3 8160 8127 8137
3 8163 8162 8120
3 8166 8046 8044
3 8098 8113 8111
3 8093 8098 8111
3 8056 8046 8166
3 8167 8056 8166
3 8113 8098 8164
3 8057 8047 8143
3 8143 8047 8056
3 8056 8167 8143
3 8099 8163 8164
3 8145 8144 8168
3 8097 8164 8098
3 8055 8165 8049
3 8168 8165 8067
3 8097 8099 8164
3 8067 8165 8055
3 8113 8164 8120
3 8069 8168 8067
3 8168 8069 8145
3 8099 8169 8163
3 8099 8102 8169
3 8170 8163 8169
3 8162 8170 8150
3 8149 8162 8150
3 7977 8171 7967
3 8162 8163 8170
3 8172 7977 7976
3 7977 8173 8171
3 7977 8172 8173
3 8002 8172 7976
3 8002 7976 7999
3 8149 8130 8129
3 7967 3344 3399
3 8149 8129 8120
3 7809 7873 7897
3 8171 3344 7967
3 8074 7809 7897
3 8174 3344 8171
3 8074 7897 8175
3 8173 8176 8171
3 8176 8174 8171
3 8074 8084 8075
3 8177 3351 3344
3 8174 8177 3344
3 7878 8178 7897
3 8178 8175 7897
3 8179 8178 7901
3 8177 8180 8181
3 8174 8182 8177
3 8178 8179 8175
3 8182 8180 8177
3 8183 8180 8182
3 7901 8178 7878
3 8173 8172 8176
3 8174 8176 8182
3 8184 8182 8176
3 8185 8182 8184
3 8176 8172 8184
3 8002 8184 8172
3 8002 8186 8184
3 8188 7901 7903
3 8188 8179 7901
3 8189 8179 8188
3 8190 8187 8191
3 8193 8188 7903
3 8191 8187 8192
3 8184 8194 8195
3 8196 8195 8194
3 8191 8192 8197
3 8185 8183 8182
3 8198 8199 8197
3 8191 8197 8199
3 8183 8185 8200
3 8084 8074 8201
3 8195 8200 8185
3 8201 8074 8203
3 8184 8195 8185
3 8074 8175 8203
3 8179 8203 8175
3 8196 8200 8195
3 8179 8189 8203
3 8204 8203 8189
3 8177 3406 3351
3 8181 3406 8177
3 8201 8203 8204
3 8202 8205 8206
3 8092 8084 8201
3 8202 8096 8093
3 8181 3410 3406
3 8096 8098 8093
3 8207 3410 8181
3 8202 8206 8096
3 8206 8100 8097
3 8206 8097 8096
3 8181 8180 8208
3 8183 8208 8180
3 8209 8208 8183
3 8181 8208 8207
3 8209 8207 8208
3 8205 8190 8210
3 8206 8205 8211
3 8210 8211 8205
3 8207 3414 3410
3 8212 8100 8211
3 8211 8210 8212
3 8212 8213 8100
3 8200 8209 8183
3 8211 8100 8206
3 8200 8214 8209
3 8209 8214 8207
3 8210 8190 8191
3 8199 8210 8191
3 8199 8212 8210
3 8199 8213 8212
3 8213 8199 8198
3 8193 7903 7915
3 8193 7915 8215
3 8207 8214 8217
3 8218 8217 8214
3 8197 8192 8216
3 8218 8214 8219
3 7617 8220 7430
3 8221 8220 7617
3 3414 8207 8222
3 8222 3420 3414
3 7633 7617 7613
3 7617 8223 8221
3 7633 8223 7617
3 8217 8222 8207
3 8222 8217 8224
3 8225 8226 8221
3 8225 8227 8226
3 8001 8228 8002
3 8228 8186 8002
3 8186 8228 8229
3 8184 8186 8194
3 8040 8228 8001
3 8040 8229 8228
3 7667 8230 7633
3 8040 8043 8229
3 7633 8230 8223
3 8223 8231 8221
3 8223 8230 8231
3 8229 8194 8186
3 8196 8194 8229
3 8232 8196 8229
3 8231 8225 8221
3 8233 8227 8225
3 8233 8225 8234
3 8043 8232 8229
3 8233 8234 8235
3 8230 8236 8231
3 8231 8236 8234
3 8234 8236 8237
3 8234 8225 8231
3 8196 8232 8238
3 8234 8237 8239
3 8050 8232 8043
3 8240 8200 8196
3 8196 8238 8240
3 8241 8240 8238
3 8242 8102 8243
3 8243 8102 8244
3 8245 8246 8235
3 8246 8245 8247
3 8247 8245 8248
3 8214 8200 8240
3 8239 8237 8249
3 8237 8250 8249
3 8239 8249 8251
3 8243 8251 8242
3 8214 8240 8219
3 8242 8251 8249
3 8241 8219 8240
3 8239 8235 8234
3 8235 8239 8245
3 8252 8218 8219
3 8245 8239 8251
3 8245 8251 8248
3 8253 8219 8241
3 8254 8243 8244
3 8243 8254 8248
3 8050 8238 8232
3 8248 8255 8247
3 8238 8050 8256
3 8248 8257 8255
3 8241 8238 8256
3 8248 8254 8257
3 8248 8251 8243
3 8048 8256 8050
3 8256 8048 8058
3 8258 8256 8058
3 8258 8058 8060
3 8220 7992 7430
3 8258 8241 8256
3 7993 7992 8220
3 8060 8259 8258
3 8259 8060 8125
3 8258 8253 8241
3 8259 8253 8258
3 8226 7997 7993
3 8220 8226 7993
3 8260 8253 8259
3 8226 8227 7997
3 7997 8227 8261
3 8220 8221 8226
3 8060 8066 8125
3 8217 8218 8252
3 8261 8004 7997
3 8227 8262 8261
3 8263 8264 8252
3 8264 8265 8252
3 8262 8266 8261
3 8267 8265 8264
3 8268 8267 8264
3 8011 8004 8261
3 3511 3510 3512
3 8269 3511 3512
3 8051 3511 8270
3 8247 8271 8266
3 8270 3511 8269
3 8270 8272 8051
3 8011 8261 8266
3 8011 8266 8271
3 8269 3512 8273
3 3518 8274 3512
3 8233 8262 8227
3 8235 8262 8233
3 8262 8235 8246
3 8246 8266 8262
3 8266 8246 8247
3 8271 8247 8255
3 8273 3512 8274
3 8274 8275 8273
3 8276 8277 7668
3 8055 8051 8272
3 8278 8236 8276
3 8270 8269 8272
3 8068 8055 8272
3 8279 8280 8281
3 8250 8280 8279
3 8272 8157 8068
3 8278 8280 8250
3 8249 8250 8279
3 8069 8068 8157
3 8281 8280 8282
3 8282 8153 8281
3 8269 8283 8272
3 8157 8272 8283
3 8150 8281 8153
3 8281 8150 8170
3 8284 8275 8285
3 8286 8282 8278
3 8286 8278 8276
3 8287 8284 8285
3 8153 8286 8288
3 8286 8153 8282
3 8278 8282 8280
3 7633 7634 7667
3 7667 8277 8230
3 7667 7668 8277
3 8277 8236 8230
3 8269 8273 8283
3 8276 8236 8277
3 8283 8284 8289
3 8283 8273 8284
3 8284 8273 8275
3 8289 8284 8287
3 8278 8250 8236
3 3420 8222 8224
3 8250 8237 8236
3 3420 8224 3532
3 8224 8290 3532
3 8290 8291 3532
3 8288 8286 8292
3 8291 3535 3532
3 8288 7994 8153
3 7666 8292 7668
3 7689 8292 7666
3 8224 8217 8290
3 8286 8276 8292
3 7668 8292 8276
3 8005 8288 7689
3 7689 8288 8292
3 8005 7994 8288
3 8293 3540 3535
3 3535 8291 8293
3 7689 7666 7686
3 3536 8294 3518
3 8294 3536 3541
3 8293 3541 3540
3 8295 3541 8293
3 8169 8242 8279
3 8279 8281 8170
3 8169 8279 8170
3 8296 8295 8293
3 8242 8169 8102
3 8296 8297 8295
3 8298 8293 8291
3 8299 8296 8298
3 8298 8296 8293
3 8249 8279 8242
3 8265 8290 8217
3 8252 8265 8217
3 8291 8290 8265
3 8267 8291 8265
3 8291 8267 8298
3 8300 8301 8302
3 8303 8298 8267
3 8304 8300 8302
3 3518 8305 8274
3 3518 8297 8305
3 8297 3518 8294
3 8306 8305 8297
3 8307 8305 8306
3 8305 8275 8274
3 8305 8307 8275
3 8300 8304 8308
3 8297 8294 8295
3 8297 8296 8299
3 8299 8306 8297
3 8254 8300 8309
3 8308 8309 8300
3 8306 8310 8307
3 8311 8307 8310
3 8285 8275 8307
3 8307 8311 8285
3 8244 8102 8100
3 8310 8306 8299
3 8310 8299 8298
3 8244 8213 8301
3 8213 8244 8100
3 8303 8310 8298
3 8303 8311 8310
3 8312 8311 8303
3 8313 8285 8311
3 8312 8313 8311
3 8285 8313 8287
3 8213 8198 8301
3 8132 8314 8315
3 8316 8315 8314
3 8301 8198 8302
3 8252 8219 8263
3 8301 8300 8244
3 8244 8300 8254
3 8260 8263 8219
3 8219 8253 8260
3 8309 8257 8254
3 8263 8260 8317
3 8318 8317 8260
3 7915 8020 8215
3 8197 8216 8319
3 8264 8263 8268
3 8031 8215 8020
3 8030 8319 8216
3 8035 8319 8030
3 8267 8268 8320
3 8317 8321 8263
3 8319 8322 8304
3 8321 8268 8263
3 8268 8321 8323
3 8198 8197 8319
3 8316 8323 8321
3 8319 8302 8198
3 8317 8316 8321
3 8320 8268 8323
3 8304 8302 8319
3 8125 8318 8259
3 8259 8318 8260
3 8036 8031 8029
3 8035 8322 8319
3 8052 8304 8322
3 8304 8052 8324
3 8125 8065 8126
3 8126 8132 8315
3 8126 8315 8125
3 8132 8126 8128
3 8308 8304 8324
3 8318 8125 8315
3 8324 8325 8308
3 8317 8318 8315
3 8317 8315 8316
3 8322 8035 8037
3 8322 8037 8090
3 8322 8090 8052
3 8052 8090 8053
3 8314 8131 8160
3 8160 8326 8314
3 8309 8327 8257
3 8257 8328 8255
3 8257 8327 8328
3 8309 8325 8327
3 8271 8329 8011
3 8328 8329 8271
3 8330 8157 8283
3 8330 8283 8289
3 8328 8331 8329
3 8157 8330 8158
3 8255 8328 8271
3 8332 8158 8330
3 8332 8330 8333
3 8327 8331 8328
3 8326 8160 8159
3 8161 8326 8159
3 8326 8161 8334
3 8158 8161 8156
3 8332 8161 8158
3 8334 8161 8332
3 8333 8334 8332
3 8309 8308 8325
3 8313 8335 8287
3 8336 8335 8312
3 8312 8320 8336
3 8329 8041 8011
3 8314 8323 8316
3 8314 8337 8323
3 8331 8041 8329
3 8334 8338 8337
3 8337 8314 8326
3 8326 8334 8337
3 8336 8320 8323
3 8336 8323 8337
3 8338 8335 8336
3 8339 8048 8331
3 8336 8337 8338
3 8327 8339 8331
3 8330 8289 8333
3 8338 8287 8335
3 8333 8287 8338
3 8333 8289 8287
3 8339 8327 8325
3 8041 8331 8048
3 8334 8333 8338
3 8131 8314 8132
3 8325 8324 8340
3 8324 8063 8340
3 8303 8267 8320
3 8312 8303 8320
3 8335 8313 8312
3 8054 8324 8052
3 8324 8054 8063
3 8064 8063 8054
3 8339 8340 8059
3 8339 8325 8340
3 8063 8059 8340
3 8341 8343 7632
3 8048 8339 8058
3 8058 8339 8059
3 7629 7632 8343
3 6801 7629 8343
3 8342 8344 6800
3 7316 7202 7243
3 7255 7316 7243
3 7629 6801 5284
3 6802 5285 6800
3 6800 8344 6802
3 7255 7251 7257
3 8344 8345 6802
3 6807 6802 8345
3 7111 7104 7046
3 7434 7115 7109
3 8346 8345 8344
3 7464 7632 7457
3 8341 7632 7464
3 8347 8345 8346
3 7464 7454 6874
3 6860 7464 6874
3 8346 8344 8342
3 8349 8346 8342
3 8349 8350 8346
3 6825 8347 8351
3 8351 8347 8346
3 8341 7464 6876
3 6832 6825 8351
3 6860 6876 7464
3 8346 8350 8351
3 8352 8341 6876
3 8347 6807 8345
3 6807 8347 6825
3 6866 6894 6876
3 8348 8341 8352
3 6894 8352 6876
3 8341 8348 8343
3 8353 8354 8349
3 8354 6893 6918
3 8349 8354 8350
3 8350 8354 6917
3 8354 6918 6917
3 6899 6918 6893
3 6895 6899 6893
3 8354 8353 6893
3 6826 6832 6834
3 6832 8351 8355
3 6832 8355 8356
3 7492 6851 6845
3 8351 8350 8355
3 8350 6917 8355
3 8355 6917 6941
3 6855 8357 6873
3 7502 8358 8359
3 7502 7503 8358
3 7503 7316 7255
3 6839 6841 6838
3 6962 6839 8356
3 7503 7255 8360
3 6962 6841 6839
3 7503 8360 8358
3 6839 6834 6832
3 6832 8356 6839
3 8356 8355 6941
3 8361 8357 8362
3 8360 7255 7257
3 6941 6960 8356
3 8356 6960 6962
3 7283 8360 7257
3 6941 6940 6960
3 8360 8363 8358
3 8363 8362 8358
3 8358 8362 8359
3 6917 6919 6941
3 8361 8362 8363
3 8359 7492 7502
3 8359 8364 7492
3 6840 6841 6667
3 6964 6667 6841
3 6964 6841 6962
3 8364 6851 7492
3 8364 6855 6851
3 6962 6960 6963
3 8364 8362 8357
3 8364 8359 8362
3 6855 8364 8357
3 8357 6885 6873
3 6906 6885 7064
3 8360 7283 8363
3 7283 7286 8363
3 7286 8361 8363
3 8365 7286 7293
3 8366 7286 8365
3 7045 7040 8365
3 7045 8365 7293
3 8361 7286 8366
3 7040 7039 8365
3 8366 8365 7039
3 8357 8367 6885
3 8361 8367 8357
3 7064 6885 8367
3 8367 8361 8366
3 8366 7064 8367
3 7039 7064 8366
3 6861 6874 6847
3 6847 6846 6861
3 8165 8045 8049
3 3541 8295 8294
