ply
format ascii 1.0
comment made by meshes/oim_asset_to_ply.py from coffee_cup_centered.obj; mm; origin 50.0 mm above the underside, plan bbox centred
element vertex 8145
property float x
property float y
property float z
property float nx
property float ny
property float nz
property uchar red
property uchar green
property uchar blue
element face 16384
property list uchar int vertex_indices
end_header
-11.5520 37.1490 38.7690 0.09747 0.99448 0.03893 255 255 0
-13.8270 37.3020 38.5620 -0.00185 0.99909 0.04254 255 255 0
-8.8210 36.3430 45.7910 0.17127 0.97558 0.13753 255 255 0
-5.8560 35.7070 45.6560 0.25033 0.95978 0.12714 255 255 0
-3.4730 35.0070 45.8220 0.31603 0.93959 0.13150 255 255 0
-11.8260 36.7750 45.4910 0.12219 0.98307 0.13657 255 255 0
-13.4260 36.4980 47.5400 0.04221 0.97240 0.22945 255 255 0
-8.2440 36.6440 40.4840 0.17995 0.98225 0.05303 255 255 0
-6.2980 36.2570 38.9370 0.24174 0.96983 0.03147 255 255 0
-6.2900 36.2880 37.9360 0.24640 0.96874 0.02893 255 255 0
-6.2830 36.3150 36.9040 0.24284 0.96976 0.02439 255 255 0
-6.2800 36.3320 36.1610 0.23814 0.97101 0.02082 255 255 0
-4.5120 35.7570 40.4700 0.28491 0.95705 0.05365 255 255 0
-2.9690 35.3480 37.2300 0.32012 0.94699 0.02700 255 255 0
3.2760 32.4790 39.6180 0.49633 0.86673 0.04943 255 255 0
0.1600 34.0600 38.9880 0.39702 0.91687 0.04148 255 255 0
1.9490 32.3970 47.4460 0.45270 0.85797 0.24281 255 255 0
3.0700 32.1240 45.8390 0.49141 0.86081 0.13236 255 255 0
6.6700 29.8100 45.5930 0.77199 0.62179 0.13192 255 255 0
6.5150 29.7950 46.4920 0.57531 0.79981 0.17125 255 255 0
-1.1810 34.6030 39.1450 0.36802 0.92863 0.04706 255 255 0
-0.9290 34.5780 36.8960 0.37502 0.92670 0.02432 255 255 0
-0.1520 33.9790 43.1150 0.39910 0.91300 0.08456 255 255 0
-0.1400 33.6400 46.0100 0.38857 0.91546 -0.10461 255 255 0
10.3070 26.9910 44.1390 0.67544 0.73202 0.08904 255 255 0
8.6380 27.9630 46.9690 0.63904 0.75039 0.16896 255 255 0
9.5630 27.1230 47.0260 0.66564 0.72236 0.18741 255 255 0
6.2070 30.5460 40.9580 0.55504 0.82919 0.06604 255 255 0
6.1820 30.6060 40.1990 0.55438 0.83225 -0.00490 255 255 0
6.2140 30.6540 38.6930 0.56327 0.82457 0.05312 255 255 0
6.2360 30.6850 37.4430 0.56775 0.82248 0.03441 255 255 0
7.7540 29.6870 35.3770 0.61420 0.78877 0.02464 255 255 0
7.8570 29.4500 39.6670 0.61463 0.78822 0.03053 255 255 0
8.9610 28.5680 38.4260 0.64916 0.75983 0.03537 255 255 0
12.2230 25.4580 39.0400 0.72235 0.68972 0.04998 255 255 0
12.6170 24.2100 46.5570 0.74768 0.64202 0.16968 255 255 0
14.9180 21.4530 45.7660 0.79805 0.58563 0.14195 255 255 0
15.9720 19.9520 45.5930 0.84638 0.52232 0.10408 255 255 0
16.2960 18.9830 47.3300 0.83577 0.50927 0.20525 255 255 0
10.4080 27.2780 38.2860 0.68134 0.73195 0.00466 255 255 0
11.0340 26.6860 38.5660 0.69494 0.71818 0.03558 255 255 0
11.0880 26.1400 44.5650 0.70924 0.69591 0.11261 255 255 0
11.0500 25.9360 46.0150 0.69971 0.69850 0.14998 255 255 0
17.0530 17.6690 47.0050 0.87188 0.45667 0.17686 255 255 0
17.6980 16.4040 47.0250 0.88013 0.43613 0.18753 255 255 0
13.5190 23.9360 40.9520 0.76820 0.63789 0.05440 255 255 0
15.8080 20.8040 40.9530 0.81677 0.57607 0.03192 255 255 0
16.8900 19.2740 39.8950 0.84695 0.53128 0.02043 255 255 0
15.8530 20.9020 38.6960 0.85456 0.46646 0.22835 255 255 0
15.8720 20.9160 37.9510 0.82745 0.56080 0.02897 255 255 0
15.8950 20.9310 36.9360 0.82629 0.56272 0.02433 255 255 0
15.9240 20.9510 35.3950 0.82512 0.56459 0.02055 255 255 0
17.6630 18.0400 37.3290 0.87197 0.48867 0.02952 255 255 0
19.9650 12.7890 39.8580 0.93857 0.34211 0.04534 255 255 0
20.2660 11.5060 43.0290 0.94846 0.30797 0.07467 255 255 0
19.5190 12.5680 46.3280 0.92552 0.33813 0.17052 255 255 0
21.0280 7.5340 45.8050 0.96870 0.20423 0.14114 255 255 0
20.9350 10.2490 36.0070 0.95477 0.29616 0.02660 255 255 0
18.8870 15.4880 39.0440 0.90505 0.42337 0.04050 255 255 0
18.7760 15.8070 37.6470 0.90759 0.41922 0.02327 255 255 0
19.6600 13.6990 39.0470 0.92863 0.36912 0.03740 255 255 0
18.4910 16.4740 36.3630 0.89589 0.44372 0.02218 255 255 0
19.2040 13.9190 44.7120 0.92216 0.37670 0.08792 255 255 0
18.6640 14.7970 45.8650 0.90134 0.40167 0.16202 255 255 0
18.3090 14.5310 48.2480 0.88804 0.37819 0.26145 255 255 0
20.1180 10.4520 46.8950 0.94177 0.27116 0.19884 255 255 0
21.4370 4.4620 46.4230 0.98142 0.12079 0.14906 255 255 0
21.2630 7.7250 43.0990 0.96865 0.22825 -0.09810 255 255 0
21.2160 8.3970 41.3070 0.96760 0.24187 0.07251 255 255 0
21.1200 9.1500 39.2930 0.96493 0.25745 0.05132 255 255 0
21.1390 9.1570 38.8330 0.96401 0.26271 0.04093 255 255 0
21.1740 9.1550 38.0000 0.96961 0.24375 0.02091 255 255 0
21.4270 8.4060 36.7400 0.96700 0.25131 0.04194 255 255 0
21.7330 5.2690 42.6320 0.98572 0.14758 0.08103 255 255 0
21.5810 7.2560 39.5440 0.97691 0.20657 0.05449 255 255 0
22.2150 5.1730 34.8150 0.98103 0.18886 0.04365 255 255 0
22.4090 3.6750 35.5770 0.98956 0.12796 0.06638 255 255 0
22.1680 -1.3340 41.6250 0.99629 -0.04347 0.07431 255 255 0
21.9420 2.1140 44.0830 0.99302 0.06544 0.09817 255 255 0
22.1120 -0.2540 43.0270 0.99869 0.01126 0.04995 255 255 0
21.5640 -4.6710 45.4220 0.98665 -0.11421 0.11613 255 255 0
21.3620 -5.3880 46.1710 0.97568 -0.14667 0.16288 255 255 0
21.0380 -7.3950 45.9160 0.96914 -0.20757 0.13298 255 255 0
22.7040 -1.5780 33.8360 0.66884 0.03643 0.74252 255 255 0
22.1280 2.9850 40.6370 0.99318 0.09146 0.07238 255 255 0
22.6400 0.6850 35.0320 0.99860 0.01312 0.05133 255 255 0
22.6190 1.9190 34.9090 0.99604 0.04717 0.07532 255 255 0
21.7590 -0.0410 46.3080 0.98866 0.02066 0.14877 255 255 0
21.7100 1.5570 46.0640 0.98444 0.06178 0.16448 255 255 0
20.6790 -9.6430 44.3180 0.95945 -0.26323 0.10079 255 255 0
20.1880 -9.9000 47.1590 0.94380 -0.26537 0.19705 255 255 0
21.6040 -6.1530 42.8250 0.98328 -0.16212 0.08292 255 255 0
22.0220 -4.8050 39.3890 0.99076 -0.11558 0.07100 255 255 0
21.7710 -6.5980 39.1680 0.98195 -0.17676 0.06726 255 255 0
21.9430 -6.6820 36.4610 0.98165 -0.17594 0.07356 255 255 0
22.0950 -6.9050 33.9470 0.98549 -0.16940 -0.01081 255 255 0
21.7260 -8.2160 35.3120 0.97660 -0.20169 0.07472 255 255 0
21.2710 -9.0150 39.0470 0.96551 -0.24991 0.07308 255 255 0
21.6970 -8.9880 33.5300 0.86967 -0.34603 0.35204 255 255 0
19.1110 -15.1310 38.9610 0.90358 -0.42602 0.04534 255 255 0
20.5000 -12.1580 36.3990 0.93569 -0.34885 0.05281 255 255 0
19.4790 -13.6440 43.3120 0.92061 -0.37764 0.09933 255 255 0
17.5190 -17.7600 43.3030 0.87805 -0.47207 0.07862 255 255 0
18.9720 -14.0010 46.2970 0.91175 -0.37928 0.15764 255 255 0
16.8020 -18.5640 45.7130 0.85719 -0.49577 0.13942 255 255 0
15.6230 -20.4570 45.7960 0.82696 -0.54607 0.13398 255 255 0
21.4880 -10.0420 32.0410 0.91517 -0.40225 0.02565 255 255 0
19.6760 -12.5930 45.0580 0.93414 -0.34008 0.10828 255 255 0
19.8290 -11.7430 46.0020 0.93698 -0.30690 0.16699 255 255 0
17.9850 -15.9700 46.8820 0.88068 -0.43076 0.19710 255 255 0
15.3970 -20.4160 46.9220 0.76113 -0.62207 0.18360 255 255 0
16.5150 -19.7840 41.3140 0.84461 -0.53111 0.06750 255 255 0
17.3920 -18.3970 39.4140 0.87252 -0.48622 0.04796 255 255 0
17.3980 -18.4120 39.1050 0.86528 -0.49991 0.03716 255 255 0
17.4430 -18.4120 37.8760 0.86686 -0.49773 0.02857 255 255 0
17.4970 -18.4200 35.9270 0.86734 -0.49709 0.02489 255 255 0
15.6240 -21.2990 37.7160 0.82239 -0.56807 0.03113 255 255 0
15.6590 -21.3310 35.8060 0.82295 -0.56767 0.02265 255 255 0
10.5900 -27.0780 39.5440 0.68062 -0.73121 0.04573 255 255 0
12.3840 -25.3100 38.6220 0.73221 -0.68049 0.02821 255 255 0
13.5510 -23.9540 38.9870 0.77739 -0.62727 0.04684 255 255 0
12.3440 -25.1510 42.3510 0.73607 -0.67385 0.06431 255 255 0
12.0010 -25.0790 45.6680 0.73603 -0.66575 0.12260 255 255 0
11.8780 -24.9500 46.8230 0.72245 -0.65857 0.21062 255 255 0
10.2580 -26.7230 46.4720 0.67285 -0.71839 0.17661 255 255 0
7.6830 -29.0510 45.5930 0.62228 -0.77342 0.12078 255 255 0
6.1420 -30.1540 45.9000 0.55466 -0.82238 0.12666 255 255 0
14.3310 -23.0300 37.9930 0.79163 -0.60997 0.03553 255 255 0
14.2770 -23.1970 35.5080 0.78509 -0.61907 0.01961 255 255 0
13.3760 -23.6010 44.8080 0.77397 -0.62482 0.10282 255 255 0
12.9050 -23.3110 48.2430 0.74271 -0.59449 0.30815 255 255 0
7.0770 -29.9970 40.5540 0.58321 -0.81218 0.01534 255 255 0
7.4570 -29.7220 40.4010 0.63715 -0.72024 0.27440 255 255 0
8.6380 -28.8680 37.7220 0.63145 -0.77459 0.03594 255 255 0
7.1910 -30.1230 35.0410 0.58772 -0.80877 0.02194 255 255 0
5.8580 -30.9100 38.5990 0.55094 -0.83395 0.03151 255 255 0
0.9840 -33.6040 40.5450 0.41918 -0.90700 0.04041 255 255 0
2.6210 -32.8270 39.5960 0.46378 -0.88517 0.03714 255 255 0
3.0940 -32.6080 38.7630 0.48897 -0.87179 0.02973 255 255 0
-0.3950 -33.7300 46.5630 0.39876 -0.89407 0.20405 255 255 0
0.0400 -33.7930 44.8540 0.40978 -0.90907 0.07533 255 255 0
-1.7370 -34.4790 45.6250 0.34677 -0.92874 0.13111 255 255 0
-6.1490 -35.7790 45.7930 0.24599 -0.96057 0.12959 255 255 0
3.8310 -32.1340 39.7290 0.52135 -0.85178 0.05171 255 255 0
1.2870 -33.6270 35.9340 0.43223 -0.90149 0.02222 255 255 0
4.2450 -31.9840 36.8700 0.52647 -0.84980 0.02583 255 255 0
1.7340 -33.1360 43.1840 0.46069 -0.88466 0.07170 255 255 0
2.8140 -32.1740 46.0100 0.49967 -0.86285 0.07636 255 255 0
2.7790 -31.7660 48.1070 0.46061 -0.84251 0.27931 255 255 0
-6.6730 -35.8620 46.0840 0.22071 -0.96090 0.16723 255 255 0
-3.3780 -35.5070 36.3970 0.30579 -0.95187 0.02101 255 255 0
-4.9650 -35.9690 38.6630 0.28951 -0.95709 -0.01264 255 255 0
-3.4380 -35.5000 37.4130 0.28708 -0.95639 0.05391 255 255 0
-6.7090 -36.4190 37.1330 0.22765 -0.97323 0.03166 255 255 0
-3.8870 -35.7670 32.0080 0.29661 -0.95491 0.01344 255 255 0
-12.9000 -37.2110 40.1590 0.05012 -0.99773 0.04499 255 255 0
-9.5770 -36.8820 39.4910 0.14472 -0.98853 0.04328 255 255 0
-11.9340 -36.9650 43.5630 0.07590 -0.99392 0.07974 255 255 0
-12.0940 -36.6040 46.8450 0.06690 -0.98100 0.18209 255 255 0
-17.1550 -36.8290 45.6420 -0.04344 -0.98956 0.13744 255 255 0
-19.8040 -36.5250 46.0570 -0.13176 -0.98083 0.14357 255 255 0
-11.1570 -37.1710 36.4690 0.10987 -0.99359 0.02672 255 255 0
-8.3330 -36.7530 37.1030 0.17634 -0.98398 0.02637 255 255 0
-10.0320 -36.5860 44.9590 0.14934 -0.98247 0.11163 255 255 0
-21.6500 -36.0040 47.1520 -0.18850 -0.96870 0.16155 255 255 0
-16.1220 -37.1610 41.5690 -0.00752 -0.99834 0.05704 255 255 0
-17.0790 -37.1610 41.0000 -0.06197 -0.99664 0.05348 255 255 0
-16.9850 -37.1810 40.6910 -0.04363 -0.99782 0.04942 255 255 0
-16.9850 -37.2050 40.1640 -0.04915 -0.99787 0.04280 255 255 0
-16.9870 -37.2240 39.6900 -0.04931 -0.99799 0.03992 255 255 0
-16.9880 -37.2420 39.2360 -0.04946 -0.99811 0.03650 255 255 0
-16.9880 -37.2600 38.7110 -0.05854 -0.99785 0.02936 255 255 0
-20.4250 -36.9620 37.4670 -0.13125 -0.99089 0.03018 255 255 0
-20.4320 -37.0050 35.6440 -0.13392 -0.99075 0.02191 255 255 0
-27.0220 -35.3460 38.9510 -0.32545 -0.94514 0.02821 255 255 0
-24.1490 -36.2020 38.5950 -0.24345 -0.96929 0.03488 255 255 0
-25.9210 -35.2710 45.6280 -0.28466 -0.94759 0.14507 255 255 0
-29.4880 -33.9120 45.7650 -0.38299 -0.91182 0.14798 255 255 0
-30.9190 -33.2990 45.5930 -0.41530 -0.89779 0.14660 255 255 0
-32.0080 -32.8910 44.9210 -0.46259 -0.87973 0.10995 255 255 0
-20.4870 -36.8590 40.2740 -0.13826 -0.98918 0.04904 255 255 0
-22.4650 -36.4850 40.5570 -0.20334 -0.97783 0.04999 255 255 0
-22.1710 -36.6870 36.2370 -0.19195 -0.98111 0.02399 255 255 0
-23.3530 -36.1410 43.4360 -0.21429 -0.97318 0.08370 255 255 0
-23.5220 -35.8120 46.0100 -0.21823 -0.97572 0.01865 255 255 0
-33.2850 -31.7920 46.9730 -0.49539 -0.84906 0.18355 255 255 0
-27.0350 -35.1980 42.9990 -0.32513 -0.94309 0.06976 255 255 0
-31.7310 -33.3580 40.0910 -0.45647 -0.88864 0.04412 255 255 0
-30.3090 -34.0270 39.2190 -0.39972 -0.91592 0.03610 255 255 0
-30.3160 -34.0450 38.6880 -0.41211 -0.91050 0.03394 255 255 0
-30.3260 -34.0650 37.9850 -0.40978 -0.91168 0.03021 255 255 0
-30.3360 -34.0880 37.0840 -0.40750 -0.91284 0.02582 255 255 0
-30.3410 -34.0980 36.6140 -0.40621 -0.91348 0.02330 255 255 0
-30.3460 -34.1080 36.1260 -0.40560 -0.91378 0.02211 255 255 0
-30.3520 -34.1220 35.4170 -0.40436 -0.91438 0.01983 255 255 0
-30.3570 -34.1340 34.7250 -0.40364 -0.91474 0.01793 255 255 0
-33.3280 -32.6510 35.0800 -0.48726 -0.87292 0.02418 255 255 0
-36.4830 -30.5440 38.9050 -0.55657 -0.82994 0.03783 255 255 0
-37.2880 -29.8880 41.6550 -0.59098 -0.80453 0.05897 255 255 0
-37.7400 -28.9580 46.3990 -0.61399 -0.77184 0.16515 255 255 0
-40.4120 -26.7430 45.7660 -0.67011 -0.72724 0.14858 255 255 0
-40.7640 -26.4040 45.7660 -0.69612 -0.70572 0.13179 255 255 0
-42.1640 -24.9830 45.7660 -0.72937 -0.67196 0.12839 255 255 0
-35.0770 -31.5290 36.8710 -0.49571 -0.86558 0.07100 255 255 0
-35.6000 -31.2430 34.9960 -0.54252 -0.83980 0.02010 255 255 0
-35.8850 -30.3330 46.0100 -0.60546 -0.76601 -0.21600 255 255 0
-45.0030 -21.7750 44.2490 -0.80353 -0.58827 0.09102 255 255 0
-43.4710 -23.1400 46.9690 -0.76693 -0.61195 0.19322 255 255 0
-45.1950 -20.8490 47.0630 -0.80126 -0.56801 0.18799 255 255 0
-39.0620 -28.5460 39.4770 -0.65120 -0.75782 0.04060 255 255 0
-41.5570 -26.1250 40.9540 -0.69599 -0.71462 0.07013 255 255 0
-41.5420 -26.1890 40.2110 -0.69885 -0.71526 0.00179 255 255 0
-41.5820 -26.2290 38.7450 -0.70337 -0.70856 0.05674 255 255 0
-41.6100 -26.2570 37.4410 -0.71871 -0.69477 0.02745 255 255 0
-41.6510 -26.2960 34.9350 -0.72373 -0.68974 0.02192 255 255 0
-42.9760 -24.7450 39.6680 -0.74874 -0.66171 0.03910 255 255 0
-43.9340 -23.7040 36.9280 -0.77185 -0.63535 0.02390 255 255 0
-47.7140 -18.0450 38.9560 -0.87547 -0.48251 0.02731 255 255 0
-46.1030 -20.6250 39.5960 -0.83843 -0.54243 0.05289 255 255 0
-47.3020 -17.8810 46.0340 -0.86748 -0.47110 0.15979 255 255 0
-46.6680 -18.5810 46.9710 -0.84368 -0.49096 0.21718 255 255 0
-48.9080 -14.5590 45.7660 -0.90905 -0.39522 0.13200 255 255 0
-49.7540 -12.4950 45.6630 -0.93476 -0.33292 0.12400 255 255 0
-45.7200 -21.2630 38.5130 -0.81783 -0.57463 0.03094 255 255 0
-45.3080 -21.7790 39.4920 -0.80677 -0.58917 0.04471 255 255 0
-45.3610 -21.9640 32.8470 -0.80840 -0.58847 0.01407 255 255 0
-45.5730 -20.8650 44.5120 -0.82836 -0.54815 0.11555 255 255 0
-49.9100 -11.3110 46.9690 -0.93705 -0.29210 0.19133 255 255 0
-50.2190 -10.1400 47.1520 -0.94317 -0.26417 0.20162 255 255 0
-47.9010 -17.6320 41.1040 -0.87782 -0.47665 0.04738 255 255 0
-50.0170 -13.2040 37.8160 -0.93407 -0.35592 0.02900 255 255 0
-50.0220 -13.3100 36.2120 -0.93266 -0.36003 0.02291 255 255 0
-49.9100 -13.2150 40.4630 -0.93293 -0.35596 0.05419 255 255 0
-52.0700 -2.9400 42.9880 -0.99396 -0.08579 0.06839 255 255 0
-51.9130 -5.7040 39.1170 -0.98629 -0.15804 0.04742 255 255 0
-51.5040 -8.0460 38.4160 -0.97627 -0.21379 0.03453 255 255 0
-51.3970 -8.3940 38.9860 -0.97123 -0.23397 0.04440 255 255 0
-51.3870 -6.4220 45.4920 -0.97829 -0.17764 0.10669 255 255 0
-51.6130 -4.8070 45.9040 -0.97919 -0.14114 0.14583 255 255 0
-51.6840 -2.4140 47.0170 -0.97524 -0.07447 0.20825 255 255 0
-51.8800 -1.3440 45.7650 -0.99307 -0.03049 0.11354 255 255 0
-52.0830 -0.1910 43.7330 -0.99701 0.00585 0.07712 255 255 0
-51.8570 0.7560 46.0600 -0.98889 0.02468 0.14659 255 255 0
-52.0950 -4.9340 37.2470 -0.99152 -0.12735 0.02582 255 255 0
-50.8750 -9.9630 41.5760 -0.96071 -0.27111 0.05946 255 255 0
-51.1190 -9.6250 37.6200 -0.96212 -0.27134 0.02666 255 255 0
-51.2820 -9.2440 35.0090 -0.96719 -0.25346 0.01758 255 255 0
-51.1100 -8.3810 44.0070 -0.96913 -0.22657 0.09722 255 255 0
-50.8800 -8.3790 46.0100 -0.96642 -0.23094 0.11269 255 255 0
-51.9400 2.4620 44.4980 -0.99290 0.06863 0.09720 255 255 0
-51.6410 2.0460 46.9690 -0.97888 0.06861 0.19259 255 255 0
-51.3710 4.9010 47.0630 -0.97464 0.12128 0.18806 255 255 0
-52.3000 -1.5080 39.4490 -0.99824 -0.04379 0.04009 255 255 0
-52.3510 -1.5100 37.9500 -0.99878 -0.04145 0.02696 255 255 0
-52.3910 -1.5120 36.4000 -0.99902 -0.03777 0.02326 255 255 0
-52.4180 -1.5130 35.1090 -0.99906 -0.03881 0.01944 255 255 0
-52.3810 1.9430 36.0840 -0.99862 0.04707 0.02329 255 255 0
-51.2160 9.0500 39.8870 -0.96797 0.24758 0.04171 255 255 0
-51.5250 7.4520 40.5440 -0.98056 0.18873 0.05376 255 255 0
-51.9550 5.8760 37.4670 -0.98683 0.15948 0.02702 255 255 0
-52.0010 5.1790 38.7460 -0.99068 0.12866 0.04480 255 255 0
-50.4740 10.3860 45.5080 -0.94916 0.28515 0.13338 255 255 0
-50.5550 8.5980 47.5290 -0.94067 0.23168 0.24793 255 255 0
-48.8690 14.7030 45.7680 -0.91035 0.39449 0.12504 255 255 0
-51.9560 3.8940 42.7500 -0.99178 0.10904 0.06696 255 255 0
-52.3190 1.0050 40.0680 -0.99852 0.03128 0.04460 255 255 0
-52.1700 4.1900 36.7800 -0.99222 0.12312 0.01846 255 255 0
-51.3560 6.7030 45.4900 -0.97586 0.17922 0.12482 255 255 0
-48.4290 15.1260 46.9690 -0.88778 0.41031 0.20855 255 255 0
-47.8680 16.2010 47.1520 -0.87226 0.44162 0.21008 255 255 0
-50.2460 12.0230 41.3600 -0.94326 0.32684 0.05856 255 255 0
-49.8820 13.4150 39.2150 -0.93365 0.35748 0.02257 255 255 0
-50.3450 12.0570 38.9510 -0.94790 0.31442 0.05129 255 255 0
-50.3760 12.0660 37.9450 -0.94504 0.32563 0.02935 255 255 0
-50.4030 12.0760 36.8970 -0.95573 0.29420 0.00491 255 255 0
-49.9020 13.7620 33.6970 -0.93006 0.36690 0.01942 255 255 0
-49.1170 15.2800 37.8540 -0.91501 0.40319 0.01409 255 255 0
-44.1610 23.0030 43.4060 -0.78271 0.61833 0.07098 255 255 0
-46.9610 19.0110 42.5020 -0.85958 0.50574 0.07308 255 255 0
-47.1550 19.0050 39.2080 -0.86276 0.50392 0.04133 255 255 0
-46.2270 19.7340 45.4950 -0.84626 0.52715 0.07718 255 255 0
-45.4050 21.0030 45.7100 -0.82474 0.55155 0.12488 255 255 0
-43.7480 22.8960 47.0160 -0.77060 0.60195 0.20935 255 255 0
-43.1700 23.8190 45.7650 -0.75752 0.64325 0.11129 255 255 0
-42.1270 25.0090 45.7660 -0.72083 0.68104 0.12880 255 255 0
-45.4800 21.5960 38.8690 -0.81376 0.58005 0.03659 255 255 0
-48.9220 15.6780 38.9060 -0.90269 0.42793 0.04501 255 255 0
-47.8100 18.0500 34.8900 -0.87625 0.48160 0.01564 255 255 0
-47.2650 18.0790 44.7740 -0.87083 0.47866 0.11202 255 255 0
-47.1720 17.9460 46.0100 -0.86536 0.48438 0.12855 255 255 0
-39.4790 27.8250 44.1640 -0.65920 0.74631 0.09205 255 255 0
-40.7100 26.1630 46.9690 -0.68235 0.70729 0.18477 255 255 0
-39.7890 27.0050 47.0250 -0.65680 0.72836 0.19521 255 255 0
-43.5850 23.9750 39.6870 -0.76516 0.64255 0.04072 255 255 0
-43.6720 24.0150 36.8810 -0.76608 0.64232 0.02341 255 255 0
-41.8930 25.9350 38.7040 -0.73547 0.67526 0.05577 255 255 0
-41.2340 26.4920 40.3150 -0.70496 0.70746 0.05032 255 255 0
-41.3120 26.5700 36.9680 -0.70313 0.71057 0.02625 255 255 0
42.2880 -5.6170 -3.3440 -0.99493 0.06010 0.08068 255 255 0
42.5630 -8.5750 -4.7150 -0.95461 -0.26934 0.12715 255 255 0
43.1290 -9.6230 -2.8220 -0.85479 -0.51674 0.04814 255 255 0
42.3810 -7.7790 3.6770 -0.98800 -0.15157 -0.02957 255 255 0
42.3260 -8.3060 5.4020 -0.96021 -0.23784 -0.14639 255 255 0
40.7940 -6.4180 11.0110 -0.92351 -0.07996 -0.37515 255 255 0
42.7320 -3.1030 5.1230 -0.95212 0.28620 -0.10748 255 255 0
43.5880 -1.3670 5.7510 -0.78977 0.60156 -0.12000 255 255 0
42.7510 -9.7020 -6.4490 -0.81208 -0.56414 0.14923 255 255 0
41.0400 -6.3980 -9.5230 -0.94187 -0.04484 0.33298 255 255 0
41.1060 -9.1590 -11.3130 -0.80092 -0.49923 0.33060 255 255 0
41.3340 -9.0520 11.6330 -0.83780 -0.45276 -0.30513 255 255 0
41.1180 -4.0050 10.8440 -0.89276 0.25932 -0.36842 255 255 0
42.4690 -0.2800 12.5860 -0.58861 0.76291 -0.26741 255 255 0
42.7230 -3.8750 -0.7870 -0.96372 0.26652 -0.01442 255 255 0
42.6310 -3.8650 -2.5070 -0.96175 0.26447 -0.07141 255 255 0
43.2180 -2.1180 -2.6120 -0.89170 0.44784 0.06569 255 255 0
41.4910 -3.7530 -8.8750 -0.88578 0.14242 0.44172 255 255 0
41.1380 -3.7190 -9.9080 -0.90438 0.25568 0.34165 255 255 0
40.7450 -3.6820 -10.8840 -0.85258 0.29223 0.43326 255 255 0
42.1800 -2.5230 -7.9630 -0.91420 0.22626 0.33622 255 255 0
42.6620 -1.8810 -7.0680 -0.86049 0.47145 0.19310 255 255 0
41.5820 -1.3770 -11.7830 -0.77466 0.50534 0.38018 255 255 0
-36.7790 30.2270 41.6050 -0.57426 0.81651 0.05947 255 255 0
-37.7630 29.5940 39.0670 -0.60479 0.79584 0.02926 255 255 0
-35.5030 30.7070 45.8640 -0.54298 0.82826 0.13841 255 255 0
-35.3400 30.3270 47.7380 -0.53014 0.81136 0.24624 255 255 0
-31.2630 33.1020 45.7660 -0.44580 0.88485 0.13533 255 255 0
-34.1170 32.1770 36.1930 -0.51248 0.85837 0.02363 255 255 0
-39.1670 28.4440 39.2140 -0.65220 0.75708 0.03822 255 255 0
-41.2570 26.6440 36.5420 -0.69978 0.71378 0.02885 255 255 0
-38.4690 28.3780 46.0130 -0.61465 0.76723 0.18322 255 255 0
-27.7780 34.7710 44.1650 -0.34358 0.93560 0.08126 255 255 0
-29.3700 33.7340 46.9610 -0.37742 0.90802 0.18184 255 255 0
-32.9750 32.6270 40.6620 -0.49467 0.86446 0.08950 255 255 0
-32.9860 32.6460 40.1930 -0.49181 0.86965 0.04272 255 255 0
-32.9950 32.6630 39.7180 -0.49138 0.87007 0.03909 255 255 0
-33.0040 32.6800 39.2180 -0.49083 0.87048 0.03663 255 255 0
-33.0140 32.6960 38.6930 -0.45899 0.88828 0.01711 255 255 0
-31.5930 33.5080 38.1100 -0.45088 0.89183 0.03669 255 255 0
-30.0510 34.2730 34.5190 -0.40972 0.91206 0.01655 255 255 0
-23.3890 36.3470 39.6180 -0.21492 0.97564 0.04410 255 255 0
-26.3600 35.5590 38.7790 -0.31012 0.94990 0.03900 255 255 0
-24.8470 35.8190 42.9260 -0.26049 0.96303 0.06866 255 255 0
-24.0240 35.7290 46.2030 -0.23084 0.96171 0.14772 255 255 0
-24.1500 35.4870 47.1820 -0.24030 0.94389 0.22657 255 255 0
-19.0840 36.6610 45.5930 -0.08418 0.99386 0.07178 255 255 0
-18.1340 36.4960 47.4370 -0.07043 0.97251 0.22198 255 255 0
-13.0230 36.9870 45.5570 0.11216 0.95638 0.26973 255 255 0
-20.4920 36.9570 37.6940 -0.00522 0.96265 0.27068 255 255 0
-30.4750 33.8520 41.9860 -0.41690 0.90669 0.06414 255 255 0
-28.4440 34.8920 36.0540 -0.35664 0.93388 0.02600 255 255 0
-26.6350 34.9220 46.0140 -0.31916 0.93266 0.16816 255 255 0
-15.6950 36.6400 46.9690 -0.00451 0.97226 0.23385 255 255 0
-19.8810 36.8960 40.9900 -0.14756 0.98721 0.06038 255 255 0
-19.1240 37.0280 40.5040 -0.10803 0.99212 0.06345 255 255 0
-19.1280 37.0670 39.5650 -0.11154 0.99295 0.04016 255 255 0
-19.1310 37.0900 38.9610 -0.11061 0.99331 0.03309 255 255 0
-19.9940 37.0160 37.4380 -0.11332 0.99309 0.03056 255 255 0
-16.5480 37.1500 41.6130 -0.04787 0.99702 0.06053 255 255 0
-17.4180 37.2540 37.6650 -0.06377 0.99752 0.02970 255 255 0
-15.6930 37.2970 38.7110 0.08348 0.99651 -0.00011 255 255 0
-15.4040 1.2180 -50.0000 -0.00028 0.00083 -1.00000 255 255 0
-15.5050 26.5590 -49.6650 -0.00378 0.03335 -0.99944 255 255 0
-9.0510 21.9220 -49.7670 -0.01909 0.02162 -0.99958 255 255 0
-4.8160 25.5480 -49.6260 0.01687 0.03411 -0.99928 255 255 0
-1.5360 18.2750 -49.7670 -0.01056 0.02730 -0.99957 255 255 0
3.7230 20.1260 -49.6260 0.02805 0.02572 -0.99928 255 255 0
4.1540 12.1590 -49.7670 0.00003 0.02925 -0.99957 255 255 0
9.8070 12.2840 -49.6210 0.03573 0.01692 -0.99922 255 255 0
7.2500 4.4010 -49.7670 0.01076 0.02666 -0.99959 255 255 0
12.3840 2.2260 -49.6260 0.03807 0.00013 -0.99928 255 255 0
7.3360 -3.9520 -49.7670 0.01976 0.02100 -0.99958 255 255 0
11.5970 -7.6680 -49.6210 0.03779 -0.01158 -0.99922 255 255 0
4.3980 -11.7710 -49.7670 0.02592 0.01248 -0.99959 255 255 0
7.0290 -16.7760 -49.6210 0.03107 -0.02444 -0.99922 255 255 0
-1.1670 -18.0010 -49.7670 0.02867 0.00226 -0.99959 255 255 0
-0.8250 -23.5660 -49.6260 0.01709 -0.03402 -0.99927 255 255 0
-8.6060 -21.8010 -49.7670 0.02760 -0.00833 -0.99958 255 255 0
-10.2980 -27.1130 -49.6260 0.00364 -0.03789 -0.99928 255 255 0
-16.9150 -22.6560 -49.7670 0.02274 -0.01774 -0.99958 255 255 0
-20.4120 -26.9990 -49.6260 -0.01032 -0.03664 -0.99928 255 255 0
-24.9720 -20.4520 -49.7670 0.01540 -0.02489 -0.99957 255 255 0
-29.8020 -23.2380 -49.6260 -0.02283 -0.03046 -0.99928 255 255 0
-31.6900 -15.4860 -49.7670 0.00484 -0.02842 -0.99958 255 255 0
-37.2230 -16.6470 -49.6210 -0.03193 -0.02335 -0.99922 255 255 0
-35.7300 -8.2090 -49.7760 0.00227 -0.03736 -0.99930 255 255 0
-41.6050 -7.2350 -49.6260 -0.03740 -0.00942 -0.99926 255 255 0
-37.7770 -0.2340 -49.7670 -0.01548 -0.02419 -0.99959 255 255 0
-42.6490 2.6360 -49.6210 -0.03931 0.00425 -0.99922 255 255 0
-38.5610 10.6390 -49.6880 -0.03340 -0.00316 -0.99944 255 255 0
-39.8320 12.4280 -49.6210 -0.03799 0.01437 -0.99917 255 255 0
-22.4810 9.9340 -49.9070 -0.00085 0.01074 -0.99994 255 255 0
-16.2200 16.2570 -49.8620 -0.00209 0.01273 -0.99992 255 255 0
-20.9040 24.2380 -49.6940 -0.00526 0.03094 -0.99951 255 255 0
-15.7280 23.4060 -49.7470 -0.00273 0.02254 -0.99974 255 255 0
-16.4750 26.9440 -49.6390 -0.01291 0.03464 -0.99932 255 255 0
-15.3410 29.8960 -49.5250 -0.00365 0.05090 -0.99870 255 255 0
-10.5870 22.3880 -49.7510 0.01180 0.02121 -0.99971 255 255 0
-9.4370 15.6540 -49.8630 0.00412 0.01255 -0.99991 255 255 0
-6.3600 24.6870 -49.6770 0.00685 0.03288 -0.99944 255 255 0
-2.8010 19.2660 -49.7510 0.01909 0.01583 -0.99969 255 255 0
-4.1600 12.5690 -49.8630 0.00865 0.01000 -0.99991 255 255 0
1.9720 19.8810 -49.6770 0.01827 0.02819 -0.99944 255 255 0
3.3280 13.5450 -49.7510 0.02347 0.00791 -0.99969 255 255 0
-0.3540 7.7870 -49.8630 0.01159 0.00615 -0.99991 255 255 0
8.0060 12.3900 -49.6770 0.02709 0.01962 -0.99944 255 255 0
11.3800 12.7640 -49.5500 0.04410 0.01712 -0.99888 255 255 0
6.9820 5.9890 -49.7510 0.02450 -0.00082 -0.99970 255 255 0
1.4680 1.9530 -49.8630 0.01292 0.00154 -0.99992 255 255 0
10.9260 3.2250 -49.6770 0.03243 0.00826 -0.99944 255 255 0
7.6590 -2.3760 -49.7510 0.02254 -0.00965 -0.99970 255 255 0
1.0590 -4.1460 -49.8630 0.01252 -0.00320 -0.99992 255 255 0
10.3380 -6.3760 -49.6770 0.03324 -0.00375 -0.99944 255 255 0
13.0840 -8.3730 -49.5500 0.04411 -0.01708 -0.99888 255 255 0
5.2680 -10.4180 -49.7510 0.01755 -0.01713 -0.99970 255 255 0
-1.5250 -9.6850 -49.8630 0.01047 -0.00747 -0.99992 255 255 0
6.3210 -15.1170 -49.6770 0.02942 -0.01565 -0.99944 255 255 0
8.1600 -17.9700 -49.5500 0.03499 -0.03185 -0.99888 255 255 0
0.1310 -17.0580 -49.7510 0.01014 -0.02236 -0.99970 255 255 0
-5.9360 -13.9160 -49.8630 0.00705 -0.01070 -0.99992 255 255 0
-0.5820 -21.8160 -49.6770 0.02185 -0.02535 -0.99944 255 255 0
-7.0640 -21.3930 -49.7510 0.00130 -0.02455 -0.99970 255 255 0
-11.5780 -16.2690 -49.8630 0.00271 -0.01251 -0.99992 255 255 0
-9.4380 -25.5690 -49.6770 0.01148 -0.03157 -0.99944 255 255 0
-15.3150 -22.8320 -49.7510 -0.00750 -0.02333 -0.99970 255 255 0
-17.6880 -16.4240 -49.8630 -0.00199 -0.01267 -0.99992 255 255 0
-19.0530 -25.8690 -49.6770 -0.00070 -0.03358 -0.99944 255 255 0
-23.5430 -21.1950 -49.7510 -0.01581 -0.01908 -0.99969 255 255 0
-23.4420 -14.3620 -49.8630 -0.00645 -0.01115 -0.99992 255 255 0
-28.1260 -22.6760 -49.6770 -0.01278 -0.03106 -0.99944 255 255 0
-30.6210 -16.6980 -49.7510 -0.02121 -0.01222 -0.99970 255 255 0
-28.0620 -10.3600 -49.8630 -0.01010 -0.00812 -0.99992 255 255 0
-35.4340 -16.4210 -49.6770 -0.02303 -0.02428 -0.99944 255 255 0
-38.6560 -17.5550 -49.5470 -0.03800 -0.02611 -0.99894 255 255 0
-35.6070 -9.9350 -49.7510 -0.02472 -0.00327 -0.99969 255 255 0
-30.9250 -4.9600 -49.8630 -0.01235 -0.00398 -0.99992 255 255 0
-40.3630 -7.3550 -49.6690 -0.03100 -0.01022 -0.99947 255 255 0
-37.8060 -1.8430 -49.7510 -0.02397 0.00533 -0.99970 255 255 0
-31.6440 1.1110 -49.8630 -0.01351 0.00132 -0.99991 255 255 0
-41.1740 1.5970 -49.6770 -0.03337 -0.00243 -0.99944 255 255 0
-44.3200 2.9300 -49.5470 -0.04567 0.00629 -0.99894 255 255 0
-36.9340 6.5020 -49.7510 -0.01741 0.02077 -0.99963 255 255 0
-29.4030 5.6300 -49.8750 -0.01123 0.00508 -0.99992 255 255 0
-36.5020 9.6200 -49.7460 -0.02129 0.00721 -0.99975 255 255 0
-39.7940 10.7390 -49.6390 -0.03777 0.00844 -0.99925 255 255 0
-41.2840 13.3060 -49.5470 -0.04203 0.01707 -0.99897 255 255 0
-28.2440 12.6640 -49.8350 -0.00848 0.01345 -0.99987 255 255 0
-26.5770 13.6860 -49.8380 -0.01996 -0.00239 -0.99980 255 255 0
-31.6610 17.1850 -49.7330 -0.01791 0.01568 -0.99972 255 255 0
-33.3600 19.7930 -49.6500 -0.02419 0.02554 -0.99938 255 255 0
-21.7400 20.4900 -49.7770 -0.00535 0.01566 -0.99986 255 255 0
-23.2790 24.7490 -49.6680 -0.00476 0.03229 -0.99947 255 255 0
-26.6950 18.4390 -49.7860 -0.01109 0.01801 -0.99978 255 255 0
-24.8940 21.7940 -49.7360 -0.01047 0.02488 -0.99964 255 255 0
-25.5220 24.3750 -49.6590 -0.02154 0.02651 -0.99942 255 255 0
-25.2570 26.8550 -49.5790 -0.01224 0.04024 -0.99912 255 255 0
-23.3250 35.8460 -39.0700 -0.22401 0.97364 -0.04292 255 255 0
-24.0480 35.4860 -42.6560 -0.24472 0.96825 -0.05099 255 255 0
-26.9840 34.4450 -45.8830 -0.33419 0.94011 -0.06720 255 255 0
-28.2710 34.3160 -39.0820 -0.35223 0.93478 -0.04598 255 255 0
-22.9950 36.1530 -33.1790 -0.20557 0.97838 -0.02287 255 255 0
-20.8830 36.2890 -39.5140 -0.15814 0.98640 -0.04480 255 255 0
-17.1890 36.8310 -36.4500 -0.06663 0.99698 -0.03997 255 255 0
-22.0750 35.7510 -46.1120 -0.15015 0.98343 -0.10160 255 255 0
-19.9560 36.6240 -35.1950 -0.13658 0.98985 -0.03924 255 255 0
-23.7010 35.9810 -33.9740 -0.24757 0.96886 -0.00424 255 255 0
-26.6510 35.3050 -29.2040 -0.31723 0.94830 -0.00934 255 255 0
-25.2990 35.0750 -44.1330 -0.27824 0.95908 -0.05239 255 255 0
-26.9970 34.9680 -34.9060 -0.30775 0.94691 -0.09304 255 255 0
-26.8480 34.8980 -37.7040 -0.30969 0.94983 -0.04367 255 255 0
-27.3570 34.7110 -37.8730 -0.33546 0.94077 -0.04917 255 255 0
-21.5680 36.1210 -40.7770 -0.17167 0.98410 -0.04556 255 255 0
-21.3370 35.9290 -45.2500 -0.17364 0.98270 -0.06444 255 255 0
-19.9290 36.2630 -43.0140 -0.11418 0.99316 -0.02445 255 255 0
-19.1670 36.5070 -39.8780 -0.10819 0.99313 -0.04467 255 255 0
-19.7730 36.2320 -44.0270 -0.12389 0.99056 -0.05873 255 255 0
-18.6910 36.3660 -43.9300 -0.10408 0.99304 -0.05516 255 255 0
-17.9480 36.5110 -42.2660 -0.07911 0.99580 -0.04602 255 255 0
-17.1250 36.4460 -44.8350 -0.05784 0.99702 -0.05104 255 255 0
-16.1060 36.8410 -37.3640 -0.02719 0.99871 -0.04294 255 255 0
-16.8190 36.3480 -47.0560 0.02625 0.95950 -0.28049 255 255 0
-15.4300 36.6570 -41.6190 -0.00873 0.99895 -0.04495 255 255 0
-15.3040 36.5750 -43.2970 -0.00950 0.99872 -0.04959 255 255 0
-22.8070 36.3270 -29.1550 -0.20502 0.97832 -0.02942 255 255 0
-24.6510 35.9420 -27.4250 -0.25293 0.96717 -0.02459 255 255 0
-27.2630 35.0850 -29.0690 -0.34263 0.93918 -0.02314 255 255 0
-20.9480 36.8770 -20.2870 -0.16247 0.98656 -0.01756 255 255 0
-22.1250 36.6760 -19.4060 -0.20286 0.97845 -0.03854 255 255 0
-19.7790 37.0310 -20.7910 -0.12187 0.99254 -0.00446 255 255 0
-24.0730 36.2630 -19.0450 -0.24208 0.97009 -0.01781 255 255 0
-26.2810 35.5250 -25.2990 -0.30383 0.95250 -0.02082 255 255 0
-25.0530 35.9440 -21.9130 -0.27197 0.96217 -0.01619 255 255 0
-26.4270 35.5330 -22.3550 -0.30758 0.95134 -0.01878 255 255 0
-27.7980 35.1640 -16.1240 -0.34239 0.93946 -0.01314 255 255 0
-14.6270 37.3530 -19.7420 0.00963 0.99980 -0.01736 255 255 0
-19.9770 36.8940 -26.4460 -0.12690 0.99155 -0.02689 255 255 0
-20.1060 36.8440 -27.6920 -0.14104 0.98973 -0.02328 255 255 0
-20.0820 36.7510 -30.9780 -0.13837 0.98986 -0.03195 255 255 0
-18.3020 37.0130 -28.9620 -0.08583 0.99581 -0.03148 255 255 0
-19.1440 36.8090 -32.4840 -0.09742 0.99474 -0.03181 255 255 0
-16.9530 37.2610 -22.5790 -0.05111 0.99847 -0.02135 255 255 0
-15.9080 37.1850 -27.1480 -0.00786 0.99934 -0.03544 255 255 0
-16.8440 37.0820 -29.9240 -0.04983 0.99829 -0.03052 255 255 0
-15.2430 37.0560 -31.8440 -0.00375 0.99938 -0.03501 255 255 0
-23.6960 36.4360 -13.3340 -0.23085 0.97294 -0.00974 255 255 0
-26.7410 35.5640 -13.7210 -0.30648 0.95181 -0.01154 255 255 0
-22.6600 36.7120 -2.9980 -0.20487 0.97878 -0.00489 255 255 0
-21.6020 36.9030 -9.6630 -0.17896 0.98384 -0.00599 255 255 0
-21.1890 36.9070 -15.0840 -0.17247 0.98499 -0.00661 255 255 0
-23.9170 36.4280 -3.4950 -0.23077 0.97284 -0.01822 255 255 0
-23.8840 36.4400 -3.1480 -0.23866 0.97108 -0.00664 255 255 0
-25.8240 35.9130 -2.7230 -0.28602 0.95822 -0.00113 255 255 0
-27.6240 35.2880 -11.1530 -0.33875 0.94086 -0.00567 255 255 0
-25.3420 36.0550 -5.4210 -0.27169 0.96236 -0.00694 255 255 0
-27.2540 35.4550 -3.1350 -0.32232 0.94660 0.00813 255 255 0
-27.5730 35.3390 -2.8120 -0.33423 0.94249 0.00116 255 255 0
-27.5270 35.3610 -1.1890 -0.33080 0.94369 -0.00355 255 255 0
-27.2450 35.4520 -4.7090 -0.32239 0.94651 -0.01337 255 255 0
-15.2650 37.4820 -5.4250 -0.00957 0.99995 -0.00261 255 255 0
-18.7220 37.3260 -2.1350 -0.10342 0.99463 -0.00260 255 255 0
-20.9200 36.9800 -11.9050 -0.17205 0.98508 -0.00400 255 255 0
-20.9170 36.9590 -14.1870 -0.16050 0.98701 -0.00741 255 255 0
-20.8600 36.9630 -14.6610 -0.14887 0.98883 -0.00736 255 255 0
-20.5530 37.0450 -11.3570 -0.14508 0.98931 -0.01484 255 255 0
-20.4330 37.0410 -13.0710 -0.14256 0.98975 -0.00823 255 255 0
-19.2790 37.2320 -8.0300 -0.11175 0.99373 -0.00405 255 255 0
-18.1270 37.3150 -13.5420 -0.08617 0.99623 -0.01000 255 255 0
-18.0640 37.2270 -20.1120 -0.08516 0.99628 -0.01344 255 255 0
-16.8120 37.4470 -5.8890 -0.05004 0.99874 -0.00471 255 255 0
-17.3660 37.3510 -14.2190 -0.04760 0.99881 -0.01046 255 255 0
-15.5670 37.4620 -9.3150 -0.01838 0.99980 -0.00753 255 255 0
-15.6760 37.4290 -13.2570 -0.01787 0.99977 -0.01187 255 255 0
-16.3460 37.4240 -11.9540 -0.04478 0.99899 -0.00486 255 255 0
-22.3690 36.7800 4.2530 -0.19652 0.98050 0.00077 255 255 0
-24.2730 36.3540 4.1820 -0.24736 0.96892 -0.00046 255 255 0
-26.5200 35.7070 5.1420 -0.30257 0.95312 0.00348 255 255 0
-28.5090 35.0030 5.1600 -0.36459 0.93117 -0.00028 255 255 0
-22.2530 36.7940 17.2800 -0.19532 0.98074 0.00016 255 255 0
-19.4170 37.2450 7.0320 -0.11544 0.99331 0.00105 255 255 0
-15.8480 37.4890 12.7300 -0.02366 0.99972 0.00153 255 255 0
-21.7060 36.9050 2.5420 -0.16922 0.98558 -0.00174 255 255 0
-22.9220 36.6580 14.0590 -0.21261 0.97714 0.00112 255 255 0
-23.4140 36.5520 10.8600 -0.22106 0.97526 0.00049 255 255 0
-24.0880 36.3890 15.4460 -0.24025 0.97071 0.00090 255 255 0
-23.6840 36.4830 22.3330 -0.22752 0.97377 -0.00383 255 255 0
-25.3400 36.0590 9.6090 -0.27720 0.96081 0.00039 255 255 0
-25.0730 36.1320 13.7450 -0.26455 0.96437 0.00022 255 255 0
-27.0490 35.5320 4.5540 -0.31571 0.94883 -0.00733 255 255 0
-26.9340 35.5660 11.2310 -0.31628 0.94866 0.00063 255 255 0
-27.8110 35.2590 13.5080 -0.35159 0.93612 -0.00852 255 255 0
-27.9760 35.2000 10.6120 -0.34185 0.93975 0.00082 255 255 0
-21.5130 36.9330 13.1120 -0.17340 0.98485 0.00017 255 255 0
-21.2810 36.9720 14.8460 -0.17119 0.98524 0.00044 255 255 0
-18.8650 37.3010 13.7730 -0.10470 0.99450 0.00023 255 255 0
-21.3680 36.9620 8.0470 -0.18350 0.98301 0.00343 255 255 0
-21.3000 36.9720 1.0720 -0.14491 0.98944 0.00403 255 255 0
-20.4400 37.1140 5.9800 -0.14890 0.98885 -0.00132 255 255 0
-19.7030 37.2120 6.0170 -0.12059 0.99270 -0.00089 255 255 0
-18.4470 37.3490 6.4900 -0.08770 0.99615 -0.00031 255 255 0
-18.2930 37.3610 4.2450 -0.08570 0.99632 0.00017 255 255 0
-18.5090 37.3390 5.3510 -0.10929 0.99401 -0.00122 255 255 0
-17.4310 37.4220 13.8850 -0.06173 0.99809 0.00161 255 255 0
-18.7540 37.3190 0.8530 -0.10019 0.99497 0.00095 255 255 0
-17.4130 37.4270 3.1940 -0.06350 0.99798 -0.00090 255 255 0
-16.5740 37.4730 6.5010 -0.04162 0.99913 0.00109 255 255 0
-16.2630 37.4810 0.3360 -0.03130 0.99951 -0.00211 255 255 0
-15.6860 37.4950 5.6610 0.01283 0.99924 0.03667 255 255 0
-14.9990 37.5000 9.0830 -0.00141 1.00000 0.00092 255 255 0
-15.2530 37.4980 1.1420 -0.00777 0.99997 -0.00063 255 255 0
-24.6980 36.2310 22.8920 -0.26361 0.96455 0.01194 255 255 0
-26.6630 35.6490 23.9070 -0.29469 0.95559 -0.00210 255 255 0
-23.0600 36.5820 31.5070 -0.21128 0.97733 0.01339 255 255 0
-21.0020 36.9800 30.4500 -0.16375 0.98645 0.00970 255 255 0
-19.8130 37.1550 30.1550 -0.12227 0.99246 0.00857 255 255 0
-15.8670 37.4560 30.1460 -0.01445 0.99986 0.00835 255 255 0
-15.0220 37.4870 25.3820 0.00685 0.99997 0.00412 255 255 0
-25.9330 35.8790 17.6270 -0.28870 0.95742 0.00064 255 255 0
-28.3660 35.0510 18.8710 -0.35227 0.93590 0.00105 255 255 0
-23.1480 36.6260 23.8210 -0.22149 0.97516 -0.00105 255 255 0
-25.7340 35.9280 30.4020 -0.28642 0.95802 0.01233 255 255 0
-24.6640 36.2300 28.2560 -0.25139 0.96788 0.00440 255 255 0
-25.0590 36.0550 34.1070 -0.26948 0.96283 0.01818 255 255 0
-27.7500 35.2270 31.5020 -0.33830 0.94094 0.01368 255 255 0
-26.6340 35.6720 25.7680 -0.30566 0.95214 0.00040 255 255 0
-28.3790 35.0320 26.8530 -0.35784 0.93376 0.00695 255 255 0
-21.8740 36.8740 23.2920 -0.17458 0.98464 0.00116 255 255 0
-21.3030 36.9660 21.4080 -0.15412 0.98805 0.00130 255 255 0
-21.2020 36.9840 19.5130 -0.15514 0.98789 0.00086 255 255 0
-20.0670 37.1560 22.2220 -0.13376 0.99101 0.00364 255 255 0
-20.7250 37.0650 12.3120 -0.14709 0.98912 0.00036 255 255 0
-19.1870 37.2610 24.1400 -0.11372 0.99350 0.00516 255 255 0
-19.4990 37.2280 18.8860 -0.11799 0.99301 0.00027 255 255 0
-18.3710 37.3460 22.6370 -0.08937 0.99600 0.00188 255 255 0
-17.4280 37.4200 20.3520 -0.05921 0.99824 0.00120 255 255 0
-17.8600 37.3880 19.3830 -0.07502 0.99718 -0.00072 255 255 0
-17.4820 37.4180 14.5320 -0.06428 0.99793 -0.00012 255 255 0
-16.9480 37.4440 24.8890 -0.05587 0.99843 0.00360 255 255 0
-16.9960 37.4420 21.1630 -0.04613 0.99893 -0.00197 255 255 0
-16.9960 37.4430 19.3320 -0.04836 0.99883 0.00063 255 255 0
-15.6470 37.4890 22.3630 -0.02659 0.99964 0.00191 255 255 0
-15.3930 37.4970 21.6160 -0.00834 0.99996 0.00072 255 255 0
-15.6330 37.4820 25.6600 -0.01837 0.99982 0.00392 255 255 0
-37.7850 28.6680 -43.2160 -0.61892 0.78359 -0.05413 255 255 0
-39.2530 27.3850 -43.9040 -0.66020 0.74931 -0.05164 255 255 0
-34.5610 31.3520 -35.9560 -0.52790 0.84853 -0.03631 255 255 0
-32.0090 32.7300 -37.1800 -0.46366 0.88509 -0.04044 255 255 0
-30.7010 33.3940 -36.6200 -0.43263 0.90083 -0.03664 255 255 0
-30.2030 33.6630 -35.8320 -0.41172 0.91049 -0.03878 255 255 0
-33.9640 31.2750 -43.8060 -0.48771 0.87055 -0.06542 255 255 0
-36.3190 29.9180 -40.7580 -0.58957 0.80709 -0.03188 255 255 0
-35.7230 30.5540 -36.3270 -0.57275 0.81945 -0.02120 255 255 0
-35.3000 30.7440 -38.2660 -0.56100 0.82657 -0.04537 255 255 0
-37.9460 28.9970 -35.3240 -0.61175 0.79006 -0.03970 255 255 0
-37.7030 29.3270 -32.2850 -0.60177 0.79798 -0.03303 255 255 0
-37.9530 28.6240 -42.0150 -0.62454 0.77951 -0.04808 255 255 0
-39.3820 27.9480 -31.9950 -0.65614 0.75389 -0.03370 255 255 0
-39.1170 28.0210 -35.3330 -0.65363 0.75575 -0.04025 255 255 0
-33.3960 31.6810 -42.6280 -0.50529 0.86169 -0.04665 255 255 0
-34.1770 31.1370 -43.9860 -0.53648 0.84323 -0.03380 255 255 0
-31.8510 32.5360 -42.4540 -0.46105 0.88597 -0.04985 255 255 0
-32.3560 32.2110 -43.4920 -0.47168 0.88048 -0.04774 255 255 0
-30.7820 33.0560 -42.7190 -0.42787 0.90260 -0.04739 255 255 0
-31.4710 32.5750 -45.2450 -0.43035 0.90004 -0.06874 255 255 0
-30.2340 33.2480 -43.8080 -0.41596 0.90775 -0.05441 255 255 0
-30.0530 33.1370 -47.0220 -0.42246 0.89805 -0.12265 255 255 0
-29.4160 33.6290 -43.5040 -0.38920 0.91984 -0.04906 255 255 0
-29.1950 33.5200 -46.9920 -0.37694 0.91587 -0.13824 255 255 0
-28.6600 34.0950 -40.5540 -0.37453 0.92604 -0.04672 255 255 0
-28.4200 33.9670 -44.7320 -0.36716 0.92870 -0.05200 255 255 0
-35.9680 30.7240 -28.3570 -0.56360 0.82551 -0.02983 255 255 0
-37.7270 29.4330 -28.8220 -0.60480 0.79586 -0.02870 255 255 0
-38.6540 28.6760 -29.1950 -0.63554 0.77157 -0.02790 255 255 0
-40.4820 27.3460 -20.4760 -0.68188 0.73130 -0.01569 255 255 0
-35.6580 31.0850 -23.6640 -0.55314 0.83288 -0.01876 255 255 0
-35.5480 31.2550 -18.1810 -0.55159 0.83402 -0.01266 255 255 0
-32.8540 32.8200 -20.6660 -0.48028 0.87695 -0.01719 255 255 0
-30.8970 33.8040 -20.9150 -0.42488 0.90508 -0.01737 255 255 0
-29.3820 34.4630 -21.2620 -0.38481 0.92278 -0.01997 255 255 0
-34.4540 31.6160 -30.7860 -0.52121 0.85289 -0.03042 255 255 0
-36.2400 30.8020 -17.2730 -0.56694 0.82362 -0.01530 255 255 0
-37.3440 29.8770 -23.5130 -0.59559 0.80328 -0.00444 255 255 0
-37.3700 29.9130 -21.2110 -0.60198 0.79799 -0.02863 255 255 0
-37.3810 29.9270 -20.1960 -0.59239 0.80553 -0.01370 255 255 0
-38.0800 29.4160 -19.7220 -0.61204 0.79062 -0.01801 255 255 0
-37.7490 29.6900 -18.2550 -0.60409 0.79680 -0.01377 255 255 0
-37.4100 29.9570 -17.5080 -0.59454 0.80392 -0.01520 255 255 0
-38.8950 28.7100 -21.5130 -0.63441 0.77269 -0.02148 255 255 0
-39.4430 28.0430 -28.3190 -0.65804 0.75252 -0.02640 255 255 0
-39.8850 27.8840 -20.1820 -0.66043 0.75067 -0.01777 255 255 0
-39.3810 28.3950 -17.2940 -0.64899 0.76068 -0.01291 255 255 0
-34.4620 31.9540 -17.0820 -0.52312 0.85215 -0.01366 255 255 0
-28.9410 34.6640 -19.8820 -0.36777 0.92977 -0.01633 255 255 0
-31.9830 33.1650 -26.4150 -0.45792 0.88851 -0.02926 255 255 0
-34.0990 32.0140 -24.9610 -0.50979 0.85998 -0.02355 255 255 0
-33.6780 32.1210 -29.4340 -0.49448 0.86866 -0.03019 255 255 0
-33.6380 32.0530 -31.9500 -0.49083 0.87059 -0.03409 255 255 0
-32.1770 32.9070 -30.6490 -0.46388 0.88529 -0.03293 255 255 0
-29.9970 34.0390 -28.2070 -0.39619 0.91781 -0.02564 255 255 0
-31.5030 33.3210 -28.7420 -0.44758 0.89371 -0.03109 255 255 0
-30.6380 33.7110 -29.1690 -0.41738 0.90806 -0.03488 255 255 0
-30.6100 33.6560 -31.1870 -0.42011 0.90687 -0.03318 255 255 0
-28.9880 34.4010 -29.9750 -0.37408 0.92694 -0.02904 255 255 0
-34.7590 31.8380 -12.9290 -0.52530 0.85088 -0.00850 255 255 0
-36.4850 30.7620 -6.7840 -0.57492 0.81820 -0.00395 255 255 0
-37.6750 29.8310 -12.6710 -0.60626 0.79524 -0.00610 255 255 0
-39.0620 28.7190 -13.4970 -0.63880 0.76932 -0.00907 255 255 0
-34.7460 31.9000 -4.3930 -0.52741 0.84960 -0.00416 255 255 0
-31.1920 33.8420 -4.2610 -0.43665 0.89963 -0.00202 255 255 0
-29.9790 34.3920 -3.0000 -0.39307 0.91951 -0.00174 255 255 0
-35.9800 31.1060 -2.5710 -0.57003 0.82158 0.00847 255 255 0
-35.5690 31.3840 -2.0720 -0.55260 0.83345 -0.00145 255 255 0
-36.6900 30.6040 -5.7040 -0.56939 0.82203 0.00784 255 255 0
-37.4290 30.0910 -3.3980 -0.58952 0.80770 -0.00941 255 255 0
-37.6900 29.8830 -4.3270 -0.60019 0.79983 -0.00655 255 255 0
-38.5670 29.1990 -4.5530 -0.62893 0.77745 -0.00493 255 255 0
-39.3820 28.4970 -9.6490 -0.64318 0.76568 -0.00658 255 255 0
-30.2680 34.2660 -6.8490 -0.40192 0.91565 -0.00635 255 255 0
-28.2450 35.1040 1.5400 -0.35129 0.93627 -0.00105 255 255 0
-33.4130 32.5610 -17.8610 -0.49689 0.86765 -0.01705 255 255 0
-32.4070 33.1850 -11.0960 -0.46210 0.88678 -0.00916 255 255 0
-32.7580 32.9800 -14.1110 -0.46950 0.88289 -0.00852 255 255 0
-31.3430 33.7460 -8.1540 -0.43392 0.90085 -0.01370 255 255 0
-30.2560 34.1950 -14.5260 -0.41320 0.91057 -0.01099 255 255 0
-28.8770 34.7690 -15.1080 -0.36768 0.92979 -0.01742 255 255 0
-28.5140 34.9800 -6.1590 -0.35241 0.93583 -0.00607 255 255 0
-37.2530 30.2270 6.5690 -0.59197 0.80596 -0.00124 255 255 0
-39.3380 28.5860 4.2100 -0.64657 0.76285 0.00061 255 255 0
-35.1360 31.6590 16.5630 -0.54380 0.83921 0.00145 255 255 0
-32.9120 32.9750 16.3240 -0.47621 0.87933 0.00024 255 255 0
-30.4360 34.1990 15.3810 -0.41665 0.90907 -0.00033 255 255 0
-29.2390 34.7090 12.2520 -0.37696 0.92623 0.00142 255 255 0
-35.2540 31.6020 6.1120 -0.53927 0.84214 -0.00019 255 255 0
-35.2570 31.5840 11.9090 -0.54246 0.84008 -0.00014 255 255 0
-34.7900 31.8830 9.1330 -0.52149 0.85326 0.00158 255 255 0
-35.9080 31.1590 11.9150 -0.55751 0.83017 -0.00004 255 255 0
-36.7890 30.5500 12.5570 -0.57841 0.81575 0.00059 255 255 0
-38.1040 29.5750 11.1500 -0.61604 0.78771 0.00088 255 255 0
-37.4600 30.0620 12.2010 -0.59709 0.80217 0.00146 255 255 0
-38.2320 29.4720 13.5610 -0.61885 0.78551 0.00042 255 255 0
-39.2950 28.6000 22.7240 -0.64798 0.76166 0.00017 255 255 0
-39.1720 28.7100 9.5450 -0.64233 0.76642 0.00262 255 255 0
-38.8390 28.9860 9.9100 -0.63315 0.77403 0.00168 255 255 0
-39.0050 28.8470 11.4010 -0.63824 0.76984 0.00021 255 255 0
-39.8100 28.1640 11.8480 -0.66127 0.75015 -0.00020 255 255 0
-40.0260 27.9670 15.0480 -0.66872 0.74351 0.00081 255 255 0
-34.0750 32.3120 0.8520 -0.50704 0.86192 -0.00104 255 255 0
-33.5360 32.6250 4.0880 -0.49551 0.86860 0.00026 255 255 0
-32.5950 33.1430 10.1740 -0.46120 0.88730 0.00076 255 255 0
-33.2450 32.7730 -6.2980 -0.48354 0.87531 -0.00478 255 255 0
-32.5360 33.1730 7.5310 -0.47133 0.88195 -0.00160 255 255 0
-33.3720 32.7180 7.7810 -0.49334 0.86984 -0.00070 255 255 0
-32.0060 33.4490 4.7070 -0.45246 0.89179 -0.00073 255 255 0
-32.5780 33.1510 4.6290 -0.46985 0.88274 -0.00009 255 255 0
-32.3200 33.2830 1.1080 -0.46130 0.88724 -0.00158 255 255 0
-31.5870 33.6560 3.5110 -0.43902 0.89848 -0.00047 255 255 0
-30.0930 34.3560 4.2460 -0.40098 0.91609 -0.00026 255 255 0
-29.6520 34.5410 10.3570 -0.38578 0.92259 0.00036 255 255 0
-29.1910 34.7310 2.7890 -0.33574 0.94138 0.03271 255 255 0
-35.5970 31.3580 23.3350 -0.54822 0.83633 0.00217 255 255 0
-36.6030 30.6760 23.0860 -0.57743 0.81644 0.00003 255 255 0
-38.1810 29.5130 23.1710 -0.61375 0.78950 0.00040 255 255 0
-35.9150 31.0860 32.6040 -0.55706 0.83034 0.01455 255 255 0
-32.8250 32.9990 29.0640 -0.47968 0.87738 0.01002 255 255 0
-30.2260 34.2540 29.8320 -0.40881 0.91256 0.01027 255 255 0
-34.6650 31.9510 24.0400 -0.52258 0.85257 0.00533 255 255 0
-36.5300 30.7310 25.3970 -0.57230 0.82005 0.00035 255 255 0
-36.7320 30.5020 32.9500 -0.57342 0.81884 0.02619 255 255 0
-38.3630 29.3670 26.2090 -0.62324 0.78202 0.00400 255 255 0
-36.6100 30.6810 28.0470 -0.56918 0.82217 0.00882 255 255 0
-37.2320 30.1750 32.0290 -0.53224 0.83254 -0.15361 255 255 0
-38.9110 28.8740 30.9500 -0.63168 0.77512 0.01288 255 255 0
-39.7230 28.1870 30.1210 -0.66170 0.74972 0.00881 255 255 0
-40.0030 27.9800 24.5410 -0.66451 0.74727 0.00417 255 255 0
-29.1960 34.6670 31.5060 -0.37366 0.92750 0.01091 255 255 0
-34.2790 32.1840 20.7580 -0.50889 0.86083 0.00093 255 255 0
-33.9130 32.4010 18.4020 -0.49981 0.86613 0.00018 255 255 0
-33.4270 32.6780 22.3570 -0.48823 0.87271 0.00217 255 255 0
-31.4250 33.7370 26.1860 -0.44147 0.89727 0.00233 255 255 0
-32.5120 33.1860 16.5040 -0.45707 0.88937 -0.01037 255 255 0
-30.5380 34.1480 26.6250 -0.40363 0.91491 0.00496 255 255 0
-29.4700 34.6110 22.9860 -0.38520 0.92283 0.00174 255 255 0
-45.0190 20.9760 -43.3590 -0.81795 0.57315 -0.04952 255 255 0
-46.3980 18.9090 -42.7080 -0.85579 0.51507 -0.04834 255 255 0
-47.4400 17.2600 -40.8750 -0.88048 0.47180 -0.04644 255 255 0
-45.5090 20.9350 -34.9570 -0.82689 0.56121 -0.03587 255 255 0
-45.1900 21.4200 -34.2740 -0.81482 0.57875 -0.03335 255 255 0
-44.4570 22.2880 -36.3830 -0.79474 0.60545 -0.04271 255 255 0
-42.4830 24.6930 -36.2310 -0.74631 0.66429 -0.04160 255 255 0
-44.2140 21.9310 -44.9980 -0.80501 0.59039 -0.05840 255 255 0
-47.6680 16.2470 -46.0910 -0.88998 0.45097 -0.06761 255 255 0
-45.6980 20.3910 -38.4090 -0.83345 0.55109 -0.04067 255 255 0
-45.4360 21.0720 -34.0970 -0.83161 0.55262 -0.05516 255 255 0
-46.2760 19.5810 -37.1630 -0.84979 0.52627 -0.02998 255 255 0
-46.6670 19.2000 -34.0530 -0.85501 0.51730 -0.03684 255 255 0
-46.9960 18.3300 -37.8530 -0.86470 0.50024 -0.04530 255 255 0
-47.6880 16.9580 -38.9530 -0.88729 0.45941 -0.04060 255 255 0
-40.4040 26.8780 -34.8550 -0.68327 0.72921 -0.03733 255 255 0
-43.9370 22.6100 -41.0070 -0.78801 0.61390 -0.04647 255 255 0
-43.5710 22.8900 -43.4290 -0.78076 0.62294 -0.04863 255 255 0
-43.5150 22.8110 -45.2230 -0.78019 0.62341 -0.05168 255 255 0
-43.1510 23.5350 -41.6630 -0.76667 0.64040 -0.04594 255 255 0
-42.9990 23.4660 -44.9040 -0.76455 0.64265 -0.04974 255 255 0
-42.5000 24.1160 -44.0130 -0.75606 0.65184 -0.05889 255 255 0
-42.2390 24.4290 -43.9740 -0.67272 0.62938 -0.38901 255 255 0
-41.7290 24.9450 -44.3700 -0.73388 0.67768 -0.04652 255 255 0
-41.9170 24.6910 -45.0050 -0.74847 0.65973 -0.06749 255 255 0
-41.0960 26.1330 -36.3740 -0.70510 0.70789 -0.04159 255 255 0
-41.4120 25.3150 -43.9280 -0.71788 0.69442 -0.04933 255 255 0
-39.9250 26.5540 -47.0100 -0.65450 0.74138 -0.14826 255 255 0
-40.0230 26.9030 -40.5680 -0.67642 0.73504 -0.04664 255 255 0
-40.4200 26.3990 -42.5310 -0.69263 0.71963 -0.04903 255 255 0
-43.5290 24.1830 -21.9980 -0.76603 0.64269 -0.01182 255 255 0
-45.1880 21.6840 -29.8480 -0.81393 0.58027 -0.02842 255 255 0
-46.2910 20.0980 -29.0670 -0.84048 0.54100 -0.03008 255 255 0
-47.4200 18.2110 -29.5040 -0.87051 0.49126 -0.02963 255 255 0
-45.6120 21.4930 -21.1830 -0.81374 0.58027 -0.03336 255 255 0
-45.4000 21.8050 -18.4650 -0.82194 0.56954 -0.00600 255 255 0
-45.0180 22.3580 -16.7120 -0.79285 0.60918 -0.01709 255 255 0
-43.4910 24.1830 -20.9480 -0.80165 0.59757 0.01642 255 255 0
-43.0590 24.7460 -19.7370 -0.75055 0.66065 -0.01463 255 255 0
-44.0910 23.0740 -31.4460 -0.77936 0.62545 -0.03750 255 255 0
-46.7170 19.8610 -19.6230 -0.84928 0.52772 -0.01573 255 255 0
-46.5940 19.9360 -23.0160 -0.85387 0.52024 0.01598 255 255 0
-47.7280 17.9380 -23.9060 -0.87721 0.47969 -0.01996 255 255 0
-48.0250 17.7200 -13.5470 -0.87944 0.47587 -0.01182 255 255 0
-47.9680 17.6720 -19.4760 -0.88265 0.46979 -0.01526 255 255 0
-43.9640 23.1730 -31.9180 -0.75855 0.64870 -0.06162 255 255 0
-42.1240 25.4770 -28.4980 -0.73216 0.68113 -0.00341 255 255 0
-41.5160 26.1650 -26.4730 -0.72218 0.69118 -0.02689 255 255 0
-43.4570 23.9890 -28.1740 -0.75467 0.65546 -0.02904 255 255 0
-41.0140 26.6370 -27.6390 -0.69831 0.71531 -0.02617 255 255 0
-42.3810 24.9530 -33.5980 -0.73743 0.67456 -0.03413 255 255 0
-41.1140 26.7100 -21.5730 -0.70609 0.70788 -0.01834 255 255 0
-40.8490 26.7030 -29.4580 -0.71108 0.70209 -0.03794 255 255 0
-40.4700 27.0020 -31.0450 -0.68822 0.72478 -0.03246 255 255 0
-45.7130 21.5530 -7.5270 -0.82012 0.57216 -0.00600 255 255 0
-46.5860 20.1730 -13.9130 -0.84751 0.53064 -0.01178 255 255 0
-47.5430 18.6030 -12.4130 -0.86573 0.50037 -0.01165 255 255 0
-45.2930 22.1560 -3.3630 -0.80663 0.59104 -0.00361 255 255 0
-43.0700 24.9210 -3.7880 -0.75193 0.65924 -0.00036 255 255 0
-42.3400 25.7120 -3.6460 -0.72357 0.69025 0.00009 255 255 0
-44.4530 23.1380 -15.0600 -0.78361 0.62119 -0.00896 255 255 0
-48.3470 17.0390 -15.8970 -0.89343 0.44903 -0.01229 255 255 0
-45.6030 21.7120 -5.2290 -0.82233 0.56902 0.00078 255 255 0
-45.8210 21.4210 -2.5030 -0.82150 0.57019 -0.00303 255 255 0
-46.4420 20.4870 -5.5900 -0.83740 0.54659 -0.00218 255 255 0
-46.7040 20.1250 3.3040 -0.84453 0.53551 0.00005 255 255 0
-47.2510 19.1710 -7.3090 -0.85683 0.51558 -0.00448 255 255 0
-47.2560 19.1740 -6.1820 -0.85700 0.51515 -0.01303 255 255 0
-46.6920 20.0900 -6.4700 -0.84471 0.53507 -0.01277 255 255 0
-47.2410 19.2130 -3.3800 -0.85631 0.51643 -0.00604 255 255 0
-46.8700 19.8340 -1.1720 -0.85215 0.52329 -0.00250 255 255 0
-47.6890 18.4230 -6.7150 -0.86954 0.49378 -0.00903 255 255 0
-48.1020 17.6630 -7.4940 -0.88152 0.47213 -0.00476 255 255 0
-47.6310 18.5560 -3.5210 -0.86901 0.49478 -0.00424 255 255 0
-48.2820 17.3830 2.0290 -0.88580 0.46406 -0.00062 255 255 0
-39.9170 28.0470 -6.2290 -0.66353 0.74814 -0.00389 255 255 0
-40.6650 27.3810 -1.9160 -0.67849 0.73461 0.00120 255 255 0
-43.7780 24.0710 -8.2880 -0.77128 0.63643 -0.00895 255 255 0
-44.5530 23.1220 -6.0210 -0.78723 0.61664 -0.00354 255 255 0
-44.2460 23.3990 -14.7620 -0.77239 0.63511 0.00657 255 255 0
-43.5180 24.3390 -11.1950 -0.76517 0.64373 -0.01101 255 255 0
-43.1570 24.7050 -14.3150 -0.75649 0.65395 -0.00865 255 255 0
-42.3210 25.6400 -13.6630 -0.72839 0.68509 -0.01056 255 255 0
-42.4650 25.5790 -6.4880 -0.72796 0.68560 -0.00578 255 255 0
-41.9880 25.9620 -15.1360 -0.71919 0.69470 -0.01272 255 255 0
-41.0760 26.9120 -12.9580 -0.69687 0.71713 -0.00931 255 255 0
-40.8170 27.2120 -7.0800 -0.69018 0.72361 -0.00613 255 255 0
-40.1980 27.7350 -12.6130 -0.67151 0.74094 -0.00941 255 255 0
-45.3530 22.0950 4.9070 -0.80981 0.58669 -0.00018 255 255 0
-48.1220 17.6940 7.3250 -0.88148 0.47222 -0.00080 255 255 0
-43.7630 24.1130 12.9430 -0.76590 0.64296 0.00006 255 255 0
-42.0140 26.0590 19.9780 -0.72244 0.69143 0.00359 255 255 0
-40.9430 27.1180 15.2190 -0.69324 0.72071 0.00081 255 255 0
-48.5570 16.8370 0.8080 -0.89691 0.44221 -0.00102 255 255 0
-45.5820 21.7670 13.4790 -0.81368 0.58132 0.00025 255 255 0
-45.6110 21.7190 16.6550 -0.81919 0.57352 0.00220 255 255 0
-46.0990 21.0190 14.0430 -0.82847 0.56003 0.00064 255 255 0
-46.0970 21.0200 15.7930 -0.82838 0.56016 0.00092 255 255 0
-46.3140 20.7040 8.6210 -0.82865 0.55977 0.00033 255 255 0
-46.6530 20.1750 16.5770 -0.84358 0.53700 0.00031 255 255 0
-47.1250 19.4310 8.0140 -0.85919 0.51165 -0.00082 255 255 0
-47.3740 19.0000 20.5760 -0.86259 0.50591 -0.00007 255 255 0
-47.3850 18.9950 10.1600 -0.86352 0.50431 -0.00097 255 255 0
-47.7050 18.4330 10.7470 -0.86824 0.49609 0.00687 255 255 0
-48.0900 17.7310 12.3160 -0.87864 0.47749 0.00072 255 255 0
-48.3190 17.3000 10.2450 -0.88962 0.45670 0.00152 255 255 0
-48.5240 16.8910 17.6310 -0.89116 0.45369 -0.00046 255 255 0
-40.6270 27.4180 13.4330 -0.68194 0.73141 -0.00046 255 255 0
-44.8680 22.7370 9.6210 -0.79569 0.60570 0.00021 255 255 0
-44.5940 23.0920 3.2360 -0.78738 0.61646 -0.00118 255 255 0
-44.4040 23.3330 9.4740 -0.78288 0.62217 0.00028 255 255 0
-44.0890 23.7240 7.9980 -0.77610 0.63061 -0.00001 255 255 0
-43.9270 23.9230 5.9930 -0.77051 0.63743 0.00026 255 255 0
-43.6900 24.2070 1.9720 -0.76315 0.64622 -0.00159 255 255 0
-43.4990 24.4300 4.1980 -0.75541 0.65526 -0.00032 255 255 0
-42.5540 25.4950 3.9590 -0.73641 0.67653 -0.00038 255 255 0
-42.0620 26.0150 1.0900 -0.71469 0.69943 -0.00260 255 255 0
-41.5990 26.4910 9.3630 -0.70288 0.71131 -0.00077 255 255 0
-41.6000 26.4850 3.7550 -0.70405 0.71015 -0.00057 255 255 0
-40.9790 27.0900 -2.5740 -0.69282 0.72110 -0.00296 255 255 0
-40.8210 27.2410 3.7790 -0.68351 0.72994 0.00105 255 255 0
-46.3490 20.6430 22.9700 -0.83201 0.55474 0.00552 255 255 0
-48.0320 17.8330 22.5050 -0.88008 0.47483 0.00226 255 255 0
-45.7890 21.4190 30.4560 -0.81813 0.57496 0.00861 255 255 0
-43.8060 24.0130 30.4070 -0.77189 0.63558 0.01498 255 255 0
-42.3030 25.7030 30.1690 -0.72920 0.68417 0.01309 255 255 0
-41.0530 26.9690 30.1810 -0.69273 0.72111 0.01129 255 255 0
-48.5710 16.7980 20.3120 -0.89374 0.44858 0.00047 255 255 0
-47.3210 19.0790 28.6970 -0.85902 0.51192 0.00444 255 255 0
-45.8080 21.3560 32.0020 -0.81728 0.57599 0.01691 255 255 0
-47.3700 18.9580 30.3910 -0.86128 0.50799 0.01211 255 255 0
-47.1130 19.3140 33.7900 -0.51800 0.70948 0.47782 255 255 0
-39.6330 28.1790 35.0220 -0.65386 0.75637 0.01935 255 255 0
-44.9590 22.6210 23.4820 -0.80103 0.59860 0.00484 255 255 0
-44.3070 23.4490 19.6420 -0.77934 0.62660 0.00013 255 255 0
-44.4400 23.2780 18.5090 -0.78388 0.62090 -0.00186 255 255 0
-43.7840 24.0880 16.3660 -0.76749 0.64106 0.00019 255 255 0
-42.4790 25.5660 24.1780 -0.72916 0.68433 0.00525 255 255 0
-43.5150 24.3950 28.7550 -0.75811 0.65209 0.00676 255 255 0
-42.7460 25.2730 19.4810 -0.73937 0.67330 -0.00020 255 255 0
-43.2140 24.7480 19.7680 -0.75166 0.65955 -0.00041 255 255 0
-41.6090 26.4510 28.4190 -0.71176 0.70242 0.00060 255 255 0
-41.7220 26.3520 21.4920 -0.71136 0.70283 0.00070 255 255 0
-41.2560 26.8200 18.5530 -0.70135 0.71282 -0.00068 255 255 0
-41.0100 27.0480 25.3170 -0.69508 0.71889 0.00767 255 255 0
-40.7190 27.3330 18.8530 -0.68062 0.73263 0.00200 255 255 0
-50.6850 8.5530 -42.0650 -0.97071 0.23531 -0.04858 255 255 0
-51.1890 5.8830 -42.6020 -0.98463 0.16855 -0.04581 255 255 0
-50.7800 9.0640 -37.2130 -0.96711 0.25093 -0.04170 255 255 0
-50.5280 10.4360 -34.0090 -0.95853 0.28275 -0.03565 255 255 0
-50.2010 11.2460 -36.1320 -0.95677 0.28777 -0.04227 255 255 0
-50.0400 11.7880 -35.9680 -0.94494 0.32483 -0.03978 255 255 0
-48.9780 14.5030 -36.4670 -0.92022 0.38947 -0.03892 255 255 0
-50.0430 10.0820 -46.5000 -0.95388 0.27655 -0.11676 255 255 0
-51.0220 7.7190 -38.8630 -0.97860 0.20070 -0.04544 255 255 0
-51.2340 7.2260 -36.4170 -0.98044 0.19285 -0.03928 255 255 0
-51.7100 5.2570 -32.8680 -0.98871 0.14601 -0.03382 255 255 0
-51.4150 4.7150 -41.4470 -0.98983 0.13467 -0.04573 255 255 0
-51.5140 4.9250 -38.7290 -0.98854 0.14390 -0.04553 255 255 0
-51.7550 4.3100 -35.0400 -0.99209 0.11892 -0.04015 255 255 0
-51.7930 4.9760 -31.5140 -0.99025 0.13560 -0.03181 255 255 0
-47.9980 16.6120 -36.1960 -0.89121 0.45191 -0.03907 255 255 0
-48.5730 15.7040 -33.0080 -0.90743 0.41879 -0.03433 255 255 0
-50.1610 10.6490 -40.8760 -0.95756 0.28338 -0.05269 255 255 0
-49.9970 10.7380 -43.6120 -0.95676 0.28808 -0.04033 255 255 0
-49.5700 12.2580 -42.4360 -0.94154 0.33365 -0.04671 255 255 0
-49.6630 11.3130 -46.4650 -0.94303 0.30781 -0.12629 255 255 0
-49.3940 12.5030 -43.8560 -0.93026 0.36320 -0.05203 255 255 0
-49.3250 12.3040 -46.5030 -0.93634 0.32984 -0.12033 255 255 0
-48.6750 15.0370 -38.0830 -0.91171 0.40840 -0.04476 255 255 0
-48.9110 13.7990 -43.5370 -0.92511 0.37743 -0.04147 255 255 0
-48.4730 14.8910 -43.0550 -0.91227 0.40691 -0.04683 255 255 0
-48.5940 14.3480 -45.1180 -0.91712 0.39506 -0.05315 255 255 0
-48.2680 15.2210 -44.0720 -0.90164 0.43044 -0.04206 255 255 0
-51.0650 9.7500 -22.2700 -0.96429 0.26416 -0.01921 255 255 0
-51.4100 7.6010 -29.2220 -0.97883 0.20264 -0.02893 255 255 0
-51.9800 4.6700 -26.9330 -0.99180 0.12542 -0.02472 255 255 0
-51.4210 8.9280 -12.3280 -0.96894 0.24715 -0.00797 255 255 0
-50.0430 12.9830 -21.5210 -0.93691 0.34917 -0.01697 255 255 0
-49.1340 15.2550 -20.6610 -0.91199 0.40985 -0.01729 255 255 0
-51.2630 8.8200 -23.8420 -0.97142 0.23622 -0.02346 255 255 0
-51.6030 8.0070 -15.4020 -0.97762 0.20994 -0.01333 255 255 0
-51.5100 7.9440 -22.0680 -0.97702 0.21223 -0.01992 255 255 0
-51.8360 6.2440 -22.3140 -0.98388 0.17719 -0.02413 255 255 0
-52.0020 5.4280 -20.7130 -0.98984 0.14135 -0.01520 255 255 0
-50.4330 11.1780 -30.2870 -0.94260 0.32845 0.06016 255 255 0
-50.4080 11.1720 -31.1040 -0.95108 0.30719 -0.03283 255 255 0
-49.5310 14.0520 -26.3200 -0.92503 0.37885 -0.02827 255 255 0
-50.2840 11.9550 -27.0710 -0.94698 0.32007 -0.02783 255 255 0
-49.6240 13.4760 -30.6260 -0.93249 0.35982 -0.03136 255 255 0
-49.7710 13.2180 -28.6590 -0.93189 0.36235 -0.01668 255 255 0
-49.1550 14.7640 -28.5480 -0.91761 0.39661 -0.02621 255 255 0
-48.7730 15.5920 -28.6780 -0.90765 0.41904 -0.02405 255 255 0
-51.7350 7.4970 -12.3470 -0.98015 0.19810 -0.00732 255 255 0
-51.9670 6.2380 -12.4960 -0.98602 0.16630 -0.01016 255 255 0
-52.2140 4.6580 -11.5720 -0.99207 0.12541 -0.00789 255 255 0
-51.3480 9.3650 -5.7450 -0.96948 0.24518 -0.00055 255 255 0
-49.8550 13.9400 -4.3080 -0.93016 0.36715 -0.00280 255 255 0
-51.2300 9.8760 2.4020 -0.96213 0.27259 -0.00061 255 255 0
-51.6380 8.2360 -0.3910 -0.97497 0.22232 -0.00334 255 255 0
-52.0110 6.3120 -4.8620 -0.98454 0.17509 -0.00493 255 255 0
-51.9900 6.4190 -3.4150 -0.98437 0.17614 0.00042 255 255 0
-52.0570 6.0330 -1.4270 -0.98742 0.15813 -0.00108 255 255 0
-52.2610 4.5000 -6.4280 -0.99238 0.12312 -0.00452 255 255 0
-51.0430 10.4530 -7.0550 -0.95981 0.28061 -0.00540 255 255 0
-50.6250 11.8400 -3.8550 -0.94830 0.31736 -0.00274 255 255 0
-49.2390 15.4050 -2.7910 -0.91281 0.40839 -0.00052 255 255 0
-48.4620 17.0190 -3.8140 -0.88994 0.45605 -0.00478 255 255 0
-50.4280 12.2370 -13.9740 -0.94657 0.32233 -0.01038 255 255 0
-50.5350 12.0080 -10.9600 -0.94740 0.31994 -0.00888 255 255 0
-50.6770 11.2560 -19.1600 -0.95378 0.30017 -0.01401 255 255 0
-50.2450 12.7580 -12.9940 -0.93255 0.36101 -0.00557 255 255 0
-50.0370 13.2330 -16.0400 -0.93411 0.35674 -0.01299 255 255 0
-49.3490 15.1060 -8.3600 -0.91733 0.39802 -0.00924 255 255 0
-49.3660 14.9470 -14.0300 -0.91863 0.39499 -0.01024 255 255 0
-49.5800 14.5400 -10.5590 -0.92427 0.38171 -0.00502 255 255 0
-48.8280 16.1200 -13.8070 -0.90173 0.43211 -0.01278 255 255 0
-48.9100 15.8950 -15.6610 -0.90213 0.43142 -0.00626 255 255 0
-51.9360 6.7770 0.6740 -0.98380 0.17928 -0.00062 255 255 0
-52.2130 5.0320 -1.2060 -0.99113 0.13288 -0.00166 255 255 0
-52.2890 4.4310 2.1510 -0.99320 0.11639 -0.00135 255 255 0
-52.3480 3.9200 3.0750 -0.99474 0.10248 0.00010 255 255 0
-49.5260 14.7560 13.2260 -0.92039 0.39101 0.00043 255 255 0
-48.6990 16.5460 12.9750 -0.89643 0.44319 0.00067 255 255 0
-51.2920 9.6580 3.1320 -0.96583 0.25917 0.00033 255 255 0
-51.3890 9.2520 8.5390 -0.96892 0.24739 0.00093 255 255 0
-51.3120 9.5530 13.1020 -0.96697 0.25489 0.00023 255 255 0
-51.4900 8.8310 15.0040 -0.97179 0.23586 -0.00004 255 255 0
-51.7350 7.7800 8.4470 -0.97760 0.21047 -0.00023 255 255 0
-51.5920 8.4020 13.9170 -0.97469 0.22354 0.00009 255 255 0
-51.8100 7.3930 14.3750 -0.98046 0.19669 0.00044 255 255 0
-51.9420 6.7270 8.1660 -0.98371 0.17974 0.00002 255 255 0
-52.0540 6.0760 11.1850 -0.98628 0.16510 0.00134 255 255 0
-52.0940 5.8200 10.6610 -0.98772 0.15620 -0.00110 255 255 0
-52.1700 5.3320 10.7380 -0.99042 0.13806 0.00037 255 255 0
-52.0890 5.8310 16.6540 -0.98549 0.16976 -0.00082 255 255 0
-52.2410 4.8280 4.8130 -0.99168 0.12872 0.00116 255 255 0
-52.1760 5.2560 24.2100 -0.98892 0.14838 0.00496 255 255 0
-52.3540 3.8140 13.5310 -0.99432 0.10646 0.00037 255 255 0
-50.9170 10.9530 12.1820 -0.95517 0.29605 -0.00016 255 255 0
-50.9350 10.8800 9.3790 -0.95702 0.29002 -0.00149 255 255 0
-50.8080 11.2930 0.6670 -0.95413 0.29939 -0.00220 255 255 0
-50.5500 12.0790 2.5590 -0.94677 0.32191 -0.00125 255 255 0
-50.6950 11.6510 7.2560 -0.95070 0.31010 0.00049 255 255 0
-50.3130 12.7590 2.0110 -0.93956 0.34238 -0.00308 255 255 0
-50.3210 12.7360 6.3440 -0.94178 0.33623 0.00006 255 255 0
-50.0330 13.5080 4.5820 -0.93287 0.36022 -0.00032 255 255 0
-49.6320 14.5140 10.1430 -0.92228 0.38652 0.00106 255 255 0
-50.1270 13.2700 8.7650 -0.93715 0.34892 0.00153 255 255 0
-49.6720 14.4120 0.6090 -0.92704 0.37489 -0.00717 255 255 0
-49.0380 15.8460 7.2660 -0.90479 0.42585 0.00011 255 255 0
-48.8110 16.3280 4.4320 -0.89941 0.43709 0.00394 255 255 0
-49.0250 15.8780 4.3790 -0.90796 0.41906 0.00099 255 255 0
-51.1050 10.2880 24.5280 -0.95982 0.28057 0.00489 255 255 0
-51.5670 8.5080 22.4570 -0.97377 0.22755 0.00070 255 255 0
-51.8830 7.0000 22.8640 -0.98250 0.18619 0.00425 255 255 0
-52.3410 3.8820 22.9150 -0.99436 0.10607 0.00247 255 255 0
-50.8630 10.9760 30.1930 -0.95754 0.28815 0.00900 255 255 0
-50.5100 12.0450 31.9650 -0.95012 0.31161 0.01341 255 255 0
-50.3580 12.5160 30.2410 -0.94214 0.33515 0.00698 255 255 0
-49.7200 14.1830 30.5730 -0.92609 0.37730 0.00311 255 255 0
-52.0190 6.2540 20.2100 -0.98465 0.17454 -0.00106 255 255 0
-51.5330 8.6660 26.5130 -0.97304 0.23061 0.00405 255 255 0
-52.0070 6.2490 29.7250 -0.98555 0.16891 0.01249 255 255 0
-51.4040 9.0100 31.1500 -0.97007 0.24251 0.01273 255 255 0
-51.7390 7.5160 31.8730 -0.98016 0.19778 -0.01324 255 255 0
-51.6240 7.9340 32.9450 -0.96255 0.26671 0.04863 255 255 0
-51.9730 6.5580 26.1530 -0.97948 0.19353 -0.05618 255 255 0
-52.2010 5.0540 25.2890 -0.99067 0.13626 0.00332 255 255 0
-52.0430 5.8170 31.4220 -0.98752 0.15699 0.01233 255 255 0
-52.2700 4.2330 30.2230 -0.99372 0.11164 0.00776 255 255 0
-48.8440 16.2010 29.4480 -0.90192 0.43187 0.00527 255 255 0
-48.6540 16.4620 33.1570 -0.89637 0.44253 0.02617 255 255 0
-50.8160 11.2470 22.5910 -0.95303 0.30287 -0.00073 255 255 0
-50.9440 10.8330 17.6660 -0.95917 0.28282 0.00063 255 255 0
-50.7830 11.3470 23.4850 -0.94963 0.31332 0.00533 255 255 0
-50.7700 11.3900 21.6820 -0.95247 0.30463 0.00246 255 255 0
-50.5110 12.1750 21.6580 -0.94517 0.32655 0.00331 255 255 0
-50.0090 13.5550 25.8640 -0.93457 0.35574 0.00521 255 255 0
-50.3870 12.5300 19.6910 -0.94199 0.33565 0.00064 255 255 0
-49.7740 14.1490 19.8770 -0.92477 0.38044 -0.00857 255 255 0
-49.9640 13.6730 19.8370 -0.93242 0.36138 -0.00068 255 255 0
-49.7710 14.1460 21.9220 -0.92368 0.38316 0.00148 255 255 0
-49.7080 14.3080 18.5770 -0.92101 0.38947 0.00755 255 255 0
-49.5180 14.7690 17.0120 -0.91954 0.39299 0.00108 255 255 0
-49.1100 15.6850 18.1030 -0.90824 0.41844 0.00173 255 255 0
-49.3150 15.2220 25.0040 -0.91515 0.40309 0.00350 255 255 0
-49.3080 15.2370 22.3350 -0.91495 0.40356 0.00140 255 255 0
-48.9110 16.0960 23.6010 -0.90184 0.43208 0.00147 255 255 0
-51.6470 -4.3520 -37.4020 -0.99176 -0.12167 -0.04018 255 255 0
-51.5820 -3.5950 -40.7340 -0.99416 -0.09698 -0.04738 255 255 0
-51.2150 -5.6900 -42.6350 -0.98675 -0.15618 -0.04398 255 255 0
-51.1310 -5.6190 -44.7620 -0.98624 -0.15597 -0.05478 255 255 0
-50.6130 -8.4920 -43.8660 -0.97197 -0.22945 -0.05134 255 255 0
-50.4650 -9.5080 -41.5180 -0.96314 -0.26496 -0.04634 255 255 0
-51.8360 2.3870 -37.1550 -0.99726 0.06177 -0.04060 255 255 0
-51.4360 -3.4870 -43.7750 -0.99366 -0.09988 -0.05152 255 255 0
-51.3300 -3.1330 -46.4890 -0.99020 -0.08380 -0.11171 255 255 0
-50.3130 -9.9860 -41.8210 -0.95912 -0.27880 -0.04856 255 255 0
-51.8970 -2.2700 -35.9070 -0.99736 -0.06224 -0.03749 255 255 0
-51.2130 -7.2120 -37.0210 -0.98074 -0.19135 -0.03913 255 255 0
-51.2200 -7.3930 -36.0010 -0.97870 -0.20066 -0.04343 255 255 0
-50.7490 -8.6200 -40.3430 -0.97126 -0.23382 -0.04446 255 255 0
-50.7860 -8.6280 -39.5090 -0.97002 -0.23885 -0.04482 255 255 0
-50.8160 -8.6250 -38.8260 -0.97093 -0.23596 -0.04013 255 255 0
-51.7060 -2.3890 -40.0190 -0.99708 -0.06139 -0.04538 255 255 0
-51.6060 -1.4820 -43.1120 -0.99770 -0.04703 -0.04887 255 255 0
-51.4900 -2.4010 -44.4580 -0.99653 -0.06733 -0.04889 255 255 0
-51.4180 -1.9530 -46.4260 -0.99120 -0.05090 -0.12223 255 255 0
-51.6270 -0.4660 -43.2400 -0.99582 -0.01962 -0.08922 255 255 0
-51.7290 -0.6380 -41.0810 -0.99885 -0.01639 -0.04503 255 255 0
-51.6370 -0.9830 -42.9990 -0.99692 -0.02986 -0.07258 255 255 0
-51.6180 0.1750 -43.4830 -0.99861 0.00501 -0.05239 255 255 0
-51.7030 1.0070 -41.4730 -0.99853 0.02731 -0.04685 255 255 0
-51.5070 0.8400 -45.4810 -0.99637 0.01492 -0.08379 255 255 0
-51.4850 2.0540 -45.0950 -0.99714 0.04981 -0.05681 255 255 0
-51.6010 2.6870 -41.8340 -0.99645 0.06986 -0.04706 255 255 0
-51.3650 2.4390 -46.8310 -0.98934 0.08797 -0.11603 255 255 0
-51.7290 -5.5280 -31.0950 -0.98817 -0.14878 -0.03718 255 255 0
-51.6070 -6.6360 -28.7880 -0.98077 -0.19177 -0.03639 255 255 0
-51.9040 -5.4050 -27.1530 -0.98954 -0.14222 -0.02417 255 255 0
-51.9500 -5.3590 -23.9140 -0.99001 -0.14042 -0.01261 255 255 0
-52.1640 -4.4610 -17.9450 -0.99226 -0.12252 -0.02022 255 255 0
-52.2720 -3.2470 -18.8710 -0.99628 -0.08463 -0.01629 255 255 0
-52.3530 -1.4670 -21.1630 -0.99887 -0.04193 -0.02225 255 255 0
-52.3770 1.0360 -20.7230 -0.99935 0.02762 -0.02333 255 255 0
-51.9620 -4.1570 -29.1450 -0.99476 -0.09654 -0.03378 255 255 0
-51.2180 -8.5530 -29.0420 -0.97232 -0.23239 -0.02425 255 255 0
-52.0930 -4.9520 -18.2530 -0.99011 -0.14024 -0.00484 255 255 0
-51.7940 -6.6960 -19.8250 -0.98084 -0.19316 -0.02536 255 255 0
-51.8350 -6.6070 -18.2160 -0.98680 -0.16197 0.00067 255 255 0
-51.1980 -8.6880 -28.1190 -0.97127 -0.23726 -0.01848 255 255 0
-51.6490 -7.7010 -17.5160 -0.97868 -0.20497 -0.01331 255 255 0
-51.1930 -9.2520 -22.1780 -0.97089 -0.23854 -0.02175 255 255 0
-52.2720 -3.0190 -19.8470 -0.99685 -0.07683 -0.01959 255 255 0
-52.2910 2.7010 -20.6650 -0.99685 0.07625 -0.02159 255 255 0
-52.2530 -1.5060 -26.0280 -0.99809 -0.04697 -0.04001 255 255 0
-52.1500 -2.3640 -27.9360 -0.99479 -0.04197 0.09287 255 255 0
-52.1370 -2.3620 -28.3890 -0.99790 -0.05836 -0.02802 255 255 0
-52.1080 -2.3600 -29.4500 -0.99551 -0.07671 -0.05546 255 255 0
-52.1430 -1.7630 -29.6840 -0.99867 -0.04913 -0.01561 255 255 0
-52.2390 0.8100 -28.0470 -0.99950 0.01908 -0.02529 255 255 0
-52.1640 0.4330 -30.5990 -0.99983 0.00824 -0.01677 255 255 0
-52.2560 1.6830 -25.5010 -0.99866 0.04784 -0.01978 255 255 0
-52.1400 1.4970 -29.9810 -0.99835 0.04637 -0.03392 255 255 0
-52.1550 0.6410 -30.1430 -0.99993 0.00740 -0.00907 255 255 0
-52.0800 1.4970 -31.9600 -0.99812 0.04998 -0.03539 255 255 0
-52.0010 3.0310 -31.5290 -0.99621 0.08056 -0.03292 255 255 0
-52.1870 -4.8380 -11.7030 -0.99133 -0.13137 -0.00058 255 255 0
-51.8220 -7.2330 -10.4650 -0.98239 -0.18679 -0.00454 255 255 0
-51.1990 -9.7350 -13.2830 -0.96572 -0.25940 -0.00991 255 255 0
-52.4840 -2.0560 -4.7400 -0.99902 -0.04430 0.00030 255 255 0
-52.3640 -3.0890 -13.3690 -0.99656 -0.08221 -0.01070 255 255 0
-52.2820 -4.4110 -4.3350 -0.99285 -0.11916 -0.00716 255 255 0
-52.0450 -6.1240 -2.4870 -0.98668 -0.16261 -0.00331 255 255 0
-51.9110 -6.8050 -6.9540 -0.98375 -0.17947 -0.00428 255 255 0
-51.9400 -6.6440 -6.0960 -0.98499 -0.17257 -0.00322 255 255 0
-51.4430 -9.0480 -4.5290 -0.97022 -0.24219 -0.00467 255 255 0
-51.5730 -8.4770 -4.1410 -0.97670 -0.21450 -0.00718 255 255 0
-51.7400 -7.7210 -3.5240 -0.97949 -0.20149 -0.00324 255 255 0
-51.2950 -9.5630 -7.7380 -0.96719 -0.25397 -0.00572 255 255 0
-51.4550 -9.0180 0.4840 -0.97072 -0.24022 -0.00134 255 255 0
-52.5140 -1.1920 -6.8230 -0.99967 -0.02529 -0.00359 255 255 0
-52.5250 0.0960 -8.7890 -0.99985 -0.00292 -0.01709 255 255 0
-52.4740 -2.2430 -7.6540 -0.99748 -0.07033 -0.00891 255 255 0
-52.4380 -0.4650 -18.7680 -0.99975 -0.01615 -0.01524 255 255 0
-52.4880 0.6480 -12.6410 -0.99982 0.01687 -0.00886 255 255 0
-52.4720 1.5130 -11.6590 -0.99910 0.03843 -0.01806 255 255 0
-52.4810 1.0800 -11.8680 -0.99968 0.02486 -0.00450 255 255 0
-52.4080 1.7880 -16.8050 -0.99896 0.04482 -0.00814 255 255 0
-52.4800 1.4250 -10.8040 -0.99914 0.04115 -0.00433 255 255 0
-52.3920 3.2980 -5.9970 -0.99679 0.07986 -0.00473 255 255 0
-52.3990 2.6800 -12.1200 -0.99753 0.06944 -0.01060 255 255 0
-52.4400 -2.8950 9.3760 -0.99685 -0.07924 0.00146 255 255 0
-51.8730 -7.1170 4.1110 -0.98174 -0.19022 -0.00020 255 255 0
-52.4440 -2.8230 12.2180 -0.99704 -0.07694 -0.00106 255 255 0
-52.5000 -1.8860 14.4730 -0.99859 -0.05312 0.00035 255 255 0
-52.5410 -0.8160 9.9280 -0.99960 -0.02807 0.00149 255 255 0
-52.5470 0.3960 11.7610 -0.99998 0.00551 0.00028 255 255 0
-52.3050 -4.3260 4.1310 -0.99438 -0.10589 0.00152 255 255 0
-52.4040 -3.2800 0.7750 -0.99611 -0.08805 -0.00189 255 255 0
-52.1930 -5.2290 5.0510 -0.98985 -0.14211 0.00189 255 255 0
-52.2650 -4.5830 14.8450 -0.99283 -0.11955 -0.00062 255 255 0
-52.1310 -5.5670 14.4900 -0.98972 -0.14304 -0.00125 255 255 0
-52.0240 -6.2520 10.8700 -0.98502 -0.17243 -0.00139 255 255 0
-52.1410 -5.5250 15.8350 -0.98865 -0.15023 0.00003 255 255 0
-52.0190 -6.2730 12.6160 -0.98565 -0.16879 0.00073 255 255 0
-51.8470 -7.2210 12.4190 -0.98159 -0.19098 0.00039 255 255 0
-51.8740 -7.0670 15.8880 -0.98261 -0.18570 0.00114 255 255 0
-51.6740 -8.0540 12.6290 -0.97679 -0.21418 0.00050 255 255 0
-51.3990 -9.2240 9.5140 -0.96962 -0.24463 0.00044 255 255 0
-51.3530 -9.3920 17.4120 -0.96777 -0.25184 0.00002 255 255 0
-52.4310 3.0180 5.7000 -0.99669 0.08131 -0.00221 255 255 0
-52.4020 -3.3060 13.7670 -0.99565 -0.09318 -0.00207 255 255 0
-52.4420 -2.8400 3.7930 -0.99629 -0.08609 -0.00226 255 255 0
-52.4260 -3.0310 1.9370 -0.99661 -0.08229 0.00010 255 255 0
-52.5230 -1.5890 5.8250 -0.99883 -0.04842 0.00150 255 255 0
-52.4780 -2.3550 3.2350 -0.99791 -0.06460 -0.00118 255 255 0
-52.5530 -0.4360 5.9980 -0.99973 -0.01479 0.01812 255 255 0
-52.5520 0.1530 3.4720 -1.00000 0.00082 0.00265 255 255 0
-52.5520 -0.2190 7.6530 -0.99998 -0.00425 -0.00520 255 255 0
-52.5470 -0.7270 1.7330 -0.99973 -0.02336 -0.00130 255 255 0
-52.5410 0.8710 7.1840 -0.99981 0.01934 -0.00076 255 255 0
-52.5010 1.9870 10.0710 -0.99851 0.05452 0.00097 255 255 0
-52.4600 2.6400 7.0740 -0.99553 0.09424 0.00670 255 255 0
-52.5210 1.5550 1.3040 -0.99905 0.04366 -0.00131 255 255 0
-52.4460 2.8110 5.7270 -0.99755 0.06996 -0.00233 255 255 0
-52.2420 -4.7700 27.3130 -0.99293 -0.11849 0.00739 255 255 0
-51.8220 -7.3230 23.0190 -0.98169 -0.19046 -0.00333 255 255 0
-51.6090 -8.3210 22.7290 -0.97473 -0.22339 0.00054 255 255 0
-51.1180 -10.2040 27.8870 -0.96451 -0.26387 0.00931 255 255 0
-52.4200 -2.5970 30.2390 -0.99722 -0.07411 0.00834 255 255 0
-52.4960 -1.0840 30.2380 -0.99949 -0.02964 0.01172 255 255 0
-52.5080 0.4300 30.2410 -0.99983 0.01386 0.01180 255 255 0
-52.1210 -5.6310 22.9960 -0.98763 -0.15679 -0.00103 255 255 0
-51.7420 -7.4690 33.0510 -0.98023 -0.19755 0.01092 255 255 0
-51.6580 -7.8080 34.1360 -0.97723 -0.21151 0.01676 255 255 0
-51.8070 -7.4430 24.2980 -0.97796 -0.20789 -0.01949 255 255 0
-51.8500 -7.3720 25.1580 -0.97989 -0.19948 -0.00453 255 255 0
-51.3480 -9.2650 29.8690 -0.96216 -0.27247 -0.00382 255 255 0
-51.3040 -9.5670 24.2130 -0.96715 -0.25419 0.00139 255 255 0
-51.2520 -9.4840 33.2520 -0.96652 -0.25645 0.00829 255 255 0
-52.3470 3.1730 32.7120 -0.99576 0.09070 0.01564 255 255 0
-52.4860 -2.1620 24.2340 -0.99795 -0.06377 0.00551 255 255 0
-52.4010 -3.2980 19.2220 -0.99603 -0.08903 0.00009 255 255 0
-52.5500 -0.5460 19.8150 -0.99991 -0.01363 0.00142 255 255 0
-52.5520 0.4640 23.4480 -0.99970 0.02426 0.00160 255 255 0
-52.5480 -0.4910 26.8650 -0.99988 -0.01454 0.00573 255 255 0
-52.5470 0.2670 17.9730 -0.99996 0.00858 0.00013 255 255 0
-52.5380 0.8030 19.8230 -0.99979 0.02059 0.00215 255 255 0
-52.5370 0.7260 19.6950 -0.99990 -0.01327 0.00400 255 255 0
-52.4850 2.1160 23.5550 -0.99848 0.04568 0.03082 255 255 0
-52.4950 1.9480 15.7910 -0.99862 0.05251 0.00080 255 255 0
-52.4340 2.8540 23.8960 -0.99725 0.07366 0.00843 255 255 0
-52.4290 2.9610 22.7530 -0.99672 0.08088 0.00144 255 255 0
-47.1020 -17.5390 -44.2940 -0.87381 -0.48302 -0.05616 255 255 0
-46.3130 -19.0430 -42.7430 -0.85090 -0.52135 -0.06454 255 255 0
-45.7390 -19.9520 -42.7990 -0.83600 -0.54637 -0.05076 255 255 0
-44.9290 -21.0310 -44.1700 -0.81710 -0.57436 -0.04952 255 255 0
-49.0370 -14.3700 -36.2780 -0.91872 -0.39264 -0.04220 255 255 0
-49.4930 -13.2330 -36.2980 -0.93220 -0.36024 -0.03498 255 255 0
-50.1440 -11.3930 -36.3300 -0.95077 -0.30669 -0.04449 255 255 0
-46.5250 -19.0710 -39.1040 -0.85179 -0.52203 -0.04413 255 255 0
-46.8370 -18.7910 -35.7030 -0.87045 -0.49190 -0.01899 255 255 0
-45.2640 -21.3420 -34.2630 -0.81719 -0.57497 -0.04009 255 255 0
-46.0760 -20.2560 -32.6990 -0.84403 -0.53503 -0.03671 255 255 0
-43.9040 -23.0350 -36.3210 -0.77764 -0.62747 -0.03952 255 255 0
-50.5800 -10.1830 -34.8590 -0.96106 -0.27330 -0.04082 255 255 0
-48.0140 -16.4840 -37.7170 -0.89438 -0.44533 -0.04201 255 255 0
-48.0630 -15.7360 -43.3980 -0.89943 -0.43430 -0.04903 255 255 0
-47.9300 -15.9040 -44.3350 -0.89501 -0.44305 -0.05158 255 255 0
-48.1150 -15.2680 -46.4380 -0.90055 -0.42726 -0.08042 255 255 0
-48.4140 -15.0110 -43.1190 -0.91169 -0.40829 -0.04611 255 255 0
-48.5180 -14.5910 -44.6360 -0.91532 -0.39959 -0.05019 255 255 0
-49.4060 -13.3130 -37.8350 -0.92926 -0.36686 -0.04345 255 255 0
-48.8880 -13.9410 -42.9190 -0.92282 -0.38242 -0.04644 255 255 0
-48.5910 -14.1810 -46.4990 -0.91496 -0.39189 -0.09628 255 255 0
-48.9400 -13.5840 -44.6150 -0.92754 -0.36998 -0.05286 255 255 0
-49.3640 -12.8250 -42.1780 -0.93503 -0.35121 -0.04867 255 255 0
-49.1680 -13.0340 -44.3970 -0.93551 -0.34828 -0.05942 255 255 0
-49.8950 -11.8170 -38.8970 -0.94810 -0.31487 -0.04433 255 255 0
-49.5110 -12.1640 -43.9710 -0.94138 -0.33232 -0.05803 255 255 0
-49.7270 -11.4280 -44.6190 -0.94559 -0.31943 -0.06187 255 255 0
-49.6330 -11.2750 -47.0440 -0.93399 -0.34705 -0.08499 255 255 0
-49.9810 -10.9100 -42.9720 -0.95428 -0.29458 -0.05071 255 255 0
-45.6950 -21.0200 -28.9910 -0.82645 -0.56239 -0.02651 255 255 0
-47.6130 -18.1910 -23.4930 -0.87634 -0.48138 -0.01762 255 255 0
-48.9950 -15.5490 -20.8460 -0.90740 -0.42000 -0.01502 255 255 0
-50.3050 -12.3070 -20.4980 -0.94574 -0.32469 -0.01227 255 255 0
-50.6490 -11.2360 -21.0380 -0.95449 -0.29781 -0.01598 255 255 0
-46.6780 -19.9980 -15.8730 -0.84596 -0.53306 -0.01422 255 255 0
-46.1510 -20.5310 -25.0610 -0.83410 -0.55109 -0.02388 255 255 0
-47.2940 -18.7090 -24.1140 -0.85744 -0.51415 -0.02127 255 255 0
-46.4740 -20.2240 -19.2720 -0.85133 -0.52463 -0.00162 255 255 0
-47.6560 -18.2620 -19.1750 -0.87286 -0.48769 -0.01638 255 255 0
-46.1180 -20.7660 -19.5980 -0.82762 -0.56105 0.01623 255 255 0
-45.9960 -20.9420 -18.8320 -0.82624 -0.56313 -0.01424 255 255 0
-45.0400 -22.2170 -21.3970 -0.80599 -0.59162 -0.01919 255 255 0
-45.1200 -22.1630 -19.5270 -0.80596 -0.59180 -0.01429 255 255 0
-51.0000 -10.0410 -21.2810 -0.96334 -0.26774 -0.01691 255 255 0
-49.9340 -13.4050 -18.3580 -0.92296 -0.38480 -0.00849 255 255 0
-49.2510 -14.8870 -23.1650 -0.91590 -0.40082 -0.02195 255 255 0
-47.6770 -17.8280 -28.6140 -0.87802 -0.47776 -0.02872 255 255 0
-49.1480 -14.8680 -27.4660 -0.91260 -0.40737 -0.03472 255 255 0
-48.7410 -15.5820 -29.9070 -0.91051 -0.41348 0.00384 255 255 0
-48.7250 -15.5740 -30.4980 -0.90777 -0.41834 -0.03079 255 255 0
-48.6920 -15.5580 -31.6770 -0.90687 -0.42009 -0.03339 255 255 0
-49.7060 -13.3530 -29.6400 -0.92959 -0.36747 -0.02875 255 255 0
-50.2420 -12.4340 -22.2200 -0.94126 -0.33718 -0.01852 255 255 0
-50.5070 -11.3440 -26.5650 -0.95353 -0.30020 -0.02549 255 255 0
-50.2320 -11.7930 -30.6370 -0.94860 -0.31488 -0.03178 255 255 0
-50.1040 -11.7610 -34.6100 -0.94686 -0.31950 -0.03707 255 255 0
-47.2130 -19.1760 -12.3450 -0.85908 -0.51178 -0.00739 255 255 0
-45.8460 -21.3420 -11.0770 -0.82099 -0.57092 -0.00549 255 255 0
-48.3320 -17.2170 -9.9910 -0.88780 -0.46018 -0.00702 255 255 0
-48.3020 -17.3170 -4.3610 -0.89158 -0.45237 0.02114 255 255 0
-49.3120 -15.2370 -4.3370 -0.91195 -0.41029 -0.00256 255 255 0
-50.4140 -12.4430 -6.1470 -0.94164 -0.33661 -0.00295 255 255 0
-50.9190 -10.9100 -4.1030 -0.95682 -0.29066 -0.00219 255 255 0
-48.3350 -17.1070 -14.2130 -0.89727 -0.44130 -0.01278 255 255 0
-47.7260 -18.3820 -3.9110 -0.87775 -0.47908 -0.00653 255 255 0
-47.3060 -19.1630 -2.9070 -0.86256 -0.50595 -0.00245 255 255 0
-47.2550 -19.1810 -7.1120 -0.85965 -0.51083 -0.00681 255 255 0
-46.3780 -20.6200 -0.6180 -0.83915 -0.54390 -0.00058 255 255 0
-45.6130 -21.7100 -5.3510 -0.81786 -0.57540 -0.00438 255 255 0
-49.9470 -13.7130 -3.4920 -0.93000 -0.36751 -0.00571 255 255 0
-49.0370 -15.7520 -10.1480 -0.90815 -0.41861 -0.00576 255 255 0
-49.2340 -15.3320 -9.1030 -0.91251 -0.40897 -0.00791 255 255 0
-49.5210 -14.5820 -15.6320 -0.92114 -0.38882 -0.01780 255 255 0
-50.3990 -12.3950 -13.4820 -0.93460 -0.35541 0.01453 255 255 0
-50.6100 -11.7680 -12.1500 -0.94958 -0.31341 -0.00867 255 255 0
-49.9720 -13.5910 -9.4490 -0.93042 -0.36643 -0.00694 255 255 0
-50.6280 -11.7610 -8.5750 -0.95356 -0.30118 -0.00466 255 255 0
-50.7770 -11.0040 -17.5920 -0.95621 -0.29234 -0.01423 255 255 0
-48.4270 -17.1030 4.6610 -0.88886 -0.45818 -0.00029 255 255 0
-47.6670 -18.5140 1.7340 -0.87032 -0.49248 -0.00219 255 255 0
-46.9380 -19.7410 3.6820 -0.84999 -0.52679 -0.00090 255 255 0
-45.4810 -21.9230 1.2350 -0.80892 -0.58792 -0.00106 255 255 0
-49.3540 -15.1450 14.1930 -0.91565 -0.40198 0.00057 255 255 0
-49.8530 -13.9670 9.5720 -0.92938 -0.36913 0.00081 255 255 0
-50.9430 -10.8720 6.3880 -0.95718 -0.28949 0.00109 255 255 0
-48.6180 -16.7190 2.0340 -0.89309 -0.44987 -0.00236 255 255 0
-46.0170 -21.1610 -0.1790 -0.82421 -0.56628 -0.00124 255 255 0
-48.0200 -17.8620 15.2910 -0.87940 -0.47608 0.00038 255 255 0
-47.5330 -18.7450 6.5490 -0.86703 -0.49825 -0.00045 255 255 0
-47.6920 -18.4510 22.9970 -0.86639 -0.49937 0.00111 255 255 0
-47.4750 -18.8340 13.6140 -0.86559 -0.50075 0.00060 255 255 0
-47.3760 -19.0000 15.5940 -0.86028 -0.50982 0.00097 255 255 0
-47.0510 -19.5500 10.6000 -0.85450 -0.51944 0.00104 255 255 0
-47.0850 -19.4890 14.5880 -0.85452 -0.51942 0.00029 255 255 0
-46.8060 -19.9460 10.3710 -0.84823 -0.52963 0.00097 255 255 0
-46.6640 -20.1670 16.1400 -0.84185 -0.53971 0.00068 255 255 0
-46.5660 -20.3260 11.7320 -0.83857 -0.54479 0.00067 255 255 0
-45.5290 -21.8610 8.2160 -0.81482 -0.57971 0.00178 255 255 0
-48.9010 -16.1400 7.1820 -0.90403 -0.42747 0.00020 255 255 0
-51.0580 -10.4660 14.6650 -0.96070 -0.27760 0.00058 255 255 0
-48.5900 -16.7610 21.1870 -0.89354 -0.44898 0.00093 255 255 0
-49.0260 -15.8710 1.6810 -0.90478 -0.42587 -0.00102 255 255 0
-49.2920 -15.2930 3.4720 -0.91240 -0.40930 -0.00000 255 255 0
-49.5500 -14.7050 5.8250 -0.91835 -0.39578 -0.00028 255 255 0
-49.9800 -13.6720 6.1650 -0.93181 -0.36294 0.00079 255 255 0
-50.2370 -12.9660 1.2360 -0.94181 -0.33612 -0.00383 255 255 0
-50.2010 -13.0850 2.6220 -0.93707 -0.34914 -0.00131 255 255 0
-50.4100 -12.4950 5.3490 -0.94459 -0.32822 0.00498 255 255 0
-50.3160 -12.7620 4.8110 -0.94213 -0.33524 0.00136 255 255 0
-50.5370 -12.1280 3.5460 -0.94630 -0.32327 -0.00382 255 255 0
-50.4650 -12.3300 1.6550 -0.94613 -0.32375 0.00486 255 255 0
-50.6060 -11.9190 0.6470 -0.94851 -0.31675 -0.00252 255 255 0
-50.7300 -11.5500 3.2970 -0.94978 -0.31282 -0.00813 255 255 0
-50.5650 -12.0660 6.1470 -0.94371 -0.32972 -0.02644 255 255 0
-50.7360 -11.5350 5.8300 -0.95079 -0.30983 -0.00002 255 255 0
-50.6620 -11.7520 1.2400 -0.95203 -0.30600 -0.00209 255 255 0
-50.8970 -11.0240 2.8410 -0.95532 -0.29557 -0.00231 255 255 0
-47.8800 -18.1130 26.7690 -0.87343 -0.48692 0.00490 255 255 0
-46.8050 -19.9400 22.9460 -0.84664 -0.53216 0.00342 255 255 0
-45.6760 -21.6340 26.8110 -0.81067 -0.58548 0.00384 255 255 0
-48.8880 -16.1280 28.3590 -0.90191 -0.43186 0.00814 255 255 0
-48.9760 -15.8830 30.4570 -0.90311 -0.42914 0.01493 255 255 0
-49.7420 -14.1530 30.1380 -0.92609 -0.37721 0.00786 255 255 0
-50.5370 -12.0070 30.5640 -0.94701 -0.32106 0.00945 255 255 0
-45.2540 -22.2170 23.3560 -0.79988 -0.60015 0.00348 255 255 0
-47.8490 -18.0590 32.3810 -0.87952 -0.47579 0.00812 255 255 0
-47.0970 -19.3690 32.5450 -0.86866 -0.49490 0.02225 255 255 0
-46.5510 -20.3140 28.5460 -0.83994 -0.54264 0.00702 255 255 0
-46.9760 -19.6500 31.1400 -0.85517 -0.51821 0.01201 255 255 0
-45.8540 -21.3690 26.5060 -0.83485 -0.55045 -0.00546 255 255 0
-46.4070 -20.4230 34.9410 -0.83866 -0.54427 0.02050 255 255 0
-46.3440 -20.6580 27.5950 -0.83938 -0.54353 -0.00445 255 255 0
-45.2190 -22.2140 29.5630 -0.80489 -0.59338 0.00737 255 255 0
-48.9840 -15.9470 20.7100 -0.90560 -0.42413 0.00053 255 255 0
-49.3980 -15.0350 22.3350 -0.91670 -0.39956 0.00168 255 255 0
-49.3390 -15.1730 17.9120 -0.91336 -0.40716 0.00097 255 255 0
-49.4810 -14.8480 18.0770 -0.91984 -0.39229 0.00136 255 255 0
-49.9190 -13.7860 18.1060 -0.93035 -0.36667 0.00049 255 255 0
-50.6860 -11.6440 28.1190 -0.94972 -0.31299 0.00880 255 255 0
-50.0320 -13.4960 26.0780 -0.93115 -0.36460 0.00468 255 255 0
-50.4140 -12.4680 20.7620 -0.94242 -0.33444 0.00058 255 255 0
-50.7690 -11.4120 20.7250 -0.95286 -0.30342 0.00102 255 255 0
-50.7350 -11.5070 21.0980 -0.94517 -0.32658 0.00140 255 255 0
-50.9470 -10.8380 15.4080 -0.95800 -0.28678 0.00144 255 255 0
-51.0530 -10.4750 20.7570 -0.95932 -0.28228 -0.00421 255 255 0
-38.5360 -27.9710 -44.6370 -0.64940 -0.75817 -0.05874 255 255 0
-36.7970 -29.4510 -42.7780 -0.59375 -0.80316 -0.04888 255 255 0
-35.2040 -30.4950 -43.9220 -0.55114 -0.83298 -0.04897 255 255 0
-39.8840 -27.0690 -40.1090 -0.67449 -0.73689 -0.04540 255 255 0
-39.1470 -28.0810 -33.6620 -0.65238 -0.75704 -0.03597 255 255 0
-42.0270 -25.1660 -36.5160 -0.73297 -0.67918 -0.03830 255 255 0
-44.3500 -22.1510 -40.2180 -0.80264 -0.59474 -0.04540 255 255 0
-39.0670 -27.6010 -43.2170 -0.66090 -0.74873 -0.05115 255 255 0
-38.1610 -28.5790 -39.7690 -0.62472 -0.77942 -0.04719 255 255 0
-36.9890 -30.0180 -29.2100 -0.58564 -0.80811 0.06304 255 255 0
-38.3120 -28.5630 -38.2200 -0.62930 -0.77587 -0.04471 255 255 0
-35.8810 -30.4030 -37.4150 -0.57059 -0.82011 -0.04309 255 255 0
-35.9620 -30.4460 -35.4160 -0.57047 -0.82036 -0.03976 255 255 0
-34.8040 -31.1310 -36.9860 -0.53975 -0.84084 -0.04073 255 255 0
-34.8490 -31.2060 -34.7880 -0.53714 -0.84279 -0.03451 255 255 0
-40.7340 -26.4400 -37.2810 -0.69320 -0.71951 -0.04219 255 255 0
-39.9830 -26.7270 -43.8180 -0.68195 -0.72964 -0.05070 255 255 0
-41.4000 -25.3880 -43.1310 -0.71541 -0.69714 -0.04679 255 255 0
-41.1070 -25.7460 -42.2410 -0.69500 -0.71653 -0.05964 255 255 0
-43.3880 -23.5740 -37.2790 -0.75905 -0.64947 -0.04506 255 255 0
-42.1470 -24.6210 -42.6750 -0.73982 -0.67127 -0.04532 255 255 0
-42.1250 -24.5000 -44.6780 -0.73606 -0.67464 -0.05548 255 255 0
-43.2080 -23.3530 -43.2430 -0.77155 -0.63386 -0.05413 255 255 0
-42.6960 -23.7740 -45.6150 -0.76843 -0.63408 -0.08634 255 255 0
-43.0750 -23.5320 -43.0160 -0.76331 -0.64413 -0.04963 255 255 0
-43.8320 -22.6400 -42.5040 -0.78706 -0.61477 -0.05082 255 255 0
-39.4200 -28.1880 -24.7470 -0.65174 -0.75809 -0.02308 255 255 0
-37.9290 -29.2750 -28.9320 -0.62414 -0.78093 -0.02437 255 255 0
-36.5710 -30.2840 -29.0650 -0.57226 -0.81886 0.04455 255 255 0
-35.5090 -31.0090 -29.0710 -0.54635 -0.83700 -0.03057 255 255 0
-40.4150 -27.4490 -18.7820 -0.67910 -0.73392 -0.01393 255 255 0
-42.0520 -25.7960 -20.8550 -0.72250 -0.69113 -0.01805 255 255 0
-43.5820 -24.0960 -20.4510 -0.76254 -0.64665 -0.01937 255 255 0
-44.8020 -22.4820 -23.1820 -0.79815 -0.60209 -0.02104 255 255 0
-39.8620 -27.6900 -28.4210 -0.67058 -0.74148 -0.02289 255 255 0
-38.3130 -29.3250 -15.3090 -0.62474 -0.78072 -0.01290 255 255 0
-36.7640 -30.2510 -26.4270 -0.58220 -0.81274 -0.02221 255 255 0
-38.3670 -29.1800 -20.3360 -0.62390 -0.78132 -0.01659 255 255 0
-37.1790 -30.1900 -15.1500 -0.59464 -0.80397 0.00550 255 255 0
-36.3130 -30.6960 -20.4950 -0.57254 -0.81969 -0.01757 255 255 0
-35.8020 -31.1690 -13.5720 -0.55015 -0.83499 -0.01162 255 255 0
-44.2110 -23.3950 -18.0580 -0.77946 -0.62632 -0.01283 255 255 0
-40.9090 -26.7750 -26.1080 -0.69330 -0.72018 -0.02616 255 255 0
-41.4040 -26.1390 -30.4150 -0.71321 -0.70018 -0.03275 255 255 0
-40.7910 -26.6540 -32.0430 -0.68708 -0.72580 -0.03380 255 255 0
-42.0490 -25.4870 -29.6800 -0.73440 -0.67771 -0.03697 255 255 0
-42.6100 -24.9970 -27.1920 -0.73968 -0.67246 -0.02596 255 255 0
-43.7280 -23.7580 -25.7890 -0.77285 -0.63413 -0.02408 255 255 0
-43.4340 -23.8890 -30.8290 -0.75934 -0.64989 -0.03214 255 255 0
-44.5820 -22.5750 -28.0880 -0.80159 -0.59769 -0.01466 255 255 0
-44.3260 -22.8080 -30.3100 -0.78926 -0.61342 -0.02799 255 255 0
-39.0250 -28.7810 -11.9460 -0.65005 -0.75986 -0.00711 255 255 0
-36.3970 -30.7720 -12.4050 -0.57577 -0.81755 -0.01034 255 255 0
-39.2610 -28.6310 -7.3490 -0.65807 -0.75294 -0.00553 255 255 0
-41.7340 -26.3340 -6.2980 -0.70983 -0.70435 -0.00574 255 255 0
-40.3590 -27.5850 -13.1200 -0.67935 -0.73375 -0.00922 255 255 0
-37.7690 -29.8700 -5.7960 -0.67036 -0.73481 0.10329 255 255 0
-37.7450 -29.8370 -5.6210 -0.69398 -0.70853 0.12796 255 255 0
-37.1210 -30.3090 -4.3840 -0.58928 -0.80786 -0.01103 255 255 0
-36.2100 -30.9580 -3.8300 -0.56782 -0.82314 0.00400 255 255 0
-35.2960 -31.5360 -8.9490 -0.53702 -0.84355 -0.00525 255 255 0
-35.7780 -31.2480 -2.6910 -0.55574 -0.83135 -0.00205 255 255 0
-44.7680 -22.8690 -2.8110 -0.78995 -0.61315 -0.00433 255 255 0
-40.9870 -27.0250 -10.5870 -0.68465 -0.72886 -0.00459 255 255 0
-42.0650 -25.9530 -11.1200 -0.72199 -0.69184 -0.00906 255 255 0
-42.6380 -25.2660 -16.4270 -0.73508 -0.67786 -0.01254 255 255 0
-43.7360 -24.1350 -7.2800 -0.77283 -0.63461 -0.00282 255 255 0
-43.9280 -23.8700 -10.2520 -0.77579 -0.63097 -0.00561 255 255 0
-44.5530 -23.0610 -12.1990 -0.79226 -0.61015 -0.00709 255 255 0
-39.5790 -28.3740 4.5830 -0.65319 -0.75719 0.00028 255 255 0
-37.0890 -30.3520 1.5950 -0.58817 -0.80873 -0.00074 255 255 0
-35.4930 -31.4450 3.3890 -0.54577 -0.83794 -0.00160 255 255 0
-40.8180 -27.2410 19.2360 -0.68665 -0.72699 0.00044 255 255 0
-41.9880 -26.0890 15.0610 -0.71675 -0.69733 0.00058 255 255 0
-42.7830 -25.2410 12.7120 -0.73866 -0.67408 0.00057 255 255 0
-43.9620 -23.8880 11.0470 -0.77093 -0.63692 0.00018 255 255 0
-45.1070 -22.4330 7.4930 -0.79712 -0.60382 0.00142 255 255 0
-40.1340 -27.8810 3.1960 -0.67249 -0.74011 -0.00087 255 255 0
-40.0020 -27.9910 16.1320 -0.66589 -0.74605 -0.00022 255 255 0
-38.6220 -29.1730 7.8740 -0.62884 -0.77754 0.00054 255 255 0
-38.6710 -29.1280 10.2490 -0.62687 -0.77912 0.00036 255 255 0
-38.6100 -29.1750 12.8520 -0.63036 -0.77630 -0.00027 255 255 0
-39.1400 -28.7380 13.0170 -0.64852 -0.76119 -0.00135 255 255 0
-39.0030 -28.8500 14.1600 -0.63317 -0.77402 -0.00014 255 255 0
-39.0710 -28.7950 15.3650 -0.64152 -0.76711 0.00023 255 255 0
-38.6700 -29.1260 11.3920 -0.62912 -0.77730 0.00310 255 255 0
-38.2940 -29.4290 11.2090 -0.61990 -0.78468 0.00071 255 255 0
-38.6680 -29.1250 14.2470 -0.62992 -0.77666 0.00151 255 255 0
-38.5190 -29.2450 16.2290 -0.62729 -0.77879 0.00054 255 255 0
-38.1510 -29.5380 14.8840 -0.62047 -0.78423 0.00065 255 255 0
-37.6400 -29.9370 8.7920 -0.60394 -0.79703 0.00061 255 255 0
-37.7880 -29.8200 20.2280 -0.60326 -0.79755 -0.00083 255 255 0
-37.0840 -30.3430 13.5480 -0.58585 -0.81042 0.00144 255 255 0
-36.9490 -30.4430 10.2150 -0.58533 -0.81079 0.00062 255 255 0
-36.2410 -30.9410 9.4650 -0.56337 -0.82620 -0.00084 255 255 0
-36.2410 -30.9390 12.6410 -0.56353 -0.82609 -0.00062 255 255 0
-35.7010 -31.3030 16.3730 -0.54903 -0.83581 0.00049 255 255 0
-35.6910 -31.3080 13.7800 -0.54952 -0.83548 0.00073 255 255 0
-35.5990 -31.3690 15.3340 -0.54512 -0.83836 -0.00115 255 255 0
-35.7020 -31.3040 10.3320 -0.55141 -0.83423 0.00052 255 255 0
-44.5400 -23.1670 11.2990 -0.78837 -0.61520 -0.00071 255 255 0
-40.5030 -27.5460 4.6230 -0.68041 -0.73283 -0.00167 255 255 0
-41.4180 -26.6770 5.0990 -0.69955 -0.71458 0.00212 255 255 0
-41.7210 -26.3690 6.7130 -0.70846 -0.70575 0.00202 255 255 0
-41.7200 -26.3690 4.5350 -0.72041 -0.69341 -0.01396 255 255 0
-41.1200 -26.9590 3.1830 -0.69592 -0.71811 -0.00084 255 255 0
-42.3420 -25.7320 5.3000 -0.72877 -0.68476 -0.00009 255 255 0
-41.1190 -26.9520 -3.3930 -0.69206 -0.72184 -0.00296 255 255 0
-42.3220 -25.7450 2.3890 -0.72320 -0.69063 -0.00211 255 255 0
-42.3200 -25.7430 1.4620 -0.72462 -0.68914 -0.00315 255 255 0
-42.6160 -25.4270 7.9670 -0.73526 -0.67778 0.00042 255 255 0
-43.4880 -24.4530 8.2030 -0.75877 -0.65136 -0.00057 255 255 0
-42.7700 -25.2600 1.9580 -0.74024 -0.67234 -0.00172 255 255 0
-43.3370 -24.6240 2.4700 -0.75491 -0.65583 -0.00021 255 255 0
-43.5740 -24.3400 -5.0910 -0.76139 -0.64827 -0.00583 255 255 0
-43.2290 -24.7520 4.4170 -0.75159 -0.65963 -0.00115 255 255 0
-44.0850 -23.7390 3.8170 -0.77350 -0.63380 0.00006 255 255 0
-39.5400 -28.3960 22.7260 -0.65135 -0.75877 0.00166 255 255 0
-37.8040 -29.8110 22.7570 -0.60766 -0.79419 0.00134 255 255 0
-36.0530 -31.0650 22.8990 -0.56252 -0.82678 0.00002 255 255 0
-40.1270 -27.8330 29.4060 -0.67082 -0.74144 0.01649 255 255 0
-41.5430 -26.5060 29.7310 -0.70536 -0.70881 0.00819 255 255 0
-41.9940 -26.0300 30.2400 -0.73042 -0.68300 0.00009 255 255 0
-43.4700 -24.4190 30.1020 -0.75590 -0.65463 0.00891 255 255 0
-34.8470 -31.8460 21.7770 -0.52836 -0.84902 0.00143 255 255 0
-38.8250 -28.9580 30.9650 -0.64171 -0.76689 0.00919 255 255 0
-37.4560 -30.0450 31.8840 -0.59744 -0.80182 0.01211 255 255 0
-36.2310 -30.8550 33.7030 -0.56562 -0.82451 0.01609 255 255 0
-36.7020 -30.5810 30.5670 -0.57809 -0.81591 0.01036 255 255 0
-36.2760 -30.9180 28.5850 -0.56566 -0.82460 0.00831 255 255 0
-44.5730 -23.0390 31.3140 -0.78727 -0.61650 0.01180 255 255 0
-40.6530 -27.3910 25.0710 -0.68357 -0.72987 0.00437 255 255 0
-41.5590 -26.5180 21.7300 -0.70912 -0.70509 0.00186 255 255 0
-42.3150 -25.7370 24.0650 -0.72609 -0.68759 0.00467 255 255 0
-41.3300 -26.7480 23.1660 -0.69484 -0.71916 -0.00211 255 255 0
-43.7330 -24.1510 26.8930 -0.76506 -0.64393 0.00578 255 255 0
-42.6640 -25.3700 21.1970 -0.73520 -0.67785 0.00110 255 255 0
-43.5150 -24.4090 20.7960 -0.75934 -0.65070 0.00020 255 255 0
-44.3710 -23.3730 21.4380 -0.77963 -0.62624 0.00041 255 255 0
-44.5760 -23.1150 19.2130 -0.78894 -0.61447 0.00088 255 255 0
-44.7400 -22.9030 21.5720 -0.79211 -0.61038 0.00130 255 255 0
-26.0790 -34.9120 -42.6280 -0.31665 -0.94744 -0.04579 255 255 0
-25.9030 -34.9050 -43.9830 -0.29263 -0.95472 -0.05359 255 255 0
-23.6150 -35.5080 -44.5590 -0.23921 -0.96940 -0.05516 255 255 0
-21.8350 -36.0650 -40.9480 -0.18225 -0.98222 -0.04497 255 255 0
-26.2440 -35.4380 -30.1110 -0.29711 -0.95469 -0.01742 255 255 0
-28.3640 -34.3820 -37.4480 -0.36439 -0.93020 -0.04404 255 255 0
-31.0910 -33.2730 -35.4810 -0.42881 -0.90256 -0.03885 255 255 0
-34.3910 -31.3590 -37.7190 -0.52168 -0.85201 -0.04386 255 255 0
-27.9080 -34.3220 -41.9130 -0.34745 -0.93643 -0.04878 255 255 0
-25.5840 -35.3240 -37.2800 -0.29134 -0.95512 -0.05349 255 255 0
-26.1990 -35.1680 -36.6570 -0.30982 -0.94932 -0.05294 255 255 0
-23.3370 -35.8270 -39.3450 -0.22823 -0.97256 -0.04521 255 255 0
-24.8420 -35.5880 -36.4640 -0.25989 -0.96470 -0.04252 255 255 0
-22.8410 -36.0780 -36.0770 -0.21260 -0.97645 -0.03679 255 255 0
-33.8990 -31.7540 -35.6130 -0.51034 -0.85891 -0.04272 255 255 0
-29.5310 -33.6210 -42.8180 -0.39484 -0.91731 -0.05140 255 255 0
-29.3910 -33.4820 -46.4120 -0.39113 -0.91199 -0.12367 255 255 0
-31.9330 -32.7700 -37.5990 -0.45431 -0.88979 -0.04339 255 255 0
-30.0830 -33.1780 -46.4180 -0.42339 -0.89871 -0.11428 255 255 0
-30.6280 -33.2180 -41.0120 -0.40636 -0.91295 -0.03748 255 255 0
-31.5760 -32.6350 -43.3280 -0.44879 -0.89221 -0.05038 255 255 0
-32.6070 -32.2110 -41.2190 -0.48027 -0.87572 -0.04953 255 255 0
-31.6560 -32.5800 -43.5530 -0.45726 -0.88754 -0.05640 255 255 0
-32.5790 -32.0410 -44.4390 -0.48152 -0.87491 -0.05167 255 255 0
-33.4420 -31.7210 -41.5980 -0.50413 -0.86228 -0.04820 255 255 0
-32.4020 -31.9830 -46.9920 -0.46528 -0.87767 -0.11494 255 255 0
-33.8090 -31.4320 -42.8730 -0.51828 -0.85394 -0.04654 255 255 0
-26.1090 -35.5890 -26.0450 -0.29147 -0.95630 -0.02322 255 255 0
-24.5940 -35.9040 -29.0690 -0.25222 -0.96714 -0.03192 255 255 0
-23.7630 -36.1150 -29.0670 -0.22211 -0.97247 -0.07048 255 255 0
-22.9450 -36.3060 -28.9530 -0.21749 -0.97552 -0.03261 255 255 0
-26.8210 -35.5020 -17.6550 -0.31624 -0.94850 -0.01835 255 255 0
-28.9480 -34.6710 -20.7380 -0.36349 -0.93147 -0.01526 255 255 0
-30.6040 -33.9570 -20.3200 -0.40581 -0.91390 -0.01029 255 255 0
-31.0400 -33.7400 -22.3950 -0.43112 -0.90208 -0.01960 255 255 0
-33.7720 -32.3210 -20.0480 -0.49760 -0.86726 -0.01595 255 255 0
-29.0860 -34.4540 -27.1590 -0.37788 -0.92546 -0.02694 255 255 0
-27.1470 -35.1240 -29.3620 -0.34097 -0.93975 -0.02452 255 255 0
-26.7200 -35.5050 -18.2430 -0.30908 -0.94989 -0.04664 255 255 0
-26.8240 -35.5290 -14.3310 -0.31657 -0.94850 -0.01169 255 255 0
-24.3650 -36.1770 -20.3500 -0.25745 -0.96616 -0.01630 255 255 0
-26.2180 -35.6250 -21.4040 -0.30898 -0.95096 0.01416 255 255 0
-24.4960 -36.2140 -15.0940 -0.25322 -0.96732 -0.01293 255 255 0
-23.1790 -36.4470 -20.9170 -0.21492 -0.97635 -0.02350 255 255 0
-22.3080 -36.6830 -16.9830 -0.20096 -0.97951 -0.01306 255 255 0
-34.4970 -31.8240 -22.8410 -0.53148 -0.84678 -0.02207 255 255 0
-30.1970 -33.9040 -29.8710 -0.40395 -0.91423 -0.03168 255 255 0
-30.2370 -33.8660 -30.4730 -0.41130 -0.91105 -0.02881 255 255 0
-29.4220 -34.1420 -32.3830 -0.38694 -0.92150 -0.03336 255 255 0
-29.4330 -34.1710 -31.4500 -0.37803 -0.92526 -0.03135 255 255 0
-31.7040 -33.2420 -28.2560 -0.44895 -0.89310 -0.02875 255 255 0
-33.6170 -32.3200 -24.6600 -0.50189 -0.86461 -0.02357 255 255 0
-32.8890 -32.5170 -31.1700 -0.47361 -0.88030 -0.02782 255 255 0
-33.4590 -32.1170 -33.5480 -0.49863 -0.86613 -0.03452 255 255 0
-34.2350 -31.7660 -30.5090 -0.51995 -0.85360 -0.03178 255 255 0
-25.5010 -35.9620 -12.6980 -0.28482 -0.95853 -0.00998 255 255 0
-31.3850 -33.7680 -3.4250 -0.43341 -0.90119 -0.00341 255 255 0
-33.6220 -32.5680 -4.8320 -0.49275 -0.87016 -0.00442 255 255 0
-28.8920 -34.7890 -13.1050 -0.36913 -0.92929 -0.01295 255 255 0
-22.1570 -36.7510 -13.7360 -0.17939 -0.98373 -0.00931 255 255 0
-23.3810 -36.5150 -12.3530 -0.21491 -0.97657 -0.01122 255 255 0
-28.4930 -35.0060 -4.4200 -0.35767 -0.93384 -0.00465 255 255 0
-27.1620 -35.4760 -6.1640 -0.34016 -0.94036 -0.00263 255 255 0
-27.5920 -35.3070 -10.0050 -0.32712 -0.94495 -0.00783 255 255 0
-24.5680 -36.2450 -12.3920 -0.23901 -0.96440 -0.11318 255 255 0
-26.2170 -35.7870 -5.5410 -0.29762 -0.95467 -0.00433 255 255 0
-25.3560 -36.0590 -1.4400 -0.27532 -0.96135 -0.00207 255 255 0
-25.3100 -36.0680 -2.6160 -0.26992 -0.96288 -0.00311 255 255 0
-24.8550 -36.2020 2.5630 -0.25811 -0.96611 -0.00016 255 255 0
-23.9430 -36.4260 -3.5360 -0.23704 -0.97150 -0.00255 255 255 0
-22.4560 -36.7580 -4.6820 -0.19832 -0.98013 -0.00413 255 255 0
-22.3820 -36.7760 -2.0800 -0.19148 -0.98150 -0.00136 255 255 0
-34.2060 -32.2340 -3.0290 -0.51427 -0.85763 -0.00192 255 255 0
-28.6070 -34.9420 -8.6390 -0.36832 -0.92969 -0.00332 255 255 0
-29.8990 -34.3850 -11.6450 -0.39906 -0.91691 -0.00595 255 255 0
-31.8400 -33.4730 -15.7070 -0.45035 -0.89264 -0.01951 255 255 0
-31.1400 -33.8440 -8.4050 -0.42278 -0.90620 -0.00777 255 255 0
-31.0780 -33.8560 -11.3920 -0.41861 -0.90767 0.03021 255 255 0
-32.8350 -32.9860 -10.0860 -0.47312 -0.88098 -0.00639 255 255 0
-31.9210 -33.3970 -16.0100 -0.32633 -0.93540 -0.13615 255 255 0
-33.3460 -32.6570 -14.3300 -0.50897 -0.85980 -0.04122 255 255 0
-34.0320 -32.2900 -10.9190 -0.51123 -0.85943 -0.00543 255 255 0
-34.5110 -31.9440 -16.0090 -0.51030 -0.85999 -0.00344 255 255 0
-27.8940 -35.2390 6.8750 -0.34266 -0.93946 0.00148 255 255 0
-26.7730 -35.6250 1.6480 -0.31509 -0.94906 -0.00171 255 255 0
-25.5750 -36.0000 2.6190 -0.28398 -0.95883 -0.00029 255 255 0
-23.6770 -36.5010 2.8690 -0.23504 -0.97199 -0.00100 255 255 0
-22.0270 -36.8530 4.9600 -0.18767 -0.98223 0.00044 255 255 0
-28.9600 -34.8250 13.9120 -0.36742 -0.93006 -0.00001 255 255 0
-29.8600 -34.4500 14.6640 -0.39448 -0.91890 -0.00004 255 255 0
-31.0400 -33.9270 11.1680 -0.42908 -0.90327 0.00148 255 255 0
-32.5460 -33.1690 14.7220 -0.45805 -0.88893 0.00082 255 255 0
-32.9850 -32.9420 7.1250 -0.47583 -0.87953 -0.00084 255 255 0
-34.2260 -32.2300 9.9960 -0.50904 -0.86074 0.00044 255 255 0
-22.1380 -36.8290 1.8460 -0.18972 -0.98184 -0.00116 255 255 0
-28.2750 -35.0920 11.3870 -0.35164 -0.93613 0.00198 255 255 0
-27.2260 -35.4740 7.1420 -0.33035 -0.94369 0.01786 255 255 0
-27.1270 -35.5050 11.8880 -0.32398 -0.94606 0.00179 255 255 0
-26.5990 -35.6740 22.7690 -0.30622 -0.95196 0.00157 255 255 0
-26.1910 -35.8110 8.1740 -0.30021 -0.95387 0.00088 255 255 0
-25.8730 -35.9030 16.5650 -0.28587 -0.95827 0.00188 255 255 0
-25.1210 -36.1250 11.2480 -0.26336 -0.96470 -0.00044 255 255 0
-24.7250 -36.2270 22.8540 -0.25786 -0.96618 0.00209 255 255 0
-24.1100 -36.3880 17.8110 -0.24349 -0.96990 0.00018 255 255 0
-23.1970 -36.6130 3.6910 -0.21453 -0.97672 -0.00008 255 255 0
-23.2310 -36.6010 9.9240 -0.21951 -0.97561 0.00100 255 255 0
-22.6810 -36.7190 9.6470 -0.20301 -0.97918 0.00087 255 255 0
-34.3820 -32.1340 15.1370 -0.51270 -0.85857 -0.00004 255 255 0
-28.8300 -34.8840 4.4270 -0.36870 -0.92955 0.00004 255 255 0
-30.1410 -34.3380 5.8370 -0.40030 -0.91638 0.00067 255 255 0
-30.3540 -34.2400 10.0020 -0.40285 -0.91527 0.00012 255 255 0
-29.9670 -34.4130 2.1740 -0.39904 -0.91693 -0.00141 255 255 0
-31.1540 -33.8720 5.0920 -0.43148 -0.90212 0.00070 255 255 0
-32.2990 -33.3040 8.2180 -0.45579 -0.89009 -0.00060 255 255 0
-31.9220 -33.4940 4.5290 -0.45360 -0.89121 0.00059 255 255 0
-31.4710 -33.7170 -0.2910 -0.44332 -0.89636 0.00123 255 255 0
-33.5390 -32.6360 0.3390 -0.49241 -0.87037 -0.00104 255 255 0
-33.8160 -32.4710 8.0340 -0.49877 -0.86673 0.00195 255 255 0
-34.4420 -32.1040 4.7100 -0.51394 -0.85782 0.00032 255 255 0
-34.5980 -32.0080 6.6620 -0.52783 -0.84934 0.00240 255 255 0
-25.5000 -36.0100 22.9860 -0.28033 -0.95989 0.00581 255 255 0
-23.4060 -36.5560 23.0480 -0.22011 -0.97547 -0.00161 255 255 0
-27.4780 -35.3750 27.6790 -0.33155 -0.94343 0.00238 255 255 0
-26.6790 -35.6500 29.9000 -0.31059 -0.95051 0.00783 255 255 0
-31.5390 -33.6420 30.1170 -0.43951 -0.89819 0.00898 255 255 0
-25.2060 -36.1010 13.8590 -0.27094 -0.96260 0.00009 255 255 0
-26.3400 -35.7410 28.8490 -0.27781 -0.96062 -0.00524 255 255 0
-26.3250 -35.6860 33.2130 -0.28366 -0.95872 0.02001 255 255 0
-24.2600 -36.3490 27.7650 -0.25492 -0.96664 0.02497 255 255 0
-24.7350 -36.1990 30.0860 -0.21402 -0.91231 -0.34911 255 255 0
-23.7740 -36.4780 24.3520 -0.23836 -0.97118 0.00218 255 255 0
-22.5030 -36.6770 33.4430 -0.20208 -0.97924 0.01592 255 255 0
-23.1620 -36.5810 30.1700 -0.23011 -0.97313 0.00784 255 255 0
-29.5420 -34.5740 25.8430 -0.38692 -0.92210 0.00441 255 255 0
-29.5120 -34.5920 24.4660 -0.38173 -0.92427 0.00076 255 255 0
-29.9490 -34.4130 20.2190 -0.39861 -0.91712 0.00229 255 255 0
-29.2150 -34.7190 17.8860 -0.38405 -0.92331 0.00003 255 255 0
-28.8870 -34.8550 19.9780 -0.36797 -0.92983 0.00227 255 255 0
-31.1780 -33.8500 23.6460 -0.43152 -0.90210 0.00358 255 255 0
-31.1860 -33.8470 20.2520 -0.42770 -0.90392 0.00064 255 255 0
-33.1980 -32.7940 29.1500 -0.48678 -0.87349 0.00740 255 255 0
-31.9410 -33.4780 20.2040 -0.45093 -0.89256 0.00119 255 255 0
-32.5740 -33.1520 17.6770 -0.46174 -0.88701 0.00002 255 255 0
-33.1970 -32.8160 24.3800 -0.48059 -0.87694 0.00239 255 255 0
-34.1810 -32.2400 26.9970 -0.51515 -0.85707 0.00718 255 255 0
-33.8590 -32.4380 21.8820 -0.50660 -0.86218 0.00255 255 255 0
-33.9430 -32.3920 18.4020 -0.50546 -0.86285 0.00051 255 255 0
-34.7770 -31.8920 16.6330 -0.52767 -0.84945 0.00129 255 255 0
-13.7300 -36.5630 -43.3420 0.03579 -0.99809 -0.05030 255 255 0
-11.5180 -36.4660 -42.1940 0.09240 -0.99453 -0.04861 255 255 0
-10.1920 -36.2870 -42.7350 0.13568 -0.98968 -0.04604 255 255 0
-13.4410 -36.8500 -36.9610 0.05496 -0.99782 -0.03647 255 255 0
-14.7430 -36.8820 -37.1020 -0.00106 -0.99920 -0.03986 255 255 0
-18.2500 -36.7880 -35.9420 -0.08464 -0.99564 -0.03918 255 255 0
-20.2520 -36.5320 -36.3010 -0.13671 -0.98987 -0.03823 255 255 0
-14.9080 -36.5140 -44.6060 0.01182 -0.99847 -0.05401 255 255 0
-9.4510 -36.0750 -44.8380 0.15508 -0.98642 -0.05402 255 255 0
-8.7530 -35.9850 -44.2840 0.17286 -0.98366 -0.05041 255 255 0
-11.8680 -36.6260 -39.4480 0.09027 -0.99507 -0.04115 255 255 0
-12.2020 -36.8700 -34.3370 0.07793 -0.99623 -0.03810 255 255 0
-9.7350 -36.6330 -33.4710 0.13942 -0.98956 -0.03661 255 255 0
-9.6880 -36.4440 -37.9320 0.14055 -0.98909 -0.04406 255 255 0
-21.3710 -36.3530 -36.4110 -0.17294 -0.98405 -0.04163 255 255 0
-16.1090 -36.7020 -40.4530 -0.02393 -0.99817 -0.05551 255 255 0
-16.9580 -36.6790 -40.3850 -0.05255 -0.99758 -0.04554 255 255 0
-16.0080 -36.5150 -44.3850 -0.02338 -0.99864 -0.04669 255 255 0
-15.7970 -36.4110 -46.4850 -0.01826 -0.99303 -0.11642 255 255 0
-17.3570 -36.4950 -43.5350 -0.05920 -0.99692 -0.05146 255 255 0
-17.8010 -36.5540 -41.6850 -0.08551 -0.99485 -0.05438 255 255 0
-16.5410 -36.5640 -43.1240 -0.03452 -0.99828 -0.04739 255 255 0
-17.9950 -36.4870 -42.8860 -0.07403 -0.99696 -0.02443 255 255 0
-18.8420 -36.3460 -44.0600 -0.10507 -0.99326 -0.04897 255 255 0
-18.8850 -36.1800 -47.0470 -0.37553 -0.90461 -0.20162 255 255 0
-19.4300 -36.2090 -45.4450 -0.12095 -0.99078 -0.06096 255 255 0
-19.4500 -36.3990 -41.6970 -0.11810 -0.99148 -0.05493 255 255 0
-20.3970 -36.2610 -41.9150 -0.14056 -0.98924 -0.04061 255 255 0
-20.9840 -36.1520 -42.2770 -0.16482 -0.98518 -0.04738 255 255 0
-20.8820 -36.2020 -41.4990 -0.15912 -0.98673 -0.03235 255 255 0
-20.8270 -36.0990 -43.7660 -0.15045 -0.98736 -0.04987 255 255 0
-13.7010 -37.1520 -28.4170 0.03365 -0.99897 -0.03029 255 255 0
-11.8170 -37.0170 -28.7930 0.05913 -0.99036 -0.12526 255 255 0
-10.2140 -36.8330 -29.3960 0.12275 -0.99197 -0.03029 255 255 0
-8.6460 -36.5950 -29.0700 0.17296 -0.98450 -0.02909 255 255 0
-15.7140 -37.3000 -22.6470 -0.01779 -0.99961 -0.02173 255 255 0
-18.6040 -37.1690 -20.7320 -0.09386 -0.99545 -0.01634 255 255 0
-19.9340 -37.0460 -19.3950 -0.12426 -0.99216 -0.01360 255 255 0
-20.3160 -36.9660 -20.7340 -0.14334 -0.98946 -0.02048 255 255 0
-20.9060 -36.8790 -20.6120 -0.16053 -0.98684 -0.01914 255 255 0
-12.7040 -37.2250 -23.3030 0.06012 -0.99794 -0.02227 255 255 0
-12.5280 -37.3530 -14.8720 0.07655 -0.99695 -0.01491 255 255 0
-10.7940 -37.0930 -21.2650 0.13244 -0.99092 0.02319 255 255 0
-11.3880 -37.1580 -20.9190 0.09298 -0.99551 -0.01773 255 255 0
-10.9570 -37.1250 -20.5840 0.11230 -0.99335 -0.02518 255 255 0
-13.5460 -37.3690 -17.8750 0.04074 -0.99908 -0.01335 255 255 0
-9.7790 -36.8520 -26.3670 0.13479 -0.99063 -0.02181 255 255 0
-8.9540 -36.8240 -21.5420 0.16279 -0.98646 -0.01976 255 255 0
-21.2730 -36.8590 -18.3150 -0.16889 -0.98553 -0.01455 255 255 0
-16.1230 -37.1840 -27.1340 -0.03141 -0.99921 -0.02425 255 255 0
-16.9500 -37.0920 -29.6570 -0.04936 -0.99837 -0.02861 255 255 0
-16.5480 -37.0300 -32.4530 -0.04073 -0.99865 -0.03225 255 255 0
-19.1600 -36.9740 -27.8290 -0.10799 -0.99381 -0.02606 255 255 0
-19.5380 -36.8360 -30.4400 -0.11913 -0.99223 -0.03577 255 255 0
-21.4660 -36.6800 -25.7750 -0.18339 -0.98278 -0.02262 255 255 0
-21.5970 -36.5190 -30.8520 -0.18316 -0.98246 -0.03506 255 255 0
-14.3940 -37.4630 -10.1840 0.01017 -0.99993 -0.00632 255 255 0
-13.0590 -37.4120 -11.0820 0.06173 -0.99808 -0.00523 255 255 0
-12.2390 -37.3410 -12.5010 0.09191 -0.99577 -0.00112 255 255 0
-10.0970 -37.1240 -12.4040 0.12810 -0.99174 -0.00655 255 255 0
-8.2120 -36.8470 -8.2760 0.18175 -0.98333 -0.00602 255 255 0
-14.3310 -37.4960 -1.1940 0.01521 -0.99987 -0.00453 255 255 0
-17.2850 -37.4430 -3.3890 -0.05533 -0.99847 -0.00217 255 255 0
-19.8690 -37.1900 -3.1410 -0.12440 -0.99223 -0.00207 255 255 0
-8.4940 -36.8590 -13.3230 0.17774 -0.98404 -0.00812 255 255 0
-12.7240 -37.4320 -0.4490 0.05967 -0.99821 -0.00362 255 255 0
-12.5100 -37.4140 -1.6220 0.06665 -0.99777 -0.00256 255 255 0
-12.0510 -37.3760 -4.9360 0.07837 -0.99691 -0.00537 255 255 0
-11.8350 -37.3700 -0.4610 0.07870 -0.99613 -0.03922 255 255 0
-9.6250 -37.0880 -7.8850 0.13676 -0.99058 -0.00708 255 255 0
-10.6730 -37.2490 -0.9180 0.11740 -0.99307 -0.00434 255 255 0
-9.1140 -37.0230 -4.4420 0.16120 -0.98692 -0.00247 255 255 0
-9.3100 -37.0600 -0.2490 0.15439 -0.98801 -0.00188 255 255 0
-8.6050 -36.9390 -3.1100 0.17199 -0.98510 -0.00243 255 255 0
-16.1310 -37.4500 -9.8030 -0.03840 -0.99394 -0.10297 255 255 0
-16.1310 -37.4360 -11.6410 -0.02826 -0.99960 0.00015 255 255 0
-17.1650 -37.3160 -19.0610 -0.05326 -0.99849 -0.01329 255 255 0
-18.8450 -37.3050 -5.9340 -0.10431 -0.99454 -0.00397 255 255 0
-16.5450 -37.4570 -8.5860 -0.03473 -0.99938 -0.00630 255 255 0
-16.6360 -37.3990 -14.2160 -0.03074 -0.99944 -0.01284 255 255 0
-20.0060 -37.0950 -14.9350 -0.14790 -0.98898 -0.00641 255 255 0
-21.0600 -36.9930 -9.3100 -0.16628 -0.98606 -0.00677 255 255 0
-18.8620 -37.3000 -9.8250 -0.09998 -0.99495 -0.00886 255 255 0
-21.0930 -36.9970 -6.1310 -0.15983 -0.98713 -0.00589 255 255 0
-13.9910 -37.4960 9.3440 0.02953 -0.99956 0.00028 255 255 0
-13.8570 -37.4890 3.9500 0.03763 -0.99929 -0.00043 255 255 0
-10.2880 -37.2120 4.5260 0.12857 -0.99170 -0.00049 255 255 0
-15.5410 -37.4980 13.2190 -0.01583 -0.99987 0.00091 255 255 0
-18.7260 -37.3210 16.0330 -0.09454 -0.99552 -0.00054 255 255 0
-20.2390 -37.1400 15.4710 -0.13714 -0.99055 0.00072 255 255 0
-21.4000 -36.9630 8.6970 -0.16388 -0.98648 0.00150 255 255 0
-8.0590 -36.8520 6.0450 0.18246 -0.98321 -0.00068 255 255 0
-14.0830 -37.4940 15.9050 0.02879 -0.99959 0.00036 255 255 0
-12.3470 -37.4090 4.4620 0.07373 -0.99728 0.00059 255 255 0
-12.4520 -37.4120 11.7450 0.06755 -0.99772 0.00081 255 255 0
-11.8160 -37.3640 11.5750 0.08550 -0.99634 -0.00025 255 255 0
-10.6390 -37.2430 10.5580 0.11621 -0.99322 0.00104 255 255 0
-11.0270 -37.2830 22.8230 0.10518 -0.99445 0.00003 255 255 0
-9.2230 -37.0520 8.6380 0.16227 -0.98675 -0.00121 255 255 0
-9.4030 -37.0820 10.0060 0.15206 -0.98837 0.00180 255 255 0
-8.3440 -36.8960 16.9970 0.17850 -0.98394 -0.00058 255 255 0
-15.7870 -37.4970 5.4930 -0.00990 -0.99995 -0.00289 255 255 0
-17.0790 -37.4530 5.4200 -0.05543 -0.99846 -0.00044 255 255 0
-16.0010 -37.4930 4.4220 -0.02419 -0.99971 0.00168 255 255 0
-15.8100 -37.4960 1.8890 -0.01850 -0.99983 -0.00074 255 255 0
-17.2970 -37.4400 3.6820 -0.06063 -0.99816 0.00071 255 255 0
-18.0770 -37.3800 1.4120 -0.08491 -0.99639 -0.00073 255 255 0
-18.7800 -37.3200 8.6780 -0.09371 -0.99560 0.00032 255 255 0
-18.8300 -37.3150 3.6180 -0.09714 -0.99527 0.00060 255 255 0
-20.0180 -37.1810 4.0070 -0.13201 -0.99124 0.00267 255 255 0
-19.5690 -37.2310 2.5880 -0.12154 -0.99258 -0.00207 255 255 0
-19.8440 -37.2020 9.1390 -0.13037 -0.99147 0.00104 255 255 0
-19.9920 -37.1780 4.9550 -0.13198 -0.99125 0.00046 255 255 0
-20.0150 -37.1750 3.5060 -0.13048 -0.99139 -0.01146 255 255 0
-19.8010 -37.2010 1.4120 -0.13461 -0.99090 0.00088 255 255 0
-21.0720 -37.0200 0.4280 -0.15998 -0.98712 -0.00141 255 255 0
-21.3220 -36.9800 3.8070 -0.16543 -0.98622 0.00022 255 255 0
-20.6880 -37.0790 1.8310 -0.14184 -0.98989 -0.00261 255 255 0
-20.8500 -37.0570 7.3990 -0.15555 -0.98783 0.00046 255 255 0
-12.8680 -37.4380 21.9400 0.05782 -0.99833 -0.00057 255 255 0
-9.4450 -37.0770 22.9550 0.14927 -0.98879 0.00309 255 255 0
-13.3620 -37.4400 29.7900 0.04639 -0.99892 0.00023 255 255 0
-18.6100 -37.3150 30.0010 -0.09713 -0.99525 0.00670 255 255 0
-15.4650 -37.4960 21.1650 -0.01347 -0.99991 0.00055 255 255 0
-13.8970 -37.4790 27.9570 0.05269 -0.99825 0.02686 255 255 0
-12.9550 -37.4410 20.4110 0.06505 -0.99788 -0.00023 255 255 0
-16.0210 -37.4070 35.5380 -0.02427 -0.99940 0.02458 255 255 0
-10.6060 -37.2410 26.3430 0.11591 -0.99324 0.00673 255 255 0
-11.8070 -37.3180 30.5260 0.09839 -0.99490 -0.02232 255 255 0
-11.2610 -37.2430 34.0690 0.09411 -0.99540 0.01806 255 255 0
-9.1970 -37.0130 30.2150 0.15305 -0.98818 0.00892 255 255 0
-9.0490 -36.9690 31.3470 0.16849 -0.98557 0.01620 255 255 0
-14.9870 -37.4800 29.6840 -0.00066 -0.99996 0.00878 255 255 0
-22.6640 -36.7120 28.3470 -0.19828 -0.98008 0.01115 255 255 0
-16.9980 -37.4520 24.8740 -0.04829 -0.99883 0.00137 255 255 0
-16.7780 -37.4620 21.3610 -0.03501 -0.99938 0.00478 255 255 0
-15.2670 -37.5000 17.2170 -0.00605 -0.99998 0.00205 255 255 0
-15.6970 -37.4900 21.9830 -0.02244 -0.99974 0.00293 255 255 0
-17.0130 -37.4470 22.8840 -0.05139 -0.99868 0.00233 255 255 0
-16.9480 -37.4590 8.5340 -0.04870 -0.99881 0.00017 255 255 0
-19.1550 -37.2760 23.5300 -0.11356 -0.99353 -0.00104 255 255 0
-18.8030 -37.3120 22.4020 -0.10001 -0.99498 0.00190 255 255 0
-18.8940 -37.2970 23.8990 -0.09355 -0.99543 0.01906 255 255 0
-20.2330 -37.1400 25.3170 -0.13105 -0.99137 0.00454 255 255 0
-19.5820 -37.2210 24.0280 -0.12441 -0.99223 0.00082 255 255 0
-21.0190 -37.0200 24.7850 -0.15980 -0.98715 0.00160 255 255 0
-21.6480 -36.9190 20.6130 -0.17609 -0.98437 -0.00000 255 255 0
-19.6430 -37.2200 16.7790 -0.12652 -0.99196 -0.00018 255 255 0
-21.2880 -36.9770 17.1080 -0.15085 -0.98856 0.00136 255 255 0
-0.4540 -33.7810 -38.9620 0.39659 -0.91705 -0.04153 255 255 0
0.2870 -33.1720 -44.0750 0.42924 -0.90142 -0.05648 255 255 0
2.4920 -32.1210 -43.1720 0.47756 -0.87715 -0.05053 255 255 0
-3.9190 -35.2080 -35.9890 0.30426 -0.95170 -0.04108 255 255 0
-6.3550 -35.8480 -36.6770 0.23942 -0.97006 -0.04071 255 255 0
0.6510 -33.2080 -40.1850 0.43539 -0.89915 -0.04420 255 255 0
2.5560 -32.3620 -37.9120 0.46819 -0.88280 -0.03825 255 255 0
1.6020 -33.1110 -32.2280 0.45187 -0.89133 -0.03674 255 255 0
2.9850 -32.2270 -35.6080 0.48020 -0.87626 -0.03978 255 255 0
3.0810 -31.9140 -40.8620 0.51800 -0.85344 -0.05755 255 255 0
4.1670 -31.4290 -37.7800 0.52423 -0.85039 -0.04493 255 255 0
-2.7450 -34.5190 -41.9690 0.33703 -0.94037 -0.04609 255 255 0
-3.4780 -34.6940 -43.4650 0.31543 -0.94767 -0.04926 255 255 0
-4.6950 -35.1430 -42.2590 0.27826 -0.95907 -0.05248 255 255 0
-3.9590 -34.6870 -46.4930 0.28989 -0.94927 -0.12188 255 255 0
-4.5180 -35.0450 -43.0590 0.28417 -0.95746 -0.05008 255 255 0
-4.8860 -35.0830 -44.4560 0.27894 -0.95875 -0.05477 255 255 0
-6.0270 -35.5960 -40.3890 0.25539 -0.96576 -0.04553 255 255 0
-5.4690 -35.2110 -45.0810 0.16852 -0.97922 -0.11285 255 255 0
-5.9640 -35.3950 -44.0600 0.25094 -0.96657 -0.05264 255 255 0
-6.7510 -35.7380 -41.2690 0.22630 -0.97286 -0.04837 255 255 0
-7.0810 -35.7280 -42.8490 0.20754 -0.97683 -0.05232 255 255 0
-6.7790 -35.4360 -47.0040 0.23756 -0.96344 -0.12392 255 255 0
-7.9260 -35.7330 -46.2170 0.19269 -0.97884 -0.06879 255 255 0
-1.4340 -34.6820 -25.3960 0.36521 -0.93068 -0.02143 255 255 0
-1.0930 -34.3300 -32.5140 0.37538 -0.92615 -0.03652 255 255 0
0.0850 -33.9180 -29.6870 0.40982 -0.91177 -0.02691 255 255 0
1.3890 -33.3070 -29.3270 0.43898 -0.89812 -0.02618 255 255 0
2.0830 -32.9650 -29.0680 0.46266 -0.88606 -0.02900 255 255 0
3.2060 -32.3570 -29.1370 0.49242 -0.86985 -0.02981 255 255 0
-1.1730 -34.6590 -21.5580 0.38302 -0.92354 -0.01927 255 255 0
-2.5680 -35.2110 -19.6890 0.33263 -0.94289 -0.01768 255 255 0
-4.6670 -35.8860 -20.3900 0.27454 -0.96144 -0.01631 255 255 0
-7.1170 -36.4810 -21.1710 0.21538 -0.97645 -0.01263 255 255 0
4.3310 -31.6970 -28.9800 0.52387 -0.85134 -0.02779 255 255 0
-0.1950 -34.2950 -18.4610 0.41015 -0.91189 -0.01516 255 255 0
2.4030 -32.9440 -24.5160 0.46161 -0.88685 -0.02050 255 255 0
2.3420 -33.0830 -19.3400 0.46147 -0.88697 -0.01786 255 255 0
3.8930 -32.2910 -14.8160 0.50995 -0.86012 -0.01193 255 255 0
4.6100 -31.6980 -22.9330 0.52505 -0.85085 -0.01935 255 255 0
4.7000 -31.7360 -18.3890 0.52716 -0.84960 -0.01658 255 255 0
-2.6310 -35.0240 -28.6180 0.32325 -0.94604 -0.02279 255 255 0
-2.6410 -34.9970 -29.6060 0.32813 -0.94418 -0.02908 255 255 0
-2.6470 -34.9820 -30.1620 0.32770 -0.94431 -0.02989 255 255 0
-2.6600 -34.9440 -31.4480 0.32580 -0.94489 -0.03214 255 255 0
-2.6710 -34.9080 -32.5830 0.32758 -0.94415 -0.03560 255 255 0
-5.2700 -35.9680 -24.8290 0.26733 -0.96334 -0.02272 255 255 0
-5.1180 -35.6850 -32.8230 0.26832 -0.96274 -0.03375 255 255 0
-4.9380 -35.7450 -29.4030 0.27520 -0.96100 -0.02741 255 255 0
-6.2670 -36.1710 -26.4870 0.22474 -0.97418 -0.02151 255 255 0
-5.9320 -35.9610 -30.7600 0.23481 -0.97164 -0.02800 255 255 0
-7.4790 -36.3260 -30.5680 0.20814 -0.97760 -0.03119 255 255 0
-8.4250 -36.6360 -26.1330 0.18416 -0.98266 -0.02138 255 255 0
-0.7890 -34.6110 -14.1380 0.38053 -0.92469 -0.01214 255 255 0
0.8710 -33.8990 -12.2140 0.42541 -0.90495 -0.00972 255 255 0
2.7360 -32.9530 -12.9730 0.47142 -0.88187 -0.00811 255 255 0
4.1660 -32.1400 -12.5040 0.51576 -0.85670 -0.00801 255 255 0
-1.7130 -35.0540 -3.0650 0.35695 -0.93412 -0.00247 255 255 0
-3.7500 -35.7530 -4.0370 0.30228 -0.95322 -0.00255 255 255 0
0.7200 -34.0310 0.7130 0.41785 -0.90852 -0.00083 255 255 0
2.0570 -33.3760 -4.3680 0.45177 -0.89213 0.00251 255 255 0
0.2120 -34.2530 -4.0480 0.40618 -0.91379 -0.00301 255 255 0
1.5150 -33.6450 -1.3510 0.44373 -0.89616 -0.00262 255 255 0
3.2990 -32.6780 -9.0690 0.49422 -0.86932 -0.00549 255 255 0
2.4530 -33.1640 -3.3270 0.46779 -0.88384 -0.00075 255 255 0
2.9970 -32.8780 -0.3510 0.48159 -0.87639 -0.00238 255 255 0
3.3650 -32.6540 -5.3340 0.49180 -0.87070 -0.00158 255 255 0
4.3480 -32.0890 -3.4210 0.51178 -0.85911 -0.00258 255 255 0
4.2070 -32.1710 -4.5060 0.51255 -0.85865 -0.00388 255 255 0
4.1360 -32.2220 -0.5540 0.50462 -0.86334 -0.00088 255 255 0
-8.0060 -36.8150 -6.7550 0.18831 -0.98210 -0.00537 255 255 0
-2.4100 -35.2920 -6.0290 0.32660 -0.94515 -0.00588 255 255 0
-7.0500 -36.6330 -4.2440 0.21249 -0.97715 -0.00446 255 255 0
-2.5030 -35.2950 -10.7460 0.33382 -0.94260 -0.00844 255 255 0
-4.0690 -35.8340 -11.7830 0.29348 -0.95591 -0.01035 255 255 0
-3.3570 -35.5710 -13.6280 0.31742 -0.94822 -0.01116 255 255 0
-2.1020 -35.1620 -9.6710 0.34558 -0.93838 -0.00480 255 255 0
-4.7960 -36.0590 -7.6790 0.27667 -0.96095 -0.00455 255 255 0
-4.1830 -35.8250 -13.2560 0.27518 -0.96074 -0.03533 255 255 0
-3.3560 -35.5400 -16.3830 0.31222 -0.94996 -0.01030 255 255 0
-6.2810 -36.3980 -13.7680 0.23720 -0.97137 -0.01344 255 255 0
-6.6790 -36.5260 -10.0050 0.22365 -0.97463 -0.00829 255 255 0
-6.9750 -36.5670 -12.4620 0.21620 -0.97632 -0.00789 255 255 0
-0.4450 -34.5510 6.3450 0.38591 -0.92254 0.00011 255 255 0
2.8010 -32.9960 2.8630 0.47524 -0.87986 -0.00079 255 255 0
-1.4250 -34.9370 15.9280 0.35422 -0.93516 0.00128 255 255 0
-4.9890 -36.1290 9.3360 0.26795 -0.96343 0.00121 255 255 0
-7.3460 -36.7020 16.4910 0.20096 -0.97960 -0.00086 255 255 0
-1.5940 -35.0080 1.3090 0.35420 -0.93517 -0.00083 255 255 0
4.5850 -31.9570 4.9060 0.52102 -0.85354 -0.00101 255 255 0
-0.5560 -34.5880 10.3590 0.39200 -0.91997 0.00015 255 255 0
-1.0460 -34.7930 8.8040 0.37160 -0.92839 -0.00166 255 255 0
-1.0420 -34.7850 20.6060 0.35902 -0.93333 -0.00187 255 255 0
0.0420 -34.3300 14.1990 0.39679 -0.91791 -0.00070 255 255 0
0.4770 -34.1400 9.1810 0.41150 -0.91141 0.00065 255 255 0
-0.7220 -34.6630 20.8450 0.38635 -0.92235 0.00017 255 255 0
1.2780 -33.7620 12.2050 0.43137 -0.90217 0.00153 255 255 0
1.2770 -33.7600 15.7140 0.42437 -0.90549 -0.00035 255 255 0
1.4140 -33.6980 7.2060 0.43969 -0.89815 0.00013 255 255 0
1.9640 -33.4200 13.8240 0.44728 -0.89439 -0.00355 255 255 0
1.7320 -33.5430 15.4020 0.44680 -0.89463 -0.00109 255 255 0
2.8530 -32.9570 9.3200 0.48037 -0.87706 0.00085 255 255 0
2.2460 -33.2770 10.0500 0.45970 -0.88807 0.00071 255 255 0
2.7460 -33.0090 16.1540 0.47456 -0.88022 0.00014 255 255 0
3.1990 -32.7630 12.2610 0.47909 -0.87777 0.00017 255 255 0
3.5760 -32.5550 12.3440 0.49596 -0.86834 0.00006 255 255 0
3.3870 -32.6550 15.3080 0.48649 -0.87368 0.00139 255 255 0
4.1930 -32.1970 8.3340 0.51223 -0.85885 0.00118 255 255 0
-2.0290 -35.1700 9.9070 0.34853 -0.93730 0.00020 255 255 0
-1.9070 -35.1250 6.2800 0.35746 -0.93391 -0.00651 255 255 0
-1.9070 -35.1250 5.0890 0.35415 -0.93517 0.00626 255 255 0
-1.9070 -35.1250 4.4080 0.35334 -0.93549 0.00025 255 255 0
-2.5700 -35.3680 5.3760 0.33685 -0.94156 0.00085 255 255 0
-3.4730 -35.6750 -1.2070 0.30737 -0.95159 -0.00216 255 255 0
-3.2310 -35.5950 4.3110 0.31457 -0.94924 -0.00005 255 255 0
-4.1060 -35.8740 2.6010 0.28874 -0.95741 -0.00008 255 255 0
-4.0060 -35.8400 12.5470 0.29675 -0.95495 0.00052 255 255 0
-5.4480 -36.2570 5.2370 0.26123 -0.96528 -0.00002 255 255 0
-5.1940 -36.1850 0.1500 0.27300 -0.96201 -0.00236 255 255 0
-6.0150 -36.4020 8.0290 0.24513 -0.96949 0.00026 255 255 0
-5.7670 -36.3410 -1.5680 0.24962 -0.96834 -0.00186 255 255 0
-7.7330 -36.7870 1.3310 0.19606 -0.98059 0.00125 255 255 0
-7.9440 -36.8260 8.2630 0.19527 -0.98075 0.00045 255 255 0
-6.8810 -36.6090 6.1970 0.21618 -0.97635 -0.00046 255 255 0
0.8900 -33.9410 22.9650 0.42706 -0.90416 -0.01089 255 255 0
1.9800 -33.4080 22.8600 0.45252 -0.89175 -0.00187 255 255 0
4.1540 -32.2080 24.7420 0.51772 -0.85554 0.00328 255 255 0
0.0700 -34.2890 30.6080 0.40078 -0.91569 -0.02989 255 255 0
-3.7610 -35.7250 30.2420 0.31547 -0.94893 0.00190 255 255 0
-6.6490 -36.5120 30.6680 0.22284 -0.97478 0.01200 255 255 0
4.6220 -31.9250 22.0670 0.52881 -0.84874 0.00166 255 255 0
1.1030 -33.8510 25.9250 0.42915 -0.90321 0.00645 255 255 0
-1.3090 -34.8650 30.6030 0.36579 -0.93067 0.00671 255 255 0
1.4570 -33.6300 31.0700 0.43423 -0.90055 0.02155 255 255 0
3.2070 -32.7520 24.6800 0.48238 -0.87596 0.00198 255 255 0
3.2230 -32.6680 33.8620 0.49146 -0.87073 0.01715 255 255 0
-2.0960 -35.1880 21.3460 0.34958 -0.93690 0.00410 255 255 0
-1.9100 -35.1190 19.6640 0.35409 -0.93521 -0.00170 255 255 0
-2.7210 -35.4150 15.2260 0.33067 -0.94375 0.00042 255 255 0
-2.9950 -35.5090 23.7010 0.32353 -0.94621 0.00362 255 255 0
-5.6530 -36.3190 24.9050 0.25219 -0.96768 0.00079 255 255 0
-4.1660 -35.8860 17.5050 0.28560 -0.95835 0.00015 255 255 0
-4.6130 -36.0160 20.7970 0.28022 -0.95994 0.00072 255 255 0
-4.5010 -35.9870 23.0310 0.28231 -0.95932 0.00204 255 255 0
-5.6240 -36.2940 22.0070 0.25762 -0.96624 0.00256 255 255 0
-5.8330 -36.3500 21.5800 0.24226 -0.97021 -0.00230 255 255 0
-5.6230 -36.2950 20.5980 0.25193 -0.96774 0.00071 255 255 0
-6.2730 -36.4670 10.0580 0.23364 -0.97232 0.00112 255 255 0
-6.6250 -36.5380 23.6830 0.24789 -0.96865 -0.01624 255 255 0
-7.0800 -36.6460 23.2920 0.21032 -0.97763 0.00154 255 255 0
-7.9480 -36.8210 17.6910 0.19169 -0.98146 0.00091 255 255 0
10.6900 -26.0380 -42.6340 0.70456 -0.70787 -0.05021 255 255 0
11.4290 -25.2890 -42.6170 0.71952 -0.69243 -0.05317 255 255 0
12.1560 -24.5080 -42.5660 0.74199 -0.66894 -0.04439 255 255 0
12.8530 -23.7130 -42.5640 0.76328 -0.64494 -0.03829 255 255 0
11.1420 -26.0190 -36.2680 0.70692 -0.70626 -0.03831 255 255 0
8.4810 -28.4440 -36.0900 0.64209 -0.76565 -0.03857 255 255 0
6.7190 -29.8000 -36.2750 0.59240 -0.80462 -0.04052 255 255 0
5.5020 -30.6540 -36.2140 0.55735 -0.82920 -0.04235 255 255 0
13.8450 -22.3530 -44.2740 0.78690 -0.61470 -0.05406 255 255 0
10.2420 -26.6670 -39.8090 0.68540 -0.72675 -0.04543 255 255 0
12.4180 -24.7550 -34.6460 0.74216 -0.66880 -0.04362 255 255 0
11.6710 -25.3370 -38.3580 0.73228 -0.67965 -0.04296 255 255 0
13.4270 -23.3700 -37.8690 0.76858 -0.63825 -0.04369 255 255 0
13.5080 -23.4350 -35.3200 0.76923 -0.63758 -0.04212 255 255 0
4.7620 -31.1460 -35.9700 0.53475 -0.84406 -0.04016 255 255 0
8.8800 -27.8250 -40.8310 0.64895 -0.75936 -0.04718 255 255 0
9.1630 -27.4710 -42.4970 0.66470 -0.74558 -0.04785 255 255 0
9.1080 -27.4430 -43.6590 0.66582 -0.74439 -0.05060 255 255 0
8.7630 -27.8530 -41.9850 0.64332 -0.76425 -0.04530 255 255 0
8.5640 -27.7240 -46.4810 0.64882 -0.75688 -0.07858 255 255 0
7.8440 -28.3410 -46.2690 0.62865 -0.77544 -0.05913 255 255 0
6.5790 -29.5020 -43.7640 0.58598 -0.80804 -0.06081 255 255 0
7.4740 -28.5760 -46.9880 0.60983 -0.77255 -0.17685 255 255 0
7.0950 -29.0170 -44.9210 0.59703 -0.79966 -0.06397 255 255 0
6.5370 -29.4690 -44.3520 0.57343 -0.81639 -0.06842 255 255 0
6.1430 -29.6730 -45.6520 0.57478 -0.81510 -0.07241 255 255 0
5.1020 -30.5350 -43.2520 0.55204 -0.83239 -0.04876 255 255 0
5.3940 -30.2160 -45.2680 0.56176 -0.82508 -0.06054 255 255 0
4.7350 -30.9510 -40.1270 0.55412 -0.83166 -0.03588 255 255 0
13.1100 -24.2380 -29.0000 0.75736 -0.65237 -0.02875 255 255 0
8.1330 -29.2800 -20.8170 0.61918 -0.78505 -0.01749 255 255 0
6.2290 -30.6840 -20.7870 0.57068 -0.82100 -0.01701 255 255 0
11.3090 -26.2710 -27.3520 0.70674 -0.70690 -0.02841 255 255 0
11.3070 -26.5480 -16.9360 0.70952 -0.70453 -0.01464 255 255 0
12.8270 -24.6690 -26.7310 0.74622 -0.66542 -0.01932 255 255 0
12.4020 -25.2770 -22.8410 0.73874 -0.67368 -0.02026 255 255 0
13.6970 -23.7440 -23.7440 0.76854 -0.63943 -0.02191 255 255 0
13.7560 -23.8250 -18.1870 0.76402 -0.64497 -0.01691 255 255 0
14.0590 -23.3330 -22.4770 0.78117 -0.62409 -0.01687 255 255 0
8.7440 -28.8210 -18.3630 0.64556 -0.76353 -0.01673 255 255 0
8.5620 -28.7740 -26.6700 0.65393 -0.75549 -0.04024 255 255 0
9.6630 -27.9090 -24.3380 0.66111 -0.74997 -0.02183 255 255 0
9.1760 -28.1700 -28.8450 0.65254 -0.75727 -0.02708 255 255 0
9.1670 -28.1590 -29.3340 0.65449 -0.75550 -0.02938 255 255 0
9.1500 -28.1390 -30.2180 0.65493 -0.75508 -0.03042 255 255 0
9.1300 -28.1160 -31.2050 0.65563 -0.75439 -0.03243 255 255 0
9.1100 -28.0910 -32.1720 0.66525 -0.74560 -0.03897 255 255 0
7.2160 -29.8470 -26.0910 0.60069 -0.79822 -0.04490 255 255 0
7.4960 -29.4890 -30.2520 0.60944 -0.79229 -0.02928 255 255 0
5.9430 -30.7340 -26.7100 0.56483 -0.82477 -0.02678 255 255 0
5.9450 -30.6550 -29.1120 0.56485 -0.82472 -0.02799 255 255 0
5.7540 -30.6900 -31.7140 0.55843 -0.82892 -0.03246 255 255 0
6.4150 -30.2030 -32.1540 0.58389 -0.81113 -0.03372 255 255 0
12.4580 -25.4130 -12.7200 0.73290 -0.68027 -0.00907 255 255 0
13.7980 -23.8830 -11.8070 0.76853 -0.63978 -0.00667 255 255 0
14.2420 -23.3140 -13.6750 0.78601 -0.61813 -0.01015 255 255 0
8.8960 -28.8620 -4.9150 0.63784 -0.77015 -0.00554 255 255 0
7.8780 -29.6630 -4.4720 0.59628 -0.80044 -0.06113 255 255 0
6.4850 -30.7040 -4.2170 0.57862 -0.81558 -0.00569 255 255 0
5.2440 -31.5310 -3.9340 0.54013 -0.84157 -0.00387 255 255 0
10.3990 -27.4740 -13.2930 0.68234 -0.73098 -0.00885 255 255 0
10.9420 -27.0300 -3.9360 0.69015 -0.72365 -0.00440 255 255 0
11.8400 -26.1390 -1.0950 0.71375 -0.70040 -0.00022 255 255 0
12.5020 -25.4090 -7.6290 0.73197 -0.68132 -0.00586 255 255 0
12.0150 -25.9600 -2.8310 0.72404 -0.68974 -0.00357 255 255 0
12.7950 -25.0940 -6.1760 0.74648 -0.66539 -0.00543 255 255 0
12.5840 -25.3600 1.0480 0.73752 -0.67532 -0.00138 255 255 0
13.5550 -24.2460 -4.4570 0.76017 -0.64972 -0.00417 255 255 0
14.2440 -23.4000 -5.0510 0.78166 -0.62361 -0.01092 255 255 0
14.2060 -23.4600 -2.1750 0.78080 -0.62478 -0.00159 255 255 0
8.8450 -28.8380 -12.7620 0.63401 -0.77326 -0.01019 255 255 0
8.6680 -28.9480 -15.4890 0.63086 -0.77581 -0.01150 255 255 0
9.8540 -28.0060 -8.5970 0.66017 -0.75109 -0.00580 255 255 0
7.8670 -29.6410 -10.0340 0.61230 -0.79062 -0.00459 255 255 0
6.1310 -30.9270 -8.0530 0.57313 -0.81945 -0.00529 255 255 0
6.3720 -30.6870 -15.2110 0.57444 -0.81846 -0.01161 255 255 0
6.3350 -30.7710 -9.4140 0.57601 -0.81742 -0.00588 255 255 0
5.1980 -31.5270 -9.5630 0.53725 -0.84340 -0.00679 255 255 0
5.3710 -31.3890 -12.2000 0.54290 -0.83971 -0.01194 255 255 0
5.1820 -31.4920 -14.0810 0.56258 -0.82666 0.01208 255 255 0
11.9370 -26.0550 6.9950 0.71957 -0.69442 -0.00000 255 255 0
13.3860 -24.4590 3.5590 0.75588 -0.65471 -0.00004 255 255 0
9.9660 -27.9430 4.1680 0.66350 -0.74818 -0.00063 255 255 0
11.0950 -26.8820 16.4510 0.69182 -0.72206 -0.00184 255 255 0
11.7890 -26.1930 11.0710 0.71566 -0.69845 0.00218 255 255 0
12.3710 -25.5810 14.0380 0.73089 -0.68249 -0.00031 255 255 0
12.3680 -25.5850 18.0890 0.73240 -0.68087 0.00046 255 255 0
12.9890 -24.9070 9.2800 0.74582 -0.66615 0.00020 255 255 0
12.9540 -24.9430 13.5080 0.74654 -0.66534 0.00090 255 255 0
12.7890 -25.1260 13.7760 0.73932 -0.67334 -0.00408 255 255 0
13.6740 -24.1210 8.0960 0.76577 -0.64311 0.00102 255 255 0
13.9310 -23.8100 5.4660 0.77521 -0.63171 -0.00052 255 255 0
13.5340 -24.2750 15.3510 0.76043 -0.64941 0.00145 255 255 0
14.1840 -23.4840 22.8520 0.78224 -0.62297 0.00041 255 255 0
14.4660 -23.1360 11.8360 0.78389 -0.62090 0.00037 255 255 0
14.1610 -23.5160 15.3980 0.77792 -0.62837 0.00085 255 255 0
14.6390 -22.9190 7.7050 0.79177 -0.61081 0.00033 255 255 0
5.2080 -31.5640 8.5090 0.53490 -0.84491 0.00323 255 255 0
9.4570 -28.3880 10.8040 0.65276 -0.75756 -0.00034 255 255 0
9.8160 -28.0740 9.3820 0.65847 -0.75260 -0.00340 255 255 0
10.6500 -27.3190 4.5700 0.68654 -0.72709 0.00081 255 255 0
9.7310 -28.1490 1.7400 0.66301 -0.74861 -0.00045 255 255 0
9.4430 -28.4040 6.8590 0.66593 -0.74596 0.00890 255 255 0
9.7190 -28.1600 2.9730 0.65556 -0.75514 0.00104 255 255 0
8.6550 -29.0590 -2.3990 0.63251 -0.77455 -0.00047 255 255 0
8.4260 -29.2540 1.8290 0.62654 -0.77939 -0.00126 255 255 0
7.5530 -29.9300 7.5460 0.60560 -0.79576 -0.00203 255 255 0
8.3090 -29.3430 6.6120 0.61400 -0.78930 -0.00063 255 255 0
6.9270 -30.3960 6.8460 0.58760 -0.80915 -0.00065 255 255 0
7.2770 -30.1370 3.0050 0.60108 -0.79919 0.00004 255 255 0
6.8390 -30.4570 1.7900 0.58118 -0.81377 -0.00123 255 255 0
6.5000 -30.6950 6.3360 0.56711 -0.82364 -0.00038 255 255 0
5.9960 -31.0390 -1.0110 0.55955 -0.82880 -0.00063 255 255 0
5.4380 -31.4160 7.9840 0.54428 -0.83890 -0.00038 255 255 0
5.5020 -31.3740 3.1220 0.55037 -0.83492 -0.00048 255 255 0
11.1520 -26.8310 24.8000 0.69371 -0.72025 0.00092 255 255 0
13.5280 -24.2830 22.9800 0.75837 -0.65181 0.00353 255 255 0
11.5980 -26.3850 27.1800 0.71867 -0.69533 0.00575 255 255 0
10.5340 -27.3870 29.7700 0.68151 -0.73172 0.01123 255 255 0
8.5510 -29.1000 30.2410 0.63334 -0.77384 0.00784 255 255 0
7.1810 -30.1570 30.2400 0.59503 -0.80368 0.00547 255 255 0
10.5190 -27.4300 19.1540 0.67874 -0.73438 0.00057 255 255 0
14.9560 -22.4870 23.5310 0.80075 -0.59900 0.00290 255 255 0
14.6100 -22.9440 20.3840 0.79110 -0.61169 0.00021 255 255 0
10.9230 -26.9360 33.4740 0.70025 -0.71374 0.01508 255 255 0
12.2400 -25.6660 30.3590 0.72871 -0.68473 0.01101 255 255 0
12.8680 -24.8920 35.8660 0.74578 -0.66580 0.02288 255 255 0
13.8840 -23.8610 23.6520 0.77004 -0.63797 0.00489 255 255 0
13.9410 -23.7570 28.8980 0.76928 -0.63888 0.00601 255 255 0
4.8370 -31.7510 29.7890 0.52943 -0.84832 0.00839 255 255 0
5.1810 -31.5080 31.8380 0.53564 -0.84427 0.01734 255 255 0
8.7370 -28.9890 26.0630 0.63522 -0.77232 0.00418 255 255 0
9.0710 -28.7090 24.4580 0.65365 -0.75680 0.00289 255 255 0
9.7280 -28.1420 22.1410 0.66695 -0.74510 0.00179 255 255 0
8.2230 -29.4040 23.4160 0.61496 -0.78855 0.00251 255 255 0
9.0720 -28.7130 23.0830 0.64854 -0.76117 0.00340 255 255 0
9.1220 -28.6660 21.3120 0.64189 -0.76678 -0.00490 255 255 0
8.7840 -28.9490 21.8750 0.63369 -0.77359 -0.00139 255 255 0
9.5900 -28.2660 19.9500 0.65897 -0.75217 0.00108 255 255 0
8.5950 -29.1140 10.3630 0.62974 -0.77681 -0.00043 255 255 0
7.9530 -29.6150 19.7950 0.61010 -0.79233 0.00095 255 255 0
6.2930 -30.8400 25.1980 0.57034 -0.82140 0.00401 255 255 0
5.9060 -31.0950 24.3370 0.53305 -0.84601 0.01100 255 255 0
6.6780 -30.5670 15.9760 0.58088 -0.81399 0.00096 255 255 0
5.6690 -31.2640 9.8800 0.55144 -0.83421 0.00079 255 255 0
5.6500 -31.2700 21.6520 0.55079 -0.83465 0.00092 255 255 0
18.4160 -14.8660 -42.5420 0.92392 -0.37912 -0.05132 255 255 0
19.8940 -10.9600 -42.6020 0.95262 -0.29804 -0.06079 255 255 0
18.6650 -15.1010 -36.6720 0.90477 -0.42325 -0.04736 255 255 0
17.9050 -16.4130 -38.6120 0.88882 -0.45583 -0.04705 255 255 0
16.0850 -19.7860 -36.6020 0.84603 -0.53215 -0.03244 255 255 0
18.1330 -15.0640 -46.2050 0.91003 -0.40865 -0.06962 255 255 0
19.1980 -13.5000 -39.4120 0.92265 -0.38167 -0.05523 255 255 0
20.0400 -11.8720 -36.2240 0.93382 -0.35184 -0.06464 255 255 0
20.5550 -11.0480 -33.7110 0.93705 -0.33955 -0.08158 255 255 0
17.2030 -18.0050 -35.8200 0.87038 -0.49062 -0.04172 255 255 0
17.3430 -17.1610 -41.7480 0.88439 -0.46403 -0.05023 255 255 0
16.9470 -17.8580 -42.0320 0.87084 -0.48925 -0.04759 255 255 0
16.6670 -18.1510 -44.0100 0.86655 -0.49662 -0.04963 255 255 0
16.4950 -18.6070 -42.4170 0.85932 -0.50919 -0.04784 255 255 0
16.5320 -18.1410 -46.4640 0.86035 -0.49277 -0.13031 255 255 0
16.0420 -19.6010 -39.8190 0.84486 -0.53299 -0.04626 255 255 0
16.2030 -18.8570 -44.8500 0.84065 -0.53962 -0.04607 255 255 0
15.8310 -19.2420 -47.0040 0.84151 -0.50589 -0.18956 255 255 0
15.7110 -19.4100 -47.0480 0.81599 -0.53599 -0.21652 255 255 0
15.3690 -20.2910 -43.6120 0.83158 -0.55304 -0.05126 255 255 0
14.9680 -20.5600 -47.0160 0.81099 -0.54695 -0.20770 255 255 0
13.9080 -22.4590 -42.0950 0.78628 -0.61623 -0.04500 255 255 0
14.2610 -21.6650 -45.9690 0.80162 -0.59459 -0.06214 255 255 0
14.4330 -21.9400 -39.7060 0.80091 -0.59727 -0.04252 255 255 0
14.8030 -21.2830 -41.7020 0.81517 -0.57731 -0.04692 255 255 0
19.1240 -15.0030 -26.7280 0.90263 -0.42986 -0.02188 255 255 0
19.8350 -13.2560 -30.0480 0.91242 -0.40773 -0.03536 255 255 0
20.9330 -10.6530 -29.7380 0.92284 -0.38472 -0.01882 255 255 0
19.2130 -15.1110 -20.1760 0.90254 -0.43024 -0.01779 255 255 0
19.0570 -15.5230 -16.5850 0.89981 -0.43622 -0.00716 255 255 0
17.9310 -17.5320 -21.6590 0.87768 -0.47888 -0.01863 255 255 0
17.0420 -19.1160 -20.6700 0.85335 -0.52107 -0.01687 255 255 0
18.2610 -16.4160 -31.2790 0.88866 -0.45720 -0.03526 255 255 0
21.0480 -10.4120 -28.8450 0.88452 -0.46287 -0.05803 255 255 0
19.5210 -14.4810 -18.7020 0.91221 -0.40961 -0.01007 255 255 0
20.5450 -12.1700 -18.1230 0.92555 -0.37862 0.00279 255 255 0
21.2530 -10.1910 -25.2300 0.10642 -0.99405 -0.02309 255 255 0
21.3780 -10.0460 -18.9400 0.59251 -0.80168 0.07903 255 255 0
18.1690 -17.1730 -19.2550 0.88125 -0.47245 -0.01394 255 255 0
15.1320 -21.9910 -20.5650 0.80440 -0.59378 -0.01918 255 255 0
16.9250 -19.1270 -25.6170 0.85281 -0.52173 -0.02277 255 255 0
18.1430 -16.9190 -26.7250 0.88075 -0.47300 -0.02348 255 255 0
17.7560 -17.5290 -28.3620 0.86841 -0.49538 -0.02133 255 255 0
17.7380 -17.5170 -29.1330 0.87423 -0.48454 -0.03081 255 255 0
17.1020 -18.5900 -30.0020 0.85965 -0.50997 -0.03045 255 255 0
17.6760 -17.4800 -31.4760 0.87292 -0.48682 -0.03178 255 255 0
16.0920 -19.9410 -34.8740 0.84098 -0.53883 -0.04907 255 255 0
15.7540 -20.8650 -27.1540 0.82780 -0.56051 -0.02415 255 255 0
15.9380 -20.4590 -29.6980 0.83448 -0.55029 -0.02865 255 255 0
15.3050 -21.5760 -25.3750 0.81949 -0.57265 -0.02257 255 255 0
14.9730 -21.8300 -30.0550 0.81122 -0.58397 -0.03002 255 255 0
14.6890 -22.4220 -25.4300 0.79743 -0.60292 -0.02435 255 255 0
14.7040 -21.9640 -34.1990 0.80531 -0.59162 -0.03830 255 255 0
18.8030 -16.0950 -8.4300 0.90489 -0.42565 -0.00279 255 255 0
19.5270 -14.5280 -14.3570 0.91733 -0.39804 -0.00806 255 255 0
19.9850 -13.4650 -13.4210 0.92348 -0.38360 0.00663 255 255 0
20.5550 -11.9480 -12.3110 0.94845 -0.31612 0.02272 255 255 0
18.6370 -16.4590 -6.2350 0.89840 -0.43918 -0.00200 255 255 0
17.0720 -19.3400 -3.9200 0.85856 -0.51271 -0.00291 255 255 0
15.9720 -21.0800 -1.8340 0.82909 -0.55911 -0.00139 255 255 0
15.5540 -21.6680 -3.7560 0.81370 -0.58126 -0.00571 255 255 0
18.8990 -15.8830 -13.4860 0.89821 -0.43956 -0.00126 255 255 0
20.2200 -12.8570 -10.9700 0.93590 -0.35218 0.00751 255 255 0
19.2720 -15.1010 -2.0490 0.91582 -0.40159 0.00003 255 255 0
19.6960 -14.0990 -2.5810 0.92562 -0.37809 0.01646 255 255 0
20.1830 -12.8780 -2.5010 0.93869 -0.34476 -0.00014 255 255 0
20.5390 -11.8340 -2.2010 0.95054 -0.31055 -0.00589 255 255 0
20.8900 -10.7130 -0.1890 0.95626 -0.29252 -0.00177 255 255 0
15.1860 -22.1850 -0.9840 0.80872 -0.58819 0.00001 255 255 0
18.1300 -17.4470 -6.9400 0.88460 -0.46633 -0.00407 255 255 0
17.5910 -18.3860 -12.1300 0.86903 -0.49470 -0.00833 255 255 0
17.4990 -18.5280 -13.3110 0.86723 -0.49783 -0.00853 255 255 0
17.6070 -18.2930 -14.9050 0.87129 -0.49066 -0.01078 255 255 0
16.6580 -19.9890 -8.2420 0.84319 -0.53758 -0.00510 255 255 0
16.5930 -20.0090 -14.1270 0.84513 -0.53451 -0.00807 255 255 0
16.4480 -20.2720 -10.7810 0.84195 -0.53949 -0.00904 255 255 0
16.2090 -20.6140 -12.6680 0.83701 -0.54713 -0.00727 255 255 0
16.4160 -20.2310 -15.8710 0.83798 -0.54547 -0.01583 255 255 0
15.0740 -22.3020 -7.9170 0.80370 -0.59502 -0.00463 255 255 0
15.5910 -21.5650 -9.9700 0.81890 -0.57390 -0.00572 255 255 0
18.6670 -16.4480 9.5560 0.89965 -0.43660 -0.00243 255 255 0
19.3460 -14.9700 6.8620 0.91586 -0.40149 -0.00306 255 255 0
20.0090 -13.3440 6.2050 0.93419 -0.35675 -0.00452 255 255 0
20.5830 -11.7290 6.0240 0.94845 -0.31691 -0.00408 255 255 0
18.0070 -17.7320 11.6930 0.87882 -0.47716 -0.00118 255 255 0
17.1500 -19.2330 8.1040 0.85617 -0.51669 0.00131 255 255 0
18.6420 -16.4690 -0.2770 0.89874 -0.43848 -0.00228 255 255 0
19.8920 -13.7320 9.4970 0.92602 -0.37739 -0.00782 255 255 0
19.5490 -14.6110 13.3460 0.91575 -0.40161 -0.01009 255 255 0
20.2130 -12.9120 10.6610 0.93423 -0.35665 -0.00358 255 255 0
20.5710 -11.9710 11.1390 0.94074 -0.33867 -0.01776 255 255 0
20.2560 -12.8860 12.7760 0.92579 -0.37701 -0.02792 255 255 0
20.2760 -12.8820 13.7610 0.92555 -0.37842 -0.01274 255 255 0
20.8420 -11.5620 16.0770 0.93936 -0.34197 -0.02564 255 255 0
21.1070 -10.8860 17.0490 0.93924 -0.34266 -0.02033 255 255 0
15.3500 -21.9690 7.3530 0.81152 -0.58433 0.00074 255 255 0
18.2280 -17.3020 7.9310 0.88635 -0.46302 -0.00147 255 255 0
18.1420 -17.4640 6.4430 0.88369 -0.46807 -0.00101 255 255 0
18.2250 -17.2960 1.3030 0.88790 -0.46003 -0.00118 255 255 0
17.8180 -18.0650 7.4660 0.87538 -0.48341 -0.00565 255 255 0
17.5050 -18.6270 7.7500 0.86810 -0.49638 -0.00049 255 255 0
17.7930 -18.1000 -2.4440 0.87686 -0.48074 -0.00190 255 255 0
17.6050 -18.4440 3.8410 0.87006 -0.49295 -0.00085 255 255 0
17.0550 -19.3860 -0.1130 0.86210 -0.50672 0.00317 255 255 0
16.7930 -19.8230 1.4530 0.85041 -0.52612 -0.00132 255 255 0
16.2600 -20.6490 10.4390 0.83513 -0.55005 -0.00011 255 255 0
16.2520 -20.6600 6.9100 0.83612 -0.54854 -0.00023 255 255 0
15.9830 -21.0640 3.5420 0.82880 -0.55955 -0.00028 255 255 0
15.5190 -21.7310 4.7180 0.81439 -0.58032 -0.00047 255 255 0
14.7490 -22.7790 3.5920 0.79538 -0.60611 -0.00109 255 255 0
19.3100 -15.2400 20.2860 0.90142 -0.43294 -0.00201 255 255 0
20.2580 -13.1340 20.6650 0.91753 -0.39764 -0.00369 255 255 0
20.5080 -12.5310 19.3520 0.92319 -0.38424 -0.00891 255 255 0
21.4440 -10.2460 24.7400 0.12988 -0.99104 -0.03100 255 255 0
19.3020 -15.2420 27.1430 0.89759 -0.44082 0.00139 255 255 0
19.9530 -13.8560 29.4060 0.91377 -0.40600 0.01356 255 255 0
19.5090 -14.7430 31.3570 0.89236 -0.44553 0.07206 255 255 0
17.8990 -17.9510 25.6440 0.87094 -0.49138 0.00346 255 255 0
17.7000 -18.2310 30.2260 0.86717 -0.49791 0.01043 255 255 0
16.6930 -19.9170 30.2530 0.84388 -0.53645 0.00930 255 255 0
15.1710 -22.1620 30.2150 0.80520 -0.59284 0.01358 255 255 0
21.0770 -11.0680 18.5980 0.92801 -0.37120 -0.03166 255 255 0
19.9330 -13.8300 31.7620 0.91296 -0.40800 -0.00585 255 255 0
21.4760 -10.1030 30.3900 0.46602 -0.88042 0.08769 255 255 0
21.4560 -10.1930 28.6220 0.18669 -0.98158 0.04063 255 255 0
15.2010 -22.0690 31.6960 0.79302 -0.60891 0.01850 255 255 0
18.2870 -17.2320 22.3410 0.88674 -0.46227 0.00093 255 255 0
18.1850 -17.4240 19.4710 0.88056 -0.47393 -0.00040 255 255 0
18.0480 -17.6770 21.6440 0.87769 -0.47923 -0.00234 255 255 0
17.4650 -18.7030 21.3340 0.86266 -0.50578 0.00069 255 255 0
16.5410 -20.2090 24.5190 0.75639 -0.59797 0.26514 255 255 0
16.9520 -19.5590 19.8810 0.84988 -0.52697 0.00041 255 255 0
15.9460 -21.1120 24.1290 0.82284 -0.56826 0.00376 255 255 0
16.2570 -20.6420 20.2300 0.83720 -0.54690 0.00014 255 255 0
15.9130 -21.1570 22.9140 0.82393 -0.56670 0.00062 255 255 0
16.0280 -20.9810 22.6810 0.83877 -0.54444 0.00679 255 255 0
16.2450 -20.6590 21.8760 0.83336 -0.55273 0.00067 255 255 0
15.6690 -21.5110 17.6910 0.81793 -0.57532 0.00006 255 255 0
15.2360 -22.1120 19.8000 0.80874 -0.58816 0.00097 255 255 0
15.1530 -22.2280 15.3700 0.80543 -0.59268 0.00062 255 255 0
21.5440 -1.1310 -43.1000 0.99771 -0.03622 -0.05704 255 255 0
21.5340 1.6820 -42.5770 0.99756 0.03897 -0.05789 255 255 0
21.4630 4.1980 -40.7620 0.99097 0.11841 -0.06288 255 255 0
21.7760 -1.1440 -39.5940 0.99670 -0.03545 -0.07300 255 255 0
22.2650 -0.1550 -34.1680 0.99633 -0.01384 -0.08446 255 255 0
22.1020 -3.9630 -32.8840 0.23025 -0.05676 -0.97148 255 255 0
21.3560 -6.7620 -36.8540 0.98191 -0.16928 -0.08483 255 255 0
20.9650 -8.6950 -36.5680 0.96896 -0.23240 -0.08429 255 255 0
20.7590 -9.4900 -36.5610 0.98430 -0.13884 -0.10902 255 255 0
21.1610 -3.9200 -46.4480 0.98612 -0.10757 -0.12648 255 255 0
21.3720 3.7760 -42.7860 0.98719 0.14355 -0.06963 255 255 0
22.3000 0.1950 -33.6700 0.99847 -0.00418 -0.05519 255 255 0
21.8670 1.4100 -38.1220 0.99584 0.04872 -0.07696 255 255 0
22.1800 1.0220 -34.6730 0.99226 0.02712 -0.12115 255 255 0
21.5930 4.2610 -38.5230 0.98921 0.12952 -0.06848 255 255 0
22.3650 2.2710 -32.4660 0.90094 0.22599 -0.37045 255 255 0
21.7170 -3.9810 -37.2250 0.98952 -0.11454 -0.08796 255 255 0
21.2380 -5.2780 -42.0190 0.98927 -0.13388 -0.05847 255 255 0
21.1800 -5.2440 -43.0850 0.98913 -0.13716 -0.05302 255 255 0
20.9100 -5.5510 -47.0010 0.98131 -0.12306 -0.14794 255 255 0
20.7900 -7.1170 -44.4660 0.97992 -0.19338 -0.04861 255 255 0
20.6700 -7.7530 -43.9500 0.97632 -0.21079 -0.04866 255 255 0
20.3930 -8.4880 -46.0140 0.97250 -0.22619 -0.05544 255 255 0
20.5970 -8.6170 -41.9840 0.97090 -0.23088 -0.06367 255 255 0
31.9390 2.2040 -25.4940 0.08511 0.99438 -0.06299 255 255 0
39.9580 1.5530 -25.0270 0.15311 0.97786 -0.14262 255 255 0
32.9790 2.0620 -23.8100 0.08424 0.99087 0.10528 255 255 0
32.4630 1.9450 -22.9070 0.07088 0.98464 0.15953 255 255 0
32.8220 1.8260 -22.3090 0.05051 0.96646 0.25180 255 255 0
32.2110 0.8960 -20.0670 0.00739 0.84243 0.53876 255 255 0
37.9720 1.5480 -21.1450 -0.00775 0.98104 0.19367 255 255 0
41.0110 1.3540 -19.7410 -0.05804 0.98215 0.17892 255 255 0
41.7800 1.3630 -19.5020 -0.07314 0.98944 0.12512 255 255 0
40.3980 0.9650 -26.6000 0.28431 0.89642 -0.33999 255 255 0
28.4220 2.4100 -26.3350 0.10625 0.97148 -0.21196 255 255 0
31.4310 1.7880 -28.4400 0.08122 0.93514 -0.34483 255 255 0
39.1570 0.7770 -27.9690 0.25622 0.82438 -0.50472 255 255 0
33.7080 1.3940 -28.8280 0.12270 0.89672 -0.42525 255 255 0
25.1840 2.4360 -27.5680 0.16244 0.95462 -0.24961 255 255 0
28.8360 0.7700 -19.5580 0.07983 0.74512 0.66214 255 255 0
35.6660 0.9400 -19.7850 0.03645 0.85413 0.51879 255 255 0
42.0030 0.0340 -13.7420 -0.46655 0.83669 0.28685 255 255 0
41.6980 1.1510 -24.6900 0.29992 0.92095 -0.24878 255 255 0
44.9650 0.9550 -20.8820 0.31611 0.92798 -0.19729 255 255 0
44.3010 0.7000 -23.1000 0.30364 0.93183 -0.19872 255 255 0
45.7090 0.0890 -23.0310 0.51249 0.78571 -0.34645 255 255 0
22.6020 -1.0560 -16.6000 0.76882 0.03359 0.63858 255 255 0
22.5090 1.2040 -12.4300 0.99941 0.02860 0.01914 255 255 0
22.4600 2.3530 -12.6600 0.99980 0.00411 0.01961 255 255 0
22.3760 -2.8530 -9.1110 0.99703 -0.07581 0.01350 255 255 0
22.3080 -3.3580 -6.8530 0.99434 -0.10605 0.00636 255 255 0
21.9750 -5.9430 -5.6650 0.98751 -0.15756 0.00186 255 255 0
21.5980 -7.9590 -5.2560 0.97798 -0.20870 0.00226 255 255 0
21.2520 -9.3970 -5.7210 0.96909 -0.24660 0.00766 255 255 0
22.4200 -3.9690 -16.5590 0.68853 -0.10076 0.71817 255 255 0
22.3830 -2.3310 -2.1800 0.99794 -0.06391 -0.00486 255 255 0
22.4230 -1.5180 -1.8300 0.99936 -0.03454 -0.00894 255 255 0
22.4000 -1.9750 0.5000 0.99929 -0.03775 -0.00065 255 255 0
22.4530 0.0920 -3.1410 0.99991 -0.00807 -0.01045 255 255 0
22.4410 -0.6520 -1.7750 0.99954 -0.01330 -0.02724 255 255 0
22.4430 -0.8560 1.4980 0.99992 -0.01189 -0.00304 255 255 0
22.4510 0.6380 -6.5750 0.99962 0.01423 0.02377 255 255 0
22.4080 2.1730 -7.1280 0.99809 0.06070 0.01109 255 255 0
22.4430 0.7180 -2.1350 0.99912 0.03867 -0.01651 255 255 0
22.3650 2.5480 -0.4780 0.99823 0.05938 -0.00267 255 255 0
22.3010 3.3210 -3.8990 0.99502 0.09969 0.00100 255 255 0
21.0110 -10.2800 -4.8050 0.95932 -0.28232 -0.00020 255 255 0
22.1790 -4.4490 -5.1150 0.99262 -0.12129 0.00113 255 255 0
22.1020 -5.3700 -9.5510 0.97948 -0.09499 -0.17778 255 255 0
21.9580 -6.3250 -9.8150 0.98563 -0.16436 0.03891 255 255 0
21.6390 -8.6660 -14.5320 0.97132 -0.23613 0.02786 255 255 0
21.9710 -7.1710 -16.0340 0.98566 -0.15366 0.06978 255 255 0
21.4330 -8.8240 -8.6330 0.97064 -0.24030 0.01091 255 255 0
21.5790 -8.4440 -12.0230 0.98684 -0.15797 0.03465 255 255 0
21.4820 -9.6630 -17.0970 0.88727 -0.42046 0.18962 255 255 0
22.4700 -0.2340 7.1730 0.99966 -0.02604 -0.00097 255 255 0
22.3830 2.4670 6.1070 0.99728 0.07307 -0.00995 255 255 0
22.5130 -1.0270 10.4060 0.99908 -0.03313 -0.02725 255 255 0
22.0760 -5.9280 11.6220 0.98863 -0.14860 -0.02294 255 255 0
21.4370 -9.1180 12.3810 0.97125 -0.23649 -0.02731 255 255 0
22.4040 -2.3540 7.7570 0.99751 -0.07040 -0.00391 255 255 0
22.4250 1.9550 6.7570 0.99883 0.04691 -0.01135 255 255 0
22.5130 1.4040 10.9960 0.99922 0.03433 -0.01948 255 255 0
22.5390 1.6140 12.4570 0.99882 0.03724 -0.03116 255 255 0
22.6970 1.5800 16.4770 0.99884 0.02669 -0.04019 255 255 0
22.1880 -4.5410 5.8280 0.99111 -0.13102 0.02332 255 255 0
22.1840 -4.5410 4.7470 0.99206 -0.12580 -0.00109 255 255 0
22.2790 -3.6580 4.3110 0.99510 -0.09887 -0.00067 255 255 0
21.8580 -6.7440 5.6230 0.98485 -0.17338 -0.00355 255 255 0
21.7800 -7.0810 2.0340 0.98071 -0.19546 -0.00263 255 255 0
21.6240 -7.9510 7.0380 0.97425 -0.22548 0.00120 255 255 0
21.6160 -7.9530 6.0340 0.97401 -0.22135 -0.04803 255 255 0
21.6080 -7.9560 4.5020 0.97624 -0.21668 0.00325 255 255 0
21.5860 -8.0210 1.2030 0.97644 -0.21578 -0.00067 255 255 0
21.2070 -9.5860 1.1480 0.96733 -0.25353 -0.00180 255 255 0
21.2060 -9.6420 5.9130 0.96746 -0.25297 -0.00474 255 255 0
36.1770 -5.6180 -31.9700 0.23281 -0.19070 -0.95364 255 255 0
32.0100 -5.3210 -32.4520 -0.31844 0.31780 -0.89308 255 255 0
29.3780 -7.1670 -32.0610 -0.10879 -0.49394 -0.86266 255 255 0
29.7600 -4.4870 -32.5680 0.03394 -0.04464 -0.99843 255 255 0
35.0910 -2.8760 -32.2360 0.20082 0.18492 -0.96202 255 255 0
35.1040 -0.5600 -31.0980 0.21206 0.60800 -0.76509 255 255 0
41.7090 -2.3460 -29.6960 0.47362 0.33177 -0.81585 255 255 0
44.7350 -2.2470 -27.2440 0.67050 0.34197 -0.65840 255 255 0
47.2170 -4.7590 -24.6300 0.82508 0.03017 -0.56421 255 255 0
36.1010 -8.1940 -30.8100 0.15963 -0.58848 -0.79260 255 255 0
28.5480 -6.8950 -31.9940 -0.08026 -0.42424 -0.90199 255 255 0
28.2950 -7.5210 -31.5240 -0.01385 -0.63874 -0.76930 255 255 0
34.2130 -1.4350 -31.8340 0.12866 0.45025 -0.88358 255 255 0
31.5760 0.3140 -30.7450 0.07251 0.71000 -0.70046 255 255 0
48.2190 -1.5090 -21.5640 0.81077 0.43649 -0.39004 255 255 0
40.4930 -5.4100 -30.4570 0.39155 -0.17401 -0.90355 255 255 0
42.9710 -6.6740 -28.8050 0.58643 -0.26006 -0.76712 255 255 0
40.0910 -7.4540 -29.9590 0.35155 -0.39018 -0.85098 255 255 0
41.5230 -8.3250 -28.7130 0.39103 -0.56331 -0.72786 255 255 0
42.2410 -8.8630 -27.9040 0.47821 -0.57643 -0.66260 255 255 0
46.6040 -6.9110 -24.9480 0.77176 -0.27652 -0.57264 255 255 0
45.7900 -8.2310 -25.0320 0.66043 -0.51781 -0.54379 255 255 0
48.2760 -5.8630 -22.5230 0.89310 -0.17367 -0.41498 255 255 0
47.8000 -8.2920 -21.6860 0.86758 -0.30519 -0.39264 255 255 0
19.8080 11.2020 -42.6850 0.95051 0.30703 -0.04752 255 255 0
18.4850 14.6000 -43.4250 0.91654 0.39672 -0.05073 255 255 0
17.8900 15.8040 -44.2200 0.90113 0.43052 -0.05113 255 255 0
20.7370 9.2990 -35.5100 0.95519 0.29600 -0.00160 255 255 0
21.1530 7.9420 -34.5500 0.96729 0.24948 -0.04583 255 255 0
19.9300 10.2620 -45.7840 0.95385 0.29214 -0.06944 255 255 0
19.2020 13.4500 -38.7680 0.93091 0.36268 -0.04337 255 255 0
19.9330 11.7720 -36.5370 0.94450 0.32601 -0.04057 255 255 0
18.9550 13.8660 -40.2960 0.92411 0.37911 -0.04799 255 255 0
18.5920 14.9990 -38.0720 0.91164 0.40878 -0.04244 255 255 0
19.1500 13.9940 -34.9310 0.93701 0.34903 -0.01367 255 255 0
18.8080 14.9280 -33.8030 0.91610 0.39936 -0.03553 255 255 0
18.6790 14.9770 -36.2690 0.91465 0.40225 -0.04021 255 255 0
22.0000 4.1520 -33.6960 0.98216 0.16786 -0.08481 255 255 0
21.1260 7.2270 -38.1060 0.97560 0.21113 -0.06019 255 255 0
20.1270 10.0660 -43.0970 0.96039 0.27506 -0.04464 255 255 0
20.4240 9.1440 -42.2260 0.96628 0.25346 -0.04531 255 255 0
20.9490 7.1750 -41.0590 0.97771 0.20144 -0.05913 255 255 0
20.8970 6.6940 -43.7200 0.98144 0.18369 -0.05514 255 255 0
20.8870 6.3430 -45.0340 0.98576 0.16006 -0.05165 255 255 0
21.1840 5.6890 -41.6420 0.98583 0.15819 -0.05578 255 255 0
21.1180 4.8230 -45.1260 0.99131 0.12004 -0.05379 255 255 0
21.1470 5.5040 -42.9660 0.98773 0.14701 -0.05261 255 255 0
20.5100 10.8470 -29.3240 0.95207 0.30438 -0.03029 255 255 0
19.9130 12.5930 -29.1090 0.93720 0.34766 -0.02793 255 255 0
19.1950 14.6690 -25.3870 0.92035 0.39039 -0.02371 255 255 0
18.9300 15.0310 -28.7960 0.91531 0.40170 -0.02909 255 255 0
18.4870 15.9590 -29.4610 0.90231 0.43007 -0.02950 255 255 0
18.2680 16.4380 -28.9110 0.89024 0.45463 -0.02788 255 255 0
20.8880 10.3030 -20.4430 0.95454 0.29772 -0.01484 255 255 0
21.3210 8.9060 -19.1290 0.96379 0.26642 -0.01177 255 255 0
21.7030 7.4300 -19.6040 0.97106 0.23862 -0.01053 255 255 0
22.0760 5.7850 -19.9080 0.97639 0.21596 -0.00423 255 255 0
22.2600 4.9400 -19.6090 0.97918 0.20300 -0.00164 255 255 0
20.4790 10.7410 -31.1510 0.95478 0.29528 -0.03483 255 255 0
19.3080 13.9940 -30.7010 0.92745 0.37223 -0.03586 255 255 0
20.1310 12.5000 -21.7690 0.94441 0.32874 -0.00479 255 255 0
20.7440 10.5640 -24.1920 0.95326 0.30129 -0.02281 255 255 0
19.8030 13.3010 -23.0860 0.93424 0.35559 -0.02751 255 255 0
20.1160 12.4670 -22.6750 0.93998 0.34023 -0.02594 255 255 0
20.2190 12.4140 -18.4460 0.94064 0.33896 -0.01747 255 255 0
19.5680 14.1440 -17.9990 0.92907 0.36953 0.01647 255 255 0
19.4480 14.4180 -17.6870 0.92042 0.39083 -0.00910 255 255 0
19.2660 14.8600 -16.7810 0.91151 0.41117 -0.00921 255 255 0
18.4940 16.2920 -23.0290 0.89925 0.43704 -0.01854 255 255 0
18.6540 16.0590 -20.6660 0.90776 0.41901 -0.01984 255 255 0
18.7260 16.0000 -18.5250 0.90273 0.42991 -0.01607 255 255 0
18.1650 17.2480 -14.7630 0.89214 0.45164 -0.01050 255 255 0
21.2870 8.3730 -27.8440 0.96287 0.26898 -0.02301 255 255 0
21.3820 7.7080 -30.8660 0.96832 0.24697 -0.03700 255 255 0
21.1570 8.2910 -32.4360 0.96217 0.26848 -0.04644 255 255 0
21.7690 6.5070 -27.5430 0.97342 0.22776 -0.02417 255 255 0
21.9520 4.8810 -32.4380 0.97777 0.20485 -0.04466 255 255 0
22.4380 3.2690 -28.0090 0.37270 0.92671 -0.04791 255 255 0
22.3520 3.0020 -32.1060 0.97045 0.20282 -0.13072 255 255 0
21.0670 9.9640 -13.4780 0.96071 0.27749 -0.00559 255 255 0
20.7910 10.8960 -13.2440 0.95141 0.30786 -0.00679 255 255 0
19.7260 13.9250 -12.4700 0.92745 0.37381 -0.00986 255 255 0
21.8040 6.8900 -5.6620 0.97910 0.20307 -0.01143 255 255 0
21.8500 6.6930 -5.2960 0.98351 0.18087 0.00018 255 255 0
20.4900 11.9230 -6.4250 0.94671 0.32206 -0.00485 255 255 0
20.3040 12.4950 -2.4120 0.93948 0.34256 -0.00470 255 255 0
20.0350 13.2330 -1.9160 0.93369 0.35799 -0.00790 255 255 0
19.9770 13.3410 -6.5340 0.93606 0.35181 -0.00442 255 255 0
19.9310 13.5060 -1.2630 0.92830 0.37178 -0.00602 255 255 0
19.6000 14.3460 -2.3330 0.92352 0.38355 0.00172 255 255 0
19.8390 13.7440 -0.1330 0.92867 0.37091 -0.00169 255 255 0
18.8440 15.9420 -11.0950 0.90506 0.42514 -0.01135 255 255 0
19.1660 15.3390 -1.4480 0.91158 0.41092 -0.01270 255 255 0
18.7480 16.2030 -7.9740 0.90386 0.42778 -0.00619 255 255 0
21.4540 8.5830 -7.2950 0.97223 0.23403 0.00065 255 255 0
21.2770 9.2140 -13.3370 0.96703 0.25462 -0.00469 255 255 0
21.3320 9.0180 -12.4790 0.96843 0.24930 -0.00106 255 255 0
21.9470 6.4560 -13.8170 0.97969 0.20041 0.00705 255 255 0
21.9060 6.5280 -10.8350 0.98268 0.18524 0.00449 255 255 0
22.4820 3.8390 -17.2810 0.99086 0.13484 -0.00381 255 255 0
22.2730 4.0610 -10.5740 0.99103 0.13258 0.01680 255 255 0
20.5070 11.9730 2.0880 0.94810 0.31798 -0.00160 255 255 0
19.6000 14.3510 3.7520 0.92552 0.37870 -0.00116 255 255 0
19.0610 15.5930 -0.7430 0.91055 0.41339 -0.00252 255 255 0
20.8330 10.9390 11.9160 0.95356 0.30120 0.00210 255 255 0
21.6960 7.7720 12.5600 0.97631 0.21601 -0.01269 255 255 0
20.5590 11.7820 11.3680 0.94774 0.31904 -0.00296 255 255 0
20.2420 12.6910 8.3350 0.93650 0.35056 0.00900 255 255 0
19.9540 13.4620 6.6550 0.93278 0.36044 0.00000 255 255 0
19.5790 14.4000 5.6860 0.92293 0.38497 0.00026 255 255 0
19.5420 14.4870 8.9790 0.92270 0.38551 0.00123 255 255 0
19.1780 15.3250 8.4010 0.91299 0.40799 0.00068 255 255 0
18.5260 16.7080 8.6220 0.89529 0.44549 0.00103 255 255 0
18.7920 16.1500 17.7840 0.90335 0.42891 -0.00069 255 255 0
22.4980 3.9670 16.8850 0.98835 0.14973 -0.02718 255 255 0
21.1950 9.6310 4.5840 0.96551 0.26025 -0.00745 255 255 0
21.0890 10.0660 5.1540 0.94342 0.32505 -0.06553 255 255 0
21.7180 7.4540 5.5690 0.97927 0.20255 -0.00053 255 255 0
21.4540 8.6020 4.1330 0.97266 0.23221 0.00080 255 255 0
21.7950 7.0960 7.8890 0.98044 0.19669 -0.00747 255 255 0
21.6970 7.4820 1.4500 0.98022 0.19790 -0.00093 255 255 0
22.1700 5.1110 10.9070 0.98880 0.14805 -0.01883 255 255 0
22.0860 5.3160 5.3630 0.98938 0.14530 -0.00469 255 255 0
22.2420 3.9990 3.0420 0.99489 0.10099 -0.00237 255 255 0
22.2870 3.6660 6.2390 0.99535 0.09618 -0.00456 255 255 0
22.1600 4.6280 -5.4530 0.99215 0.12504 0.00180 255 255 0
20.3090 12.5260 22.2090 0.93959 0.34230 -0.00059 255 255 0
19.6740 14.1510 22.8470 0.92491 0.38019 0.00081 255 255 0
19.2220 15.2110 22.8530 0.91368 0.40644 0.00168 255 255 0
18.8000 16.1240 23.3490 0.90261 0.43045 0.00307 255 255 0
21.4190 8.9290 30.3890 0.96235 0.27170 0.00823 255 255 0
22.0380 6.4900 30.7910 0.97444 0.22433 0.01209 255 255 0
22.4800 4.4280 30.5630 0.97892 0.20368 0.01518 255 255 0
21.1100 10.0890 20.2300 0.95669 0.29110 -0.00153 255 255 0
20.6590 11.4980 28.1750 0.94914 0.31479 0.00682 255 255 0
19.9900 13.3770 24.9130 0.93165 0.36334 0.00151 255 255 0
19.9680 13.3060 31.7080 0.93629 0.35066 0.01994 255 255 0
19.7300 14.0040 30.3190 0.92574 0.37800 0.01080 255 255 0
19.2800 14.9740 31.8200 0.91461 0.40405 0.01539 255 255 0
18.7140 16.1550 33.1380 0.90025 0.43506 0.01656 255 255 0
22.0340 6.3210 32.6110 0.97604 0.21564 0.02903 255 255 0
22.6990 3.0340 32.5730 0.89781 0.40907 0.16307 255 255 0
21.2500 9.6110 22.4090 0.96166 0.27425 -0.00103 255 255 0
21.5860 8.4360 19.8820 0.96714 0.25424 -0.00194 255 255 0
21.5780 8.4420 25.3310 0.96629 0.25746 0.00294 255 255 0
21.7990 7.5300 18.5530 0.97105 0.23870 -0.00952 255 255 0
22.0560 6.2950 14.6300 0.98015 0.19755 -0.01662 255 255 0
22.2640 5.5650 24.4760 0.97662 0.21498 0.00058 255 255 0
22.2120 5.7800 22.5520 0.97545 0.22016 -0.00462 255 255 0
22.1340 6.1240 19.3200 0.97734 0.21162 -0.00411 255 255 0
22.3130 5.3100 22.2360 0.97916 0.20300 -0.00591 255 255 0
22.7020 3.2980 22.5470 0.34590 0.93701 -0.04856 255 255 0
13.3120 23.1520 -42.6310 0.76945 0.63699 -0.04677 255 255 0
12.7060 23.8760 -42.5710 0.75872 0.64996 -0.04353 255 255 0
11.9940 24.5200 -44.8750 0.74052 0.66968 -0.05627 255 255 0
10.6970 25.9230 -44.2140 0.70359 0.70872 -0.05170 255 255 0
9.9240 26.7680 -42.6360 0.68442 0.72754 -0.04750 255 255 0
13.7640 22.7850 -40.1330 0.77813 0.62625 -0.04819 255 255 0
14.0810 22.7070 -36.1910 0.78609 0.61675 -0.04106 255 255 0
15.8630 20.1400 -36.3540 0.83358 0.55060 -0.04460 255 255 0
16.5430 19.0570 -36.3540 0.85535 0.51635 -0.04184 255 255 0
17.1560 17.9880 -36.5380 0.87120 0.48920 -0.04114 255 255 0
17.5310 17.3090 -36.3930 0.88346 0.46673 -0.04069 255 255 0
13.5050 23.5990 -32.6960 0.77173 0.63508 -0.03333 255 255 0
11.6340 25.2860 -39.7090 0.72736 0.68486 -0.04374 255 255 0
11.5220 25.6730 -35.2570 0.72085 0.69188 -0.04098 255 255 0
10.0520 26.8320 -39.8080 0.69388 0.71971 -0.02341 255 255 0
14.9430 21.0260 -42.3830 0.81709 0.57450 -0.04819 255 255 0
14.3620 21.6770 -44.0720 0.80265 0.59459 -0.04711 255 255 0
14.3330 21.6560 -44.7710 0.80544 0.58912 -0.06484 255 255 0
14.8340 20.9910 -44.4510 0.81706 0.57434 -0.05045 255 255 0
16.4680 18.7620 -41.2970 0.85377 0.51831 -0.04922 255 255 0
15.6570 19.8930 -43.1000 0.84026 0.54030 -0.04517 255 255 0
16.2140 19.0980 -42.1210 0.85449 0.51521 -0.06640 255 255 0
16.0680 19.0730 -44.8790 0.86088 0.50526 -0.06002 255 255 0
16.9670 17.8810 -41.4840 0.87307 0.48494 -0.05090 255 255 0
16.8850 17.5870 -45.6990 0.84755 0.52764 -0.05709 255 255 0
17.7340 16.6350 -39.4590 0.89117 0.45141 -0.04528 255 255 0
12.3750 25.0270 -29.8980 0.73645 0.67582 -0.03010 255 255 0
10.9990 26.5140 -28.3910 0.69950 0.71409 -0.02785 255 255 0
15.1500 21.9620 -20.5430 0.81193 0.58352 -0.01624 255 255 0
16.3610 20.2220 -19.5290 0.83843 0.54485 -0.01302 255 255 0
16.9870 19.1680 -21.1840 0.85724 0.51454 -0.01968 255 255 0
13.6710 23.5860 -28.6320 0.77600 0.63018 -0.02652 255 255 0
15.8400 20.5150 -32.2520 0.83160 0.55452 -0.03088 255 255 0
14.0280 23.4000 -22.5680 0.77865 0.62705 -0.02267 255 255 0
13.1870 24.5020 -18.5970 0.75752 0.65267 -0.01388 255 255 0
12.0940 25.7220 -18.5540 0.72855 0.68497 0.00538 255 255 0
12.0830 25.5580 -24.2760 0.72956 0.68356 -0.02198 255 255 0
12.4840 25.2990 -17.2190 0.73179 0.68139 -0.01370 255 255 0
12.0950 25.6620 -20.0500 0.72479 0.68860 -0.02251 255 255 0
11.4840 26.3410 -17.7790 0.70671 0.70742 -0.01098 255 255 0
10.8320 26.8760 -21.9510 0.69252 0.72113 -0.01990 255 255 0
17.6900 18.0100 -18.6610 0.87587 0.48231 -0.01521 255 255 0
15.2470 21.5310 -28.1870 0.80538 0.59228 -0.02372 255 255 0
15.2130 21.5060 -29.6900 0.80096 0.59780 -0.03316 255 255 0
15.8010 20.9340 -23.8530 0.82813 0.55999 -0.02467 255 255 0
17.6090 17.9790 -24.0310 0.87311 0.48699 -0.02289 255 255 0
17.1180 18.6510 -27.6680 0.85132 0.52423 -0.02091 255 255 0
17.3630 18.2240 -27.8640 0.87324 0.48604 -0.03501 255 255 0
17.4410 17.8740 -31.3940 0.87017 0.49260 -0.01261 255 255 0
16.9900 18.5750 -32.6000 0.86204 0.50581 -0.03232 255 255 0
12.4730 25.3910 -12.2070 0.72987 0.68358 -0.00325 255 255 0
11.0020 26.9150 -11.3240 0.69772 0.71636 -0.00444 255 255 0
14.8820 22.5790 -4.5230 0.80044 0.59942 -0.00178 255 255 0
15.8940 21.1650 -4.2890 0.82183 0.56971 -0.00479 255 255 0
17.2730 19.0020 -3.3900 0.86258 0.50591 -0.00450 255 255 0
9.9420 27.8730 -13.3610 0.66576 0.74611 -0.00931 255 255 0
14.3350 23.2760 -5.5370 0.78171 0.62362 -0.00497 255 255 0
13.3430 24.4440 -10.6220 0.75759 0.65270 -0.00581 255 255 0
14.0540 23.6340 -3.3430 0.78218 0.62295 0.01112 255 255 0
14.2390 23.4160 -0.4900 0.77834 0.62783 -0.00405 255 255 0
13.5720 24.2000 -6.4500 0.76170 0.64792 -0.00401 255 255 0
13.0770 24.8060 -0.6940 0.75209 0.65906 -0.00099 255 255 0
12.3640 25.5860 -1.8740 0.72781 0.68577 -0.00246 255 255 0
12.3410 25.5860 -6.9950 0.73023 0.68316 -0.00780 255 255 0
11.1430 26.8140 -7.2710 0.70066 0.71347 -0.00653 255 255 0
10.8710 27.0830 -4.6640 0.69315 0.72077 -0.00552 255 255 0
11.0950 26.8760 -3.3240 0.70022 0.71391 -0.00372 255 255 0
11.1250 26.8320 -6.4730 0.70289 0.71130 0.00072 255 255 0
10.2550 27.6740 -2.6240 0.67200 0.74055 -0.00343 255 255 0
16.6450 20.0370 -1.0600 0.84755 0.53072 -0.00094 255 255 0
16.4050 20.4020 -6.2320 0.83949 0.54335 -0.00496 255 255 0
14.8880 22.4530 -15.2370 0.80023 0.59957 -0.01261 255 255 0
15.9550 20.9830 -13.6970 0.83081 0.55638 -0.01373 255 255 0
15.4010 21.8740 -7.3460 0.81102 0.58499 -0.00560 255 255 0
16.4370 20.2160 -14.7480 0.84220 0.53902 -0.01265 255 255 0
18.1830 17.3690 -5.7570 0.88566 0.46433 -0.00282 255 255 0
17.6070 18.3350 -12.4470 0.87036 0.49234 -0.00827 255 255 0
16.9220 19.5850 -6.9490 0.85499 0.51861 0.00569 255 255 0
13.5180 24.3010 4.1120 0.76105 0.64869 0.00035 255 255 0
12.1530 25.8230 5.3700 0.72888 0.68464 0.00069 255 255 0
11.3840 26.6070 2.9140 0.70351 0.71069 -0.00132 255 255 0
10.6090 27.3530 7.7800 0.68258 0.73081 0.00049 255 255 0
14.6120 22.9480 4.7900 0.78904 0.61434 0.00053 255 255 0
15.0240 22.3960 16.0430 0.80217 0.59709 0.00087 255 255 0
16.1120 20.8530 23.1480 0.83225 0.55440 0.00095 255 255 0
14.8370 22.6520 3.1240 0.79929 0.60095 -0.00111 255 255 0
13.6620 24.1220 11.9680 0.76416 0.64503 -0.00083 255 255 0
13.8940 23.8400 14.7010 0.77191 0.63573 0.00027 255 255 0
13.0960 24.7750 13.5260 0.75108 0.66021 0.00032 255 255 0
12.3810 25.5680 11.6740 0.73342 0.67978 0.00093 255 255 0
12.5600 25.3730 17.3600 0.73456 0.67854 0.00088 255 255 0
11.8350 26.1420 11.5440 0.71566 0.69845 0.00082 255 255 0
11.0910 26.8860 14.5750 0.69836 0.71575 0.00044 255 255 0
11.4750 26.5030 17.8700 0.70933 0.70488 0.00101 255 255 0
18.2480 17.2440 13.9280 0.88528 0.46507 -0.00042 255 255 0
18.2020 17.3310 15.7880 0.88708 0.46162 0.00020 255 255 0
15.2750 22.0620 5.2300 0.80893 0.58791 -0.00013 255 255 0
15.2440 22.1000 1.1640 0.80911 0.58765 -0.00145 255 255 0
15.9480 21.1110 5.0260 0.82411 0.56643 0.00062 255 255 0
15.9630 21.0880 4.2950 0.82124 0.57057 -0.00425 255 255 0
15.6430 21.5460 2.4740 0.81818 0.57496 0.00135 255 255 0
16.2230 20.7000 4.7430 0.83386 0.55197 0.00120 255 255 0
16.3650 20.4900 2.0840 0.83890 0.54429 -0.00098 255 255 0
16.7320 19.9060 10.5720 0.85016 0.52653 0.00042 255 255 0
17.0620 19.3690 5.0210 0.86136 0.50792 -0.00915 255 255 0
17.1540 19.2170 3.3920 0.85434 0.51971 0.00173 255 255 0
17.4870 18.6510 5.9790 0.86647 0.49924 0.00022 255 255 0
17.9060 17.9040 9.3410 0.87652 0.48136 0.00214 255 255 0
17.4040 18.7900 1.8670 0.86374 0.50394 -0.00212 255 255 0
18.0680 17.6040 2.5050 0.88363 0.46818 -0.00160 255 255 0
18.3450 17.0690 6.6140 0.88938 0.45716 -0.00158 255 255 0
18.4250 16.9080 4.5400 0.89561 0.44484 0.00057 255 255 0
18.4280 16.8960 0.3440 0.89689 0.44223 0.00320 255 255 0
13.8340 23.9070 23.1870 0.78919 0.61414 -0.00018 255 255 0
13.6900 24.0930 25.5080 0.76576 0.64312 0.00265 255 255 0
11.3790 26.6040 25.9120 0.70401 0.71019 0.00314 255 255 0
13.9430 23.6820 32.8450 0.76395 0.64437 0.03415 255 255 0
15.3190 21.9620 28.8750 0.81023 0.58608 0.00691 255 255 0
16.6920 19.9180 30.1350 0.84809 0.52976 0.01010 255 255 0
10.4130 27.5230 22.4340 0.67778 0.73526 0.00170 255 255 0
15.1570 22.2220 18.4430 0.80911 0.58765 -0.00183 255 255 0
14.0390 23.5970 31.1350 0.76897 0.63924 0.00796 255 255 0
13.3230 24.4000 33.1760 0.75298 0.65801 0.00666 255 255 0
12.8320 25.0460 27.2070 0.74306 0.66922 0.00241 255 255 0
12.2110 25.7300 27.9810 0.72912 0.68438 0.00121 255 255 0
11.9120 26.0460 28.8130 0.71907 0.69494 -0.00072 255 255 0
12.2000 25.7200 29.8810 0.74194 0.67044 0.00635 255 255 0
12.7740 25.0660 30.9850 0.75073 0.65954 0.03757 255 255 0
11.6700 26.3010 26.9820 0.71804 0.69590 0.01193 255 255 0
11.8810 26.0630 27.2560 0.72497 0.68856 0.01754 255 255 0
11.1030 26.7600 33.4530 0.68735 0.72612 0.01755 255 255 0
11.5590 26.3580 31.7500 0.71124 0.70275 0.01661 255 255 0
18.0610 17.4730 31.9890 0.88354 0.46814 0.01422 255 255 0
17.2380 19.0750 19.6180 0.85353 0.52104 0.00213 255 255 0
17.5500 18.5520 20.5330 0.86940 0.49410 0.00308 255 255 0
16.6380 20.0310 26.4920 0.84361 0.53694 0.00415 255 255 0
17.1640 19.1920 14.6150 0.86798 0.49658 -0.00495 255 255 0
18.0600 17.5520 29.3010 0.88112 0.47281 0.00861 255 255 0
17.6690 18.3210 17.5030 0.87462 0.48481 -0.00241 255 255 0
18.5770 16.5910 21.6150 0.89556 0.44495 0.00140 255 255 0
3.2280 31.6930 -43.3560 0.49654 0.86672 -0.04731 255 255 0
0.6890 33.0150 -43.4690 0.43436 0.89937 -0.04965 255 255 0
-1.4630 33.9920 -42.8780 0.37326 0.92636 -0.05032 255 255 0
2.8810 32.1330 -38.9250 0.49202 0.86959 -0.04163 255 255 0
5.4680 30.6340 -36.9900 0.55201 0.83285 -0.04043 255 255 0
6.6750 29.8030 -36.6270 0.57522 0.81798 0.00536 255 255 0
7.9100 28.9180 -35.8150 0.61958 0.78395 -0.03928 255 255 0
3.6490 31.2890 -45.8370 0.51038 0.85671 -0.07452 255 255 0
1.9110 32.6320 -39.1410 0.42276 0.90410 -0.06229 255 255 0
3.3690 31.9980 -35.8020 0.50523 0.86193 -0.04267 255 255 0
1.6760 32.9140 -35.8520 0.46548 0.87649 -0.12285 255 255 0
0.9040 33.4740 -31.5650 0.43106 0.90167 -0.03428 255 255 0
0.3460 33.5480 -36.2170 0.41623 0.90828 -0.04225 255 255 0
0.0240 33.4580 -41.3000 0.41784 0.90732 -0.04671 255 255 0
4.9750 31.1900 -31.8370 0.53369 0.84512 -0.03094 255 255 0
9.4680 27.7780 -32.1470 0.65977 0.75071 -0.03374 255 255 0
4.7860 30.8250 -41.6140 0.53263 0.84509 -0.04619 255 255 0
5.0410 30.5170 -44.0680 0.54724 0.83549 -0.04977 255 255 0
4.6850 30.6850 -45.1310 0.53425 0.84399 -0.04744 255 255 0
5.1630 30.5420 -42.3110 0.54773 0.83516 -0.05006 255 255 0
6.0220 29.9780 -41.9810 0.57525 0.81666 -0.04633 255 255 0
7.9570 28.6150 -40.6410 0.62428 0.77995 -0.04413 255 255 0
6.4960 29.6240 -42.1930 0.59147 0.80519 -0.04276 255 255 0
7.4810 28.7950 -43.6730 0.61479 0.78705 -0.05094 255 255 0
7.9670 28.1810 -46.9810 0.61591 0.76242 -0.19842 255 255 0
8.5350 28.0640 -41.6580 0.64744 0.76060 -0.04818 255 255 0
8.6950 27.7890 -43.8370 0.64923 0.75895 -0.05002 255 255 0
8.4550 27.9720 -44.1030 0.63660 0.76966 -0.04859 255 255 0
9.3920 27.0370 -45.8990 0.66203 0.74679 -0.06345 255 255 0
3.2000 32.4030 -27.8000 0.50023 0.86546 -0.02716 255 255 0
1.4040 33.2930 -29.4920 0.44784 0.89345 -0.03446 255 255 0
-0.2280 34.0660 -29.0030 0.39293 0.91923 -0.02500 255 255 0
-1.8330 34.7240 -28.8460 0.35220 0.93553 -0.02710 255 255 0
4.9410 31.5260 -21.1500 0.53245 0.84627 -0.01807 255 255 0
6.2150 30.6820 -20.8920 0.56342 0.82604 -0.01474 255 255 0
6.6300 30.3970 -20.6030 0.58223 0.81284 -0.01752 255 255 0
7.1210 30.0300 -21.0420 0.59701 0.80198 -0.02012 255 255 0
7.8880 29.4840 -19.6780 0.61609 0.78742 -0.02010 255 255 0
8.7860 28.7090 -22.2540 0.63560 0.77176 -0.01988 255 255 0
1.3520 33.4350 -27.0310 0.43870 0.89835 -0.02256 255 255 0
2.3310 33.0640 -21.8880 0.46862 0.88303 -0.02553 255 255 0
2.1920 33.1730 -17.5250 0.44175 0.89710 -0.00851 255 255 0
1.1130 33.5600 -26.2460 0.42173 0.90652 -0.01914 255 255 0
1.0230 33.7330 -19.2800 0.40119 0.91547 -0.03096 255 255 0
-1.2320 34.7390 -17.3300 0.37308 0.92767 -0.01552 255 255 0
10.2370 27.4900 -19.8760 0.67873 0.73419 -0.01717 255 255 0
5.4350 31.0820 -25.9340 0.54397 0.83870 -0.02586 255 255 0
6.3630 30.3640 -29.0670 0.57473 0.81793 -0.02577 255 255 0
6.0060 30.4700 -32.7590 0.57471 0.81757 -0.03589 255 255 0
7.4440 29.5170 -30.1870 0.62017 0.78445 -0.00451 255 255 0
8.0530 29.1730 -27.1340 0.65092 0.75296 -0.09673 255 255 0
8.3460 28.7910 -30.7320 0.62709 0.77834 -0.03074 255 255 0
9.3290 28.1430 -26.1460 0.65896 0.75171 -0.02654 255 255 0
2.5310 33.0510 -13.5530 0.47018 0.88253 -0.00894 255 255 0
0.6020 34.0200 -11.8660 0.52459 0.84522 0.10202 255 255 0
0.4080 34.1330 -11.7510 0.43384 0.90099 0.00113 255 255 0
3.9600 32.3010 -7.7480 0.50957 0.86040 -0.00701 255 255 0
3.6320 32.5170 -1.6230 0.50179 0.86499 0.00270 255 255 0
6.6980 30.5390 -4.1270 0.58273 0.81265 -0.00391 255 255 0
8.5830 29.1120 -4.7170 0.62989 0.77666 -0.00624 255 255 0
4.5090 31.9520 -11.5630 0.52303 0.85229 -0.00647 255 255 0
2.2360 33.2540 -7.5990 0.45914 0.88833 -0.00796 255 255 0
2.9130 32.9050 -6.1270 0.50117 0.86519 0.01634 255 255 0
1.5700 33.6160 -2.7050 0.44320 0.89642 -0.00284 255 255 0
1.4660 33.6500 -6.0400 0.44458 0.89514 0.03281 255 255 0
0.3090 34.1980 -5.5210 0.41612 0.90931 -0.00119 255 255 0
1.4340 33.6850 -0.1520 0.43907 0.89845 -0.00320 255 255 0
-0.6660 34.6210 -4.8180 0.38105 0.92455 -0.00359 255 255 0
-0.9550 34.7550 3.0320 0.37593 0.92661 0.00860 255 255 0
10.1730 27.7390 -3.6770 0.66885 0.74338 -0.00587 255 255 0
6.1660 30.8820 -9.8950 0.56708 0.82365 -0.00488 255 255 0
5.5800 31.2480 -12.0740 0.55288 0.83306 -0.01818 255 255 0
5.2110 31.4880 -11.7410 0.55003 0.83512 0.00641 255 255 0
6.6490 30.5250 -10.7160 0.58280 0.81255 -0.01036 255 255 0
7.8110 29.6480 -16.3930 0.60575 0.79554 -0.01321 255 255 0
7.6330 29.8050 -10.7470 0.59976 0.80018 -0.00060 255 255 0
7.6950 29.7520 -12.5260 0.59537 0.80344 -0.00519 255 255 0
8.8060 28.9120 -7.3550 0.63998 0.76839 -0.00303 255 255 0
9.3100 28.3710 -17.0130 0.65375 0.75657 -0.01452 255 255 0
4.6570 31.9100 5.2390 0.52388 0.85179 0.00053 255 255 0
2.9450 32.9060 1.1750 0.48437 0.87486 -0.00292 255 255 0
-0.0610 34.3780 3.1820 0.40232 0.91550 0.00039 255 255 0
-1.1320 34.8210 10.0750 0.37221 0.92815 0.00147 255 255 0
5.3310 31.4770 18.1370 0.54196 0.84040 0.00091 255 255 0
8.0590 29.5400 11.4470 0.61653 0.78733 0.00115 255 255 0
9.5640 28.2890 14.4490 0.65437 0.75618 0.00001 255 255 0
-1.2630 34.8740 3.3480 0.36640 0.93046 0.00067 255 255 0
3.7970 32.4140 15.1520 0.50681 0.86205 0.00062 255 255 0
4.2240 32.1620 17.1680 0.51630 0.85641 -0.00221 255 255 0
3.1160 32.8020 11.9110 0.48448 0.87480 0.00033 255 255 0
3.2310 32.7360 16.7060 0.49195 0.87063 -0.00040 255 255 0
1.9640 33.4250 7.6920 0.45069 0.89268 -0.00004 255 255 0
2.4640 33.1550 13.4650 0.46704 0.88424 0.00072 255 255 0
1.6730 33.5630 11.5430 0.44428 0.89589 0.00143 255 255 0
1.5920 33.5990 14.9630 0.44436 0.89585 0.00116 255 255 0
-0.0480 34.3730 5.3410 0.40322 0.91510 0.00022 255 255 0
0.8510 33.9600 11.3020 0.42263 0.90630 0.00018 255 255 0
0.2950 34.2110 16.9610 0.40423 0.91466 0.00037 255 255 0
-0.3880 34.5170 8.0370 0.38854 0.92143 -0.00019 255 255 0
-0.7370 34.6570 18.3870 0.38223 0.92407 0.00055 255 255 0
5.5800 31.3080 21.7180 0.54525 0.83827 0.00189 255 255 0
5.3060 31.4870 -3.0090 0.54199 0.84039 -0.00178 255 255 0
5.0590 31.6530 4.6000 0.54426 0.83892 0.00059 255 255 0
6.1420 30.9410 5.8680 0.56293 0.82650 0.00087 255 255 0
6.9970 30.3350 6.7540 0.58828 0.80866 -0.00001 255 255 0
6.3680 30.7890 5.4650 0.58065 0.81403 0.01434 255 255 0
7.5630 29.9220 4.6530 0.60227 0.79829 -0.00180 255 255 0
7.8570 29.6920 5.9320 0.61415 0.78919 -0.00015 255 255 0
8.1010 29.5050 1.6790 0.61676 0.78715 -0.00093 255 255 0
8.4080 29.2580 7.7330 0.62679 0.77918 -0.00066 255 255 0
9.0920 28.7010 5.8940 0.64121 0.76736 -0.00069 255 255 0
9.7300 28.1510 2.2940 0.65668 0.75417 -0.00103 255 255 0
9.8990 28.0000 4.1910 0.66852 0.74370 -0.00040 255 255 0
3.1880 32.7730 23.6630 0.48815 0.87276 0.00181 255 255 0
0.5010 34.1190 23.1600 0.41797 0.90845 0.00376 255 255 0
2.3450 33.2370 27.6220 0.46533 0.88512 0.00555 255 255 0
5.3010 31.4190 34.0130 0.53549 0.84438 0.01633 255 255 0
6.1440 30.8990 30.0980 0.56284 0.82655 0.00522 255 255 0
8.9610 28.7700 31.2690 0.64080 0.76765 0.00959 255 255 0
9.1050 28.6310 30.3780 0.67540 0.73745 -0.00183 255 255 0
4.6550 31.8990 20.3640 0.52856 0.84890 0.00064 255 255 0
1.8900 33.3150 37.3700 0.45369 0.89079 0.02571 255 255 0
0.6030 34.0350 31.6810 0.40342 0.91483 0.01826 255 255 0
-0.7320 34.5730 33.4250 0.38425 0.92309 0.01618 255 255 0
-1.2110 34.8460 24.2130 0.37765 0.92593 0.00594 255 255 0
9.8700 27.9710 30.0400 0.66774 0.74438 0.00580 255 255 0
5.4730 31.3760 22.9320 0.54100 0.84102 0.00248 255 255 0
5.6200 31.2770 24.4750 0.54592 0.83783 0.00365 255 255 0
6.2880 30.8300 18.0620 0.56675 0.82389 0.00008 255 255 0
6.9040 30.3880 24.7620 0.58623 0.81014 0.00391 255 255 0
6.2760 30.8380 22.0990 0.57258 0.81984 0.00202 255 255 0
6.8080 30.4650 19.2810 0.58305 0.81243 0.00136 255 255 0
6.7280 30.5240 13.6600 0.58080 0.81404 0.00077 255 255 0
7.9570 29.6060 24.2880 0.61174 0.79104 0.00521 255 255 0
7.6940 29.8080 19.2600 0.60370 0.79721 0.00091 255 255 0
8.9160 28.8320 26.5490 0.63996 0.76839 0.00451 255 255 0
8.4330 29.2300 22.5750 0.62820 0.77805 0.00101 255 255 0
9.3190 28.4920 24.6260 0.65437 0.75617 0.00427 255 255 0
9.3160 28.5020 20.6250 0.64960 0.76027 0.00135 255 255 0
9.8760 28.0120 19.3500 0.66891 0.74335 -0.00018 255 255 0
-9.0490 36.1980 -40.9620 0.15875 0.98621 -0.04682 255 255 0
-10.4620 36.1710 -45.8130 0.12457 0.98996 -0.06676 255 255 0
-11.8870 36.3400 -45.4640 0.08570 0.99436 -0.06253 255 255 0
-13.5280 36.5150 -43.9190 0.03780 0.99794 -0.05175 255 255 0
-7.8750 36.1810 -36.8910 0.18839 0.98136 -0.03803 255 255 0
-5.7380 35.7380 -35.6130 0.24861 0.96793 -0.03619 255 255 0
-3.6320 35.1120 -35.7400 0.30801 0.95054 -0.04001 255 255 0
-8.3790 35.9610 -43.3000 0.19667 0.97900 -0.05367 255 255 0
-14.4340 36.6270 -42.1450 0.01856 0.99891 -0.04281 255 255 0
-8.7220 35.9450 -44.8570 0.19803 0.97844 -0.05860 255 255 0
-15.2820 36.4640 -45.5630 -0.00335 0.99857 -0.05340 255 255 0
-9.4020 36.5900 -32.9800 0.16555 0.98576 -0.02938 255 255 0
-10.1780 36.4610 -38.7910 0.11289 0.99358 -0.00713 255 255 0
-10.9430 36.6920 -35.7190 0.11656 0.99221 -0.04401 255 255 0
-12.3190 36.6740 -39.5250 0.07527 0.99620 -0.04392 255 255 0
-12.1180 36.8800 -33.8870 0.08346 0.99590 -0.03486 255 255 0
-12.5740 36.9450 -33.1000 0.06666 0.99709 -0.03689 255 255 0
-13.0800 36.7600 -38.2180 0.02548 0.99838 -0.05089 255 255 0
-13.1910 36.8570 -36.0360 0.06342 0.99719 -0.03990 255 255 0
-14.9110 36.8980 -36.2330 0.00682 0.99918 -0.03982 255 255 0
-13.7050 36.8880 -35.9620 0.02781 0.99921 -0.02845 255 255 0
-14.4070 36.9720 -34.0870 0.02476 0.99898 -0.03765 255 255 0
-7.0110 35.7840 -41.2840 0.21843 0.97468 -0.04775 255 255 0
-8.7600 35.7840 -47.4750 0.16343 0.90668 -0.38887 255 255 0
-7.0910 35.6730 -43.7750 0.20312 0.97748 -0.05728 255 255 0
-6.4330 35.5240 -43.7270 0.23821 0.96953 -0.05712 255 255 0
-5.2370 35.2500 -43.1110 0.26486 0.96304 -0.04901 255 255 0
-5.2850 35.2770 -42.7510 0.22963 0.97215 -0.04683 255 255 0
-5.2190 35.2880 -42.2170 0.26936 0.96198 -0.04525 255 255 0
-2.8800 34.6510 -40.2150 0.32685 0.94400 -0.04519 255 255 0
-3.7750 34.8030 -43.1910 0.30867 0.95001 -0.04700 255 255 0
-4.5150 34.9000 -45.7400 0.27437 0.95943 -0.06495 255 255 0
-3.3340 34.5710 -44.7690 0.32665 0.94345 -0.05668 255 255 0
-2.1120 34.2020 -43.5590 0.34363 0.93773 -0.05086 255 255 0
-9.3330 36.7910 -26.5270 0.15742 0.98724 -0.02418 255 255 0
-12.6910 37.0730 -29.0700 0.07017 0.99680 -0.03836 255 255 0
-6.5220 36.3310 -22.1840 0.22382 0.97438 -0.02226 255 255 0
-5.2280 36.0240 -20.9160 0.26630 0.96372 -0.01816 255 255 0
-3.4320 35.4930 -20.1830 0.30919 0.95087 -0.01605 255 255 0
-2.3930 35.1160 -21.2370 0.34036 0.94012 -0.01841 255 255 0
-10.0840 36.8040 -29.7840 0.13690 0.99004 -0.03293 255 255 0
-14.3290 37.0840 -30.8150 0.02162 0.99919 -0.03386 255 255 0
-9.1420 36.9370 -16.3200 0.15438 0.98796 -0.00987 255 255 0
-12.6570 37.1210 -27.8940 0.06685 0.99736 -0.02818 255 255 0
-11.1540 37.1940 -16.5720 0.10532 0.99432 -0.01525 255 255 0
-12.2020 37.2150 -21.7150 0.08043 0.99659 -0.01826 255 255 0
-13.3140 37.3590 -16.7860 0.04862 0.99874 -0.01275 255 255 0
-14.4020 37.3170 -21.1460 0.04148 0.99896 -0.01896 255 255 0
-4.6360 35.8830 -18.6630 0.28643 0.95802 -0.01221 255 255 0
-6.4610 36.1990 -27.1030 0.21917 0.97567 -0.00619 255 255 0
-7.1720 36.2990 -28.9940 0.22650 0.97401 -0.00182 255 255 0
-7.1780 36.2810 -29.6470 0.20803 0.97769 -0.02900 255 255 0
-7.1790 36.2700 -30.0230 0.20812 0.97767 -0.02913 255 255 0
-7.1810 36.2570 -30.4740 0.20810 0.97764 -0.03011 255 255 0
-7.1820 36.2480 -30.7660 0.20822 0.97757 -0.03165 255 255 0
-7.1910 36.2110 -31.9490 0.19359 0.97999 -0.04628 255 255 0
-5.4870 35.9580 -26.6300 0.25852 0.96541 -0.03389 255 255 0
-5.0540 35.7550 -29.8540 0.26933 0.96268 -0.02657 255 255 0
-3.5160 35.3670 -27.1280 0.30649 0.95148 -0.02743 255 255 0
-3.5000 35.2380 -31.2310 0.31159 0.94979 -0.02838 255 255 0
-8.8170 36.9280 -11.2920 0.16914 0.98556 -0.00795 255 255 0
-10.6040 37.1780 -12.6890 0.12025 0.99268 -0.01155 255 255 0
-12.6620 37.3630 -12.8520 0.06654 0.99773 -0.01069 255 255 0
-9.0910 37.0170 -3.4050 0.14472 0.98933 -0.01692 255 255 0
-8.2470 36.8690 -4.5050 0.17458 0.98463 -0.00591 255 255 0
-7.3600 36.6960 -3.3180 0.20824 0.97807 -0.00305 255 255 0
-5.8240 36.3380 -4.0910 0.24992 0.96826 -0.00444 255 255 0
-3.7950 35.7680 -3.8890 0.29675 0.95495 -0.00302 255 255 0
-11.3790 37.3090 -9.8120 0.09956 0.99501 -0.00630 255 255 0
-9.6540 37.1060 -1.1360 0.13159 0.99129 -0.00501 255 255 0
-10.5160 37.2200 -2.6650 0.12560 0.99208 0.00315 255 255 0
-11.3750 37.3110 -3.0660 0.08567 0.99574 0.03422 255 255 0
-11.7340 37.3560 0.3130 0.08801 0.99612 -0.00255 255 255 0
-12.2380 37.3800 -5.2420 0.07192 0.99741 -0.00274 255 255 0
-12.5550 37.4080 -3.2890 0.06444 0.99792 -0.00094 255 255 0
-14.4080 37.4970 -1.6740 0.01855 0.99983 -0.00221 255 255 0
-14.0850 37.4530 -10.0170 0.02759 0.99960 -0.00673 255 255 0
-2.1260 35.1920 -3.9110 0.34429 0.93885 -0.00404 255 255 0
-6.5830 36.5280 -1.3630 0.22529 0.97427 -0.00640 255 255 0
-6.6260 36.5050 -10.1750 0.22670 0.97395 -0.00497 255 255 0
-7.0220 36.5290 -16.0640 0.21405 0.97676 -0.01100 255 255 0
-5.1810 36.1170 -12.7120 0.26308 0.96474 -0.00872 255 255 0
-4.6150 35.9730 -10.5150 0.27855 0.96042 -0.00074 255 255 0
-5.0090 36.0770 -11.8080 0.27742 0.96070 -0.00932 255 255 0
-4.1550 35.8200 -12.7270 0.29059 0.95683 0.00563 255 255 0
-3.1290 35.5430 -6.4750 0.31668 0.94849 -0.00847 255 255 0
-3.0370 35.5040 -8.1820 0.30880 0.95112 -0.00432 255 255 0
-2.2730 35.2160 -11.1200 0.34232 0.93957 -0.00557 255 255 0
-10.6770 37.2440 5.8590 0.11491 0.99338 0.00035 255 255 0
-12.3590 37.4120 6.8380 0.06974 0.99757 0.00024 255 255 0
-8.2120 36.8680 12.5820 0.18521 0.98270 0.00089 255 255 0
-5.1720 36.1730 12.5070 0.26209 0.96504 0.00013 255 255 0
-2.1990 35.2310 7.3630 0.34392 0.93900 0.00010 255 255 0
-13.5340 37.4710 2.5540 0.04342 0.99906 -0.00021 255 255 0
-9.0980 37.0200 12.1790 0.16123 0.98691 0.00326 255 255 0
-8.9180 36.9900 13.7290 0.16088 0.98697 -0.00041 255 255 0
-9.7260 37.1210 3.0200 0.14188 0.98988 -0.00147 255 255 0
-9.7010 37.1130 12.9650 0.14126 0.98997 -0.00039 255 255 0
-11.5360 37.3340 12.9750 0.09449 0.99553 -0.00080 255 255 0
-10.5120 37.2200 13.3260 0.12153 0.99255 -0.00853 255 255 0
-10.7280 37.2440 14.5430 0.11776 0.99304 0.00013 255 255 0
-10.4690 37.2140 18.7870 0.12346 0.99235 0.00033 255 255 0
-11.7910 37.3550 10.9780 0.08433 0.99644 0.00065 255 255 0
-12.2280 37.3900 16.9390 0.08059 0.99675 0.00110 255 255 0
-12.2370 37.3930 9.5250 0.06760 0.99771 0.00318 255 255 0
-13.5130 37.4690 10.2170 0.03999 0.99920 -0.00033 255 255 0
-13.1010 37.4480 13.2810 0.05287 0.99860 0.00069 255 255 0
-14.3980 37.4930 9.3430 0.01500 0.99983 0.01087 255 255 0
-14.5180 37.4930 14.5580 0.01492 0.99989 0.00016 255 255 0
-8.5080 36.9220 22.2810 0.16942 0.98554 0.00135 255 255 0
-1.7060 35.0410 15.8440 0.35449 0.93506 0.00043 255 255 0
-8.2380 36.8780 7.4650 0.18316 0.98308 0.00006 255 255 0
-6.7140 36.5600 7.7760 0.20801 0.97813 0.00040 255 255 0
-6.3270 36.4790 0.1670 0.23721 0.97146 -0.00088 255 255 0
-6.5410 36.5210 11.4810 0.22498 0.97436 0.00064 255 255 0
-5.2300 36.1920 4.5320 0.26400 0.96452 0.00057 255 255 0
-5.1860 36.1800 3.4690 0.27961 0.96008 -0.00856 255 255 0
-4.7860 36.0660 8.0300 0.27890 0.96032 0.00092 255 255 0
-3.3370 35.6240 4.3450 0.31993 0.94744 0.00304 255 255 0
-3.5430 35.6890 1.9370 0.31086 0.95045 -0.00060 255 255 0
-2.9240 35.4860 6.7370 0.33464 0.94226 -0.01306 255 255 0
-3.1310 35.5550 2.2820 0.32157 0.94689 -0.00162 255 255 0
-2.5160 35.3440 6.1330 0.32486 0.94576 0.00170 255 255 0
-2.1210 35.2040 3.9200 0.34288 0.93938 0.00003 255 255 0
-10.7330 37.2460 22.9680 0.11548 0.99330 0.00330 255 255 0
-13.2330 37.4520 25.7560 0.03902 0.99923 0.00501 255 255 0
-8.3250 36.8720 29.8650 0.18377 0.98294 0.00755 255 255 0
-8.5230 36.8650 31.9980 0.16048 0.98685 0.01909 255 255 0
-4.7990 36.0450 30.1970 0.27094 0.96256 0.00865 255 255 0
-11.3780 37.2940 29.2530 0.11048 0.99248 0.05261 255 255 0
-9.4270 37.0460 29.1780 0.18663 0.98001 -0.06893 255 255 0
-12.3310 37.3990 25.0420 0.05581 0.99802 -0.02908 255 255 0
-11.3290 37.2280 34.3900 0.10172 0.99465 0.01776 255 255 0
-12.6750 37.3870 29.8800 0.06841 0.99765 -0.00240 255 255 0
-12.4020 37.4020 26.6370 0.08094 0.99669 0.00697 255 255 0
-13.9680 37.4470 29.5530 0.02027 0.99957 -0.02115 255 255 0
-13.9000 37.4520 29.7150 0.03249 0.99932 -0.01723 255 255 0
-1.0700 34.7590 29.9350 0.37809 0.92575 0.00659 255 255 0
-2.3950 35.2550 30.6180 0.33419 0.94243 0.01182 255 255 0
-7.5600 36.7340 22.7880 0.20397 0.97897 0.00215 255 255 0
-7.4010 36.7040 20.2990 0.20168 0.97945 -0.00088 255 255 0
-6.1420 36.4230 23.0020 0.23800 0.97126 0.00263 255 255 0
-6.7200 36.5580 15.5610 0.21749 0.97606 0.00052 255 255 0
-5.5240 36.2640 20.6440 0.25750 0.96628 0.00007 255 255 0
-5.4500 36.2430 19.6910 0.25789 0.96617 -0.00051 255 255 0
-5.0670 36.1320 26.3470 0.25865 0.96596 0.00512 255 255 0
-3.3960 35.6390 24.0600 0.32453 0.94585 -0.00700 255 255 0
-4.1450 35.8770 21.9300 0.29202 0.95641 0.00245 255 255 0
-3.1110 35.5470 17.3220 0.32224 0.94666 0.00031 255 255 0
-2.3430 35.2700 25.5710 0.33997 0.94042 0.00453 255 255 0
-2.7430 35.4170 20.6640 0.32664 0.94515 0.00230 255 255 0
-1.8890 35.1090 23.0820 0.34380 0.93904 0.00062 255 255 0
47.9900 0.9670 11.6300 0.14244 0.98980 0.00336 255 255 0
49.9600 0.3640 10.8730 0.60526 0.78957 0.10120 255 255 0
50.9360 -0.2910 7.9820 0.72314 0.68928 0.04421 255 255 0
49.4140 0.7890 -3.1990 0.33723 0.94132 -0.01357 255 255 0
48.4390 0.6850 -14.0950 0.48145 0.86807 -0.12107 255 255 0
46.4770 0.8430 -7.8120 -0.10116 0.99418 0.03700 255 255 0
46.3680 0.6870 -1.8110 -0.36067 0.93268 0.00450 255 255 0
50.7070 -0.5770 11.4150 0.71945 0.68415 0.11971 255 255 0
47.0630 0.9450 16.8120 0.15925 0.98486 0.06844 255 255 0
48.9040 -0.4510 18.7900 0.67186 0.70844 0.21614 255 255 0
46.7650 0.8460 -17.4410 0.27509 0.95645 -0.09762 255 255 0
47.3310 0.2330 -19.5340 0.57530 0.78827 -0.21829 255 255 0
50.2690 -0.4110 -11.2310 0.71642 0.67507 -0.17612 255 255 0
46.8310 1.0170 -10.9970 0.06932 0.99752 0.01208 255 255 0
43.6600 -0.6950 -7.3090 -0.67712 0.71932 0.15517 255 255 0
44.4140 0.6240 -11.4540 -0.37813 0.91171 0.16064 255 255 0
45.7070 0.5400 2.5480 -0.46200 0.88673 -0.01634 255 255 0
46.3440 0.9100 8.5840 -0.10208 0.99477 -0.00144 255 255 0
44.9970 0.5490 8.6630 -0.42372 0.90129 -0.09023 255 255 0
45.3020 1.0000 13.1300 -0.18333 0.97973 -0.08074 255 255 0
44.6900 1.0510 14.8950 -0.18116 0.97379 -0.13755 255 255 0
48.8170 -11.7930 1.2910 0.36079 -0.93263 0.00530 255 255 0
46.8810 -11.8060 12.5300 0.16185 -0.98529 0.05485 255 255 0
45.2720 -11.7080 9.0710 -0.25468 -0.96602 -0.04396 255 255 0
46.2500 -11.8630 -0.2040 -0.19249 -0.98129 -0.00381 255 255 0
44.1270 -10.8430 -2.1070 -0.62153 -0.78305 0.02292 255 255 0
43.5320 -10.2100 2.7370 -0.87290 -0.48676 -0.03335 255 255 0
45.6600 -11.8410 -8.3570 -0.13710 -0.98993 0.03511 255 255 0
48.7910 -11.0200 13.8240 0.54012 -0.82776 0.15196 255 255 0
43.3210 -10.2660 5.8130 -0.77982 -0.61959 -0.08940 255 255 0
43.1040 -11.0930 12.4910 -0.40553 -0.90040 -0.15758 255 255 0
43.6040 -10.7680 8.7450 -0.52851 -0.84417 -0.08973 255 255 0
43.8070 -11.4710 -10.0790 -0.44837 -0.88944 0.08867 255 255 0
40.6970 -10.5480 -15.1810 -0.46631 -0.83729 0.28547 255 255 0
47.8120 -11.7960 -5.3260 0.15272 -0.98796 -0.02488 255 255 0
48.7170 -11.4310 -7.7820 0.44784 -0.88943 -0.09142 255 255 0
49.6800 -10.9870 -5.6340 0.61517 -0.78590 -0.06263 255 255 0
50.4760 -10.4500 -3.0020 0.69277 -0.72089 -0.01968 255 255 0
49.5940 -10.4400 -11.0600 0.67562 -0.72762 -0.11874 255 255 0
45.6610 -11.8840 -12.6130 0.03414 -0.99860 -0.04047 255 255 0
46.4740 -11.1200 -17.6640 0.32301 -0.93478 -0.14782 255 255 0
47.7530 -10.7690 -16.5140 0.53770 -0.82178 -0.18855 255 255 0
30.3510 -10.5260 -23.6300 -0.09996 -0.98817 0.11629 255 255 0
28.9050 -10.4250 -24.0130 -0.08052 -0.99266 0.09027 255 255 0
40.8080 -11.2270 -24.1490 0.07906 -0.97281 -0.21767 255 255 0
33.2300 -10.6600 -26.5150 -0.03894 -0.98574 -0.16369 255 255 0
33.1160 -10.0360 -28.6300 -0.01401 -0.92328 -0.38388 255 255 0
33.7950 -9.5180 -29.6270 0.03333 -0.81457 -0.57911 255 255 0
43.3660 -11.2860 -21.9680 0.16530 -0.97201 -0.16693 255 255 0
36.5910 -10.4200 -19.5310 -0.28652 -0.89048 0.35348 255 255 0
28.1430 -9.6680 -20.8800 -0.08511 -0.90448 0.41793 255 255 0
32.5940 -10.0680 -20.6420 -0.02670 -0.97449 0.22286 255 255 0
24.0620 -9.5460 -21.5460 0.01547 -0.94105 0.33792 255 255 0
24.3230 -8.9080 -20.1460 -0.00300 -0.87293 0.48784 255 255 0
45.6080 -11.0740 -19.7160 0.35853 -0.91348 -0.19237 255 255 0
38.0800 -9.6670 -28.6590 0.16202 -0.82176 -0.54631 255 255 0
40.3870 -10.2430 -26.7830 0.19152 -0.87510 -0.44443 255 255 0
37.7110 -11.0780 -21.1490 -0.13708 -0.98575 0.09755 255 255 0
40.2540 -11.3060 -20.1510 -0.13792 -0.98763 0.07464 255 255 0
40.3680 -11.1160 -18.2830 -0.24422 -0.95694 0.15694 255 255 0
40.9820 -11.4110 -20.4520 -0.06118 -0.99787 -0.02285 255 255 0
30.9200 -5.6930 18.3060 -0.14677 -0.20165 -0.96840 255 255 0
31.2250 -2.6120 18.3400 -0.08110 0.22517 -0.97094 255 255 0
31.6860 -0.7350 19.1990 -0.06824 0.55173 -0.83123 255 255 0
34.5010 -3.4450 17.4910 -0.29564 0.25473 -0.92071 255 255 0
37.0500 -3.6100 16.3330 -0.39920 0.43779 -0.80559 255 255 0
31.0460 -7.9420 19.2490 -0.17515 -0.54892 -0.81732 255 255 0
29.3230 -1.4860 18.6490 0.07489 0.43707 -0.89630 255 255 0
28.9990 0.3150 19.8470 0.08023 0.70172 -0.70792 255 255 0
40.2910 -1.4990 14.4340 -0.67914 0.52381 -0.51419 255 255 0
38.2080 -4.0850 15.4480 -0.66805 0.20985 -0.71391 255 255 0
35.6190 -5.6830 17.0440 -0.36982 -0.26038 -0.89187 255 255 0
35.6150 -5.9960 17.0940 -0.43924 -0.15782 -0.88440 255 255 0
35.6170 -6.3110 17.1580 -0.44257 -0.20590 -0.87278 255 255 0
35.6270 -6.6200 17.2350 -0.44489 -0.25450 -0.85866 255 255 0
35.6440 -6.9250 17.3250 -0.36166 -0.18022 -0.91472 255 255 0
36.5550 -7.5770 17.1260 -0.51035 -0.45359 -0.73062 255 255 0
35.8820 -8.5600 18.1170 -0.37712 -0.58384 -0.71897 255 255 0
36.0290 -9.0710 18.5110 -0.41197 -0.66681 -0.62100 255 255 0
38.7150 -7.0870 14.8940 -0.75021 -0.14997 -0.64397 255 255 0
39.3620 -9.2100 15.6690 -0.62084 -0.63134 -0.46473 255 255 0
39.7960 -8.4330 14.1350 -0.79214 -0.41006 -0.45207 255 255 0
31.1990 -3.1170 -17.4060 -0.12970 0.17897 0.97527 255 255 0
30.8100 -6.0930 -17.5640 -0.15321 -0.26304 0.95254 255 255 0
30.8660 -8.0860 -18.6210 -0.17969 -0.59314 0.78479 255 255 0
36.5070 -9.5380 -18.0970 -0.37484 -0.77864 0.50320 255 255 0
36.4780 -5.9670 -15.7390 -0.51876 -0.15898 0.84001 255 255 0
39.2350 -6.2350 -13.0400 -0.81719 -0.08422 0.57019 255 255 0
31.3940 -0.7180 -18.3490 -0.04628 0.57874 0.81420 255 255 0
26.0920 -8.1260 -18.9540 -0.05477 -0.72977 0.68149 255 255 0
36.3100 -8.5820 -16.9110 -0.42961 -0.58596 0.68708 255 255 0
39.2410 -8.7080 -14.2570 -0.69062 -0.50234 0.52028 255 255 0
34.7920 -4.3060 -16.4450 -0.34849 -0.27251 0.89683 255 255 0
36.8390 -4.6430 -15.4960 -0.57093 0.00192 0.82100 255 255 0
35.8830 -3.7980 -16.0980 -0.35433 0.26147 0.89782 255 255 0
35.9340 -3.4830 -16.1440 -0.42798 0.21958 0.87671 255 255 0
35.9900 -3.1740 -16.2020 -0.42141 0.26649 0.86683 255 255 0
36.0530 -2.8660 -16.2750 -0.41284 0.31624 0.85414 255 255 0
36.1230 -2.5630 -16.3620 -0.34909 0.33249 0.87612 255 255 0
37.2190 -1.7490 -16.2910 -0.40920 0.55563 0.72376 255 255 0
36.7420 -0.6880 -17.3250 -0.23765 0.65735 0.71513 255 255 0
36.9050 -0.3570 -17.6060 -0.30571 0.68632 0.65993 255 255 0
40.0610 0.1810 -16.2840 -0.32307 0.86534 0.38317 255 255 0
33.7810 2.0810 24.9110 -0.29764 0.95449 -0.01876 255 255 0
33.1780 1.6620 22.0900 0.02716 0.93340 -0.35782 255 255 0
30.1560 2.3750 25.1470 0.09995 0.99281 -0.06583 255 255 0
33.8240 2.0320 27.1110 0.09284 0.98871 0.11763 255 255 0
35.0660 1.3060 29.4750 0.14870 0.90172 0.40594 255 255 0
42.9680 1.3150 23.7370 0.20112 0.97162 0.12450 255 255 0
29.8550 2.2030 23.6940 0.07553 0.97974 -0.18550 255 255 0
25.0700 2.6720 23.8820 0.13709 0.97679 -0.16456 255 255 0
26.1840 1.8550 21.5700 0.11377 0.89943 -0.42201 255 255 0
25.0970 1.7360 21.0850 0.15511 0.85750 -0.49054 255 255 0
36.0510 1.9050 25.8930 0.09383 0.99352 0.06415 255 255 0
37.2460 1.8100 23.9350 0.05625 0.99450 -0.08835 255 255 0
35.5690 0.3920 30.6850 0.16391 0.74729 0.64397 255 255 0
31.2500 1.9750 28.4440 0.07901 0.96422 0.25306 255 255 0
32.7320 0.7330 30.8590 0.11070 0.76768 0.63120 255 255 0
43.1020 0.8270 25.6850 0.24325 0.90482 0.34947 255 255 0
46.0010 0.8510 20.8190 0.39250 0.91031 0.13147 255 255 0
40.6850 1.0320 27.3030 0.24951 0.90721 0.33869 255 255 0
42.1130 0.2150 27.7450 0.41627 0.78445 0.45974 255 255 0
46.1190 0.2270 23.3510 0.52293 0.79190 0.31535 255 255 0
40.2040 1.0770 19.9440 -0.07962 0.98656 -0.14267 255 255 0
38.4790 1.0770 20.6220 -0.08126 0.95612 -0.28149 255 255 0
36.9920 0.5120 19.6570 -0.16584 0.87880 -0.44744 255 255 0
41.6030 1.3800 21.1140 -0.00029 0.99718 -0.07501 255 255 0
41.9600 0.8900 17.7570 -0.43433 0.80583 -0.40250 255 255 0
40.6140 0.3700 17.4090 -0.23975 0.91794 -0.31609 255 255 0
40.9130 0.0420 16.3000 -0.58561 0.70652 -0.39735 255 255 0
36.5410 -2.0020 32.5040 0.20939 0.34028 0.91671 255 255 0
31.0810 -3.0440 33.2480 0.10005 0.26708 0.95847 255 255 0
34.8250 -7.5760 32.4010 0.12607 -0.46346 0.87711 255 255 0
34.7520 -8.2370 31.8520 0.08406 -0.70114 0.70805 255 255 0
39.1980 -5.7250 32.0520 0.33695 -0.18626 0.92291 255 255 0
40.9980 -0.7810 30.1090 0.40637 0.59433 0.69400 255 255 0
25.1640 -1.7340 33.0340 0.06079 0.28779 0.95576 255 255 0
36.2260 -0.3270 31.2810 0.08822 0.64700 0.75737 255 255 0
33.3020 -6.1960 32.9570 0.07113 -0.24042 0.96806 255 255 0
31.9870 -4.0280 33.3830 0.07269 0.04409 0.99638 255 255 0
31.1290 -8.1650 31.9060 -0.03396 -0.60955 0.79202 255 255 0
41.2740 -8.5730 29.6690 0.37339 -0.59193 0.71429 255 255 0
44.1150 -7.7900 28.4660 0.57351 -0.45025 0.68437 255 255 0
40.9650 -3.9460 31.1560 0.43538 0.14629 0.88828 255 255 0
43.0130 -3.5890 30.0300 0.56454 0.12681 0.81561 255 255 0
40.9140 -2.0380 30.6540 0.43142 0.26941 0.86099 255 255 0
42.0930 -0.6150 28.9820 0.51651 0.62570 0.58457 255 255 0
44.7350 -2.8460 28.3630 0.66187 0.32449 0.67575 255 255 0
47.0000 -5.4690 26.3360 0.79045 -0.11024 0.60253 255 255 0
47.0820 -2.3440 25.3720 0.76825 0.35052 0.53566 255 255 0
45.6620 -0.8890 25.8230 0.58955 0.60590 0.53415 255 255 0
32.9250 -10.8480 25.2080 -0.05956 -0.99821 0.00476 255 255 0
31.8450 -10.6770 26.6330 -0.00945 -0.99300 0.11770 255 255 0
31.2940 -10.5100 27.8900 -0.03566 -0.97338 0.22641 255 255 0
32.7810 -10.2400 21.9970 -0.17896 -0.93704 -0.29989 255 255 0
31.1450 -9.9270 21.8310 -0.12291 -0.91762 -0.37797 255 255 0
31.0010 -9.3640 20.8150 -0.13614 -0.85159 -0.50622 255 255 0
38.7410 -11.2510 21.9330 -0.13965 -0.98528 -0.09864 255 255 0
40.2820 -11.3790 20.7530 -0.15050 -0.98605 -0.07116 255 255 0
42.1500 -11.5290 18.5160 -0.17362 -0.98324 -0.05562 255 255 0
34.5500 -10.0580 29.5910 0.01604 -0.89931 0.43701 255 255 0
28.9740 -10.0950 28.6400 -0.36056 -0.85832 0.36510 255 255 0
27.8400 -10.4470 26.3060 -0.08643 -0.99314 0.07877 255 255 0
37.7690 -9.7820 29.5660 0.14415 -0.83335 0.53361 255 255 0
29.4100 -9.4260 30.3640 -0.05875 -0.85784 0.51055 255 255 0
26.1430 -8.6100 31.0610 -0.04769 -0.78737 0.61464 255 255 0
41.8420 -11.2710 16.6720 -0.37220 -0.92187 -0.10783 255 255 0
37.4910 -10.3830 19.5620 -0.28462 -0.89874 -0.33355 255 255 0
40.3580 -10.4870 16.2360 -0.49330 -0.81688 -0.29893 255 255 0
39.6620 -11.2350 24.9610 0.02396 -0.97993 0.19789 255 255 0
42.0390 -11.3370 23.9480 0.13562 -0.97042 0.19972 255 255 0
40.1750 -10.6230 26.9900 0.10555 -0.94665 0.30448 255 255 0
40.3320 -10.4880 27.2800 0.16532 -0.91587 0.36586 255 255 0
40.4870 -10.3390 27.5630 0.19329 -0.89007 0.41281 255 255 0
40.8130 -9.9630 28.1600 0.29236 -0.80924 0.50956 255 255 0
45.1210 -10.5380 23.6740 0.42414 -0.84537 0.32474 255 255 0
52.5530 -5.8810 -3.1050 0.99208 -0.11666 -0.04659 255 255 0
51.4010 -6.6900 -11.8300 0.96394 -0.22134 -0.14775 255 255 0
50.7630 -5.3020 -16.1730 0.96201 -0.08999 -0.25775 255 255 0
52.2250 -3.0320 -6.8260 0.97750 0.18730 -0.09705 255 255 0
51.3900 -0.7000 -4.4460 0.78962 0.61239 -0.03855 255 255 0
52.5180 -4.4050 5.8830 0.99680 0.03969 0.06936 255 255 0
51.0810 -3.8550 16.4680 0.96562 0.10575 0.23748 255 255 0
51.4830 -9.3410 -2.4620 0.86213 -0.50583 -0.02960 255 255 0
48.1650 -9.1250 -19.7900 0.74081 -0.58443 -0.33113 255 255 0
51.0490 -1.2630 -10.6510 0.87161 0.46393 -0.15832 255 255 0
50.2860 -3.0430 -17.4880 0.93367 0.21766 -0.28440 255 255 0
49.2180 -1.6940 -18.9490 0.76954 0.59131 -0.24116 255 255 0
48.6230 -2.8140 22.8730 0.88966 0.21569 0.40248 255 255 0
52.0130 -1.8120 6.3170 0.92836 0.36796 0.05246 255 255 0
50.7410 -1.6790 15.2420 0.88293 0.42929 0.19010 255 255 0
48.4410 -1.2770 21.8070 0.78794 0.51587 0.33620 255 255 0
52.4560 -6.0820 4.2580 0.99187 -0.11946 0.04381 255 255 0
52.3440 -6.7360 4.2520 0.97858 -0.20024 0.04785 255 255 0
52.2290 -7.2200 4.2420 0.96723 -0.25062 0.04069 255 255 0
52.1410 -7.5370 4.2330 0.95755 -0.28610 0.03531 255 255 0
52.0440 -7.8440 4.2240 0.94326 -0.33084 0.02840 255 255 0
51.7600 -8.5930 4.1930 0.67703 -0.73281 0.06795 255 255 0
50.7310 -9.7730 9.8830 0.81284 -0.57696 0.08002 255 255 0
51.3220 -7.8230 12.8420 0.93884 -0.30726 0.15545 255 255 0
50.7050 -5.9750 17.3740 0.96054 -0.10295 0.25839 255 255 0
50.2960 -6.9830 18.2920 0.92020 -0.24757 0.30323 255 255 0
50.0570 -8.5010 16.8860 0.85104 -0.48489 0.20152 255 255 0
49.0720 -9.3270 18.7520 0.72484 -0.62440 0.29108 255 255 0
48.4980 -6.0700 23.5620 0.88364 -0.18155 0.43153 255 255 0
22.5510 -1.7190 26.1580 -0.99760 0.06922 0.00159 255 255 0
22.7140 2.0510 31.3260 -0.99989 0.01498 0.00195 255 255 0
22.2330 -5.2520 22.1660 -0.99271 0.12013 -0.00928 255 255 0
21.9560 -7.2990 21.2150 -0.98885 0.14888 -0.00150 255 255 0
21.7030 -8.8280 20.6130 -0.99379 0.11076 0.01063 255 255 0
22.5100 -2.6910 29.5120 -0.99439 0.10439 0.01713 255 255 0
22.6790 0.8790 22.3990 -0.99971 0.02401 -0.00119 255 255 0
22.7180 3.1670 20.2320 0.77236 0.63187 -0.06478 255 255 0
22.6220 -1.1960 21.0100 -0.99917 0.03934 -0.01013 255 255 0
22.6980 2.2070 24.0780 -0.99995 0.00938 0.00284 255 255 0
22.7380 1.9430 17.5780 0.94875 0.17117 -0.26567 255 255 0
22.2430 -5.2860 28.9670 -0.99284 0.11537 -0.03108 255 255 0
22.3970 -4.4610 32.3310 -0.98985 0.13505 0.04418 255 255 0
22.2650 -5.8150 33.8320 0.65520 -0.13273 0.74371 255 255 0
21.9650 -7.3320 29.3130 -0.98800 0.15432 0.00699 255 255 0
22.0420 -6.8060 26.8020 -0.99032 0.13881 0.00240 255 255 0
21.8690 -8.0360 31.7540 -0.98429 0.17649 0.00551 255 255 0
21.5540 -9.7480 33.0670 0.87154 -0.44996 0.19480 255 255 0
22.1910 -2.9870 -28.0020 -0.99588 0.09044 0.00620 255 255 0
21.8740 -5.8130 -27.6580 -0.99199 0.12593 0.01034 255 255 0
21.7290 -6.8100 -29.1000 -0.98717 0.15936 -0.01014 255 255 0
21.5160 -8.1330 -29.6950 -0.98594 0.16696 0.00706 255 255 0
21.2840 -9.2940 -31.2670 -0.98221 0.18463 0.03420 255 255 0
22.1940 -5.2470 -18.4470 -0.99187 0.12051 0.04100 255 255 0
22.3570 -2.1640 -21.7910 -0.99698 0.07269 0.02715 255 255 0
22.4530 -1.1340 -20.9370 -0.99757 0.04088 0.05633 255 255 0
22.5630 1.1260 -20.2310 -0.99954 0.01307 0.02740 255 255 0
22.6440 2.3580 -16.8980 0.97289 0.15208 0.17422 255 255 0
21.6590 -8.4030 -19.9780 -0.98527 0.16891 0.02670 255 255 0
22.3610 -0.6300 -28.0050 -0.99849 0.05284 0.01517 255 255 0
22.2930 -1.6270 -30.0620 -0.99913 0.03372 -0.02455 255 255 0
22.3380 -0.7390 -31.1170 -0.99949 0.03045 -0.01003 255 255 0
22.3790 0.6680 -31.5780 -0.99966 0.01663 0.01997 255 255 0
22.5060 3.3460 -24.8410 0.27716 0.96080 -0.00619 255 255 0
-10.6270 33.3460 45.5190 -0.14604 -0.98705 0.06643 255 255 0
-11.4260 33.4620 39.8560 -0.11430 -0.99344 0.00289 255 255 0
-7.6120 32.7640 40.8000 -0.21753 -0.97605 -0.00119 255 255 0
-6.4120 32.4800 39.9130 -0.25440 -0.96709 -0.00462 255 255 0
-5.3950 32.1910 39.9530 -0.28905 -0.95731 -0.00127 255 255 0
-4.0500 31.7610 39.8770 -0.32676 -0.94507 -0.00832 255 255 0
-6.5680 32.7150 45.8640 -0.25023 -0.96535 0.07405 255 255 0
-5.9620 32.6230 46.8960 -0.32665 -0.94040 0.09457 255 255 0
-6.6480 32.9080 47.4290 -0.23498 -0.95994 0.15264 255 255 0
-12.0790 33.5260 39.7650 -0.09141 -0.98484 0.14744 255 255 0
-11.1970 33.4270 37.6390 -0.03536 -0.99936 0.00534 255 255 0
-13.2740 33.6050 37.9040 -0.04900 -0.99858 -0.02113 255 255 0
-13.5650 33.6560 35.5340 -0.04820 -0.99864 -0.02000 255 255 0
-12.5320 33.6450 32.7240 -0.07979 -0.99672 -0.01377 255 255 0
-3.0750 31.4540 37.0630 -0.35523 -0.93462 -0.01704 255 255 0
-8.1110 32.9620 35.4930 -0.18627 -0.98243 -0.01148 255 255 0
-5.9040 32.4010 43.6570 -0.30669 -0.95137 0.02901 255 255 0
-11.4580 33.5040 46.0390 -0.09585 -0.98379 0.15155 255 255 0
-11.8470 33.5440 46.0390 -0.08975 -0.98227 0.16459 255 255 0
-12.2720 33.5810 46.0400 -0.08826 -0.99211 0.08909 255 255 0
-13.0550 33.6370 46.0400 -0.05527 -0.99567 0.07481 255 255 0
-14.1210 33.6860 46.0400 -0.02069 -0.99655 0.08035 255 255 0
1.5050 29.2800 38.8950 -0.49329 -0.86974 -0.01485 255 255 0
1.8990 29.1810 32.3690 -0.51078 -0.85962 -0.01222 255 255 0
3.5560 27.9860 40.3140 -0.54610 -0.83769 -0.00740 255 255 0
5.3190 26.7470 39.7920 -0.60597 -0.79547 -0.00521 255 255 0
6.9090 25.4450 39.9520 -0.54718 -0.83602 0.04084 255 255 0
5.0960 26.9580 42.4080 -0.58023 -0.81433 0.01406 255 255 0
6.0050 26.3690 44.7680 -0.64353 -0.76539 -0.00716 255 255 0
4.9950 27.2360 46.4020 -0.57233 -0.81328 0.10490 255 255 0
5.5130 27.1450 48.2550 -0.58763 -0.77677 0.22652 255 255 0
3.0520 28.8390 48.2280 -0.52066 -0.84207 0.14084 255 255 0
-0.1820 30.1700 45.4630 -0.44581 -0.89194 0.07548 255 255 0
1.1780 29.4660 38.2310 -0.44791 -0.89357 -0.03011 255 255 0
1.0880 29.5740 36.3950 -0.47683 -0.87879 -0.01888 255 255 0
-1.2620 30.6890 38.3560 -0.41296 -0.91068 -0.01119 255 255 0
-1.2090 30.7450 33.8390 -0.41802 -0.90827 -0.01730 255 255 0
-1.8260 30.9670 36.5100 -0.39788 -0.91725 -0.01854 255 255 0
3.3180 28.2230 36.1070 -0.53517 -0.84458 -0.01676 255 255 0
7.3650 25.2300 32.0310 -0.66524 -0.74653 -0.01216 255 255 0
0.5970 29.8440 46.0400 -0.47072 -0.87163 0.13667 255 255 0
-1.0350 30.6440 46.0400 -0.40003 -0.90371 0.15261 255 255 0
-1.7470 30.9600 46.0400 -0.41771 -0.90363 0.09477 255 255 0
-2.4350 31.1770 44.1290 -0.38707 -0.92112 0.04151 255 255 0
-2.6020 31.4490 47.0060 -0.35828 -0.92477 0.12821 255 255 0
1.6780 29.1970 45.6540 -0.49788 -0.86299 0.08577 255 255 0
11.5910 20.4920 40.1530 -0.79828 -0.60169 -0.02674 255 255 0
10.6970 21.6400 39.1500 -0.75779 -0.65231 -0.01561 255 255 0
12.5670 19.1450 40.6800 -0.81580 -0.57832 -0.00438 255 255 0
12.9830 18.5430 39.9340 -0.83357 -0.55228 -0.01232 255 255 0
14.0650 16.7910 39.9420 -0.86058 -0.50928 -0.00623 255 255 0
13.3300 18.0950 43.4920 -0.83815 -0.54437 0.03431 255 255 0
13.6090 17.9350 46.3870 -0.85874 -0.50401 0.09241 255 255 0
13.3390 18.6470 47.4230 -0.83048 -0.54071 0.13396 255 255 0
9.6160 22.9100 37.4750 -0.72993 -0.68296 -0.02770 255 255 0
9.2370 23.2980 37.5400 -0.71544 -0.69867 -0.00161 255 255 0
8.6040 23.9280 37.9610 -0.71059 -0.70342 -0.01596 255 255 0
7.7990 24.7160 37.0530 -0.68389 -0.72948 -0.01237 255 255 0
14.5920 15.8600 39.7090 -0.87969 -0.47544 -0.01013 255 255 0
14.3310 16.3640 43.0900 -0.87269 -0.48809 0.01371 255 255 0
9.9720 22.4990 41.8830 -0.73290 -0.67974 0.02839 255 255 0
10.9060 21.4790 45.9490 -0.77044 -0.63441 0.06286 255 255 0
10.6350 21.8130 46.0370 -0.75841 -0.64510 0.09308 255 255 0
10.3910 22.0980 46.0370 -0.75275 -0.65262 0.08630 255 255 0
10.1370 22.3860 46.0380 -0.74412 -0.66223 0.08797 255 255 0
9.8890 22.6620 46.0390 -0.73693 -0.67013 0.08868 255 255 0
9.6140 22.9610 46.0390 -0.72678 -0.68112 0.08867 255 255 0
9.0820 23.5200 46.0390 -0.71161 -0.69721 0.08659 255 255 0
8.5390 24.0650 46.0400 -0.71762 -0.69212 0.07741 255 255 0
8.0380 24.4540 44.0220 -0.68003 -0.73125 0.05313 255 255 0
18.6980 6.4760 37.4910 -0.92913 -0.35901 -0.08850 255 255 0
19.4430 4.3790 37.6730 -0.94082 -0.29026 -0.17494 255 255 0
18.4940 5.5390 42.7160 -0.97401 -0.22008 -0.05358 255 255 0
18.3740 5.8700 45.4010 -0.99808 0.05175 -0.03401 255 255 0
15.5430 13.9290 42.6410 -0.90626 -0.42242 0.01584 255 255 0
16.2220 12.6690 36.1050 -0.91223 -0.40904 -0.02301 255 255 0
18.3790 7.9020 34.1760 -0.91167 -0.40551 -0.06641 255 255 0
18.3770 6.3300 46.9320 -0.97491 -0.19883 0.10010 255 255 0
16.9500 10.6470 40.4120 -0.93390 -0.35705 -0.01852 255 255 0
17.6500 8.7670 46.2480 -0.95621 -0.28842 0.04978 255 255 0
16.9420 10.7460 45.8520 -0.93925 -0.33514 0.07408 255 255 0
16.3930 12.1720 45.6930 -0.92684 -0.36908 0.06887 255 255 0
15.5960 14.4810 47.4590 -0.88770 -0.43576 0.14866 255 255 0
15.9390 13.3270 46.0530 -0.92169 -0.38046 0.07573 255 255 0
19.4740 -0.1300 41.3190 -0.97977 -0.04952 -0.19388 255 255 0
20.7430 -0.6570 37.3230 -0.92864 -0.07250 -0.36382 255 255 0
21.1850 -2.1300 36.3010 -0.90759 0.12647 -0.40035 255 255 0
21.9490 -0.4720 34.7410 -0.86857 -0.13671 -0.47634 255 255 0
19.4020 -5.2750 39.9430 -0.95778 0.16103 -0.23819 255 255 0
19.1900 -7.0120 39.1600 -0.89728 0.27715 -0.34361 255 255 0
18.8170 -8.0210 39.2930 -0.90962 0.33943 -0.23953 255 255 0
18.6120 -6.2840 43.3570 -0.96701 0.21895 -0.13024 255 255 0
18.6100 -6.0390 43.8180 -0.98123 0.17749 -0.07534 255 255 0
18.5100 -5.9570 45.7920 -0.98349 0.18093 -0.00299 255 255 0
20.1170 -6.4750 37.0100 -0.88692 0.27265 -0.37287 255 255 0
22.3670 -3.9720 33.8350 -0.82580 0.03463 -0.56290 255 255 0
23.1440 -4.8130 32.4280 -0.06349 0.07182 -0.99539 255 255 0
22.3130 -7.5790 32.2370 -0.19046 0.39615 -0.89821 255 255 0
18.0370 -8.1550 44.0000 -0.95895 0.28226 -0.02720 255 255 0
18.6040 -6.1440 48.0150 -0.97388 0.18428 0.13269 255 255 0
19.1120 -2.2680 43.1030 -0.98896 0.07901 -0.12534 255 255 0
18.9130 -1.8210 45.1930 -0.99855 0.04408 -0.03080 255 255 0
19.0680 1.2090 43.1890 -0.99115 -0.06982 -0.11294 255 255 0
19.0000 1.9450 43.2210 -0.99011 -0.12552 -0.06266 255 255 0
18.9440 -0.1920 44.7710 -0.99623 -0.00511 -0.08657 255 255 0
18.9090 1.8350 46.4850 -0.99618 -0.07117 0.05066 255 255 0
16.0660 -13.9020 37.9360 -0.84865 0.52429 -0.07009 255 255 0
18.8580 -10.2480 35.2930 -0.80923 0.54869 -0.20999 255 255 0
14.9510 -15.5000 40.8770 -0.85822 0.51264 -0.02574 255 255 0
13.6090 -17.7060 39.4090 -0.83308 0.55299 -0.01351 255 255 0
12.3610 -19.4890 39.7180 -0.81319 0.58199 -0.00221 255 255 0
13.9090 -17.2850 44.0700 -0.86755 0.49696 0.01958 255 255 0
13.4580 -18.2430 46.1670 -0.83517 0.54178 0.09465 255 255 0
14.0750 -17.5040 47.4510 -0.84690 0.50540 0.16533 255 255 0
17.1670 -10.9010 42.1830 -0.92616 0.37108 -0.06725 255 255 0
20.8630 -8.1680 33.9720 -0.75711 0.45161 -0.47205 255 255 0
14.4770 -16.5630 35.4700 -0.83064 0.55604 -0.02920 255 255 0
13.1380 -19.0130 47.8530 -0.80160 0.56655 0.19093 255 255 0
16.5990 -12.1190 43.2680 -0.91365 0.40642 -0.00838 255 255 0
16.1480 -13.0550 45.7610 -0.87670 0.47763 0.05707 255 255 0
16.3370 -12.8380 46.6230 -0.92096 0.37824 0.09357 255 255 0
16.8290 -11.6430 46.6480 -0.93147 0.36007 0.05209 255 255 0
17.2820 -10.4000 46.5160 -0.94655 0.31813 0.05330 255 255 0
8.2280 -24.2640 39.7130 -0.68546 0.72811 -0.00080 255 255 0
5.7870 -26.3870 40.0560 -0.62168 0.78326 -0.00430 255 255 0
3.4540 -28.0690 39.8520 -0.54580 0.83783 -0.01208 255 255 0
5.3000 -26.8650 44.3310 -0.65998 0.72289 0.20461 255 255 0
5.4060 -26.9080 46.2140 -0.59182 0.80112 0.08916 255 255 0
5.5170 -26.9230 46.9800 -0.55489 0.82745 0.08615 255 255 0
6.1510 -26.5420 47.4360 -0.61178 0.77257 0.16987 255 255 0
9.0840 -23.5250 35.8310 -0.71409 0.69984 -0.01757 255 255 0
10.3170 -22.0740 41.5170 -0.75650 0.65399 0.00349 255 255 0
10.7800 -21.5410 39.5460 -0.77868 0.62729 -0.01312 255 255 0
10.7730 -21.5740 38.3290 -0.77923 0.62617 0.02672 255 255 0
11.0360 -21.3460 34.8110 -0.76430 0.64460 -0.01852 255 255 0
11.7760 -20.4550 33.5660 -0.80388 0.59466 -0.01267 255 255 0
4.5480 -27.4120 35.2450 -0.58050 0.81416 -0.01231 255 255 0
7.1560 -25.3650 34.0070 -0.66403 0.74742 -0.02048 255 255 0
3.9460 -27.7580 43.1710 -0.55874 0.82930 0.00782 255 255 0
7.4330 -25.0840 45.5830 -0.66588 0.74158 0.08165 255 255 0
8.8890 -23.7170 46.0180 -0.70408 0.70411 0.09222 255 255 0
9.1610 -23.4400 46.0140 -0.71652 0.69240 0.08480 255 255 0
9.5220 -23.0620 46.0100 -0.73042 0.67846 0.07864 255 255 0
10.2920 -22.2190 45.9970 -0.74539 0.66125 0.08450 255 255 0
11.0950 -21.2680 45.9800 -0.77491 0.62570 0.08945 255 255 0
-0.2460 -30.2230 41.8780 -0.43842 0.89864 0.01523 255 255 0
-4.1270 -31.7780 40.7500 -0.34171 0.93970 -0.01407 255 255 0
-5.2760 -32.1620 39.9250 -0.29356 0.95594 -0.00242 255 255 0
-6.3270 -32.4620 40.0270 -0.26000 0.96561 0.00205 255 255 0
-7.2760 -32.7030 39.9330 -0.22951 0.97329 -0.00590 255 255 0
-8.3120 -32.9310 39.9490 -0.22181 0.97498 -0.01475 255 255 0
-5.8580 -32.5230 46.0690 -0.24902 0.96518 0.08011 255 255 0
-5.7920 -32.5720 46.7490 -0.21874 0.97135 0.09294 255 255 0
-4.9860 -32.4520 47.5170 -0.29862 0.94411 0.13959 255 255 0
-1.1140 -30.7270 34.0050 -0.41586 0.90929 -0.01581 255 255 0
0.2120 -29.9740 40.5750 -0.46383 0.88589 -0.00779 255 255 0
-0.6680 -30.4650 35.7600 -0.50084 0.86554 -0.00131 255 255 0
1.1550 -29.4870 38.5980 -0.49812 0.86689 -0.01930 255 255 0
1.0320 -29.5580 38.2950 -0.47334 0.88083 -0.00946 255 255 0
-2.8900 -31.3450 39.7800 -0.36727 0.92981 -0.02366 255 255 0
-5.7650 -32.3670 43.6570 -0.29060 0.95636 0.03055 255 255 0
-1.5320 -30.8640 45.9490 -0.39780 0.91539 0.06173 255 255 0
-1.1610 -30.7060 46.0390 -0.41223 0.90621 0.09408 255 255 0
-0.8170 -30.5490 46.0390 -0.41931 0.90377 0.08590 255 255 0
-0.4780 -30.3880 46.0390 -0.43059 0.89829 0.08759 255 255 0
-0.1170 -30.2130 46.0390 -0.44140 0.89296 0.08829 255 255 0
0.2760 -30.0150 46.0400 -0.45628 0.88541 0.08863 255 255 0
0.9600 -29.6560 46.0390 -0.47520 0.87561 0.08656 255 255 0
1.6430 -29.2780 46.0390 -0.47667 0.87577 0.07618 255 255 0
2.5490 -28.8900 47.0060 -0.51851 0.84570 0.12626 255 255 0
-12.2950 -33.5420 41.5820 -0.08631 0.99624 0.00730 255 255 0
-14.6560 -33.6300 39.7840 -0.00711 0.99996 -0.00627 255 255 0
-17.5790 -33.5280 39.8970 0.07238 0.99736 -0.00616 255 255 0
-20.0670 -33.2400 39.8950 0.14337 0.98965 -0.00621 255 255 0
-18.1170 -33.6050 45.3880 0.10539 0.99193 0.07048 255 255 0
-17.9860 -33.7430 46.8950 0.14728 0.98578 0.08092 255 255 0
-17.2590 -33.8970 47.4300 0.05551 0.98746 0.14777 255 255 0
-12.3230 -33.5210 39.3140 -0.07610 0.99710 -0.00190 255 255 0
-12.1300 -33.5960 34.2860 -0.08288 0.99634 -0.02099 255 255 0
-12.3860 -33.5390 38.0690 -0.02097 0.99849 0.05077 255 255 0
-10.5910 -33.3370 39.4700 -0.13609 0.99063 -0.01133 255 255 0
-10.2940 -33.3560 35.6680 -0.13732 0.99033 -0.01995 255 255 0
-21.8650 -33.0490 32.7210 0.20021 0.97966 -0.01344 255 255 0
-18.2050 -33.5040 42.7030 0.09166 0.99568 0.01504 255 255 0
-14.6650 -33.6300 44.0240 -0.00263 0.99955 0.02972 255 255 0
-13.5940 -33.6630 45.9500 -0.03258 0.99680 0.07294 255 255 0
-13.2060 -33.6510 46.0400 -0.05692 0.99403 0.09308 255 255 0
-12.8130 -33.6270 46.0390 -0.06598 0.99416 0.08541 255 255 0
-12.4310 -33.5990 46.0390 -0.07674 0.99334 0.08598 255 255 0
-12.0380 -33.5670 46.0390 -0.08865 0.99237 0.08564 255 255 0
-11.6010 -33.5250 46.0400 -0.10581 0.99080 0.08434 255 255 0
-10.8320 -33.4370 46.0400 -0.12967 0.98835 0.07968 255 255 0
-9.7690 -33.2880 46.0400 -0.16417 0.98275 0.08516 255 255 0
-24.5870 -32.2750 41.5970 0.28619 0.95812 0.01048 255 255 0
-26.7730 -31.5430 38.8900 0.34587 0.93817 -0.01448 255 255 0
-29.6650 -30.2710 40.1340 0.43437 0.90073 -0.00173 255 255 0
-31.5400 -29.2950 40.0420 0.44662 0.89472 -0.00185 255 255 0
-29.8870 -30.2300 43.6300 0.43554 0.89985 0.02407 255 255 0
-30.0170 -30.3050 46.2130 0.44725 0.89006 0.08816 255 255 0
-29.9800 -30.4120 46.9770 0.49306 0.86575 0.08588 255 255 0
-29.3540 -30.8100 47.4300 0.40177 0.89957 0.17133 255 255 0
-23.3190 -32.6340 37.8030 0.25521 0.96643 -0.02970 255 255 0
-25.1920 -32.2120 30.9080 0.30331 0.95282 -0.01168 255 255 0
-22.9340 -32.6920 39.8400 0.23089 0.97278 -0.01973 255 255 0
-22.9390 -32.7110 38.4180 0.23142 0.97277 -0.01258 255 255 0
-24.0770 -32.4530 35.7120 0.28936 0.95700 -0.02054 255 255 0
-23.8770 -32.5800 32.2450 0.25941 0.96565 -0.01483 255 255 0
-29.7040 -30.4400 32.9110 0.42965 0.90292 -0.01204 255 255 0
-29.7790 -30.2960 35.5700 0.56570 0.82433 -0.02177 255 255 0
-30.8020 -29.7980 34.8100 0.47256 0.88099 -0.02333 255 255 0
-26.2540 -31.7700 45.8760 0.34838 0.93402 0.07900 255 255 0
-25.4760 -32.0470 46.0400 0.31114 0.94599 0.09106 255 255 0
-25.1090 -32.1650 46.0400 0.29903 0.95041 0.08539 255 255 0
-24.7460 -32.2760 46.0390 0.28623 0.95431 0.08581 255 255 0
-24.3610 -32.3890 46.0390 0.27420 0.95785 0.08563 255 255 0
-23.9430 -32.5060 46.0390 0.25926 0.96212 0.08426 255 255 0
-23.1950 -32.7020 46.0400 0.23627 0.96842 0.07967 255 255 0
-22.1500 -32.9470 46.0400 0.20225 0.97530 0.08880 255 255 0
-35.6010 -26.6500 41.5940 0.61403 0.78928 0.00259 255 255 0
-37.2230 -25.3210 37.3730 0.66017 0.75099 -0.01341 255 255 0
-38.9190 -23.6820 40.3400 0.70521 0.70893 -0.01013 255 255 0
-41.3520 -20.9280 39.9700 0.79029 0.61240 -0.02026 255 255 0
-39.8050 -22.8280 43.6300 0.73151 0.68130 0.02688 255 255 0
-39.9530 -22.8520 46.2130 0.73852 0.66848 0.08790 255 255 0
-39.9570 -22.9650 46.9800 0.77256 0.62926 0.08475 255 255 0
-39.5160 -23.5620 47.4290 0.69895 0.69444 0.17095 255 255 0
-36.7150 -25.8540 33.1670 0.64703 0.76229 -0.01617 255 255 0
-34.9270 -27.1600 38.9180 0.58790 0.80893 0.00158 255 255 0
-35.7340 -26.6410 33.7170 0.60956 0.79255 -0.01732 255 255 0
-34.9320 -27.1420 38.3900 0.60360 0.79725 0.00773 255 255 0
-34.2090 -27.6350 40.0370 0.53119 0.84722 0.00792 255 255 0
-33.6100 -28.0830 37.0740 0.55218 0.83354 -0.01781 255 255 0
-33.5340 -28.2170 33.2420 0.55273 0.83322 -0.01510 255 255 0
-39.3950 -23.3740 32.5610 0.72585 0.68773 -0.01293 255 255 0
-40.7630 -21.7630 35.5770 0.74886 0.66222 -0.02613 255 255 0
-40.9180 -21.4480 41.1150 0.77579 0.63099 -0.00189 255 255 0
-36.9720 -25.5770 45.8760 0.66254 0.74515 0.07616 255 255 0
-36.3580 -26.1080 46.0400 0.63230 0.76943 0.09035 255 255 0
-36.0500 -26.3570 46.0390 0.62221 0.77821 0.08507 255 255 0
-35.7360 -26.6040 46.0390 0.61207 0.78601 0.08697 255 255 0
-35.4320 -26.8380 46.0400 0.60254 0.79321 0.08809 255 255 0
-35.0880 -27.0960 46.0400 0.58965 0.80281 0.08831 255 255 0
-34.4550 -27.5530 46.0400 0.57171 0.81589 0.08646 255 255 0
-33.8130 -27.9950 46.0400 0.57124 0.81724 0.07622 255 255 0
-33.0630 -28.6320 47.0060 0.52587 0.84113 0.12631 255 255 0
-43.7960 -17.5040 42.2180 0.85477 0.51892 0.01017 255 255 0
-43.7640 -17.5620 40.2030 0.84865 0.52895 -0.00060 255 255 0
-44.7210 -15.8500 38.6510 0.88519 0.46505 -0.01322 255 255 0
-46.3650 -12.3240 42.6420 0.92726 0.37419 0.01305 255 255 0
-46.3850 -12.2030 39.8750 0.93318 0.35939 -0.00470 255 255 0
-47.1570 -9.9420 39.9210 0.94363 0.33052 -0.01784 255 255 0
-46.4960 -12.2340 45.3880 0.93437 0.34914 0.07103 255 255 0
-46.5610 -12.4130 46.8960 0.94809 0.30750 0.08098 255 255 0
-46.3750 -13.1320 47.4300 0.90876 0.39060 0.14691 255 255 0
-43.3500 -18.2180 38.6910 0.83795 0.54558 -0.01375 255 255 0
-43.5890 -17.9130 35.3180 0.85018 0.52623 -0.01667 255 255 0
-42.6870 -19.2200 37.0540 0.81857 0.57416 -0.01700 255 255 0
-42.8330 -19.1570 32.7560 0.82358 0.56702 -0.01459 255 255 0
-45.7680 -13.6440 40.0350 0.90833 0.41814 -0.01008 255 255 0
-44.4980 -16.3740 45.9930 0.87253 0.48415 0.06553 255 255 0
-44.1260 -17.0340 46.0400 0.86016 0.50231 0.08836 255 255 0
-43.6600 -17.8080 46.0400 0.84448 0.52820 0.08868 255 255 0
-42.9360 -18.9260 46.0400 0.82725 0.55597 0.08091 255 255 0
-42.1890 -20.1900 47.0060 0.79419 0.59464 0.12521 255 255 0
-48.1470 -6.0370 45.4910 0.98057 0.18160 0.07417 255 255 0
-48.4710 -3.6990 39.0960 0.99427 0.10627 -0.01139 255 255 0
-48.6040 -1.7210 41.2750 0.99768 0.06776 0.00618 255 255 0
-48.6420 1.1650 39.9020 0.99945 -0.03296 -0.00299 255 255 0
-48.7580 0.0060 44.5730 0.99839 -0.03738 0.04258 255 255 0
-48.8460 -0.1100 46.2130 0.99506 -0.06426 0.07568 255 255 0
-48.9250 -0.1910 46.9780 0.99479 -0.05552 0.08550 255 255 0
-49.0020 -0.9290 47.4290 0.98963 0.03424 0.13950 255 255 0
-48.0750 -6.5150 38.3980 0.98081 0.19483 -0.00676 255 255 0
-48.4490 -4.7710 33.0920 0.98994 0.14049 -0.01660 255 255 0
-47.8270 -7.5160 39.6500 0.96972 0.24415 -0.00510 255 255 0
-48.0160 -6.7510 37.6050 0.97657 0.21517 0.00207 255 255 0
-47.6900 -8.2410 36.7930 0.96590 0.25603 -0.03862 255 255 0
-47.8420 -7.8550 33.6490 0.97435 0.22427 -0.01863 255 255 0
-47.7350 -8.4580 31.1510 0.96868 0.24796 -0.01312 255 255 0
-48.7030 0.2850 42.7280 0.99946 -0.02727 0.01827 255 255 0
-48.4240 -4.6320 45.9930 0.98526 0.14037 0.09773 255 255 0
-48.3150 -5.3800 46.0400 0.97961 0.14231 0.14182 255 255 0
-48.1100 -6.5250 46.0400 0.96775 0.21236 0.13555 255 255 0
-47.9510 -7.2880 46.0400 0.96308 0.22162 0.15283 255 255 0
-47.7050 -8.3300 46.0400 0.96478 0.24370 0.09907 255 255 0
-48.0560 6.5540 41.6500 0.98097 -0.19412 0.00448 255 255 0
-47.2750 9.5250 40.5180 0.96296 -0.26846 -0.02528 255 255 0
-47.0500 10.2700 39.9340 0.95425 -0.29840 -0.01921 255 255 0
-46.4950 11.8760 40.6550 0.93643 -0.35079 -0.00642 255 255 0
-46.1760 12.6750 39.9030 0.92021 -0.39062 -0.02499 255 255 0
-45.7960 13.5730 39.9020 0.91182 -0.40712 -0.05331 255 255 0
-45.3320 14.5770 39.9640 0.90054 -0.43454 -0.01411 255 255 0
-46.5800 12.0110 45.4760 0.92755 -0.36621 0.07442 255 255 0
-46.6180 12.2370 46.7480 0.90902 -0.40612 0.09351 255 255 0
-47.0080 11.5230 47.5180 0.93341 -0.32497 0.15213 255 255 0
-48.0560 7.1080 31.5780 0.97883 -0.20422 -0.01334 255 255 0
-48.3280 4.8330 39.6470 0.99115 -0.13155 -0.01800 255 255 0
-47.8750 7.6060 35.5090 0.97403 -0.22583 -0.01635 255 255 0
-48.4300 4.8890 32.8560 0.98828 -0.15132 -0.02017 255 255 0
-47.4980 8.8290 44.0240 0.96228 -0.26934 0.03828 255 255 0
-47.8220 7.8100 45.9490 0.96754 -0.24310 0.06900 255 255 0
-47.9160 7.4370 46.0390 0.97167 -0.21715 0.09331 255 255 0
-48.0010 7.0500 46.0390 0.97407 -0.20952 0.08539 255 255 0
-48.0820 6.6620 46.0390 0.97638 -0.19774 0.08709 255 255 0
-48.1550 6.2880 46.0390 0.97879 -0.18489 0.08820 255 255 0
-48.2340 5.8560 46.0400 0.98146 -0.16989 0.08868 255 255 0
-48.3610 5.0880 46.0400 0.98514 -0.14817 0.08688 255 255 0
-48.4700 4.3190 46.0400 0.98617 -0.14704 0.07643 255 255 0
-48.7060 3.3620 47.0060 0.98733 -0.09576 0.12651 255 255 0
-43.5310 17.9200 41.7350 0.84581 -0.53335 0.01178 255 255 0
-43.0820 18.6760 37.2020 0.83253 -0.55367 -0.01848 255 255 0
-40.9260 21.4540 39.8930 0.77136 -0.63634 -0.00883 255 255 0
-39.1670 23.4270 39.7880 0.71798 -0.69604 -0.00634 255 255 0
-39.9850 22.6660 44.3380 0.77787 -0.59469 0.20313 255 255 0
-40.0980 22.6870 46.2130 0.72743 -0.68018 0.09057 255 255 0
-40.2110 22.6800 46.9770 0.69763 -0.71135 0.08545 255 255 0
-40.7650 22.1870 47.4300 0.75339 -0.63718 0.16250 255 255 0
-43.7140 17.5900 40.6200 0.86082 -0.50890 -0.00035 255 255 0
-43.6570 17.7010 38.2410 0.86020 -0.50995 -0.00139 255 255 0
-44.3490 16.5370 38.3970 0.87290 -0.48774 -0.01245 255 255 0
-44.7200 15.8980 36.9120 0.88003 -0.47466 -0.01584 255 255 0
-44.6980 16.0140 35.1310 0.87768 -0.47889 -0.01857 255 255 0
-37.9910 24.6480 36.1550 0.68003 -0.73293 -0.01943 255 255 0
-41.9570 20.2120 37.5130 0.79928 -0.60062 -0.02028 255 255 0
-38.8180 23.7910 43.1720 0.68634 -0.72640 -0.03591 255 255 0
-41.7510 20.5300 45.5940 0.79433 -0.60325 0.07156 255 255 0
-43.0090 18.8060 46.0400 0.82138 -0.56305 0.09120 255 255 0
-43.2280 18.4770 46.0390 0.83210 -0.54796 0.08571 255 255 0
-43.4410 18.1490 46.0400 0.83902 -0.53721 0.08625 255 255 0
-43.6530 17.8130 46.0400 0.84640 -0.52560 0.08575 255 255 0
-43.8740 17.4520 46.0400 0.85443 -0.51267 0.08434 255 255 0
-44.2730 16.7770 46.0400 0.86665 -0.49254 0.07947 255 255 0
-44.7920 15.8440 46.0400 0.88181 -0.46417 0.08337 255 255 0
43.2530 -6.4720 -0.1260 0.99760 0.06761 -0.01523 255 255 0
42.6680 -6.8310 -5.6650 0.96681 0.20427 -0.15348 255 255 0
41.8010 -6.7530 -9.1600 0.93881 0.15505 -0.30755 255 255 0
40.9890 -6.7630 -11.2280 0.88267 0.23527 -0.40687 255 255 0
43.5580 -3.9830 1.7740 0.93878 -0.34183 0.04294 255 255 0
42.9730 -4.8000 -4.7760 0.96429 -0.22353 -0.14201 255 255 0
44.0840 -3.1090 -0.1360 0.78635 -0.61775 -0.00553 255 255 0
42.6550 -3.8770 8.2930 0.86358 -0.44229 0.24210 255 255 0
41.4710 -3.8020 11.7390 0.81830 -0.51575 0.25374 255 255 0
43.5930 -7.8470 -0.6070 0.87367 0.48640 -0.01056 255 255 0
40.6480 -7.1310 -12.4440 0.72536 0.56618 -0.39153 255 255 0
43.3580 -3.1490 -6.5900 0.78937 -0.57880 -0.20467 255 255 0
42.2310 -4.8460 -7.9680 0.97081 -0.07208 -0.22874 255 255 0
41.7340 -3.6830 -10.5200 0.82206 -0.43767 -0.36424 255 255 0
43.0600 -2.8690 -8.4610 0.68548 -0.70884 -0.16629 255 255 0
42.8460 -5.2290 6.5520 0.97776 -0.10800 0.17980 255 255 0
42.6280 -6.3410 7.0980 0.97357 0.10984 0.20025 255 255 0
41.8680 -6.2650 9.8990 0.91860 0.30565 0.25050 255 255 0
41.9730 -6.9500 10.0580 0.83751 0.46304 0.29013 255 255 0
42.8540 -7.7740 8.1500 0.87567 0.43555 0.20857 255 255 0
41.4740 -7.2400 11.9480 0.84650 0.39771 0.35393 255 255 0
40.4400 -5.0370 12.9440 0.86902 -0.13517 0.47596 255 255 0
40.7090 -7.5590 14.0560 0.69539 0.59905 0.39695 255 255 0
-35.2630 26.9140 42.0870 0.59653 -0.80253 0.00983 255 255 0
-35.1790 26.9640 41.1670 0.57122 -0.82076 0.00788 255 255 0
-32.2080 28.8950 40.9080 0.50947 -0.85757 -0.07081 255 255 0
-31.2340 29.4550 39.8620 0.47049 -0.88200 -0.02678 255 255 0
-29.9100 30.1450 39.9330 0.50532 -0.86292 -0.00535 255 255 0
-28.1990 30.9340 40.0300 0.38635 -0.92228 -0.01149 255 255 0
-30.0670 30.1770 44.5750 0.44939 -0.89236 0.04169 255 255 0
-30.2100 30.2030 46.2130 0.42731 -0.89952 0.09093 255 255 0
-30.3180 30.2380 46.9800 0.39393 -0.91515 0.08549 255 255 0
-31.0120 29.9780 47.4300 0.47144 -0.86841 0.15367 255 255 0
-35.4730 26.7460 38.7940 0.59314 -0.80504 -0.01029 255 255 0
-36.5330 25.9070 37.8060 0.65147 -0.75848 -0.01708 255 255 0
-36.2890 26.1800 34.6950 0.64100 -0.76740 -0.01500 255 255 0
-37.5940 25.0170 35.9620 0.68000 -0.73301 0.01694 255 255 0
-31.7730 29.3010 33.0230 0.50042 -0.86560 -0.01778 255 255 0
-29.8630 30.1780 41.3520 0.45208 -0.89198 0.00123 255 255 0
-34.0690 27.8100 45.9930 0.56276 -0.82405 0.06511 255 255 0
-34.6890 27.3800 46.0400 0.57996 -0.80988 0.08799 255 255 0
-35.4180 26.8430 46.0400 0.60378 -0.79233 0.08756 255 255 0
-36.4640 26.0200 46.0400 0.61265 -0.78820 0.05823 255 255 0
-37.6550 25.1580 47.0060 0.66785 -0.73376 0.12479 255 255 0
-23.8330 32.4930 45.7110 0.25618 -0.96261 0.08804 255 255 0
-23.9330 32.4450 42.4920 0.24031 -0.97070 0.00194 255 255 0
-18.5610 33.4690 42.3500 0.10588 -0.99412 0.02271 255 255 0
-19.0040 33.3810 39.9990 0.13088 -0.99138 -0.00657 255 255 0
-16.4060 33.5870 39.9360 0.02377 -0.99917 -0.03295 255 255 0
-18.3490 33.5780 45.4770 -0.03307 -0.99776 0.05807 255 255 0
-18.1640 33.7120 46.7470 0.04152 -0.99475 0.09348 255 255 0
-18.9770 33.7430 47.5170 0.12175 -0.98376 0.13191 255 255 0
-23.8800 32.4530 38.8030 0.27382 -0.96177 -0.00403 255 255 0
-23.3300 32.6460 35.6730 0.23641 -0.97152 -0.01609 255 255 0
-24.8470 32.3170 31.2470 0.28929 -0.95713 -0.01437 255 255 0
-25.8690 31.8510 39.1770 0.32570 -0.94543 -0.00890 255 255 0
-25.5600 31.9610 38.3530 0.29945 -0.95409 -0.00691 255 255 0
-26.2200 31.7610 36.4450 0.32389 -0.94593 -0.01785 255 255 0
-26.8560 31.5270 36.5710 0.35475 -0.93480 -0.01733 255 255 0
-21.4460 33.1080 33.9980 0.19073 -0.98152 -0.01524 255 255 0
-14.1180 33.7420 31.9760 -0.02410 -0.99962 -0.01334 255 255 0
-22.7370 32.8030 45.9930 0.22447 -0.96808 0.11150 255 255 0
-23.4720 32.6260 46.0390 0.23417 -0.96162 0.14298 255 255 0
-24.5910 32.3160 46.0390 0.28993 -0.94331 0.16157 255 255 0
-25.3400 32.0860 46.0390 0.30435 -0.93020 0.20519 255 255 0
-26.0770 31.8410 46.0390 0.29670 -0.95093 0.08775 255 255 0
-27.0390 31.6260 47.0060 0.35434 -0.92656 0.12623 255 255 0
-18.2170 1.4730 -46.1630 0.01804 -0.00691 0.99981 255 255 0
-16.8850 16.1580 -45.1910 0.02917 -0.08867 0.99563 255 255 0
-13.2300 21.3550 -44.6800 -0.03497 -0.14690 0.98853 255 255 0
-14.9540 24.1760 -44.1820 -0.00216 -0.21230 0.97720 255 255 0
-20.9130 17.4150 -45.0460 0.02256 -0.11025 0.99365 255 255 0
-23.6900 20.7510 -44.4480 0.04275 -0.16686 0.98505 255 255 0
-25.3040 20.4100 -44.3370 0.10299 -0.16882 0.98025 255 255 0
-30.7270 16.1900 -44.4350 0.14235 -0.11817 0.98274 255 255 0
-30.3340 8.7760 -45.1400 0.09403 -0.04335 0.99462 255 255 0
-35.5180 9.4330 -44.4350 0.14565 -0.08738 0.98547 255 255 0
-34.0570 2.2510 -44.9440 0.10732 -0.03507 0.99361 255 255 0
-37.5450 1.4010 -44.4350 0.17049 -0.02422 0.98506 255 255 0
-32.2590 -3.8130 -45.1400 0.10344 0.02171 0.99440 255 255 0
-36.5330 -6.8200 -44.4350 0.16650 0.03358 0.98547 255 255 0
-29.7200 -9.7730 -45.1400 0.08562 0.06293 0.99434 255 255 0
-32.6190 -14.1200 -44.4350 0.14313 0.09143 0.98547 255 255 0
-21.6580 -9.8170 -45.5760 0.05823 0.05454 0.99681 255 255 0
-20.7360 -10.1050 -45.6160 0.03132 0.05982 0.99772 255 255 0
-27.9540 -18.0760 -44.5640 0.11211 0.12409 0.98592 255 255 0
-19.7610 -24.4620 -44.0230 0.10689 0.20904 0.97205 255 255 0
-8.7520 -13.2530 -45.3980 -0.03830 0.06978 0.99683 255 255 0
-10.2820 -24.5270 -44.0230 -0.04782 0.23421 0.97101 255 255 0
-7.2450 -1.1540 -45.8290 -0.05273 0.00879 0.99857 255 255 0
7.1070 -0.1870 -44.3560 -0.17957 0.04989 0.98248 255 255 0
0.8000 6.8100 -45.0770 -0.10104 -0.03015 0.99443 255 255 0
4.9010 8.8100 -44.5580 -0.19406 0.08210 0.97755 255 255 0
-4.5330 10.4350 -45.3500 -0.06222 -0.05481 0.99656 255 255 0
0.2920 15.6740 -44.5860 -0.11568 -0.11080 0.98709 255 255 0
-7.3340 19.6100 -44.7470 -0.06425 -0.12042 0.99064 255 255 0
-16.0690 11.5520 -45.6020 0.00677 -0.07243 0.99735 255 255 0
-11.2540 21.5020 -44.5400 -0.04569 -0.17809 0.98295 255 255 0
-14.1940 25.4820 -43.8410 -0.16340 -0.26719 0.94969 255 255 0
-20.1270 20.7770 -44.6130 0.04307 -0.15024 0.98771 255 255 0
-20.2660 24.6320 -43.8340 0.04348 -0.26886 0.96220 255 255 0
-22.2790 23.4110 -44.0410 0.07148 -0.17511 0.98195 255 255 0
-22.9690 24.1380 -43.8530 0.04805 -0.23757 0.97018 255 255 0
-24.3010 24.0720 -43.8120 0.08193 -0.23206 0.96924 255 255 0
-24.5620 10.3950 -45.4000 0.05043 -0.06427 0.99666 255 255 0
-29.1590 16.4100 -44.6210 0.09695 -0.12464 0.98745 255 255 0
-32.2280 19.0680 -43.8420 0.15512 -0.18896 0.96966 255 255 0
-33.4670 19.9970 -43.3930 0.21981 -0.18149 0.95851 255 255 0
-32.8880 11.8920 -44.6050 0.13830 -0.08263 0.98694 255 255 0
-37.9570 11.5740 -43.8420 0.21537 -0.11590 0.96963 255 255 0
-39.4480 11.9930 -43.3930 0.27045 -0.08991 0.95853 255 255 0
-35.9800 4.6450 -44.6050 0.14692 -0.03511 0.98853 255 255 0
-40.5920 2.5170 -43.8420 0.24347 -0.03022 0.96944 255 255 0
-42.1340 2.3690 -43.3930 0.28463 0.01378 0.95854 255 255 0
-36.2450 -3.2310 -44.6050 0.15756 0.03113 0.98702 255 255 0
-39.7780 -6.8800 -43.8420 0.23726 0.05942 0.96963 255 255 0
-41.1620 -7.5750 -43.3930 0.26040 0.11595 0.95851 255 255 0
-33.6480 -10.6690 -44.6050 0.13541 0.08481 0.98715 255 255 0
-35.6230 -15.3490 -43.8420 0.19976 0.14111 0.96963 255 255 0
-36.6630 -16.4970 -43.3930 0.20126 0.20177 0.95853 255 255 0
-28.5400 -16.6670 -44.6050 0.10754 0.09561 0.98959 255 255 0
-28.6860 -21.8950 -43.8120 0.13644 0.21059 0.96801 255 255 0
-29.2450 -23.1910 -43.3930 0.13385 0.25841 0.95672 255 255 0
-18.3590 -25.1720 -43.8440 -0.00887 0.24951 0.96833 255 255 0
-19.7380 -19.3690 -44.9020 0.03680 0.12368 0.99164 255 255 0
-19.9580 -21.7580 -44.5200 0.06969 0.16475 0.98387 255 255 0
-22.7290 -24.3010 -43.7520 0.11060 0.24920 0.96212 255 255 0
-20.5720 -24.8960 -43.8410 0.06010 0.21665 0.97440 255 255 0
-20.1990 -26.0820 -43.5870 0.06068 0.27270 0.96019 255 255 0
-12.2910 -19.4930 -44.9440 -0.04410 0.12356 0.99136 255 255 0
-8.6440 -24.9490 -43.7400 -0.11341 0.24398 0.96313 255 255 0
-11.9180 -24.5800 -43.9920 0.02273 0.25643 0.96630 255 255 0
-1.2660 -21.7950 -43.8100 -0.14140 0.20924 0.96759 255 255 0
-5.2690 -18.8830 -44.6420 -0.05862 0.12648 0.99024 255 255 0
-3.4100 -19.4610 -44.4540 -0.08553 0.14817 0.98526 255 255 0
-2.5710 -20.8080 -44.1640 0.09892 0.27434 0.95653 255 255 0
3.8990 -14.6020 -44.1840 -0.16484 0.12476 0.97840 255 255 0
6.1720 -15.5850 -43.5970 -0.14208 0.25260 0.95708 255 255 0
-0.9650 -12.9810 -44.8660 -0.05365 0.08020 0.99533 255 255 0
5.2820 -14.9650 -43.8720 -0.21980 0.11210 0.96908 255 255 0
0.6390 -14.1670 -44.7320 -0.03179 0.15556 0.98731 255 255 0
2.6550 -7.3060 -44.8450 -0.11591 0.02884 0.99284 255 255 0
-0.9290 1.3310 -45.2850 -0.09814 0.00022 0.99517 255 255 0
6.5380 -0.9010 -44.3620 -0.14591 0.05144 0.98796 255 255 0
10.4430 2.2200 -43.6060 -0.26781 0.00738 0.96344 255 255 0
8.3170 -1.2280 -43.9770 -0.24107 0.03149 0.97000 255 255 0
8.4250 11.9680 -43.6040 -0.41005 -0.56716 0.71427 255 255 0
2.7540 6.2820 -44.8370 -0.13777 -0.04052 0.98964 255 255 0
7.1980 7.7370 -44.0920 -0.20800 -0.02928 0.97769 255 255 0
6.4300 9.1190 -44.2350 -0.20058 -0.02731 0.97930 255 255 0
8.4670 11.9330 -43.6180 -0.25358 -0.27593 0.92712 255 255 0
2.7270 19.5350 -43.6510 -0.18474 -0.19449 0.96335 255 255 0
0.9620 14.4560 -44.5850 -0.12979 -0.07678 0.98856 255 255 0
3.1550 18.6510 -43.7080 -0.22179 -0.15842 0.96214 255 255 0
-11.4400 8.4160 -45.7330 -0.03346 -0.04200 0.99856 255 255 0
-8.5580 17.1200 -45.0360 -0.02719 -0.10125 0.99449 255 255 0
-7.1410 24.9280 -43.6490 -0.04773 -0.25164 0.96664 255 255 0
-3.7010 18.9210 -44.4930 -0.08558 -0.15228 0.98462 255 255 0
-5.3440 20.6560 -44.4340 -0.16311 -0.07682 0.98361 255 255 0
-5.7980 25.3620 -43.4580 -0.07839 -0.28579 0.95508 255 255 0
-3.9580 21.2640 -44.1170 -0.12646 -0.17761 0.97594 255 255 0
-5.8130 23.7670 -43.8780 -0.03260 -0.23151 0.97229 255 255 0
-25.2500 29.7570 -40.9670 0.15351 -0.70159 0.69585 255 255 0
-24.9150 28.5100 -42.0160 0.15087 -0.52380 0.83838 255 255 0
-24.7730 26.8420 -42.9050 0.12398 -0.39246 0.91138 255 255 0
-16.7910 31.3390 -41.1930 0.07232 -0.71087 0.69959 255 255 0
-17.8030 32.8330 -38.4310 0.11153 -0.92876 0.35350 255 255 0
-18.0830 33.1690 -36.7900 0.09164 -0.97543 0.20035 255 255 0
-18.0170 33.2550 -36.3770 0.09577 -0.98711 0.12825 255 255 0
-18.2570 33.3430 -34.8960 0.11696 -0.99200 0.04748 255 255 0
-23.1210 32.3980 -37.5810 -0.45927 -0.75716 0.46452 255 255 0
-17.3170 30.4260 -41.6990 0.05432 -0.48956 0.87028 255 255 0
-19.5560 28.6990 -42.3760 0.02736 -0.38753 0.92145 255 255 0
-16.8030 27.3340 -43.2600 0.10410 -0.35030 0.93083 255 255 0
-15.9650 28.7000 -42.7880 0.16733 -0.41260 0.89541 255 255 0
-15.1330 29.5450 -42.4620 0.02171 -0.44156 0.89697 255 255 0
-16.9970 32.5880 -39.1230 0.08395 -0.88282 0.46216 255 255 0
-16.5940 33.4500 -33.5540 0.03483 -0.99924 0.01737 255 255 0
-22.9790 32.2410 -37.4300 -0.11903 -0.96439 0.23620 255 255 0
-24.0650 32.1800 -35.8960 0.24601 -0.96798 0.04991 255 255 0
-22.4290 32.6340 -34.7180 0.08718 -0.99137 0.09788 255 255 0
-23.6060 32.3490 -34.7180 0.24792 -0.96790 0.04124 255 255 0
-26.5000 31.4410 -34.7980 0.35262 -0.93367 0.06266 255 255 0
-20.1250 33.1230 -30.4870 0.15246 -0.98818 0.01600 255 255 0
-20.3760 33.2120 -21.4220 0.15997 -0.98698 0.01655 255 255 0
-21.3950 32.9000 -29.6210 0.19977 -0.97980 0.00944 255 255 0
-17.3660 33.4300 -29.4140 0.07473 -0.99716 0.00932 255 255 0
-15.6700 33.5120 -28.6680 0.01462 -0.99982 0.01170 255 255 0
-20.3380 33.2690 -17.7760 0.15899 -0.98719 0.01360 255 255 0
-24.2090 32.4010 -18.6660 0.27273 -0.96197 0.01503 255 255 0
-25.6580 31.9520 -18.9720 0.31576 -0.94870 0.01624 255 255 0
-26.4830 31.5930 -23.2530 0.33446 -0.94227 0.01620 255 255 0
-22.5290 32.6430 -32.2420 0.20583 -0.97855 0.00877 255 255 0
-22.9050 32.6410 -25.0040 0.23041 -0.97300 0.01314 255 255 0
-25.2600 31.9320 -32.2380 0.30683 -0.95170 0.01111 255 255 0
-24.4130 32.1980 -28.0250 0.28463 -0.95859 0.00995 255 255 0
-24.8070 32.1940 -20.6190 0.29002 -0.95686 0.01774 255 255 0
-25.4110 31.8360 -34.0570 0.30365 -0.95232 0.02986 255 255 0
-25.4090 31.8790 -28.7290 0.32690 -0.94454 0.03121 255 255 0
-23.5840 32.4210 -31.1660 0.24748 -0.96886 0.00741 255 255 0
-20.5640 33.0720 -27.6490 0.18102 -0.98341 0.01135 255 255 0
-19.3820 33.3120 -23.5850 0.12474 -0.99208 0.01485 255 255 0
-18.8200 33.4360 -19.9960 0.11884 -0.99276 0.01771 255 255 0
-18.0600 33.4810 -22.1840 0.09669 -0.99520 0.01489 255 255 0
-18.4350 33.5640 -15.1050 0.09460 -0.99545 0.01130 255 255 0
-16.9310 33.6260 -18.2230 0.05709 -0.99828 0.01356 255 255 0
-16.0890 33.5560 -25.0420 0.03801 -0.99915 0.01582 255 255 0
-16.0690 33.6770 -17.1760 0.04461 -0.99897 0.00830 255 255 0
-15.7650 33.6860 -17.4420 0.02060 -0.99970 0.01357 255 255 0
-25.1910 32.1100 -18.4490 0.29405 -0.95562 0.01808 255 255 0
-23.2290 32.6690 -18.1260 0.24254 -0.97008 0.01105 255 255 0
-22.7640 32.8590 -12.8390 0.21009 -0.97640 0.05016 255 255 0
-21.6360 33.1100 -12.1520 0.18732 -0.98223 0.01138 255 255 0
-19.1930 33.4930 -12.8120 0.12506 -0.99212 0.00718 255 255 0
-16.7940 33.7090 -12.1710 0.05549 -0.99839 0.01171 255 255 0
-26.5130 31.7900 -5.0420 0.33831 -0.94102 0.00439 255 255 0
-22.1230 32.9400 -17.3480 0.21162 -0.97729 0.01113 255 255 0
-22.6230 32.9120 -9.9710 0.23222 -0.97265 0.00537 255 255 0
-24.4420 32.4690 -4.9510 0.28030 -0.95990 0.00446 255 255 0
-25.2470 32.2220 -7.7060 0.30498 -0.95233 0.00737 255 255 0
-24.4860 32.4100 -10.9270 0.27934 -0.95999 0.01987 255 255 0
-24.8010 32.2870 -15.2120 0.27941 -0.96012 0.01010 255 255 0
-25.8740 31.9320 -15.7760 0.32321 -0.94624 0.01306 255 255 0
-25.8990 31.9720 -10.9900 0.32320 -0.94630 0.00825 255 255 0
-26.4680 31.7560 -12.3380 0.34501 -0.93855 0.00900 255 255 0
-20.6590 33.3330 -1.3140 0.16643 -0.98605 0.00171 255 255 0
-19.8410 33.4440 -6.4030 0.14319 -0.98968 0.00579 255 255 0
-19.7560 33.4610 -4.7520 0.13864 -0.99034 0.00230 255 255 0
-19.5240 33.5060 -1.5990 0.13102 -0.99137 0.00459 255 255 0
-18.7060 33.6010 -3.5040 0.10950 -0.99399 -0.00096 255 255 0
-18.0100 33.6430 -9.5020 0.08982 -0.99594 0.00596 255 255 0
-17.6220 33.6960 -4.4850 0.07777 -0.99696 0.00374 255 255 0
-17.0900 33.7410 -2.6180 0.06336 -0.99799 0.00129 255 255 0
-16.2770 33.7590 -8.8200 0.03264 -0.99945 0.00593 255 255 0
-16.7050 33.7770 3.6630 0.04235 -0.99909 -0.00466 255 255 0
-15.5300 33.7930 -3.8760 0.01294 -0.99991 0.00417 255 255 0
-22.1770 33.0360 -3.7510 0.21055 -0.97758 0.00255 255 255 0
-25.8140 32.0370 -3.6440 0.31755 -0.94823 0.00506 255 255 0
-23.8780 32.6280 -3.3660 0.25295 -0.96748 0.00110 255 255 0
-21.9170 33.1030 2.5460 0.20057 -0.97968 0.00077 255 255 0
-19.5230 33.5190 4.3980 0.13144 -0.99132 0.00004 255 255 0
-16.6060 33.7720 4.1800 0.01296 -0.99991 -0.00411 255 255 0
-20.9960 33.2730 13.9920 0.17699 -0.98421 -0.00114 255 255 0
-21.5820 33.1710 9.1730 0.19169 -0.98145 -0.00046 255 255 0
-23.9770 32.6030 11.3480 0.26222 -0.96501 -0.00043 255 255 0
-24.8870 32.3410 13.3630 0.28689 -0.95796 -0.00057 255 255 0
-22.3840 33.0000 7.0710 0.21739 -0.97608 -0.00077 255 255 0
-22.9000 32.8820 5.8070 0.23541 -0.97190 0.00022 255 255 0
-24.0300 32.5920 2.2840 0.26554 -0.96410 0.00028 255 255 0
-23.5220 32.7260 1.9440 0.24385 -0.96981 0.00252 255 255 0
-24.7430 32.3890 0.7000 0.28651 -0.95808 0.00049 255 255 0
-25.5640 32.1340 9.1720 0.31236 -0.94996 0.00015 255 255 0
-25.6320 32.1030 -2.2170 0.31605 -0.94874 0.00174 255 255 0
-26.1240 31.9420 5.9870 0.32871 -0.94443 0.00027 255 255 0
-27.1360 31.5740 1.2120 0.35462 -0.93501 0.00074 255 255 0
-15.2960 33.8060 4.5710 0.00678 -0.99998 0.00050 255 255 0
-20.0430 33.4340 9.4210 0.15226 -0.98834 -0.00093 255 255 0
-20.2460 33.4000 11.7100 0.15485 -0.98794 -0.00064 255 255 0
-20.1080 33.4190 18.0430 0.15549 -0.98784 -0.00125 255 255 0
-19.1670 33.5520 12.6360 0.12463 -0.99220 -0.00093 255 255 0
-18.9440 33.5780 11.9050 0.11266 -0.99363 0.00070 255 255 0
-19.3140 33.5300 16.7310 0.12760 -0.99183 0.00033 255 255 0
-18.9440 33.5740 16.6120 0.11257 -0.99364 0.00172 255 255 0
-18.2170 33.6520 15.1240 0.09423 -0.99555 -0.00071 255 255 0
-17.1370 33.7430 7.6630 0.06737 -0.99773 0.00020 255 255 0
-15.9680 33.7880 19.4590 0.03213 -0.99948 -0.00008 255 255 0
-17.1250 33.7360 21.9190 0.06446 -0.99792 -0.00017 255 255 0
-15.9150 33.7960 5.8720 0.02744 -0.99962 -0.00088 255 255 0
-26.5090 31.7990 17.7240 0.34527 -0.93850 -0.00283 255 255 0
-22.1640 33.0440 15.8900 0.20577 -0.97860 -0.00008 255 255 0
-22.0550 33.0660 23.8370 0.20620 -0.97850 -0.00313 255 255 0
-20.6780 33.3250 22.8900 0.16586 -0.98615 -0.00162 255 255 0
-18.7420 33.5970 22.8640 0.11303 -0.99359 0.00027 255 255 0
-17.6360 33.6980 23.1390 0.07986 -0.99680 -0.00263 255 255 0
-15.9200 33.7900 22.5870 0.02327 -0.99973 -0.00155 255 255 0
-19.4260 33.5110 28.6380 0.13358 -0.99102 -0.00557 255 255 0
-23.8450 32.6300 30.1170 0.25353 -0.96695 -0.02690 255 255 0
-22.5980 32.9470 19.3190 0.22826 -0.97360 -0.00111 255 255 0
-22.6000 32.9440 20.3210 0.23541 -0.97189 -0.00212 255 255 0
-22.9590 32.8650 9.9580 0.23313 -0.97245 -0.00051 255 255 0
-23.8940 32.6280 20.8060 0.26377 -0.96458 -0.00068 255 255 0
-23.5630 32.7100 18.6180 0.25025 -0.96818 0.00011 255 255 0
-24.0570 32.5780 20.5030 0.28376 -0.95889 0.00387 255 255 0
-25.9780 31.9860 21.2040 0.32919 -0.94427 -0.00034 255 255 0
-25.5610 32.1250 19.7050 0.30564 -0.95215 -0.00047 255 255 0
-26.0840 31.9470 25.8950 0.32715 -0.94497 -0.00309 255 255 0
-27.5550 31.4070 14.9500 0.36961 -0.92919 -0.00089 255 255 0
-18.6950 33.5540 32.2170 0.11007 -0.99382 -0.01441 255 255 0
-17.0630 33.7470 26.3360 0.27677 -0.93643 0.21564 255 255 0
-16.7510 33.6890 33.3840 0.04314 -0.99888 -0.01922 255 255 0
-16.3960 33.7690 25.6060 0.04574 -0.99895 -0.00194 255 255 0
-16.2370 33.7470 29.9250 0.04111 -0.99909 -0.01139 255 255 0
-21.6400 33.1340 26.8580 0.18645 -0.98245 -0.00511 255 255 0
-22.4040 32.9720 26.8620 0.21692 -0.97617 -0.00537 255 255 0
-23.8100 32.6100 30.5020 0.23198 -0.97133 -0.05192 255 255 0
-25.9470 31.9560 30.3520 0.32189 -0.94674 -0.00823 255 255 0
-26.7360 31.6640 31.5740 0.34575 -0.93824 -0.01250 255 255 0
-22.1830 33.0000 30.3070 0.20346 -0.97901 -0.01231 255 255 0
-35.5760 25.0450 -39.7400 0.51361 -0.69219 0.50704 255 255 0
-34.5490 23.0200 -42.0160 0.32996 -0.43383 0.83840 255 255 0
-33.8130 21.5160 -42.9050 0.25948 -0.32045 0.91103 255 255 0
-28.9240 22.6300 -43.3940 0.16797 -0.26565 0.94932 255 255 0
-27.6690 28.8010 -41.1570 0.32379 -0.61576 0.71833 255 255 0
-29.4950 29.5120 -38.6550 0.43345 -0.81556 0.38339 255 255 0
-29.6180 29.8570 -37.3420 0.42237 -0.87996 0.21744 255 255 0
-29.8310 29.9370 -36.3760 0.43856 -0.89109 0.11670 255 255 0
-30.0380 29.9730 -34.3960 0.45498 -0.88988 0.03327 255 255 0
-35.7430 25.7680 -38.2960 0.40932 -0.83624 0.36492 255 255 0
-28.1560 27.5520 -41.6990 0.26192 -0.45353 0.85188 255 255 0
-29.6200 25.1320 -42.3760 0.18448 -0.36247 0.91356 255 255 0
-26.8630 25.1300 -43.1340 0.23166 -0.31000 0.92208 255 255 0
-26.2720 26.4310 -42.7880 0.15406 -0.47069 0.86874 255 255 0
-26.5090 30.3450 -39.9330 0.29440 -0.82221 0.48714 255 255 0
-29.4470 30.2490 -32.9160 0.42599 -0.90472 0.00304 255 255 0
-35.3770 26.3890 -37.1130 0.59872 -0.77627 0.19731 255 255 0
-33.5900 27.6780 -36.9130 0.53075 -0.82335 0.20100 255 255 0
-34.7100 27.0760 -34.7220 0.56992 -0.82094 0.03532 255 255 0
-36.9600 25.3010 -34.7260 0.65699 -0.75214 0.05143 255 255 0
-34.1000 27.6020 -28.5330 0.57221 -0.82004 0.01028 255 255 0
-29.8170 30.0870 -29.4920 0.44488 -0.89551 0.01209 255 255 0
-28.0570 30.8780 -29.4830 0.38745 -0.92181 0.01199 255 255 0
-26.8450 31.3890 -27.8820 0.34968 -0.93675 0.01463 255 255 0
-32.4380 28.8730 -16.3800 0.52109 -0.85338 0.01440 255 255 0
-34.9950 27.1700 -16.7810 0.59546 -0.80331 0.01059 255 255 0
-35.7120 26.3880 -31.4890 0.60305 -0.79752 0.01722 255 255 0
-34.2410 27.4800 -30.3030 0.57169 -0.82038 0.01176 255 255 0
-35.5010 26.6490 -23.8510 0.60570 -0.79541 0.02112 255 255 0
-34.1220 27.6730 -23.2000 0.56286 -0.82636 0.01780 255 255 0
-36.3790 25.8750 -29.5980 0.63036 -0.77623 -0.01121 255 255 0
-36.2640 25.9050 -33.6300 0.62381 -0.78125 0.02277 255 255 0
-36.7340 25.5680 -28.6980 0.64598 -0.76330 0.00876 255 255 0
-32.3880 28.6590 -31.2280 0.51602 -0.85638 0.01853 255 255 0
-31.6350 29.3230 -17.4080 0.49008 -0.87155 0.01504 255 255 0
-31.6570 29.1720 -25.6970 0.49944 -0.86623 0.01444 255 255 0
-31.1210 29.5500 -20.7300 0.47951 -0.87741 0.01473 255 255 0
-30.3790 29.9860 -18.3600 0.45972 -0.88798 0.01239 255 255 0
-30.1940 29.9760 -24.2110 0.47577 -0.87954 -0.00728 255 255 0
-30.3620 29.9080 -23.1140 0.45221 -0.89160 0.02343 255 255 0
-30.2900 30.0450 -17.3800 0.45281 -0.89153 0.01188 255 255 0
-29.4970 30.3380 -22.9380 0.43442 -0.90058 0.01536 255 255 0
-28.9230 30.6910 -18.0800 0.41515 -0.90964 0.01409 255 255 0
-28.7340 30.7340 -20.4520 0.41246 -0.91085 0.01516 255 255 0
-28.0960 31.0010 -21.0570 0.38909 -0.92102 0.01807 255 255 0
-27.5680 31.1790 -23.2630 0.37178 -0.92820 0.01483 255 255 0
-28.0060 31.0790 -18.6570 0.38228 -0.92393 0.01489 255 255 0
-34.5780 27.4410 -18.0900 0.57430 -0.81852 0.01399 255 255 0
-36.9230 25.5990 -18.8250 0.65137 -0.75860 0.01557 255 255 0
-33.1030 28.4320 -17.9060 0.53046 -0.84753 0.01776 255 255 0
-36.1320 26.2640 -18.0560 0.62448 -0.78096 0.01121 255 255 0
-29.5670 30.4730 -12.2000 0.44042 -0.89774 0.00932 255 255 0
-28.4440 31.0090 -9.5790 0.38868 -0.92136 0.00567 255 255 0
-33.0840 28.5900 -4.4750 0.53362 -0.84572 0.00421 255 255 0
-34.6650 27.5200 -4.3840 0.57929 -0.81511 0.00459 255 255 0
-35.7550 26.6430 -13.6930 0.60879 -0.79325 0.01120 255 255 0
-32.3780 28.9800 -12.3090 0.51384 -0.85782 0.01080 255 255 0
-34.0370 27.8450 -16.5470 0.55963 -0.82870 0.00795 255 255 0
-34.2900 27.7480 -10.1920 0.56592 -0.82442 0.00863 255 255 0
-34.2860 27.7340 -11.3860 0.56649 -0.82386 0.01882 255 255 0
-34.6550 27.4930 -9.6960 0.58595 -0.81033 0.00464 255 255 0
-36.5270 26.0350 -12.0280 0.64146 -0.76709 0.01004 255 255 0
-36.8790 25.6690 -16.9370 0.64337 -0.76548 0.01099 255 255 0
-36.5150 26.1010 -6.3600 0.63395 -0.77335 0.00582 255 255 0
-37.7450 24.9510 -14.3930 0.66971 -0.74255 0.01051 255 255 0
-27.7340 31.2510 -14.3500 0.36308 -0.93173 0.00753 255 255 0
-28.7700 30.8100 -14.4990 0.40791 -0.91293 0.01335 255 255 0
-32.3520 29.0350 -2.2980 0.50768 -0.86155 0.00148 255 255 0
-31.3470 29.6190 1.2180 0.48022 -0.87715 0.00171 255 255 0
-31.2180 29.6720 -5.8050 0.48025 -0.87712 0.00415 255 255 0
-29.8930 30.3440 -7.9940 0.44440 -0.89580 0.00762 255 255 0
-29.5660 30.5310 -4.2430 0.42917 -0.90322 0.00331 255 255 0
-28.1320 31.1750 -0.4920 0.38788 -0.92171 0.00188 255 255 0
-35.2100 27.1300 -1.9170 0.59769 -0.80172 0.00267 255 255 0
-32.4360 28.9970 3.9560 0.51498 -0.85720 -0.00019 255 255 0
-33.1940 28.5180 -2.2880 0.53339 -0.84587 -0.00013 255 255 0
-28.3550 31.0790 3.5620 0.39587 -0.91831 0.00097 255 255 0
-33.7430 28.1660 7.0610 0.55000 -0.83516 0.00020 255 255 0
-34.1540 27.8870 9.6100 0.56372 -0.82596 -0.00018 255 255 0
-35.2950 27.0740 7.0950 0.59919 -0.80060 0.00036 255 255 0
-35.9740 26.5480 15.3760 0.62196 -0.78305 -0.00006 255 255 0
-36.8820 25.8140 10.4380 0.64374 -0.76524 -0.00317 255 255 0
-33.5020 28.3250 3.6850 0.54555 -0.83808 -0.00071 255 255 0
-34.5220 27.6350 6.3780 0.57480 -0.81829 -0.00007 255 255 0
-33.8990 28.0610 1.5920 0.55982 -0.82861 0.00118 255 255 0
-34.7770 27.4530 2.9620 0.58466 -0.81127 0.00120 255 255 0
-35.8750 26.6290 7.9220 0.61744 -0.78662 -0.00030 255 255 0
-35.9480 26.5700 -1.0340 0.61968 -0.78485 0.00085 255 255 0
-36.4830 26.1460 4.9050 0.63088 -0.77588 0.00007 255 255 0
-37.1980 25.5420 1.7440 0.65382 -0.75665 0.00156 255 255 0
-37.1030 25.6230 7.6310 0.65522 -0.75543 -0.00014 255 255 0
-37.8080 25.0000 6.6600 0.67244 -0.74015 -0.00004 255 255 0
-27.4540 31.4480 3.6950 0.37319 -0.92776 0.00060 255 255 0
-32.2300 29.1110 11.5980 0.50139 -0.86521 -0.00379 255 255 0
-32.1760 29.1420 10.2330 0.50291 -0.86434 -0.00063 255 255 0
-31.3860 29.5960 10.1350 0.48307 -0.87558 -0.00022 255 255 0
-32.2010 29.1280 17.5170 0.50687 -0.86202 -0.00091 255 255 0
-29.7740 30.4360 3.7650 0.43729 -0.89932 0.00044 255 255 0
-29.7360 30.4510 4.6990 0.43320 -0.90129 -0.00297 255 255 0
-30.3750 30.1310 8.1070 0.45888 -0.88850 0.00117 255 255 0
-29.5910 30.5130 14.9560 0.43333 -0.90124 -0.00103 255 255 0
-29.0000 30.7930 7.8450 0.41125 -0.91152 -0.00007 255 255 0
-28.5740 30.9780 17.4910 0.40357 -0.91495 -0.00040 255 255 0
-27.9410 31.2530 7.1810 0.38358 -0.92351 -0.00031 255 255 0
-28.5400 30.9960 10.2330 0.39887 -0.91701 -0.00031 255 255 0
-32.7240 28.8150 13.5770 0.52421 -0.85159 -0.00012 255 255 0
-37.1760 25.5610 10.1430 0.65962 -0.75160 0.00065 255 255 0
-36.7860 25.8850 17.5420 0.64007 -0.76831 -0.00042 255 255 0
-33.4350 28.3620 23.0490 0.54462 -0.83867 -0.00384 255 255 0
-29.9280 30.3490 22.4300 0.44027 -0.89786 -0.00022 255 255 0
-28.3410 31.0790 22.9270 0.39228 -0.91984 -0.00208 255 255 0
-36.8300 25.8230 29.0230 0.64415 -0.76487 -0.00580 255 255 0
-33.1790 28.5270 16.7080 0.53892 -0.84236 0.00066 255 255 0
-34.3090 27.7660 24.8010 0.56390 -0.82584 -0.00406 255 255 0
-34.1330 27.8990 20.5130 0.56965 -0.82189 -0.00065 255 255 0
-34.0630 27.9470 18.1620 0.56506 -0.82505 0.00007 255 255 0
-35.9040 26.6000 21.8490 0.63037 -0.77628 0.00465 255 255 0
-35.2370 27.1060 23.6380 0.59619 -0.80283 -0.00379 255 255 0
-35.7240 26.7390 20.9120 0.61428 -0.78909 -0.00064 255 255 0
-36.7410 25.9200 24.2760 0.63879 -0.76937 -0.00375 255 255 0
-37.2610 25.4770 21.2860 0.65771 -0.75327 -0.00069 255 255 0
-30.9490 29.8280 16.8590 0.46928 -0.88305 -0.00025 255 255 0
-30.2780 30.1500 29.4110 0.43929 -0.89830 -0.00852 255 255 0
-30.7890 29.8960 31.3650 0.46476 -0.88521 -0.02001 255 255 0
-29.4570 30.5800 24.7150 0.42690 -0.90430 -0.00168 255 255 0
-31.6240 29.4610 26.8760 0.49925 -0.86645 -0.00308 255 255 0
-28.9710 30.7440 32.1730 0.41933 -0.90783 -0.00395 255 255 0
-29.9260 30.3670 26.9940 0.43716 -0.89938 -0.00219 255 255 0
-28.0440 31.1520 31.7580 0.38499 -0.92287 -0.00945 255 255 0
-27.7970 31.2870 26.8570 0.37578 -0.92670 -0.00514 255 255 0
-35.4440 26.9180 29.9450 0.60538 -0.79571 0.01924 255 255 0
-33.6660 28.1670 30.3760 0.53857 -0.84240 -0.01749 255 255 0
-33.9320 28.0110 29.1700 0.56012 -0.82841 -0.00203 255 255 0
-35.0830 27.2020 31.3080 0.58900 -0.80805 -0.01178 255 255 0
-43.2680 16.2690 -39.4190 0.73481 -0.47092 0.48814 255 255 0
-42.6360 15.1180 -40.9670 0.60998 -0.40074 0.68362 255 255 0
-41.5490 14.4210 -42.0160 0.46437 -0.28545 0.83838 255 255 0
-40.3200 13.2850 -42.9050 0.35770 -0.20510 0.91104 255 255 0
-36.1630 16.0890 -43.3940 0.25379 -0.19202 0.94801 255 255 0
-37.2220 22.2980 -41.1560 0.52749 -0.48050 0.70063 255 255 0
-39.0600 22.4100 -38.6810 0.68464 -0.61252 0.39509 255 255 0
-39.4210 22.5780 -37.3420 0.71640 -0.66758 0.20276 255 255 0
-39.8860 22.3780 -35.7680 0.74657 -0.65979 0.08551 255 255 0
-39.8550 22.5340 -34.3950 0.74429 -0.66686 0.03640 255 255 0
-43.6550 16.5520 -38.2960 0.76621 -0.56290 0.30994 255 255 0
-37.2250 20.9560 -41.6990 0.41464 -0.32948 0.84825 255 255 0
-37.7160 18.1710 -42.3760 0.30294 -0.27139 0.91355 255 255 0
-35.1440 19.1650 -43.1340 0.32681 -0.20534 0.92251 255 255 0
-35.0630 20.5920 -42.7880 0.30500 -0.39396 0.86704 255 255 0
-39.4030 23.0050 -32.9220 0.70680 -0.70737 0.00786 255 255 0
-43.5380 17.2630 -37.1130 0.84546 -0.50267 0.18035 255 255 0
-41.4970 20.1160 -37.2950 0.77797 -0.58761 0.22242 255 255 0
-42.9650 18.4570 -34.7180 0.82478 -0.56397 0.04093 255 255 0
-42.6820 19.1250 -23.2520 0.82415 -0.56615 0.01585 255 255 0
-42.3840 19.3710 -30.8500 0.81492 -0.57949 0.00954 255 255 0
-42.5900 19.0630 -32.9320 0.81613 -0.57752 0.01998 255 255 0
-38.4590 23.9770 -29.4960 0.69685 -0.71714 0.01076 255 255 0
-41.3910 20.8680 -23.2810 0.78489 -0.61947 0.01466 255 255 0
-44.1940 16.8930 -17.7050 0.86557 -0.50063 0.01279 255 255 0
-43.6460 17.7440 -19.7420 0.84899 -0.52816 0.01662 255 255 0
-43.6700 17.4630 -28.8410 0.85193 -0.52351 0.01264 255 255 0
-43.6020 17.5170 -31.0200 0.85048 -0.52586 0.01214 255 255 0
-44.5180 15.9130 -32.2050 0.87567 -0.48282 0.00942 255 255 0
-44.1400 16.7250 -26.2080 0.86238 -0.50612 0.01180 255 255 0
-44.3720 16.1360 -34.7420 0.87959 -0.47215 0.05824 255 255 0
-44.5260 16.0150 -27.0730 0.88106 -0.47274 0.01609 255 255 0
-40.7270 21.6220 -25.0490 0.76641 -0.64217 0.01528 255 255 0
-41.2680 20.8750 -28.7840 0.77910 -0.62653 0.02162 255 255 0
-40.3130 22.2140 -20.5020 0.75669 -0.65353 0.01786 255 255 0
-40.5890 21.9830 -17.3650 0.75665 -0.65366 0.01431 255 255 0
-40.0080 22.5090 -22.4970 0.73813 -0.67450 0.01491 255 255 0
-39.6160 23.0680 -16.6750 0.72445 -0.68790 0.04430 255 255 0
-39.5320 23.0790 -20.2310 0.73046 -0.68283 0.01343 255 255 0
-39.0690 23.5810 -19.4070 0.71575 -0.69824 0.01297 255 255 0
-39.2190 23.2510 -27.3460 0.72141 -0.69232 0.01613 255 255 0
-38.8260 23.8880 -16.6070 0.70676 -0.70730 0.01458 255 255 0
-38.5300 24.0270 -23.4190 0.70587 -0.70818 0.01500 255 255 0
-38.2200 24.4260 -19.0250 0.68549 -0.72792 0.01572 255 255 0
-38.2040 24.4180 -20.0960 0.68618 -0.72729 0.01478 255 255 0
-42.8730 18.9590 -18.6880 0.81911 -0.57348 0.01353 255 255 0
-42.4040 19.6380 -18.4340 0.80830 -0.58861 0.01353 255 255 0
-43.2580 18.3860 -18.5310 0.84003 -0.54227 0.01725 255 255 0
-44.6780 15.8150 -24.2330 0.88299 -0.46916 0.01463 255 255 0
-42.4770 19.6690 -12.4420 0.81122 -0.58468 0.00829 255 255 0
-41.0340 21.5840 -9.0170 0.76533 -0.64359 0.00756 255 255 0
-40.4020 22.2720 -12.7190 0.74694 -0.66485 0.00737 255 255 0
-39.0080 23.7860 -11.6360 0.70994 -0.70425 0.00509 255 255 0
-44.6580 16.3060 -4.3180 0.87636 -0.48164 0.00351 255 255 0
-43.2670 18.4850 -14.9650 0.83865 -0.54456 0.01120 255 255 0
-43.1920 18.6390 -12.2220 0.83347 -0.55205 0.02381 255 255 0
-43.6270 17.9440 -12.7360 0.84840 -0.52935 0.00132 255 255 0
-44.3040 16.8270 -12.5680 0.86479 -0.50205 0.00861 255 255 0
-44.5190 16.4060 -14.5230 0.87071 -0.49164 0.01230 255 255 0
-44.5150 16.3580 -16.4650 0.87157 -0.49008 0.01409 255 255 0
-44.9910 15.6140 -10.0390 0.88008 -0.47483 0.00150 255 255 0
-41.6370 20.7650 -13.4470 0.78801 -0.61557 0.01080 255 255 0
-37.6610 25.0490 -12.7560 0.67006 -0.74227 0.00724 255 255 0
-41.6590 20.8250 -6.8240 0.78760 -0.61618 0.00375 255 255 0
-40.2080 22.5550 -5.6320 0.74595 -0.66592 0.01046 255 255 0
-40.5070 22.2240 -5.3260 0.75433 -0.65645 0.00727 255 255 0
-40.6790 22.0230 -4.7950 0.76068 -0.64912 0.00152 255 255 0
-39.8140 22.9930 -5.2150 0.72973 -0.68373 0.00287 255 255 0
-39.8950 22.9130 -2.2150 0.73711 -0.67577 0.00172 255 255 0
-39.1320 23.7020 -7.2080 0.71780 -0.69622 0.00612 255 255 0
-39.3940 23.4590 1.2570 0.72156 -0.69235 0.00197 255 255 0
-37.6380 25.1360 -4.8890 0.66735 -0.74473 0.00408 255 255 0
-42.7630 19.3470 -3.5890 0.81976 -0.57269 0.00440 255 255 0
-43.7240 17.8820 -5.4140 0.84740 -0.53093 0.00496 255 255 0
-42.1300 20.2400 1.2830 0.79806 -0.60258 0.00202 255 255 0
-41.1840 21.4470 3.2050 0.77432 -0.63279 0.00142 255 255 0
-40.5660 22.1800 1.0220 0.75777 -0.65251 0.00247 255 255 0
-38.6890 24.1690 2.9570 0.69854 -0.71557 0.00018 255 255 0
-42.9590 19.0730 12.4090 0.82447 -0.56591 -0.00027 255 255 0
-43.5740 18.1430 9.8740 0.84273 -0.53834 -0.00070 255 255 0
-41.9540 20.4720 7.0480 0.79500 -0.60661 -0.00122 255 255 0
-42.6300 19.5480 7.2670 0.81371 -0.58126 -0.00110 255 255 0
-42.8220 19.2660 -2.5920 0.82440 -0.56600 0.00212 255 255 0
-43.0040 19.0120 3.6010 0.82585 -0.56390 0.00039 255 255 0
-43.6280 18.0610 5.5830 0.84613 -0.53298 0.00086 255 255 0
-43.7060 17.9300 -1.5210 0.84887 -0.52860 0.00293 255 255 0
-44.1250 17.2510 7.4060 0.85928 -0.51151 -0.00021 255 255 0
-43.6440 18.0420 0.5520 0.84696 -0.53166 0.00172 255 255 0
-44.6580 16.3200 4.0450 0.87773 -0.47915 -0.00147 255 255 0
-44.8670 15.9330 5.2000 0.87179 -0.48966 -0.01477 255 255 0
-45.0270 15.6300 2.8430 0.88723 -0.46132 0.00143 255 255 0
-40.9630 21.7080 11.7300 0.76898 -0.63928 -0.00144 255 255 0
-40.6180 22.1080 23.0310 0.75638 -0.65413 -0.00020 255 255 0
-40.2160 22.5810 4.4990 0.74564 -0.66635 0.00021 255 255 0
-40.0670 22.7310 13.7330 0.74251 -0.66984 -0.00043 255 255 0
-39.7270 23.1060 8.7520 0.72783 -0.68576 -0.00071 255 255 0
-39.0320 23.8220 14.9260 0.70708 -0.70713 -0.00097 255 255 0
-38.8020 24.0520 11.5550 0.69692 -0.71715 -0.00136 255 255 0
-38.1830 24.6520 7.4220 0.68478 -0.72875 -0.00144 255 255 0
-38.5070 24.3370 14.8160 0.69548 -0.71851 -0.00755 255 255 0
-38.0630 24.7580 15.2550 0.67925 -0.73390 -0.00202 255 255 0
-43.4860 18.2710 15.5220 0.83933 -0.54361 -0.00111 255 255 0
-43.9240 17.5790 9.0810 0.85153 -0.52431 0.00024 255 255 0
-44.1230 17.2420 14.9920 0.86013 -0.51007 -0.00290 255 255 0
-44.4890 16.6240 3.9960 0.86670 -0.49884 -0.00059 255 255 0
-45.0310 15.6120 16.8510 0.88653 -0.46267 -0.00062 255 255 0
-42.3230 19.9670 14.1980 0.80884 -0.58803 -0.00069 255 255 0
-43.8680 17.6630 15.2280 0.85240 -0.52288 -0.00184 255 255 0
-41.6670 20.8270 24.4220 0.78719 -0.61671 -0.00299 255 255 0
-42.5210 19.6950 22.7900 0.81534 -0.57897 -0.00325 255 255 0
-39.1580 23.6960 23.2080 0.71368 -0.70047 -0.00224 255 255 0
-41.4610 20.9990 32.2130 0.78658 -0.61743 -0.00903 255 255 0
-43.6510 17.9660 29.9200 0.84842 -0.52928 -0.00678 255 255 0
-44.9450 15.7540 27.1580 0.88309 -0.46918 -0.00434 255 255 0
-43.0200 18.9830 20.2330 0.82935 -0.55873 -0.00091 255 255 0
-43.0400 18.9500 14.2070 0.83088 -0.55646 0.00011 255 255 0
-43.8750 17.6540 23.5080 0.85067 -0.52569 -0.00365 255 255 0
-43.7410 17.8660 21.3670 0.84170 -0.53988 -0.00893 255 255 0
-44.0250 17.4050 22.3630 0.85774 -0.51408 -0.00101 255 255 0
-44.1900 17.1280 20.9990 0.86451 -0.50261 -0.00086 255 255 0
-44.5150 16.5640 16.3500 0.87113 -0.49106 -0.00006 255 255 0
-45.0330 15.6070 21.8630 0.88592 -0.46383 -0.00100 255 255 0
-40.6280 22.0950 16.5420 0.75232 -0.65880 0.00004 255 255 0
-40.1280 22.6600 19.7810 0.73975 -0.67288 -0.00059 255 255 0
-38.3350 24.5000 21.6450 0.68815 -0.72557 -0.00103 255 255 0
-40.1650 22.6350 26.8850 0.73984 -0.67246 -0.02097 255 255 0
-39.6250 23.1960 27.2120 0.72164 -0.69126 -0.03741 255 255 0
-41.1150 21.5110 27.7170 0.77170 -0.63592 -0.00906 255 255 0
-40.4970 22.1990 31.2760 0.75337 -0.65752 -0.01016 255 255 0
-38.8020 24.0290 27.5300 0.70493 -0.70926 -0.00385 255 255 0
-39.1210 23.6920 29.6430 0.73338 -0.67922 0.02861 255 255 0
-38.5170 24.2940 28.5020 0.68925 -0.72443 -0.01138 255 255 0
-38.5380 24.2050 33.7160 0.69074 -0.72293 -0.01587 255 255 0
-38.0850 24.7180 26.6110 0.68450 -0.72899 -0.00578 255 255 0
-43.2280 18.6020 30.3540 0.82956 -0.55835 -0.00854 255 255 0
-44.2490 16.9520 30.3520 0.86403 -0.50333 -0.01071 255 255 0
-45.4030 14.8130 30.2380 0.89895 -0.43793 -0.01034 255 255 0
-42.5260 19.6240 30.0620 0.81155 -0.58424 -0.00715 255 255 0
-44.5480 16.4260 30.1770 0.87655 -0.48120 -0.01013 255 255 0
-42.2180 20.0250 31.0930 0.79953 -0.60052 -0.01146 255 255 0
-47.3130 5.1250 -39.2550 0.86254 -0.17730 0.47390 255 255 0
-44.9700 3.8740 -42.0160 0.53612 -0.09838 0.83839 255 255 0
-43.4130 3.2580 -42.9050 0.40763 -0.06210 0.91103 255 255 0
-40.5510 7.3750 -43.3940 0.30605 -0.08740 0.94800 255 255 0
-43.7800 12.7820 -41.1570 0.66272 -0.25641 0.70360 255 255 0
-45.3240 12.5490 -38.8820 0.85806 -0.32226 0.39986 255 255 0
-46.2940 11.8950 -35.7680 0.93165 -0.35221 0.08934 255 255 0
-46.3210 12.0520 -34.3950 0.93377 -0.35649 0.03132 255 255 0
-47.7040 5.1010 -38.2960 0.93541 -0.20288 0.28955 255 255 0
-43.2980 11.5330 -41.6990 0.50881 -0.15672 0.84650 255 255 0
-42.7500 8.7560 -42.3760 0.38057 -0.14353 0.91355 255 255 0
-40.7110 10.6120 -43.1340 0.37888 -0.07343 0.92253 255 255 0
-41.1510 11.9710 -42.7880 0.42700 -0.25616 0.86721 255 255 0
-46.7140 10.9150 -32.3020 0.94687 -0.32146 0.00985 255 255 0
-45.7620 13.3510 -33.4120 0.91227 -0.40906 0.02078 255 255 0
-47.8510 5.8060 -37.1130 0.97220 -0.16110 0.16995 255 255 0
-47.3990 7.9630 -36.9130 0.94364 -0.26269 0.20132 255 255 0
-47.7230 7.2620 -34.6300 0.97449 -0.22118 0.03804 255 255 0
-48.2550 4.1700 -34.8040 0.98875 -0.13887 0.05553 255 255 0
-47.6190 8.1560 -25.1170 0.96961 -0.24433 0.01239 255 255 0
-47.7740 7.2080 -32.3280 0.97759 -0.20992 0.01607 255 255 0
-47.2420 9.2510 -31.1570 0.95975 -0.28036 0.01664 255 255 0
-46.6330 11.2090 -28.9800 0.94180 -0.33592 0.01331 255 255 0
-45.7970 13.3310 -29.7950 0.91728 -0.39810 0.01067 255 255 0
-48.0410 6.5990 -20.3920 0.98199 -0.18819 0.01643 255 255 0
-48.0920 5.8370 -26.9580 0.98634 -0.16417 0.01334 255 255 0
-48.4890 3.8780 -19.5820 0.99222 -0.12369 0.01405 255 255 0
-48.3490 4.3200 -25.1120 0.99110 -0.13245 0.01365 255 255 0
-48.2590 4.5150 -29.5250 0.98901 -0.14694 0.01607 255 255 0
-48.4120 3.5250 -26.6240 0.99232 -0.12097 0.02598 255 255 0
-47.4060 9.4240 -16.8280 0.96016 -0.27916 0.01264 255 255 0
-46.7560 11.3380 -19.5500 0.93943 -0.34202 0.02225 255 255 0
-46.4290 11.9450 -24.7660 0.93253 -0.36075 0.01536 255 255 0
-46.5550 11.7980 -20.5690 0.94304 -0.33255 -0.00863 255 255 0
-46.8380 10.9870 -21.2390 0.94711 -0.32052 0.01589 255 255 0
-45.9230 13.3370 -21.5110 0.92000 -0.39162 0.01547 255 255 0
-46.3430 12.3820 -19.8880 0.93470 -0.35529 0.01026 255 255 0
-46.1640 13.0470 -14.2000 0.92419 -0.38180 0.00986 255 255 0
-46.0960 13.0740 -18.0460 0.92136 -0.38845 0.01436 255 255 0
-45.4930 14.3680 -19.3470 0.90307 -0.42922 0.01502 255 255 0
-45.5790 14.2680 -16.7330 0.90563 -0.42388 0.01303 255 255 0
-47.7180 8.0770 -19.8010 0.96986 -0.24322 0.01438 255 255 0
-47.5860 8.6730 -18.5110 0.96665 -0.25571 0.01399 255 255 0
-48.3520 5.0210 -18.4330 0.98870 -0.14859 0.01989 255 255 0
-46.3090 12.7390 -12.1600 0.92910 -0.36971 0.00980 255 255 0
-47.7440 8.3750 -12.3830 0.96963 -0.24436 0.00997 255 255 0
-47.8990 7.5280 -16.7960 0.97453 -0.22397 0.01151 255 255 0
-48.1410 6.7650 -9.4550 0.98029 -0.19741 0.00765 255 255 0
-48.3370 5.4930 -14.7500 0.98609 -0.16596 0.00931 255 255 0
-48.4380 4.8670 -13.0820 0.99016 -0.13980 0.00649 255 255 0
-48.6750 3.3010 -8.0620 0.99603 -0.08887 0.00565 255 255 0
-48.5090 4.0760 -16.2720 0.99258 -0.12102 0.01168 255 255 0
-48.5940 3.8270 -11.0070 0.99205 -0.12560 0.00760 255 255 0
-47.1920 10.3760 -10.1440 0.95085 -0.30952 0.00905 255 255 0
-47.4260 9.7110 -1.2270 0.95778 -0.28749 0.00217 255 255 0
-47.1090 10.6960 -3.1290 0.95059 -0.31044 0.00152 255 255 0
-46.8570 11.4550 0.9770 0.94090 -0.33867 0.00257 255 255 0
-46.6010 12.0660 -7.6900 0.93349 -0.35854 0.00661 255 255 0
-46.8950 11.3300 -4.0110 0.94029 -0.34038 0.00249 255 255 0
-46.7800 11.6350 -5.4820 0.93627 -0.35128 0.00286 255 255 0
-46.0860 13.3720 -4.7900 0.92012 -0.39164 0.00267 255 255 0
-45.5770 14.4910 -5.9790 0.90147 -0.43282 0.00504 255 255 0
-45.5100 14.6600 -0.6060 0.90152 -0.43273 0.00329 255 255 0
-47.6130 9.0360 -6.4340 0.96389 -0.26628 0.00322 255 255 0
-48.3690 5.6400 -5.0310 0.98516 -0.17160 0.00359 255 255 0
-48.5130 4.6950 -7.3190 0.98980 -0.14230 0.00622 255 255 0
-47.9710 7.6630 -1.2280 0.97316 -0.23014 0.00251 255 255 0
-48.1590 6.8130 -1.4760 0.97929 -0.20246 0.00256 255 255 0
-47.6920 8.7920 0.8740 0.96457 -0.26382 0.00031 255 255 0
-47.3430 10.0080 6.5460 0.95610 -0.29305 -0.00022 255 255 0
-47.0740 10.8430 2.1510 0.94826 -0.31749 0.00023 255 255 0
-46.4710 12.4780 2.8220 0.93028 -0.36684 -0.00075 255 255 0
-45.6290 14.4200 2.3540 0.90341 -0.42878 0.00170 255 255 0
-47.8070 8.3350 15.3950 0.97042 -0.24142 -0.00149 255 255 0
-48.0920 7.1530 8.7340 0.97748 -0.21101 -0.00055 255 255 0
-47.7620 8.5430 8.1410 0.96713 -0.25428 -0.00106 255 255 0
-48.0320 7.4550 6.4080 0.97619 -0.21691 0.00009 255 255 0
-48.3810 5.6670 7.7050 0.98542 -0.17011 -0.00083 255 255 0
-48.3530 5.8100 -1.0960 0.98534 -0.17060 0.00146 255 255 0
-48.3770 5.6720 3.9270 0.98492 -0.17299 0.00012 255 255 0
-48.5570 4.5440 6.3910 0.99090 -0.13462 0.00030 255 255 0
-48.6040 4.1460 8.7600 0.99175 -0.12815 -0.00202 255 255 0
-48.6560 3.7040 8.0860 0.99470 -0.10282 -0.00030 255 255 0
-48.6410 3.7970 -0.5880 0.99366 -0.11240 0.00228 255 255 0
-47.5080 9.4350 13.4840 0.96123 -0.27575 -0.00029 255 255 0
-47.4090 9.7670 22.0500 0.95917 -0.28283 -0.00260 255 255 0
-47.0240 10.9680 11.9910 0.94495 -0.32721 -0.00009 255 255 0
-47.0220 10.9760 15.8250 0.94534 -0.32609 -0.00164 255 255 0
-46.9730 11.1080 14.5230 0.94012 -0.34085 0.00054 255 255 0
-46.5930 12.1690 9.7870 0.93408 -0.35706 -0.00078 255 255 0
-46.7250 11.8020 13.7970 0.93822 -0.34604 -0.00077 255 255 0
-46.7760 11.6610 14.7470 0.93876 -0.34458 -0.00102 255 255 0
-46.3590 12.7550 8.8190 0.92565 -0.37839 0.00112 255 255 0
-46.2550 12.9920 22.7210 0.92681 -0.37551 -0.00281 255 255 0
-46.0110 13.5650 14.9140 0.91621 -0.40070 0.00033 255 255 0
-45.9170 13.7950 3.5260 0.91444 -0.40471 -0.00015 255 255 0
-45.6580 14.3450 15.7250 0.90555 -0.42425 0.00077 255 255 0
-45.2400 15.2180 12.7280 0.89318 -0.44970 -0.00057 255 255 0
-45.3060 15.0740 14.9520 0.89722 -0.44159 -0.00136 255 255 0
-45.5740 14.5200 15.3960 0.90354 -0.42850 0.00123 255 255 0
-48.1240 6.9760 13.6400 0.98055 -0.19620 -0.00571 255 255 0
-48.2630 6.2970 12.2970 0.98259 -0.18579 -0.00115 255 255 0
-47.0500 10.9020 25.3700 0.94849 -0.31679 -0.00430 255 255 0
-47.8310 8.1480 30.0410 0.97014 -0.24244 -0.00740 255 255 0
-47.3490 9.8660 30.3740 0.95599 -0.29333 -0.00699 255 255 0
-46.7060 11.7750 32.3910 0.93379 -0.35711 -0.02239 255 255 0
-48.0460 7.3800 25.9400 0.97376 -0.22755 -0.00461 255 255 0
-47.6720 8.8480 18.4090 0.96608 -0.25826 -0.00051 255 255 0
-47.9450 7.7640 22.1090 0.97303 -0.23069 0.00142 255 255 0
-48.2470 6.3990 23.2700 0.98263 -0.18557 0.00243 255 255 0
-48.0700 7.2160 22.4900 0.97754 -0.21071 0.00428 255 255 0
-47.9960 7.5520 15.6970 0.97424 -0.22552 -0.00111 255 255 0
-48.4460 5.2130 27.2860 0.98887 -0.14869 -0.00477 255 255 0
-48.4150 5.4350 20.6030 0.98654 -0.16354 -0.00060 255 255 0
-48.1890 6.6790 14.3560 0.97949 -0.20149 0.00196 255 255 0
-48.5280 4.6660 19.3560 0.99102 -0.13366 -0.00333 255 255 0
-48.4740 5.0400 17.7070 0.98815 -0.15346 0.00111 255 255 0
-48.5510 4.5210 21.0560 0.99065 -0.13561 0.01492 255 255 0
-48.5480 4.5090 20.9840 0.98191 -0.18092 0.05581 255 255 0
-48.5490 4.5100 16.9020 0.99114 -0.13284 0.00009 255 255 0
-48.6880 3.2730 24.4910 0.99492 -0.10053 -0.00451 255 255 0
-48.6450 3.7270 19.7450 0.99339 -0.11477 -0.00096 255 255 0
-45.6150 14.4270 23.3130 0.90377 -0.42801 -0.00282 255 255 0
-46.0020 13.5890 22.9110 0.92345 -0.36919 -0.10463 255 255 0
-46.3610 12.7050 27.7940 0.92748 -0.37376 -0.00907 255 255 0
-46.5760 12.0040 33.2420 0.92948 -0.36797 -0.02583 255 255 0
-45.8850 13.8290 26.1600 0.90999 -0.41459 -0.00492 255 255 0
-46.1220 13.2100 31.2570 0.89869 -0.43123 -0.07997 255 255 0
-48.5430 4.1520 32.1470 0.99277 -0.11913 -0.01495 255 255 0
-48.2930 5.9440 29.9910 0.98343 -0.18100 -0.01021 255 255 0
-45.6230 -7.4140 -40.9670 0.71700 0.09539 0.69051 255 255 0
-44.3500 -7.1970 -42.0160 0.53541 0.10184 0.83843 255 255 0
-42.6760 -7.2080 -42.9050 0.40250 0.08941 0.91104 255 255 0
-41.4940 -2.3350 -43.3940 0.31697 0.02904 0.94799 255 255 0
-46.4580 1.5390 -41.1570 0.71516 -0.00278 0.69896 255 255 0
-47.8920 0.3840 -38.6810 0.91771 0.01026 0.39712 255 255 0
-48.2720 0.2650 -37.3420 0.97617 -0.02121 0.21596 255 255 0
-48.4390 0.1100 -36.3760 0.99399 -0.01176 0.10882 255 255 0
-47.3430 -7.0400 -38.2960 0.93413 0.13702 0.32957 255 255 0
-45.5570 0.5450 -41.6980 0.52385 0.03380 0.85114 255 255 0
-44.0430 -1.8430 -42.3760 0.40686 0.00341 0.91349 255 255 0
-42.8130 0.6250 -43.1340 0.37990 0.06850 0.92249 255 255 0
-43.7140 1.7330 -42.7880 0.49076 -0.08452 0.86718 255 255 0
-48.5220 1.0270 -34.3280 0.99882 -0.03355 0.03508 255 255 0
-48.1980 -2.6070 -37.2160 0.96858 0.07246 0.23792 255 255 0
-47.9260 -6.0120 -35.8960 0.93597 0.27985 0.21366 255 255 0
-47.5690 -7.9150 -34.8090 0.96842 0.24137 0.06256 255 255 0
-48.3480 -3.8620 -28.6610 0.99235 0.12259 0.01424 255 255 0
-48.4370 -2.2620 -34.4680 0.99699 0.06845 0.03633 255 255 0
-48.5460 -0.9770 -29.1420 0.99972 0.01937 0.01332 255 255 0
-48.5610 -0.1590 -29.0310 0.99992 0.00379 0.01186 255 255 0
-48.5450 0.9920 -29.4510 0.99949 -0.03069 0.00934 255 255 0
-48.4750 2.3190 -29.7850 0.99765 -0.06791 0.00910 255 255 0
-48.5500 -3.1450 -20.3120 0.99555 0.09310 0.01456 255 255 0
-48.2890 -4.9330 -23.1500 0.98808 0.15316 0.01542 255 255 0
-48.2100 -5.8820 -18.4690 0.98534 0.16999 0.01445 255 255 0
-48.3120 -3.9070 -31.4520 0.99251 0.12131 0.01424 255 255 0
-48.1270 -5.4920 -28.3410 0.98565 0.16821 0.01425 255 255 0
-48.1230 -4.5360 -36.9000 0.97273 0.12558 0.19500 255 255 0
-47.9730 -6.7560 -23.0180 0.98027 0.19705 0.01581 255 255 0
-48.0840 -5.6160 -30.0950 0.98572 0.16799 0.01176 255 255 0
-47.7100 -7.4890 -30.8860 0.97550 0.21956 0.01401 255 255 0
-47.6270 -8.1340 -25.1740 0.96956 0.24438 0.01503 255 255 0
-47.6480 -7.6720 -32.0790 0.97465 0.22352 0.01017 255 255 0
-47.6240 -8.0130 -27.1890 0.97157 0.23619 0.01630 255 255 0
-48.6370 -2.1400 -19.6280 0.99750 0.06936 0.01327 255 255 0
-48.6150 -1.7660 -22.4530 0.99857 0.05163 0.01416 255 255 0
-48.7360 -0.9750 -16.6750 0.99954 0.02805 0.01138 255 255 0
-48.7100 -1.4880 -17.3370 0.99879 0.04710 0.01404 255 255 0
-48.6520 -0.5380 -22.9770 0.99976 0.01637 0.01489 255 255 0
-48.6730 0.7020 -21.3420 0.99965 -0.02060 0.01648 255 255 0
-48.7330 0.1140 -18.1110 0.99991 -0.00292 0.01337 255 255 0
-48.4960 2.1170 -28.9730 0.99840 -0.05519 0.01260 255 255 0
-48.6840 1.5940 -18.8140 0.99875 -0.04801 0.01414 255 255 0
-48.7300 1.5620 -15.7020 0.99908 -0.04163 0.01070 255 255 0
-48.5700 3.1640 -19.1420 0.99566 -0.09213 0.01339 255 255 0
-48.5860 2.5590 -21.1240 0.99676 -0.07879 0.01597 255 255 0
-48.4200 -4.4860 -18.8170 0.99116 0.13194 0.01395 255 255 0
-47.6750 -8.2400 -20.1330 0.96942 0.24497 0.01443 255 255 0
-47.6090 -8.6100 -18.3890 0.96533 0.26066 0.01422 255 255 0
-48.7860 -1.5970 -11.3720 0.99862 0.05216 0.00586 255 255 0
-48.7880 0.9790 -12.1400 0.99973 -0.02147 0.00923 255 255 0
-48.7320 2.1280 -12.3110 0.99799 -0.06305 0.00676 255 255 0
-47.5760 -9.1910 -6.1810 0.96183 0.27361 0.00450 255 255 0
-48.4710 -4.7490 -12.8530 0.99041 0.13808 0.00531 255 255 0
-48.1070 -6.7800 -13.6120 0.98100 0.19266 0.02262 255 255 0
-48.2200 -6.0060 -16.2560 0.98312 0.18274 0.00948 255 255 0
-48.2770 -6.1560 -8.2410 0.98480 0.17349 0.00858 255 255 0
-48.1300 -6.6660 -12.7250 0.97995 0.19917 0.00611 255 255 0
-47.9600 -7.5220 -11.1650 0.97262 0.23240 0.00263 255 255 0
-47.8180 -7.8430 -17.4060 0.97466 0.22319 0.01523 255 255 0
-47.6310 -8.8270 -12.0110 0.96609 0.25807 0.00862 255 255 0
-47.5610 -8.9460 -15.8930 0.96301 0.26918 0.01223 255 255 0
-48.7930 -1.5990 -8.4170 0.99925 0.03861 0.00320 255 255 0
-48.7640 -2.3810 -3.0630 0.99786 0.06530 0.00175 255 255 0
-48.8160 -1.6850 3.0440 0.99891 0.04667 0.00108 255 255 0
-48.8250 -1.3150 -4.6540 0.99939 0.03462 0.00392 255 255 0
-48.8520 0.6190 -0.9180 0.99982 -0.01856 0.00419 255 255 0
-48.8310 0.6750 -6.5800 0.99979 -0.01923 0.00733 255 255 0
-48.8280 1.4270 0.9810 0.99643 -0.08338 -0.01357 255 255 0
-48.7760 2.0710 -5.9410 0.99837 -0.05656 0.00788 255 255 0
-48.7570 2.4970 -3.0730 0.99724 -0.07414 0.00302 255 255 0
-48.7140 -3.0310 -4.3090 0.99585 0.09078 0.00577 255 255 0
-48.5540 -4.3980 -5.1150 0.99170 0.12824 0.00897 255 255 0
-48.2660 -6.2250 -4.8040 0.98064 0.19582 0.00102 255 255 0
-48.5800 -4.2910 -2.9710 0.99146 0.13037 0.00238 255 255 0
-48.0870 -7.1330 -5.2970 0.97619 0.21688 0.00294 255 255 0
-48.3220 -5.9630 -1.6290 0.98534 0.17056 0.00277 255 255 0
-48.6850 -3.4210 8.5440 0.99479 0.10194 0.00009 255 255 0
-48.7480 -2.7190 5.4040 0.99707 0.07644 -0.00115 255 255 0
-48.7380 -2.8690 1.6440 0.99644 0.08427 0.00034 255 255 0
-48.8700 0.3890 4.0500 0.99992 -0.01241 0.00052 255 255 0
-48.7460 -2.6790 18.6420 0.99708 0.07635 -0.00007 255 255 0
-48.2450 -6.3970 14.5120 0.98254 0.18605 -0.00081 255 255 0
-47.7140 -8.7260 8.7730 0.96630 0.25743 -0.00062 255 255 0
-48.5740 -4.3830 7.0010 0.99184 0.12747 -0.00049 255 255 0
-48.5430 -4.5990 7.4650 0.99015 0.14000 -0.00199 255 255 0
-48.5550 -4.5010 3.2570 0.99182 0.12761 0.00092 255 255 0
-48.4550 -5.2050 4.6210 0.98676 0.16218 -0.00353 255 255 0
-48.3520 -5.8270 3.1760 0.98473 0.17410 0.00031 255 255 0
-48.2970 -6.1300 0.1330 0.98271 0.18517 0.00127 255 255 0
-48.0720 -7.2620 5.7740 0.97736 0.21157 0.00008 255 255 0
-48.0880 -7.1730 3.2260 0.97775 0.20978 0.00164 255 255 0
-47.9240 -7.8950 5.6820 0.97248 0.23300 0.00062 255 255 0
-47.8850 -8.0530 0.9150 0.97155 0.23678 0.00412 255 255 0
-47.8120 -8.3480 4.7130 0.97068 0.24037 0.00268 255 255 0
-47.6840 -8.8350 2.2720 0.96624 0.25766 0.00016 255 255 0
-48.7620 2.5420 4.0570 0.99767 -0.06828 0.00041 255 255 0
-48.7820 -2.2460 4.8770 0.99774 0.06713 0.00022 255 255 0
-48.8210 -1.5780 6.2400 0.99898 0.04512 0.00002 255 255 0
-48.8400 -0.9790 12.8330 0.99982 0.01891 -0.00147 255 255 0
-48.8310 -1.1970 16.0620 0.99921 0.03967 -0.00024 255 255 0
-48.8550 -0.3920 8.1900 0.99992 0.01294 -0.00147 255 255 0
-48.8530 -0.3400 17.9040 0.99998 0.00659 -0.00011 255 255 0
-48.8370 1.1700 9.4290 0.99933 -0.03673 0.00006 255 255 0
-48.8580 0.2040 6.9520 0.99997 -0.00682 -0.00419 255 255 0
-48.8310 1.2470 14.2630 0.99933 -0.03649 -0.00005 255 255 0
-48.8300 1.3810 20.4950 0.99897 -0.04529 0.00114 255 255 0
-48.7770 2.3220 10.7350 0.99763 -0.06886 -0.00003 255 255 0
-48.7730 2.3390 14.7130 0.99778 -0.06617 0.00793 255 255 0
-48.7410 2.7580 14.5020 0.99686 -0.07916 0.00066 255 255 0
-48.2020 -6.5970 15.3030 0.97850 0.20624 -0.00043 255 255 0
-48.0760 -7.2060 15.0800 0.97746 0.21113 -0.00095 255 255 0
-47.7690 -8.4940 16.1010 0.96747 0.25298 -0.00042 255 255 0
-48.6110 -4.0690 9.0490 0.99259 0.12151 -0.00067 255 255 0
-48.5590 -4.4280 27.1600 0.99085 0.13488 -0.00551 255 255 0
-48.7390 -2.7550 23.5310 0.99672 0.08083 -0.00413 255 255 0
-48.8260 -1.2810 22.5760 0.99931 0.03703 -0.00308 255 255 0
-48.8520 0.5870 22.0540 0.99993 -0.01192 -0.00230 255 255 0
-48.7770 2.1810 26.0680 0.99763 -0.06860 -0.00547 255 255 0
-48.7610 -1.9890 30.3690 0.99880 0.04901 0.00169 255 255 0
-47.8560 -8.0900 27.9910 0.97279 0.23166 -0.00218 255 255 0
-48.6500 -3.6850 21.1580 0.99377 0.11148 -0.00050 255 255 0
-48.6000 -4.0920 22.1900 0.99239 0.12280 -0.00945 255 255 0
-48.5570 -4.4450 19.1660 0.99193 0.12676 0.00052 255 255 0
-48.4810 -4.9970 22.2780 0.98956 0.14412 -0.00266 255 255 0
-48.4800 -4.9930 20.2100 0.98911 0.14719 -0.00068 255 255 0
-48.3300 -5.9150 22.4330 0.98410 0.17761 -0.00256 255 255 0
-48.4680 -5.0920 13.6400 0.98855 0.15086 -0.00087 255 255 0
-48.2050 -6.5830 19.6460 0.98084 0.19484 -0.00043 255 255 0
-48.1600 -6.7000 29.2400 0.98064 0.19566 -0.00811 255 255 0
-48.0690 -7.2510 19.7360 0.97615 0.21711 -0.00054 255 255 0
-47.9360 -7.8240 16.6560 0.97327 0.22965 -0.00106 255 255 0
-47.7250 -8.6420 26.2270 0.96778 0.25176 -0.00404 255 255 0
-47.6690 -8.8620 22.5740 0.96582 0.25920 -0.00055 255 255 0
-48.7070 -2.8630 30.5170 0.99611 0.08777 -0.00826 255 255 0
-48.7870 -0.1960 33.0860 0.99987 0.00467 -0.01546 255 255 0
-48.8440 0.1900 27.7860 0.99998 0.00441 -0.00437 255 255 0
-48.8340 0.5320 28.6500 0.99978 -0.01804 -0.01050 255 255 0
-48.7600 1.7520 31.3800 0.99858 -0.05297 -0.00609 255 255 0
-48.6640 2.1970 36.3630 0.99776 -0.06448 -0.01770 255 255 0
-48.4650 -4.9910 27.8290 0.98527 0.17091 0.00629 255 255 0
-48.1480 -6.6380 31.4310 0.98059 0.19569 -0.01251 255 255 0
-40.8810 -17.9580 -40.9670 0.63620 0.37098 0.67648 255 255 0
-39.7720 -17.2960 -42.0160 0.46244 0.28839 0.83844 255 255 0
-38.2070 -16.7020 -42.9050 0.34309 0.22869 0.91104 255 255 0
-38.8650 -11.7310 -43.3940 0.28502 0.14162 0.94800 255 255 0
-44.8950 -9.9110 -41.1570 0.64721 0.26650 0.71421 255 255 0
-45.7710 -11.6650 -38.6550 0.85144 0.36040 0.38101 255 255 0
-46.1260 -11.7550 -37.3420 0.90806 0.35643 0.21995 255 255 0
-46.2250 -11.9600 -36.3770 0.92989 0.35052 0.11151 255 255 0
-45.2570 -14.3630 -35.7230 0.90332 0.42154 0.07948 255 255 0
-42.6190 -18.2310 -38.2960 0.80053 0.55366 0.22939 255 255 0
-43.6960 -10.5110 -41.6990 0.48460 0.23139 0.84358 255 255 0
-41.4210 -12.1930 -42.3760 0.37795 0.15027 0.91355 255 255 0
-41.1650 -9.4470 -43.1340 0.32952 0.20098 0.92251 255 255 0
-42.4050 -8.7390 -42.7880 0.48810 0.09815 0.86725 255 255 0
-46.6340 -8.3310 -39.5290 0.86661 0.21471 0.45043 255 255 0
-45.8920 -13.0510 -32.0860 0.92115 0.38895 0.01396 255 255 0
-46.7520 -10.7630 -34.5020 0.94650 0.32009 0.04105 255 255 0
-44.6510 -15.4070 -36.7000 0.88228 0.43938 0.16889 255 255 0
-42.5320 -17.9880 -38.9710 0.76492 0.46568 0.44501 255 255 0
-44.0590 -16.4900 -36.8940 0.86107 0.47790 0.17367 255 255 0
-42.5140 -19.1280 -34.8080 0.81778 0.57265 0.05753 255 255 0
-45.5360 -14.1920 -21.8110 0.90651 0.42186 0.01633 255 255 0
-44.6990 -15.6220 -29.4420 0.88368 0.46782 0.01555 255 255 0
-46.1100 -12.5740 -30.1870 0.92791 0.37267 0.01043 255 255 0
-46.9370 -10.3150 -29.2930 0.95124 0.30825 0.01072 255 255 0
-45.2530 -14.9400 -16.9450 0.90003 0.43559 0.01425 255 255 0
-44.5390 -16.1680 -21.3260 0.87618 0.48176 0.01480 255 255 0
-42.6830 -19.1050 -23.6820 0.83167 0.55510 0.01415 255 255 0
-44.0380 -16.9130 -26.3390 0.86049 0.50924 0.01497 255 255 0
-43.4120 -17.8600 -29.5740 0.83827 0.54512 0.01230 255 255 0
-43.6530 -17.4680 -30.0240 0.85613 0.51645 0.01775 255 255 0
-42.7510 -18.8410 -31.5390 0.83193 0.55478 0.01052 255 255 0
-42.5870 -19.1040 -29.8220 0.82640 0.56308 0.00343 255 255 0
-42.3570 -19.4140 -30.4320 0.80834 0.58831 0.02168 255 255 0
-42.0750 -19.8100 -29.8810 0.80209 0.59712 0.00980 255 255 0
-45.3910 -14.2080 -30.0660 0.90596 0.42325 0.01008 255 255 0
-45.1990 -14.5840 -31.3440 0.89825 0.43939 0.00953 255 255 0
-46.6840 -11.5780 -18.7710 0.93498 0.35423 0.01802 255 255 0
-46.1890 -12.7500 -20.3160 0.92596 0.37709 0.01984 255 255 0
-45.9380 -13.3110 -21.3630 0.91724 0.39815 0.01191 255 255 0
-46.3180 -12.3260 -22.7500 0.92839 0.37125 0.01605 255 255 0
-46.6420 -11.5980 -20.0610 0.91968 0.39219 0.01962 255 255 0
-46.7510 -10.8680 -29.0270 0.94311 0.33193 0.01915 255 255 0
-47.2030 -9.9140 -20.5430 0.95547 0.29456 0.01735 255 255 0
-47.2190 -9.5940 -25.3000 0.95768 0.28745 0.01480 255 255 0
-44.9090 -15.5250 -19.8420 0.88803 0.45954 0.01521 255 255 0
-44.1570 -16.8840 -20.1930 0.86399 0.50332 0.01369 255 255 0
-43.3560 -18.2210 -19.3150 0.84124 0.54041 0.01673 255 255 0
-43.0520 -18.7060 -18.4710 0.82064 0.57066 0.02996 255 255 0
-42.5700 -19.4350 -17.6260 0.81802 0.57502 0.01357 255 255 0
-42.1650 -19.9850 -17.8990 0.80230 0.59674 0.01477 255 255 0
-45.1870 -15.2580 -11.5940 0.88788 0.46000 0.00839 255 255 0
-46.0130 -13.4980 -11.6960 0.91831 0.39575 0.00917 255 255 0
-46.0700 -13.2520 -14.7740 0.91929 0.39338 0.01276 255 255 0
-46.7820 -11.5010 -12.5270 0.94012 0.34072 0.00970 255 255 0
-47.2230 -10.2090 -11.8500 0.95316 0.30236 0.00838 255 255 0
-43.8010 -17.7790 -5.5380 0.85117 0.52486 0.00591 255 255 0
-42.3750 -19.8730 -7.5820 0.80805 0.58909 0.00501 255 255 0
-43.7070 -17.8140 -13.3710 0.85341 0.52112 0.01145 255 255 0
-43.4930 -18.0920 -16.6190 0.84753 0.53062 0.01164 255 255 0
-43.0590 -18.8500 -11.0190 0.82983 0.55797 0.00753 255 255 0
-42.6790 -19.3410 -15.0200 0.81995 0.57234 0.01075 255 255 0
-45.0800 -15.4970 -7.6190 0.88714 0.46148 0.00483 255 255 0
-45.7030 -14.2430 -1.8860 0.90593 0.42340 0.00457 255 255 0
-45.6540 -14.3800 1.9380 0.90581 0.42369 0.00066 255 255 0
-46.4200 -12.6080 0.5380 0.92721 0.37455 0.00012 255 255 0
-46.1350 -13.2990 -2.1410 0.92026 0.39127 0.00464 255 255 0
-46.8070 -11.5520 -6.5500 0.94072 0.33915 0.00366 255 255 0
-47.1600 -10.5570 -4.2260 0.95730 0.28826 0.02210 255 255 0
-46.8370 -11.4910 -3.3250 0.92351 0.37915 0.05809 255 255 0
-47.2700 -10.2140 -3.4470 0.95254 0.30440 0.00238 255 255 0
-47.4780 -9.5480 -2.6810 0.95865 0.28458 0.00251 255 255 0
-42.8570 -19.2140 -3.6760 0.82296 0.56809 0.00403 255 255 0
-42.2110 -20.1230 -1.6570 0.80406 0.59455 0.00176 255 255 0
-44.9150 -15.8570 3.8390 0.88389 0.46770 -0.00055 255 255 0
-46.3570 -12.7700 4.8000 0.92547 0.37883 0.00010 255 255 0
-46.8260 -11.5490 2.3210 0.94044 0.33995 0.00064 255 255 0
-47.3470 -9.9970 1.4780 0.95837 0.28553 0.00182 255 255 0
-47.5000 -9.4920 2.7900 0.96089 0.27692 0.00062 255 255 0
-45.2940 -15.0960 16.6360 0.89532 0.44542 -0.00015 255 255 0
-45.0250 -15.6330 8.4260 0.89109 0.45383 -0.00060 255 255 0
-43.9640 -17.5210 7.9980 0.85579 0.51732 0.00090 255 255 0
-42.1780 -20.1780 7.9930 0.80289 0.59613 -0.00068 255 255 0
-44.8710 -15.9110 -2.9100 0.87828 0.47812 0.00381 255 255 0
-44.5820 -16.4570 1.9600 0.87225 0.48905 0.00106 255 255 0
-44.3020 -16.9500 5.3170 0.87023 0.49263 -0.00410 255 255 0
-44.2660 -17.0030 -2.7310 0.86652 0.49913 0.00344 255 255 0
-44.1950 -17.1310 8.0580 0.86515 0.50151 0.00181 255 255 0
-44.1270 -17.2530 3.9320 0.85884 0.51225 0.00112 255 255 0
-43.5550 -18.1820 5.4310 0.84250 0.53870 0.00062 255 255 0
-43.3460 -18.4960 -2.2250 0.84069 0.54151 -0.00157 255 255 0
-42.8790 -19.2050 10.1670 0.82408 0.56648 -0.00112 255 255 0
-42.3990 -19.8780 5.3190 0.81510 0.57932 -0.00156 255 255 0
-42.8610 -19.2290 4.6250 0.82511 0.56498 0.00038 255 255 0
-45.6740 -14.3150 12.7810 0.90377 0.42803 -0.00070 255 255 0
-45.8450 -13.9500 9.5850 0.91333 0.40723 -0.00063 255 255 0
-45.8230 -13.9940 14.5480 0.91119 0.41198 -0.00076 255 255 0
-46.0560 -13.4590 23.1500 0.91686 0.39921 -0.00097 255 255 0
-46.4310 -12.5730 11.7110 0.92749 0.37384 -0.00062 255 255 0
-46.4980 -12.3960 15.0610 0.93054 0.36620 -0.00054 255 255 0
-46.7160 -11.8330 22.8620 0.93617 0.35154 -0.00159 255 255 0
-46.8090 -11.5810 14.1580 0.93876 0.34457 -0.00060 255 255 0
-46.9860 -11.0920 10.7130 0.94549 0.32565 -0.00058 255 255 0
-47.1560 -10.5650 23.0180 0.94911 0.31493 -0.00157 255 255 0
-47.3260 -10.0450 17.8420 0.95435 0.29870 -0.00024 255 255 0
-47.3320 -10.0630 3.1910 0.95345 0.30154 0.00025 255 255 0
-43.7920 -17.7940 15.3310 0.85211 0.52336 -0.00130 255 255 0
-43.1550 -18.7820 15.8370 0.82680 0.56249 0.00062 255 255 0
-44.2210 -17.0840 14.6110 0.86483 0.50207 -0.00090 255 255 0
-44.3920 -16.7850 16.4940 0.86845 0.49578 0.00004 255 255 0
-44.8480 -15.9580 15.5540 0.88116 0.47282 -0.00004 255 255 0
-45.2970 -15.0790 26.6440 0.89427 0.44751 -0.00476 255 255 0
-45.7950 -13.9680 30.5850 0.91111 0.41205 -0.00960 255 255 0
-45.5070 -14.5120 32.4930 0.90156 0.43228 -0.01812 255 255 0
-44.4910 -16.6070 24.0220 0.87120 0.49093 -0.00018 255 255 0
-42.7930 -19.2700 29.7380 0.82152 0.57013 -0.00695 255 255 0
-44.8050 -16.0350 22.2720 0.87108 0.49108 -0.00781 255 255 0
-45.0400 -15.5960 21.3750 0.88592 0.46384 0.00055 255 255 0
-43.3190 -18.5560 24.4790 0.83861 0.54473 -0.00161 255 255 0
-44.2460 -17.0400 19.9300 0.86331 0.50467 -0.00192 255 255 0
-43.3300 -18.5240 19.6990 0.83945 0.54343 -0.00090 255 255 0
-43.0740 -18.9140 23.3910 0.82914 0.55905 -0.00099 255 255 0
-42.7140 -19.4250 21.9160 0.81086 0.58523 -0.00248 255 255 0
-42.7530 -19.3730 19.5150 0.81754 0.57587 -0.00023 255 255 0
-46.1870 -13.1460 26.5490 0.92219 0.38672 -0.00448 255 255 0
-46.1650 -13.1020 30.5190 0.92346 0.38347 0.01313 255 255 0
-46.4690 -12.4160 27.8720 0.93397 0.35735 -0.00234 255 255 0
-46.9860 -11.0240 29.1420 0.94431 0.32901 -0.00576 255 255 0
-47.0140 -10.7880 33.3330 0.94674 0.32171 -0.01358 255 255 0
-47.0670 -10.7740 28.5810 0.94922 0.31461 -0.00114 255 255 0
-47.4070 -9.7630 25.0770 0.95676 0.29087 -0.00332 255 255 0
-44.7420 -16.0550 31.8140 0.88103 0.47282 -0.01545 255 255 0
-44.7490 -16.0630 30.3500 0.87730 0.47993 -0.00350 255 255 0
-43.4910 -18.2370 27.7000 0.76972 0.63468 0.06872 255 255 0
-44.2130 -17.0140 30.9740 0.86019 0.50986 -0.01073 255 255 0
-32.6500 -26.0770 -40.9670 0.46214 0.57738 0.67310 255 255 0
-31.8560 -25.0590 -42.0160 0.32709 0.43604 0.83838 255 255 0
-30.6110 -23.9400 -42.9050 0.23736 0.33749 0.91091 255 255 0
-33.0200 -19.5430 -43.3940 0.21364 0.23496 0.94824 255 255 0
-39.3000 -20.0240 -41.1570 0.52379 0.48068 0.70327 255 255 0
-39.7800 -21.5090 -38.8820 0.67357 0.61526 0.40958 255 255 0
-39.6920 -22.4150 -36.7900 0.72441 0.67682 0.13090 255 255 0
-39.6260 -22.6690 -35.7680 0.72918 0.68008 0.07603 255 255 0
-39.8150 -22.5900 -34.2960 0.73952 0.67265 0.02568 255 255 0
-38.0440 -24.3450 -34.0630 0.68288 0.72963 0.03628 255 255 0
-34.0690 -26.9740 -38.4290 0.76442 0.61616 0.18977 255 255 0
-37.9650 -20.1500 -41.6990 0.36838 0.39192 0.84303 255 255 0
-35.2370 -20.8960 -42.3760 0.29818 0.27665 0.91354 255 255 0
-35.9890 -18.2440 -43.1340 0.23463 0.30647 0.92251 255 255 0
-37.4020 -18.0310 -42.7880 0.41950 0.26815 0.86725 255 255 0
-40.2060 -22.1300 -32.9140 0.75324 0.65773 0.00448 255 255 0
-38.0530 -24.0000 -37.3510 0.66747 0.70811 0.23034 255 255 0
-34.0820 -26.7690 -38.9430 0.55245 0.71715 0.42485 255 255 0
-33.0460 -27.8390 -37.7790 0.52986 0.82383 0.20137 255 255 0
-35.2980 -26.5920 -35.8960 0.59352 0.80286 0.05603 255 255 0
-35.7650 -26.1910 -36.7250 0.60329 0.78378 0.14740 255 255 0
-34.3270 -27.3560 -34.7300 0.57906 0.81351 0.05379 255 255 0
-33.2390 -28.0910 -34.7980 0.54032 0.83922 0.06131 255 255 0
-39.6930 -22.7230 -29.4550 0.73631 0.67655 0.01095 255 255 0
-41.0380 -21.1610 -29.1840 0.77260 0.63466 0.01734 255 255 0
-41.6230 -20.5090 -25.4620 0.79317 0.60882 0.01470 255 255 0
-37.7310 -24.9080 -17.9590 0.67090 0.74140 0.01438 255 255 0
-35.7650 -26.4380 -24.2970 0.60796 0.79382 0.01543 255 255 0
-33.4840 -28.1230 -21.9150 0.54827 0.83617 0.01475 255 255 0
-36.5670 -25.7030 -29.8350 0.63987 0.76840 0.01153 255 255 0
-35.8210 -26.2510 -34.7790 0.61400 0.78842 0.03739 255 255 0
-35.1000 -26.8800 -28.2270 0.58939 0.80694 0.03844 255 255 0
-33.8710 -27.7270 -31.1960 0.55701 0.83040 0.01352 255 255 0
-34.3590 -27.4610 -25.3290 0.57758 0.81626 0.01151 255 255 0
-34.2830 -27.5070 -26.4880 0.59141 0.80601 0.02406 255 255 0
-33.7440 -27.8540 -27.9610 0.55883 0.82916 0.01406 255 255 0
-34.1120 -27.5730 -29.7970 0.59801 0.80148 0.00346 255 255 0
-33.4100 -28.0810 -26.8390 0.54030 0.84140 0.01111 255 255 0
-37.5750 -24.8570 -27.1910 0.67470 0.73791 0.01622 255 255 0
-41.3760 -20.7250 -30.1670 0.78371 0.62108 0.00755 255 255 0
-38.4410 -24.0060 -28.7360 0.69596 0.71795 0.01363 255 255 0
-37.9810 -24.6510 -19.0800 0.68763 0.72590 0.01507 255 255 0
-38.8450 -23.8850 -15.9620 0.70615 0.70796 0.01193 255 255 0
-39.4760 -23.0560 -24.1430 0.72672 0.68678 0.01493 255 255 0
-40.0970 -22.5550 -16.9770 0.74501 0.66693 0.01251 255 255 0
-39.4290 -23.2190 -19.1180 0.72314 0.69052 0.01608 255 255 0
-40.2480 -22.2630 -21.9310 0.74920 0.66216 0.01550 255 255 0
-40.3830 -22.0690 -23.5190 0.75256 0.65833 0.01583 255 255 0
-41.4970 -20.9020 -16.4500 0.78143 0.62386 0.01282 255 255 0
-40.9500 -21.3930 -23.9170 0.77134 0.63623 0.01589 255 255 0
-35.2740 -26.9340 -18.4510 0.59822 0.80120 0.01447 255 255 0
-33.6810 -28.0760 -17.8330 0.55287 0.83316 0.01335 255 255 0
-35.0430 -27.1160 -17.4990 0.58338 0.81212 -0.01140 255 255 0
-37.0050 -25.6800 -8.4990 0.64893 0.76079 0.00940 255 255 0
-37.2840 -25.4280 -9.8310 0.66232 0.74921 0.00379 255 255 0
-40.0110 -22.7310 -12.2090 0.73969 0.67289 0.00951 255 255 0
-41.4130 -21.0760 -12.5090 0.77905 0.62689 0.00965 255 255 0
-38.3340 -24.5070 -2.6140 0.69051 0.72331 0.00396 255 255 0
-36.0630 -26.4840 -6.0480 0.61895 0.78542 0.00420 255 255 0
-33.5830 -28.2600 -5.5240 0.54630 0.83757 0.00511 255 255 0
-36.4110 -26.0870 -15.8940 0.62665 0.77919 0.01326 255 255 0
-33.7870 -28.0730 -12.9820 0.55443 0.83218 0.00953 255 255 0
-34.8980 -27.2970 -13.5100 0.59313 0.80503 0.01102 255 255 0
-33.6560 -28.1120 -16.0400 0.54549 0.83812 0.00030 255 255 0
-37.3020 -25.3800 -13.7140 0.65708 0.75376 0.00953 255 255 0
-38.0410 -24.6570 -15.5830 0.68768 0.72594 0.01019 255 255 0
-38.6450 -24.1680 -9.6940 0.70104 0.71311 0.00489 255 255 0
-38.9460 -23.8990 -4.4310 0.71199 0.70219 0.00148 255 255 0
-38.5760 -24.2840 2.4310 0.69320 0.72075 0.00019 255 255 0
-38.8500 -24.0080 -0.8010 0.70923 0.70497 0.00352 255 255 0
-40.6750 -22.0380 -7.9050 0.75878 0.65132 0.00550 255 255 0
-39.6440 -23.1790 -5.9780 0.70533 0.70884 -0.00757 255 255 0
-40.0530 -22.7480 -3.5430 0.73715 0.67572 0.00286 255 255 0
-40.7990 -21.9130 1.1830 0.76013 0.64977 0.00099 255 255 0
-41.0490 -21.5910 -5.5710 0.77036 0.63760 0.00468 255 255 0
-41.0120 -21.6500 -1.8910 0.76772 0.64078 0.00187 255 255 0
-41.7180 -20.7730 -2.7700 0.78826 0.61533 0.00253 255 255 0
-34.4030 -27.7160 -3.6750 0.57463 0.81840 0.00316 255 255 0
-37.2280 -25.5120 -1.8730 0.65752 0.75343 0.00296 255 255 0
-33.0520 -28.6120 -2.1730 0.53250 0.84643 0.00214 255 255 0
-37.1930 -25.5550 2.0790 0.65514 0.75551 0.00044 255 255 0
-38.2960 -24.5500 6.1160 0.68764 0.72605 -0.00036 255 255 0
-39.5160 -23.3400 3.8550 0.72356 0.69027 0.00024 255 255 0
-40.4280 -22.3400 4.1840 0.74712 0.66469 0.00087 255 255 0
-41.7200 -20.7810 4.4350 0.79002 0.61309 0.00060 255 255 0
-37.7580 -25.0450 11.1710 0.67682 0.73615 -0.00113 255 255 0
-35.1940 -27.1560 6.2320 0.59324 0.80503 0.00011 255 255 0
-36.3640 -26.2430 10.8110 0.63137 0.77548 -0.00034 255 255 0
-36.2120 -26.3590 -3.3770 0.63367 0.77360 0.00032 255 255 0
-35.6210 -26.8300 8.7650 0.61085 0.79174 -0.00101 255 255 0
-35.7390 -26.7340 -1.6300 0.61392 0.78937 0.00060 255 255 0
-35.7370 -26.7460 5.2050 0.61565 0.78802 0.00128 255 255 0
-35.2830 -27.0850 0.9370 0.58408 0.81169 -0.00213 255 255 0
-34.5640 -27.6090 8.5120 0.57633 0.81722 -0.00008 255 255 0
-34.3450 -27.7630 3.3000 0.57197 0.82028 0.00056 255 255 0
-33.1370 -28.5670 7.3500 0.53338 0.84588 -0.00116 255 255 0
-33.7890 -28.1430 9.2510 0.55638 0.83093 0.00017 255 255 0
-38.2250 -24.6100 14.3020 0.68628 0.72734 0.00101 255 255 0
-38.1600 -24.6720 15.1530 0.68754 0.72615 -0.00045 255 255 0
-38.3970 -24.4530 9.9910 0.69049 0.72334 0.00027 255 255 0
-38.6900 -24.1670 12.0580 0.69827 0.71584 -0.00096 255 255 0
-39.6440 -23.1960 10.0500 0.73152 0.68182 -0.00075 255 255 0
-39.4700 -23.3770 13.0950 0.72183 0.69207 -0.00040 255 255 0
-39.4010 -23.4530 19.5500 0.72137 0.69255 0.00085 255 255 0
-40.1960 -22.5930 15.9490 0.74377 0.66842 -0.00344 255 255 0
-40.5010 -22.2480 15.6750 0.75574 0.65487 -0.00092 255 255 0
-41.3250 -21.2790 5.6160 0.77638 0.63027 -0.00010 255 255 0
-40.8120 -21.8950 7.9320 0.76162 0.64803 -0.00065 255 255 0
-41.3340 -21.2660 9.3310 0.77786 0.62843 -0.00120 255 255 0
-41.1020 -21.5380 22.4980 0.77070 0.63719 0.00070 255 255 0
-42.0740 -20.3120 13.5470 0.79869 0.60174 -0.00080 255 255 0
-42.0580 -20.3320 16.1510 0.79663 0.60446 -0.00021 255 255 0
-36.1110 -26.4430 17.2590 0.62055 0.78417 -0.00051 255 255 0
-33.9400 -28.0400 11.7020 0.56075 0.82798 -0.00083 255 255 0
-35.2580 -27.1000 15.4120 0.60108 0.79919 -0.00042 255 255 0
-37.5740 -25.2110 14.6270 0.66391 0.74781 0.00082 255 255 0
-37.5460 -25.2300 21.1790 0.66917 0.74311 -0.00025 255 255 0
-39.8940 -22.9200 22.8720 0.73130 0.68205 -0.00320 255 255 0
-40.4250 -22.3300 22.8880 0.75054 0.66083 0.00081 255 255 0
-40.8050 -21.8910 22.8960 0.76036 0.64949 0.00499 255 255 0
-41.4230 -21.1430 22.8710 0.77988 0.62593 -0.00021 255 255 0
-38.3680 -24.4630 26.6070 0.69423 0.71974 -0.00444 255 255 0
-37.9240 -24.8070 31.9470 0.67830 0.73464 -0.01447 255 255 0
-36.7220 -25.9410 22.5500 0.62903 0.77735 0.00661 255 255 0
-36.9130 -25.7820 18.1640 0.64809 0.76157 -0.00024 255 255 0
-35.6150 -26.8250 23.6730 0.63535 0.76645 -0.09425 255 255 0
-36.4290 -26.1860 13.7530 0.64120 0.76737 -0.00065 255 255 0
-35.4190 -26.9770 21.0190 0.59990 0.80008 -0.00102 255 255 0
-35.1220 -27.2010 17.5530 0.59526 0.80353 -0.00043 255 255 0
-34.1700 -27.8770 24.6900 0.57552 0.81773 -0.00975 255 255 0
-33.7740 -28.1470 19.2170 0.55158 0.83412 -0.00098 255 255 0
-33.1640 -28.5390 22.9300 0.53664 0.84381 -0.00238 255 255 0
-41.7610 -20.7020 25.7850 0.79279 0.60949 -0.00250 255 255 0
-38.8810 -23.9790 21.9270 0.70252 0.71166 -0.00280 255 255 0
-41.8540 -20.5960 22.2840 0.79506 0.60652 -0.00098 255 255 0
-39.8860 -22.9070 28.6770 0.73618 0.67674 -0.00741 255 255 0
-39.2240 -23.5950 30.1130 0.71382 0.70028 -0.00830 255 255 0
-40.3980 -22.3610 26.4320 0.74682 0.66501 -0.00429 255 255 0
-40.8010 -21.7770 34.2010 0.76430 0.64461 -0.01791 255 255 0
-40.6580 -22.0280 28.9450 0.75692 0.65326 -0.01785 255 255 0
-40.6490 -22.0180 30.5050 0.75400 0.65593 0.03530 255 255 0
-41.2380 -21.3590 26.8780 0.77438 0.63272 -0.00133 255 255 0
-41.4170 -21.0970 29.9540 0.77743 0.62888 -0.01069 255 255 0
-40.3370 -22.4080 31.5330 0.74115 0.67112 -0.01714 255 255 0
-37.0840 -25.6580 22.9970 0.64861 0.76112 0.00056 255 255 0
-35.1800 -27.1210 29.9640 0.59876 0.80092 -0.00485 255 255 0
-37.3940 -25.3040 31.0220 0.66412 0.74756 -0.00976 255 255 0
-34.1250 -27.8500 31.0310 0.57308 0.81936 -0.01539 255 255 0
-23.1320 -31.6560 -39.2550 0.25551 0.84264 0.47399 255 255 0
-21.6700 -29.4380 -42.0160 0.15003 0.52857 0.83553 255 255 0
-21.0820 -28.2010 -42.7660 0.11240 0.41913 0.90094 255 255 0
-30.4300 -27.4320 -41.1570 0.31796 0.63611 0.70304 255 255 0
-30.3410 -28.9910 -38.8820 0.39777 0.82398 0.40353 255 255 0
-30.0980 -29.6240 -37.3420 0.43358 0.86796 0.24221 255 255 0
-30.0330 -29.8420 -36.3760 0.47036 0.87559 0.11002 255 255 0
-23.1430 -32.0480 -38.2960 0.28740 0.91299 0.28958 255 255 0
-20.9400 -27.2320 -43.1530 0.14893 0.32537 0.93379 255 255 0
-29.1380 -27.0690 -41.6980 0.20043 0.49177 0.84735 255 255 0
-26.3260 -26.7780 -42.3760 0.18461 0.32588 0.92721 255 255 0
-27.9870 -24.5760 -43.1340 0.10493 0.37526 0.92096 255 255 0
-29.3800 -24.8890 -42.7880 0.29465 0.40146 0.86718 255 255 0
-29.7280 -30.1290 -34.2430 0.43893 0.89828 0.02053 255 255 0
-31.3060 -29.2590 -34.7310 0.49847 0.86616 0.03590 255 255 0
-23.8600 -32.1300 -37.1130 0.25398 0.95143 0.17400 255 255 0
-28.0050 -30.8100 -36.7280 0.37301 0.90461 0.20626 255 255 0
-24.8100 -32.0110 -34.7230 0.24725 0.96854 0.02839 255 255 0
-26.8170 -31.4200 -27.2090 0.34532 0.93839 0.01304 255 255 0
-25.2120 -31.9570 -29.8620 0.29997 0.95388 0.01130 255 255 0
-29.1140 -30.4160 -29.4490 0.41997 0.90751 0.00706 255 255 0
-31.3620 -29.2850 -28.9340 0.47997 0.87720 0.01219 255 255 0
-32.3730 -28.7310 -26.6860 0.52017 0.85392 0.01526 255 255 0
-27.6220 -31.2730 -16.9010 0.37364 0.92751 0.01059 255 255 0
-27.6910 -31.2500 -16.2620 0.38071 0.92467 0.00609 255 255 0
-25.0750 -32.1400 -19.1350 0.29863 0.95426 0.01440 255 255 0
-24.4270 -32.2910 -22.5090 0.27999 0.95987 0.01582 255 255 0
-26.2170 -31.6880 -23.5520 0.32454 0.94574 0.01592 255 255 0
-24.9570 -32.0100 -32.4840 0.29614 0.95504 0.01418 255 255 0
-23.7620 -32.3980 -27.3460 0.26533 0.96405 0.01409 255 255 0
-22.5810 -32.6770 -28.2840 0.22781 0.97362 0.01284 255 255 0
-22.5390 -32.6990 -27.0190 0.21917 0.97424 0.05314 255 255 0
-22.1530 -32.7460 -30.3610 0.22163 0.97508 0.01046 255 255 0
-22.2570 -32.6840 -34.7970 0.21454 0.97483 0.06060 255 255 0
-21.6460 -32.8910 -27.0550 0.19781 0.98011 0.01570 255 255 0
-31.8590 -28.9750 -31.3260 0.50889 0.86048 0.02472 255 255 0
-28.3890 -30.7410 -29.4000 0.39400 0.91904 0.01126 255 255 0
-28.7110 -30.7600 -19.9910 0.40550 0.91395 0.01630 255 255 0
-30.4350 -29.9540 -19.3680 0.44475 0.89527 0.02646 255 255 0
-30.0380 -30.0630 -23.9520 0.43945 0.89814 0.01507 255 255 0
-29.1340 -30.5980 -18.3420 0.41979 0.90754 0.01188 255 255 0
-31.2920 -29.5540 -16.0550 0.48059 0.87685 0.01272 255 255 0
-30.1100 -29.9410 -29.1270 0.45209 0.89192 0.01003 255 255 0
-30.7420 -29.7690 -20.2740 0.46522 0.88503 0.01719 255 255 0
-31.8580 -29.0630 -25.4590 0.49908 0.86643 0.01493 255 255 0
-31.9410 -29.1190 -19.4850 0.50592 0.86244 0.01529 255 255 0
-25.9100 -31.8720 -18.9830 0.32639 0.94511 0.01525 255 255 0
-22.3000 -32.8920 -18.4130 0.21219 0.97711 0.01522 255 255 0
-23.3220 -32.6400 -18.8710 0.24397 0.96964 0.01650 255 255 0
-24.2380 -32.3980 -18.6320 0.27177 0.96228 0.01256 255 255 0
-26.6830 -31.6240 -17.0770 0.34523 0.93842 0.01370 255 255 0
-26.9940 -31.5740 -12.6210 0.35329 0.93547 0.00893 255 255 0
-26.0600 -31.9590 -5.9970 0.32807 0.94463 0.00726 255 255 0
-26.8280 -31.6170 -13.4570 0.33815 0.94090 0.01887 255 255 0
-29.2220 -30.6400 -12.1410 0.42043 0.90727 0.01014 255 255 0
-31.3930 -29.5420 -11.7760 0.47894 0.87781 0.00877 255 255 0
-32.4820 -28.9010 -12.4230 0.51671 0.85610 0.01011 255 255 0
-28.1450 -31.1550 -6.6620 0.37380 0.92748 0.00759 255 255 0
-24.4310 -32.4820 -4.9790 0.27589 0.96119 0.00235 255 255 0
-25.6970 -32.0150 -13.8520 0.31416 0.94934 0.00688 255 255 0
-25.0730 -32.2400 -10.8220 0.30264 0.95291 0.01932 255 255 0
-24.4650 -32.3860 -14.7980 0.27771 0.96057 0.01330 255 255 0
-24.3510 -32.4050 -15.8130 0.27268 0.96203 0.01221 255 255 0
-24.0940 -32.5080 -13.5060 0.28103 0.95959 -0.01477 255 255 0
-23.8500 -32.6040 -10.9900 0.26479 0.96424 0.01084 255 255 0
-22.8560 -32.8450 -12.4650 0.24262 0.97008 0.00939 255 255 0
-22.3620 -32.9940 -5.8590 0.22080 0.97530 0.00535 255 255 0
-22.4630 -32.9070 -14.8870 0.22325 0.97468 0.01230 255 255 0
-22.1970 -32.9480 -15.9370 0.20248 0.97920 0.01327 255 255 0
-22.3810 -32.9580 -11.9730 0.21107 0.97746 0.00529 255 255 0
-28.3280 -31.0670 -8.0340 0.39337 0.91936 0.00606 255 255 0
-28.7500 -30.9120 -4.5470 0.40785 0.91304 0.00235 255 255 0
-30.5250 -30.0430 -7.0320 0.45720 0.88935 0.00463 255 255 0
-30.9840 -29.8170 -1.8040 0.46724 0.88412 0.00337 255 255 0
-32.1130 -29.1900 -0.6740 0.50447 0.86343 0.00130 255 255 0
-32.1650 -29.1330 -7.2250 0.50510 0.86306 0.00220 255 255 0
-32.4960 -28.9420 -5.6440 0.51258 0.85863 0.00517 255 255 0
-24.6820 -32.3970 -3.9040 0.29419 0.95574 -0.00232 255 255 0
-24.1350 -32.5580 -3.1270 0.27397 0.96174 -0.00179 255 255 0
-22.7670 -32.9220 0.2230 0.22823 0.97361 0.00147 255 255 0
-27.3820 -31.4840 4.4900 0.36753 0.93001 -0.00012 255 255 0
-26.9640 -31.6380 -0.1620 0.35649 0.93430 0.00200 255 255 0
-28.4580 -31.0390 4.4250 0.39698 0.91783 0.00012 255 255 0
-29.5790 -30.5320 3.5830 0.42949 0.90307 -0.00052 255 255 0
-31.4660 -29.5600 3.3920 0.48282 0.87572 0.00076 255 255 0
-24.2580 -32.5320 10.3140 0.27310 0.96199 -0.00046 255 255 0
-22.4280 -32.9980 6.3250 0.21767 0.97602 -0.00020 255 255 0
-26.3560 -31.8620 1.9610 0.33372 0.94267 0.00223 255 255 0
-26.5540 -31.7970 4.0020 0.33451 0.94239 0.00041 255 255 0
-25.1170 -32.2790 7.7490 0.29738 0.95476 0.00050 255 255 0
-24.8630 -32.3550 5.5130 0.28506 0.95851 0.00011 255 255 0
-24.9220 -32.3360 3.3650 0.29839 0.95445 -0.00030 255 255 0
-25.5560 -32.1320 -2.7520 0.30517 0.95230 0.00099 255 255 0
-24.3510 -32.5080 2.1550 0.27492 0.96147 -0.00039 255 255 0
-24.3010 -32.5200 5.6230 0.26946 0.96301 0.00223 255 255 0
-24.5210 -32.4570 5.2130 0.27029 0.96267 -0.01487 255 255 0
-24.1130 -32.5730 4.2180 0.26992 0.96288 -0.00011 255 255 0
-23.9240 -32.6250 1.8550 0.25665 0.96650 -0.00205 255 255 0
-24.0930 -32.5770 0.9020 0.26694 0.96371 0.00357 255 255 0
-23.4270 -32.7590 4.9320 0.24975 0.96831 -0.00079 255 255 0
-22.7450 -32.9250 3.2090 0.22820 0.97361 0.00167 255 255 0
-22.3350 -33.0180 4.6780 0.20919 0.97787 0.00037 255 255 0
-27.7690 -31.3230 14.4160 0.37646 0.92643 -0.00044 255 255 0
-28.7270 -30.9190 10.3580 0.40303 0.91519 -0.00093 255 255 0
-28.8140 -30.8730 23.4730 0.40514 0.91425 0.00030 255 255 0
-29.2300 -30.6910 9.8390 0.42401 0.90566 -0.00002 255 255 0
-29.5580 -30.5340 14.1980 0.42968 0.90298 -0.00038 255 255 0
-30.6380 -30.0070 2.4320 0.45997 0.88793 0.00207 255 255 0
-30.6240 -30.0090 11.4290 0.46017 0.88783 -0.00043 255 255 0
-30.8540 -29.8850 13.5690 0.47011 0.88261 -0.00067 255 255 0
-31.8080 -29.3690 4.8990 0.49609 0.86827 -0.00091 255 255 0
-31.6550 -29.4480 13.3030 0.49421 0.86934 -0.00033 255 255 0
-32.6380 -28.8770 5.6710 0.51896 0.85480 -0.00015 255 255 0
-26.2310 -31.9060 11.1900 0.33074 0.94372 -0.00085 255 255 0
-22.5650 -32.9610 14.4560 0.22554 0.97423 -0.00133 255 255 0
-24.2990 -32.5150 15.3160 0.27613 0.96112 -0.00039 255 255 0
-23.7030 -32.6800 15.0670 0.25594 0.96669 -0.00088 255 255 0
-25.2160 -32.2420 15.4050 0.30200 0.95331 -0.00075 255 255 0
-26.6110 -31.7600 26.9150 0.34313 0.93927 -0.00593 255 255 0
-27.6100 -31.3830 22.6020 0.37158 0.92840 -0.00075 255 255 0
-29.7740 -30.4280 22.4510 0.43854 0.89871 -0.00157 255 255 0
-31.2660 -29.6630 23.8520 0.47637 0.87924 -0.00396 255 255 0
-28.8560 -30.8570 27.1370 0.41091 0.91166 -0.00505 255 255 0
-29.6900 -30.4660 31.3660 0.43611 0.89983 -0.01087 255 255 0
-25.8200 -32.0420 22.0420 0.33323 0.94284 0.00148 255 255 0
-24.4140 -32.4870 24.9360 0.27760 0.96068 -0.00538 255 255 0
-23.3560 -32.7690 24.0080 0.25794 0.96610 0.01085 255 255 0
-23.9780 -32.6030 22.1260 0.25377 0.96726 -0.00154 255 255 0
-22.7860 -32.9120 22.3060 0.22708 0.97387 -0.00176 255 255 0
-22.9770 -32.8610 23.4300 0.23787 0.97129 -0.00284 255 255 0
-23.3550 -32.7700 21.3570 0.24832 0.96868 -0.00047 255 255 0
-24.1510 -32.5580 20.7170 0.26779 0.96348 0.00065 255 255 0
-23.0890 -32.8360 14.8670 0.23750 0.97139 -0.00157 255 255 0
-22.1240 -33.0590 15.8120 0.21215 0.97724 -0.00085 255 255 0
-21.7540 -33.1210 27.4240 0.20661 0.97841 -0.00388 255 255 0
-32.4640 -28.9730 22.1400 0.51338 0.85816 -0.00128 255 255 0
-32.2870 -29.0810 18.0810 0.51012 0.86010 0.00073 255 255 0
-30.6200 -29.9510 33.0680 0.47995 0.87728 -0.00482 255 255 0
-30.6000 -29.9890 29.6560 0.48103 0.87664 -0.01026 255 255 0
-31.8740 -29.3090 27.6790 0.49332 0.86979 -0.00988 255 255 0
-32.1370 -29.0770 33.6360 0.50829 0.86109 -0.01266 255 255 0
-32.5190 -28.9320 25.3250 0.52103 0.85353 -0.00233 255 255 0
-33.5930 -28.2420 29.1680 0.54678 0.83725 -0.00690 255 255 0
-26.5400 -31.7460 30.9640 0.35077 0.93639 -0.01134 255 255 0
-24.8100 -32.3420 29.0970 0.28668 0.95801 -0.00546 255 255 0
-23.0200 -32.8190 30.1270 0.23665 0.97156 -0.00748 255 255 0
-11.0280 -32.3280 -39.4190 -0.06142 0.87342 0.48308 255 255 0
-10.4900 -31.1300 -40.9670 -0.05181 0.72058 0.69143 255 255 0
-10.4880 -28.4770 -42.7660 -0.02273 0.40924 0.91214 255 255 0
-19.4820 -31.1360 -41.1570 0.06817 0.71290 0.69795 255 255 0
-18.4640 -32.6700 -38.6810 0.08164 0.91102 0.40420 255 255 0
-18.3820 -33.0600 -37.3420 0.19817 0.95695 0.21208 255 255 0
-18.2420 -33.2400 -36.3770 0.19502 0.97671 0.08941 255 255 0
-11.0210 -32.8080 -38.2960 0.30900 0.90290 0.29880 255 255 0
-12.2790 -22.4360 -44.5160 -0.00136 0.17866 0.98391 255 255 0
-10.2180 -27.6280 -43.0960 -0.03191 0.34174 0.93925 255 255 0
-18.4100 -30.3310 -41.6980 0.00200 0.54251 0.84005 255 255 0
-15.8920 -29.0440 -42.3760 0.04256 0.39375 0.91823 255 255 0
-14.2510 -26.9000 -43.2940 0.00759 0.32063 0.94718 255 255 0
-18.2740 -28.4130 -42.7660 -0.01496 0.44018 0.89778 255 255 0
-18.1630 -26.3010 -43.5410 0.00197 0.28909 0.95730 255 255 0
-19.6400 -33.1570 -34.7320 0.15024 0.98755 0.04652 255 255 0
-17.7460 -33.3960 -34.4100 0.05863 0.99819 0.01328 255 255 0
-11.1540 -33.1040 -37.1600 -0.17893 0.96405 0.19644 255 255 0
-17.4940 -33.3810 -36.9060 0.09487 0.97846 0.18336 255 255 0
-12.0990 -33.2940 -35.8960 -0.09569 0.99505 0.02668 255 255 0
-13.0910 -33.3460 -36.6190 -0.04450 0.98539 0.16439 255 255 0
-9.7750 -33.0500 -34.8000 -0.15411 0.98606 0.06267 255 255 0
-14.2870 -33.4700 -33.5990 -0.02454 0.99957 0.01612 255 255 0
-13.1170 -33.4800 -29.9950 -0.00804 0.99329 0.11541 255 255 0
-16.7930 -33.4750 -29.1450 0.04888 0.99873 0.01232 255 255 0
-18.9170 -33.2920 -29.3800 0.11283 0.99356 0.01039 255 255 0
-14.5640 -33.6010 -23.4370 -0.01504 0.99975 0.01652 255 255 0
-14.0740 -33.5100 -29.5990 -0.01621 0.99974 0.01594 255 255 0
-12.5170 -33.4550 -26.6870 -0.07507 0.99708 0.01413 255 255 0
-11.4620 -33.3620 -26.5490 -0.10039 0.99453 0.02891 255 255 0
-10.4300 -33.1840 -31.9570 -0.12476 0.99210 0.01337 255 255 0
-10.4370 -33.2320 -27.2080 -0.13567 0.99064 0.01483 255 255 0
-11.4340 -33.4790 -18.9410 -0.10418 0.99443 0.01607 255 255 0
-10.1220 -33.2140 -25.1930 -0.15383 0.98799 0.01429 255 255 0
-21.1980 -32.9380 -30.1760 0.18601 0.98251 0.00872 255 255 0
-15.9860 -33.6780 -17.8630 0.02661 0.99954 0.01423 255 255 0
-17.3750 -33.5210 -23.3480 0.07035 0.99740 0.01534 255 255 0
-17.6400 -33.5670 -19.3200 0.07438 0.99712 0.01482 255 255 0
-18.3270 -33.4880 -20.3650 0.08246 0.99631 0.02368 255 255 0
-18.8070 -33.4210 -21.4450 0.10847 0.99397 0.01621 255 255 0
-18.8530 -33.4440 -19.7820 0.11472 0.99329 0.01491 255 255 0
-19.0850 -33.4250 -19.1570 0.12597 0.99190 0.01653 255 255 0
-19.8330 -33.2120 -26.4450 0.14061 0.98995 0.01534 255 255 0
-19.6640 -33.3640 -18.2770 0.13463 0.99077 0.01592 255 255 0
-20.3140 -33.2650 -18.6280 0.15996 0.98701 0.01504 255 255 0
-20.4580 -33.0810 -28.7420 0.15779 0.98740 0.01210 255 255 0
-10.3270 -33.3150 -20.7310 -0.14142 0.98982 0.01603 255 255 0
-13.2780 -33.6260 -18.9000 -0.05742 0.99822 0.01630 255 255 0
-12.3340 -33.5660 -18.5840 -0.07800 0.99664 0.02508 255 255 0
-13.9050 -33.6980 -16.0750 -0.03792 0.99921 0.01164 255 255 0
-13.9180 -33.7650 -9.1860 -0.02961 0.99954 0.00665 255 255 0
-14.5800 -33.7450 -13.7790 -0.02021 0.99976 0.00899 255 255 0
-16.3540 -33.7230 -13.2500 0.03522 0.99935 0.00785 255 255 0
-17.7510 -33.6430 -12.5170 0.03577 0.99935 -0.00505 255 255 0
-17.8060 -33.6470 -12.9700 0.07884 0.99688 0.00382 255 255 0
-19.6960 -33.4240 -13.5640 0.13681 0.99054 0.01061 255 255 0
-15.5880 -33.8030 -1.3520 0.01369 0.99991 0.00149 255 255 0
-11.4340 -33.6000 -6.1870 -0.10500 0.99446 0.00556 255 255 0
-9.7710 -33.3810 -6.0100 -0.15674 0.98762 0.00582 255 255 0
-12.4120 -33.6760 -9.3170 -0.08054 0.99673 0.00618 255 255 0
-11.5450 -33.5490 -14.9090 -0.09695 0.99523 0.01049 255 255 0
-11.7410 -33.5810 -12.9910 -0.11580 0.99326 0.00460 255 255 0
-10.0730 -33.3870 -12.7210 -0.14503 0.98938 0.00913 255 255 0
-10.2970 -33.4060 -13.7350 -0.14061 0.99001 0.01029 255 255 0
-9.9000 -33.3170 -16.0420 -0.14842 0.98885 0.01234 255 255 0
-20.9560 -33.2290 -12.7260 0.17571 0.98440 0.00920 255 255 0
-16.2410 -33.7800 -5.6660 0.03327 0.99943 0.00609 255 255 0
-16.3410 -33.7750 -4.1940 0.04976 0.99876 -0.00220 255 255 0
-17.0010 -33.7560 -1.5720 0.05538 0.99845 0.00619 255 255 0
-16.3810 -33.7820 0.0970 0.03180 0.99947 0.00625 255 255 0
-17.3490 -33.7180 -4.9240 0.06279 0.99801 0.00507 255 255 0
-18.0210 -33.6770 -4.3060 0.08837 0.99608 0.00385 255 255 0
-19.1520 -33.5610 -1.9120 0.12731 0.99186 0.00064 255 255 0
-18.5160 -33.6270 -1.8620 0.09447 0.99553 0.00066 255 255 0
-18.6670 -33.5930 -8.1710 0.10397 0.99457 0.00446 255 255 0
-20.4240 -33.3850 2.0800 0.15536 0.98786 0.00113 255 255 0
-20.3000 -33.3770 -7.4490 0.15153 0.98844 0.00436 255 255 0
-20.9740 -33.2920 -2.3420 0.17277 0.98495 0.00381 255 255 0
-14.1800 -33.7960 -1.8740 -0.02578 0.99967 0.00004 255 255 0
-11.0010 -33.5560 -4.1960 -0.13016 0.99148 0.00512 255 255 0
-14.6580 -33.7990 -2.6460 -0.00487 0.99998 0.00348 255 255 0
-13.1770 -33.7460 -5.7880 -0.06199 0.99807 0.00479 255 255 0
-10.3570 -33.4830 -0.7900 -0.15172 0.98842 0.00330 255 255 0
-16.4370 -33.7930 2.0030 0.03785 0.99928 0.00085 255 255 0
-18.6260 -33.6230 0.5460 0.10669 0.99429 0.00093 255 255 0
-15.4180 -33.8070 11.1590 0.00961 0.99995 0.00002 255 255 0
-13.5000 -33.7720 14.6560 -0.04559 0.99896 -0.00019 255 255 0
-10.5490 -33.5100 8.1850 -0.12541 0.99211 -0.00059 255 255 0
-13.6810 -33.7850 7.2920 -0.04292 0.99908 -0.00041 255 255 0
-14.5270 -33.8080 6.1220 -0.01343 0.99991 0.00135 255 255 0
-13.8090 -33.7880 2.8470 -0.02894 0.99958 0.00158 255 255 0
-13.2000 -33.7600 5.9070 -0.05102 0.99870 -0.00035 255 255 0
-12.5370 -33.7210 3.8240 -0.07830 0.99693 -0.00010 255 255 0
-12.7080 -33.7290 1.5970 -0.06893 0.99762 0.00240 255 255 0
-10.3630 -33.4890 5.1110 -0.13049 0.99145 -0.00014 255 255 0
-10.8890 -33.5660 0.2700 -0.12044 0.99272 0.00158 255 255 0
-9.4640 -33.3510 4.3190 -0.16888 0.98564 0.00057 255 255 0
-9.2050 -33.3040 2.9460 -0.17761 0.98410 0.00015 255 255 0
-15.8520 -33.8010 9.6580 0.02591 0.99966 -0.00047 255 255 0
-15.0100 -33.8090 11.4580 -0.00220 1.00000 -0.00061 255 255 0
-16.5370 -33.7740 23.4240 0.04257 0.99909 -0.00276 255 255 0
-15.6180 -33.8030 14.5330 0.01952 0.99981 -0.00012 255 255 0
-17.6260 -33.7190 12.3150 0.07538 0.99715 -0.00127 255 255 0
-16.3000 -33.7820 16.7210 0.03911 0.99923 0.00038 255 255 0
-17.1950 -33.7380 14.4600 0.06515 0.99787 -0.00293 255 255 0
-18.0510 -33.6780 6.5210 0.09150 0.99580 0.00033 255 255 0
-18.3470 -33.6480 14.5650 0.09821 0.99516 -0.00091 255 255 0
-19.3400 -33.5400 4.6840 0.12637 0.99198 -0.00072 255 255 0
-19.1650 -33.5570 12.0510 0.11399 0.99345 -0.00759 255 255 0
-19.7490 -33.4820 12.6040 0.13539 0.99079 -0.00182 255 255 0
-20.6840 -33.3370 10.2920 0.16726 0.98591 -0.00080 255 255 0
-20.5570 -33.3570 11.9290 0.16214 0.98677 -0.00015 255 255 0
-11.5780 -33.6280 13.2850 -0.11205 0.99370 0.00001 255 255 0
-9.4650 -33.3430 17.6640 -0.18386 0.98294 -0.00452 255 255 0
-10.6840 -33.5270 10.6340 -0.12740 0.99185 -0.00032 255 255 0
-13.1820 -33.7540 17.1590 -0.04833 0.99883 -0.00051 255 255 0
-14.1360 -33.7840 27.6980 -0.03018 0.99954 -0.00383 255 255 0
-18.5340 -33.6280 22.4980 0.10121 0.99486 -0.00130 255 255 0
-20.2830 -33.4000 21.9850 0.15405 0.98806 -0.00159 255 255 0
-16.0740 -33.7240 33.1420 0.03755 0.99917 -0.01583 255 255 0
-9.3600 -33.3100 26.6920 -0.16605 0.98611 -0.00475 255 255 0
-12.9370 -33.7450 24.1690 -0.06631 0.99776 -0.00900 255 255 0
-14.3400 -33.7980 17.3070 -0.02300 0.99974 0.00032 255 255 0
-12.7770 -33.7320 20.2300 -0.06374 0.99797 -0.00063 255 255 0
-14.5570 -33.8060 20.2200 -0.01405 0.99990 -0.00144 255 255 0
-11.3010 -33.6040 22.9080 -0.11321 0.99357 -0.00345 255 255 0
-12.1370 -33.6890 7.8430 -0.08723 0.99619 -0.00011 255 255 0
-11.5750 -33.6290 18.7250 -0.10514 0.99446 -0.00063 255 255 0
-10.9020 -33.5500 15.9860 -0.12162 0.99258 -0.00048 255 255 0
-9.9510 -33.4240 19.8130 -0.15100 0.98853 -0.00024 255 255 0
-16.3640 -33.7720 25.4390 0.04508 0.99897 -0.00528 255 255 0
-15.5510 -33.7760 30.5210 0.01013 0.99992 -0.00793 255 255 0
-17.1580 -33.7240 30.1990 0.05970 0.99822 0.00072 255 255 0
-17.5770 -33.6320 33.4630 0.07993 0.99670 -0.01389 255 255 0
-18.5680 -33.6100 27.8720 0.10093 0.99487 -0.00741 255 255 0
-19.9130 -33.4450 26.6690 0.14512 0.98936 -0.00987 255 255 0
-19.9100 -33.4290 29.2060 0.14555 0.98934 -0.00483 255 255 0
-18.9880 -33.5590 30.2460 0.11471 0.99339 0.00389 255 255 0
-19.9410 -33.3900 32.7860 0.14547 0.98926 -0.01394 255 255 0
-21.1730 -33.2290 27.7020 0.17128 0.98520 -0.00699 255 255 0
-12.5540 -33.6770 30.3810 -0.06978 0.99751 -0.01041 255 255 0
-10.8870 -33.5200 29.9800 -0.12291 0.99238 -0.00821 255 255 0
-9.6390 -33.3210 31.2070 -0.16107 0.98688 -0.01149 255 255 0
-8.4160 -33.0920 32.2080 -0.19789 0.98015 -0.01179 255 255 0
-10.7940 -33.4730 32.3870 -0.12659 0.99184 -0.01481 255 255 0
0.3620 -27.1440 -41.2410 -0.28610 0.60720 0.74125 255 255 0
-8.4350 -31.2110 -40.5230 -0.15579 0.80939 0.56624 255 255 0
-6.8200 -31.7270 -38.8820 -0.25326 0.87742 0.40742 255 255 0
-6.2150 -32.0320 -37.3420 -0.13440 0.97467 0.17877 255 255 0
-5.7720 -32.1520 -35.6670 -0.24117 0.96935 0.04690 255 255 0
1.1420 -28.7770 -38.3600 -0.45491 0.83204 0.31743 255 255 0
0.3030 -28.3960 -39.8590 -0.35483 0.77195 0.52744 255 255 0
-1.3220 -23.4820 -43.3890 -0.13517 0.27759 0.95114 255 255 0
-6.6250 -29.0310 -41.8350 -0.13340 0.48392 0.86488 255 255 0
-8.2110 -30.7830 -41.0720 -0.12300 0.70647 0.69697 255 255 0
-9.6050 -29.5350 -42.2170 -0.10530 0.52720 0.84319 255 255 0
-6.6250 -25.4140 -43.3580 -0.12865 0.30851 0.94248 255 255 0
-7.7940 -27.6600 -42.7660 -0.33210 0.42414 0.84251 255 255 0
-8.3840 -27.6460 -42.8710 -0.15494 0.37247 0.91502 255 255 0
-8.8730 -28.0480 -42.7880 -0.15034 0.40716 0.90090 255 255 0
-9.3520 -27.0890 -43.2390 -0.09143 0.31993 0.94302 255 255 0
-7.2670 -32.5630 -34.5540 -0.22258 0.97403 0.04156 255 255 0
-5.3860 -32.0210 -37.0370 -0.22992 0.95242 0.20010 255 255 0
-1.6400 -30.5730 -36.9580 -0.39883 0.89278 0.20950 255 255 0
1.8470 -28.5210 -37.7790 -0.49556 0.84914 0.18272 255 255 0
1.8030 -28.9150 -34.7990 -0.51960 0.85208 0.06299 255 255 0
-2.1230 -30.9700 -26.4540 -0.40628 0.91366 0.01298 255 255 0
-3.4180 -31.4200 -30.6060 -0.34309 0.93927 0.00822 255 255 0
-5.0200 -31.9760 -29.4730 -0.30409 0.95259 0.01003 255 255 0
-2.5060 -31.2400 -19.6310 -0.37943 0.92511 0.01434 255 255 0
-0.7030 -30.3500 -25.8930 -0.43037 0.90253 0.01502 255 255 0
1.3610 -29.3980 -19.8360 -0.48798 0.87271 0.01589 255 255 0
-1.6810 -30.7540 -27.9970 -0.40565 0.91392 0.01370 255 255 0
-4.4040 -31.7340 -36.8700 -0.33246 0.91957 0.20944 255 255 0
-0.2850 -30.0800 -31.1230 -0.43923 0.89829 0.01279 255 255 0
-2.3230 -31.0020 -30.4380 -0.38290 0.92370 0.01295 255 255 0
-0.1190 -29.9820 -32.0880 -0.43531 0.90013 0.01665 255 255 0
1.0680 -29.4230 -27.2990 -0.45781 0.88836 0.03505 255 255 0
1.4050 -29.1590 -34.7740 -0.49240 0.86727 0.07341 255 255 0
-4.4030 -31.7640 -30.5010 -0.32451 0.94588 0.00342 255 255 0
-8.9430 -32.9490 -29.9680 -0.18708 0.98230 0.00976 255 255 0
-4.9630 -32.1870 -15.1350 -0.29693 0.95481 0.01322 255 255 0
-5.1410 -32.1280 -22.4570 -0.29849 0.95429 0.01555 255 255 0
-5.7300 -32.1970 -28.7400 -0.27227 0.96213 0.01341 255 255 0
-7.2890 -32.7130 -22.2710 -0.22779 0.97361 0.01412 255 255 0
-7.2190 -32.5880 -29.5570 -0.23314 0.97239 0.01059 255 255 0
-7.1270 -32.7820 -15.7280 -0.23556 0.97176 0.01371 255 255 0
-6.8440 -32.6520 -19.2350 -0.24492 0.96944 0.01392 255 255 0
-8.8480 -33.1240 -17.4200 -0.18738 0.98220 0.01312 255 255 0
-7.7980 -32.8290 -22.3420 -0.21245 0.97706 0.01479 255 255 0
-1.0900 -30.6760 -16.8850 -0.42212 0.90634 0.01900 255 255 0
-0.0040 -30.1330 -18.3930 -0.44686 0.89453 0.01181 255 255 0
1.2070 -29.5300 -16.7160 -0.47398 0.88046 0.01124 255 255 0
1.9280 -29.1020 -17.8140 -0.51065 0.85965 0.01544 255 255 0
-3.9350 -31.8710 -12.6010 -0.32856 0.94445 0.00753 255 255 0
-5.8030 -32.4650 -12.3170 -0.27597 0.96114 0.00718 255 255 0
-8.1070 -33.0290 -12.9640 -0.20060 0.97959 0.01306 255 255 0
-2.3780 -31.3240 -8.1220 -0.37178 0.92831 0.00525 255 255 0
-1.1140 -30.7930 -4.1420 -0.41417 0.91020 0.00246 255 255 0
2.0580 -29.1560 -3.8550 -0.50513 0.86303 0.00437 255 255 0
-0.8900 -30.6090 -15.9470 -0.42070 0.90707 0.01534 255 255 0
-1.3660 -30.8720 -10.6760 -0.40559 0.91400 0.00962 255 255 0
-1.0930 -30.7520 -9.5820 -0.42325 0.90600 0.00527 255 255 0
-0.1520 -30.3040 -10.4450 -0.44250 0.89672 0.00912 255 255 0
0.1690 -30.1320 -11.4630 -0.45464 0.89059 0.01215 255 255 0
1.5080 -29.4370 -10.1600 -0.48971 0.87185 0.00752 255 255 0
1.5800 -29.3680 -13.1860 -0.48627 0.87377 0.00873 255 255 0
-3.3140 -31.5960 -16.8870 -0.35108 0.93626 0.01262 255 255 0
-4.2440 -32.0320 -3.8460 -0.33086 0.94368 0.00012 255 255 0
-4.4990 -32.1190 -1.3800 -0.31526 0.94900 0.00214 255 255 0
-5.7880 -32.5110 -4.2790 -0.27192 0.96231 0.00431 255 255 0
-5.6170 -32.4470 -6.6130 -0.27949 0.96012 0.00679 255 255 0
-7.6240 -32.9580 -9.3970 -0.21941 0.97561 0.00573 255 255 0
-6.7580 -32.7780 -1.0750 -0.23996 0.97078 0.00286 255 255 0
-7.5020 -32.9450 -4.0870 -0.22571 0.97419 0.00170 255 255 0
-8.0130 -33.0730 0.9910 -0.21005 0.97769 0.00037 255 255 0
-8.4540 -33.1490 -4.5710 -0.19438 0.98092 0.00328 255 255 0
-2.1250 -31.2300 -3.9250 -0.38517 0.92284 0.00204 255 255 0
0.2560 -30.1400 -4.7460 -0.45411 0.89094 0.00430 255 255 0
-1.7650 -31.0790 -3.9190 -0.39695 0.91784 -0.00196 255 255 0
-2.8890 -31.5520 6.4750 -0.35706 0.93408 -0.00061 255 255 0
-2.7520 -31.4950 -2.0000 -0.36353 0.93158 0.00246 255 255 0
-4.3080 -32.0620 4.0000 -0.31841 0.94795 -0.00000 255 255 0
-6.0030 -32.5910 4.5260 -0.26915 0.96310 -0.00022 255 255 0
-7.8790 -33.0430 3.5550 -0.21965 0.97558 0.00131 255 255 0
-8.5430 -33.1790 9.0560 -0.19411 0.98098 -0.00050 255 255 0
-3.0100 -31.5900 13.4470 -0.35587 0.93453 -0.00093 255 255 0
1.0600 -29.7250 9.7130 -0.47464 0.88018 -0.00001 255 255 0
-2.0880 -31.2280 6.6900 -0.38545 0.92273 -0.00180 255 255 0
-1.6070 -31.0230 2.6980 -0.39459 0.91886 0.00102 255 255 0
-0.7020 -30.6220 9.4780 -0.42506 0.90517 -0.00036 255 255 0
-0.8240 -30.6730 1.5270 -0.41681 0.90899 0.00095 255 255 0
-0.5050 -30.5230 1.3540 -0.43279 0.90148 -0.00575 255 255 0
0.2660 -30.1440 1.6710 -0.45251 0.89176 -0.00016 255 255 0
0.5820 -29.9790 9.6180 -0.45907 0.88840 -0.00018 255 255 0
1.1520 -29.6760 -1.2930 -0.47894 0.87784 0.00201 255 255 0
1.5890 -29.4360 6.8060 -0.49039 0.87151 -0.00057 255 255 0
2.4460 -28.9350 6.4870 -0.51844 0.85512 -0.00024 255 255 0
2.0510 -29.1700 1.0210 -0.50694 0.86198 0.00053 255 255 0
-3.9460 -31.9310 15.5760 -0.32345 0.94624 -0.00091 255 255 0
-4.6090 -32.1560 11.1050 -0.30861 0.95119 -0.00077 255 255 0
-5.0940 -32.3090 11.8800 -0.29148 0.95658 0.00001 255 255 0
-6.1430 -32.6170 9.2240 -0.26731 0.96361 -0.00012 255 255 0
-5.8290 -32.5260 13.6010 -0.27383 0.96178 -0.00011 255 255 0
-6.4040 -32.6820 23.1980 -0.25570 0.96673 -0.00663 255 255 0
-6.3300 -32.6630 14.4300 -0.25566 0.96677 -0.00022 255 255 0
-7.3930 -32.9370 4.5750 -0.22829 0.97359 0.00354 255 255 0
-7.3490 -32.9230 14.7170 -0.22728 0.97383 -0.00034 255 255 0
-2.9230 -31.5620 8.9320 -0.35370 0.93536 -0.00073 255 255 0
2.1360 -29.1140 14.4370 -0.50907 0.86072 -0.00048 255 255 0
-2.0870 -31.2220 15.5510 -0.38158 0.92433 -0.00044 255 255 0
1.3970 -29.5380 14.5420 -0.48698 0.87341 0.00008 255 255 0
-0.4160 -30.4760 12.8540 -0.43506 0.90040 -0.00082 255 255 0
-2.2100 -31.2390 29.8730 -0.37490 0.92702 -0.00925 255 255 0
-3.6370 -31.8020 29.3720 -0.33787 0.94114 -0.00998 255 255 0
-1.5380 -30.9800 28.0110 -0.40131 0.91593 -0.00438 255 255 0
-3.4190 -31.7450 22.3390 -0.34295 0.93935 -0.00182 255 255 0
-5.6220 -32.4690 22.6120 -0.28725 0.95785 -0.00241 255 255 0
-7.4840 -32.9470 22.7640 -0.22366 0.97467 -0.00076 255 255 0
0.7170 -29.8910 27.1430 -0.46449 0.88556 -0.00551 255 255 0
-1.9350 -31.1560 20.2820 -0.38181 0.92424 -0.00085 255 255 0
-1.5550 -30.9950 21.3770 -0.39831 0.91725 -0.00246 255 255 0
-1.2480 -30.8590 18.3580 -0.40930 0.91240 -0.00065 255 255 0
-1.2110 -30.8470 10.8850 -0.40186 0.91570 -0.00134 255 255 0
-0.0330 -30.2880 22.3830 -0.44187 0.89707 -0.00284 255 255 0
-0.3840 -30.4580 19.2520 -0.43532 0.90027 -0.00065 255 255 0
0.1600 -30.1890 21.1270 -0.45654 0.88969 0.00399 255 255 0
0.8980 -29.8090 21.9640 -0.46853 0.88344 -0.00367 255 255 0
1.6510 -29.3950 23.3390 -0.49294 0.87006 -0.00207 255 255 0
-8.3680 -33.1370 23.2160 -0.19350 0.98110 -0.00101 255 255 0
-8.5950 -33.1830 21.5470 -0.18846 0.98208 -0.00178 255 255 0
-5.6150 -32.4480 26.8750 -0.28051 0.95982 0.00766 255 255 0
-5.4530 -32.4240 27.5490 -0.30679 0.95150 0.02311 255 255 0
-5.4960 -32.3900 31.0290 -0.34377 0.93505 -0.08663 255 255 0
-7.1370 -32.8020 33.0490 -0.24765 0.96880 -0.00990 255 255 0
-7.7110 -32.9910 27.2980 -0.21799 0.97593 -0.00568 255 255 0
-7.8020 -32.9840 30.4210 -0.22042 0.97533 -0.01202 255 255 0
-7.8910 -32.9930 30.9480 -0.24213 0.96993 -0.02453 255 255 0
-0.0890 -30.2710 30.6700 -0.44685 0.89454 -0.01093 255 255 0
1.5060 -29.4240 31.4860 -0.48493 0.87443 -0.01437 255 255 0
-2.5180 -31.3440 31.2110 -0.36753 0.92990 -0.01446 255 255 0
2.1310 -29.0680 30.7160 -0.50870 0.86085 -0.01242 255 255 0
9.0040 -19.1600 -41.6400 -0.47029 0.41157 0.78066 255 255 0
7.0300 -17.5060 -42.9850 -0.28964 0.24823 0.92439 255 255 0
3.5660 -25.7160 -40.6050 -0.50428 0.58611 0.63418 255 255 0
2.0730 -26.6970 -40.8250 -0.43385 0.62815 0.64591 255 255 0
7.7740 -24.2880 -37.2490 -0.66337 0.71005 0.23617 255 255 0
4.5750 -26.6920 -37.8580 -0.57550 0.75797 0.30707 255 255 0
5.0240 -26.7340 -35.9960 -0.58916 0.80102 0.10612 255 255 0
5.1440 -26.7590 -34.1670 -0.60330 0.79737 0.01512 255 255 0
9.5970 -21.7150 -38.8810 -0.65897 0.61220 0.43699 255 255 0
5.2440 -16.7590 -43.5740 -0.20086 0.18837 0.96134 255 255 0
7.6520 -17.2160 -42.8630 -0.34489 0.28233 0.89517 255 255 0
4.6680 -22.5520 -41.8290 -0.33156 0.41717 0.84619 255 255 0
2.8370 -23.1770 -42.3570 -0.53233 0.29576 0.79319 255 255 0
1.6120 -24.5140 -42.3320 -0.35558 0.39566 0.84677 255 255 0
2.8270 -21.2910 -43.0340 -0.26038 0.28430 0.92270 255 255 0
1.2930 -21.8610 -43.2500 -0.23983 0.23242 0.94258 255 255 0
0.7170 -22.7250 -43.1920 -0.24530 0.25275 0.93592 255 255 0
3.8280 -27.6730 -33.3440 -0.55584 0.83118 0.01345 255 255 0
9.1600 -22.5680 -37.7180 -0.73043 0.66152 0.16989 255 255 0
11.1570 -20.3190 -37.6350 -0.77289 0.56423 0.29032 255 255 0
6.9890 -25.1620 -35.7610 -0.65972 0.74849 0.06730 255 255 0
9.6390 -22.5900 -34.6300 -0.73082 0.68104 0.04565 255 255 0
11.0370 -20.8430 -36.8730 -0.76652 0.62387 0.15242 255 255 0
7.6060 -24.7280 -27.3500 -0.66890 0.74325 0.01272 255 255 0
9.1330 -23.3600 -22.6950 -0.71995 0.69387 0.01484 255 255 0
5.0120 -26.9080 -27.5820 -0.59949 0.80027 0.01324 255 255 0
10.4990 -21.8120 -23.6750 -0.75223 0.65866 0.01779 255 255 0
12.0000 -20.0130 -21.4860 -0.79715 0.60361 0.01454 255 255 0
8.3940 -23.9670 -27.8950 -0.70119 0.71296 0.00474 255 255 0
8.2390 -24.1200 -28.2580 -0.69477 0.71921 0.00582 255 255 0
8.6410 -23.6870 -31.6800 -0.70917 0.70491 0.01328 255 255 0
9.4490 -22.9220 -26.5610 -0.73399 0.67897 0.01572 255 255 0
9.1880 -23.1790 -27.8480 -0.72546 0.68819 0.01055 255 255 0
10.8980 -21.2340 -28.7600 -0.76261 0.64678 0.01032 255 255 0
11.6020 -20.3680 -28.0080 -0.78853 0.61486 0.01267 255 255 0
7.2460 -24.9890 -31.3360 -0.67405 0.73854 0.01470 255 255 0
6.3030 -25.9250 -24.2070 -0.63637 0.77122 0.01597 255 255 0
5.7950 -26.4320 -19.6810 -0.61866 0.78550 0.01564 255 255 0
7.1200 -25.3900 -16.4750 -0.65500 0.75554 0.01138 255 255 0
6.4710 -25.8830 -19.6150 -0.64139 0.76706 0.01538 255 255 0
5.6940 -26.4890 -20.4960 -0.61968 0.78461 0.01974 255 255 0
4.6080 -27.2320 -24.6010 -0.57771 0.81616 0.01172 255 255 0
5.1130 -26.9510 -19.6840 -0.60017 0.79983 0.00814 255 255 0
4.9170 -27.1860 -15.2970 -0.59976 0.80009 0.01189 255 255 0
4.8820 -27.0320 -24.5770 -0.60189 0.79852 0.00950 255 255 0
4.3750 -27.5070 -18.7330 -0.58059 0.81405 0.01533 255 255 0
3.5710 -28.0230 -20.7900 -0.55725 0.83019 0.01607 255 255 0
3.1250 -28.1960 -27.0510 -0.54561 0.83781 0.01953 255 255 0
8.8670 -23.6980 -18.6140 -0.70980 0.70427 0.01390 255 255 0
9.6300 -22.9110 -18.2380 -0.73158 0.68162 0.01370 255 255 0
10.9600 -21.2010 -26.4260 -0.76575 0.64298 0.01407 255 255 0
10.1860 -22.3030 -17.9790 -0.75140 0.65959 0.01849 255 255 0
10.5650 -21.8770 -17.6340 -0.76178 0.64699 0.03307 255 255 0
6.3220 -26.1660 -10.3080 -0.63708 0.77077 0.00684 255 255 0
8.3650 -24.3630 -7.0260 -0.68944 0.72431 0.00665 255 255 0
3.9500 -27.8880 -13.9160 -0.56618 0.82424 0.00854 255 255 0
3.0830 -28.4730 -12.4020 -0.53278 0.84622 0.00774 255 255 0
10.3830 -22.2560 -5.0620 -0.75204 0.65910 0.00384 255 255 0
11.1860 -21.2650 -10.3060 -0.78213 0.62283 0.01883 255 255 0
8.3150 -24.2900 -16.4170 -0.69385 0.72002 0.01190 255 255 0
9.2430 -23.4560 -9.4350 -0.71949 0.69445 0.00865 255 255 0
9.6110 -23.0110 -14.3320 -0.73122 0.68206 0.01085 255 255 0
8.5830 -24.0880 -12.8120 -0.69676 0.71726 0.00776 255 255 0
10.7630 -21.7500 -12.1170 -0.75141 0.65984 -0.00082 255 255 0
6.5870 -25.9400 -9.5720 -0.65406 0.75642 0.00629 255 255 0
6.5310 -25.9990 -7.0700 -0.63984 0.76850 0.00340 255 255 0
6.9130 -25.6960 -4.8970 -0.64963 0.76023 0.00464 255 255 0
6.2520 -26.2640 3.8340 -0.62555 0.78018 -0.00294 255 255 0
5.4380 -26.8890 -2.5600 -0.61607 0.78768 -0.00542 255 255 0
5.3400 -26.9620 -2.1280 -0.60498 0.79624 0.00161 255 255 0
5.1250 -27.1020 -8.8420 -0.59592 0.80302 0.00557 255 255 0
3.7520 -28.0960 -4.2910 -0.55701 0.83050 0.00343 255 255 0
4.0650 -27.8870 -3.8220 -0.65835 0.74523 0.10586 255 255 0
3.7240 -28.0990 -6.5590 -0.55593 0.83121 0.00597 255 255 0
3.5150 -28.2270 -7.8440 -0.55178 0.83396 0.00652 255 255 0
3.9010 -28.0120 2.1770 -0.56681 0.82385 0.00105 255 255 0
3.0690 -28.5360 -3.5280 -0.53202 0.84671 0.00552 255 255 0
8.5810 -24.1610 -3.8560 -0.70092 0.71324 0.00326 255 255 0
9.2680 -23.4680 -4.9120 -0.72240 0.69146 0.00374 255 255 0
8.1800 -24.5550 -1.5540 -0.68356 0.72989 0.00165 255 255 0
7.7840 -24.9340 5.7720 -0.67971 0.73348 0.00038 255 255 0
5.1730 -27.1110 4.7680 -0.59880 0.80090 0.00209 255 255 0
3.4330 -28.3150 4.4760 -0.54814 0.83639 -0.00106 255 255 0
8.3930 -24.3560 8.3670 -0.69122 0.72264 -0.00092 255 255 0
9.3050 -23.4440 8.2350 -0.72234 0.69154 -0.00181 255 255 0
9.8700 -22.8450 7.0120 -0.73556 0.67746 -0.00008 255 255 0
10.2870 -22.3840 6.4960 -0.75029 0.66111 -0.00023 255 255 0
9.0130 -23.7520 -1.1110 -0.71374 0.70041 0.00178 255 255 0
9.1690 -23.5940 5.9750 -0.71479 0.69934 0.00093 255 255 0
9.4880 -23.2580 4.4750 -0.73738 0.67546 -0.00480 255 255 0
10.1620 -22.5220 0.8040 -0.74167 0.67076 0.00166 255 255 0
11.1540 -21.3670 8.7200 -0.77244 0.63508 -0.00086 255 255 0
10.5160 -22.1240 2.5960 -0.75473 0.65604 -0.00051 255 255 0
11.2260 -21.2770 1.0940 -0.77360 0.63367 0.00105 255 255 0
11.2870 -21.2030 3.3710 -0.77597 0.63077 0.00047 255 255 0
11.8070 -20.5450 7.2800 -0.79301 0.60920 0.00020 255 255 0
11.7690 -20.5950 5.1900 -0.79295 0.60929 -0.00039 255 255 0
11.7910 -20.5670 4.7410 -0.79022 0.61282 -0.00265 255 255 0
11.7670 -20.5950 4.8570 -0.77067 0.63722 0.00304 255 255 0
2.9170 -28.6420 1.3060 -0.53145 0.84708 0.00190 255 255 0
6.9370 -25.6880 4.5500 -0.64935 0.76049 -0.00241 255 255 0
6.2840 -26.2240 12.9830 -0.63316 0.77402 -0.00101 255 255 0
6.1140 -26.3630 10.7390 -0.61558 0.78806 0.00374 255 255 0
5.2390 -27.0480 14.0740 -0.60253 0.79807 -0.00560 255 255 0
5.2840 -27.0090 14.4290 -0.60125 0.79905 -0.00470 255 255 0
5.0140 -27.2140 11.2760 -0.58156 0.81351 -0.00138 255 255 0
3.4110 -28.3330 15.7840 -0.54974 0.83534 -0.00010 255 255 0
4.2060 -27.7890 11.9650 -0.56881 0.82244 -0.00648 255 255 0
3.6750 -28.1510 11.8020 -0.55628 0.83099 -0.00149 255 255 0
3.2420 -28.4350 9.2890 -0.53796 0.84297 -0.00062 255 255 0
3.2430 -28.4320 12.8110 -0.54345 0.83944 -0.00219 255 255 0
2.9120 -28.6410 14.7030 -0.52503 0.85108 -0.00031 255 255 0
7.9720 -24.7480 14.1490 -0.68200 0.73135 -0.00088 255 255 0
8.6320 -24.1220 11.2020 -0.70025 0.71389 -0.00062 255 255 0
11.9060 -20.4150 8.3750 -0.79427 0.60756 -0.00006 255 255 0
9.4890 -23.2440 13.9160 -0.72785 0.68573 -0.00078 255 255 0
9.0060 -23.7410 15.7240 -0.71432 0.69982 -0.00045 255 255 0
10.2770 -22.3850 14.0500 -0.74784 0.66388 -0.00024 255 255 0
6.8860 -25.7290 21.0990 -0.64946 0.76039 -0.00245 255 255 0
4.9670 -27.2440 22.8110 -0.59745 0.80190 -0.00100 255 255 0
3.7480 -28.0960 23.0570 -0.55821 0.82970 0.00162 255 255 0
7.5060 -25.1020 31.8180 -0.67141 0.74093 -0.01491 255 255 0
8.5360 -24.2040 25.8800 -0.69493 0.71907 -0.00332 255 255 0
8.8030 -23.9420 22.0990 -0.71206 0.70212 -0.00172 255 255 0
9.2330 -23.5050 19.8630 -0.72052 0.69343 -0.00055 255 255 0
9.5720 -23.1490 21.6330 -0.72455 0.68922 -0.00162 255 255 0
10.0540 -22.6360 19.7940 -0.74469 0.66741 -0.00127 255 255 0
10.4130 -22.2260 18.9080 -0.75969 0.65026 -0.00617 255 255 0
11.2500 -21.2410 24.6710 -0.77278 0.63467 -0.00123 255 255 0
10.8920 -21.6690 18.2170 -0.76681 0.64182 -0.00884 255 255 0
11.5590 -20.8640 17.9910 -0.78169 0.62366 -0.00053 255 255 0
11.3440 -21.1220 15.5800 -0.77931 0.62664 -0.00028 255 255 0
11.7960 -20.5550 17.9600 -0.79455 0.60720 0.00027 255 255 0
3.0210 -28.5730 19.9540 -0.53787 0.84303 -0.00179 255 255 0
7.3480 -25.3180 14.3750 -0.66191 0.74958 -0.00048 255 255 0
6.0840 -26.3540 29.4280 -0.61618 0.78706 0.02933 255 255 0
6.0800 -26.3750 29.8790 -0.61918 0.78523 0.00571 255 255 0
4.5390 -27.5560 26.6790 -0.57375 0.81902 -0.00362 255 255 0
5.7190 -26.7040 28.1960 -0.62226 0.77765 -0.08974 255 255 0
4.8450 -27.3120 28.6280 -0.57052 0.82028 -0.04068 255 255 0
4.6430 -27.4470 30.4850 -0.58928 0.80778 -0.01559 255 255 0
3.8670 -27.9590 31.5900 -0.55578 0.83133 -0.00119 255 255 0
3.5320 -28.1590 32.8130 -0.56131 0.82745 -0.01608 255 255 0
2.7110 -28.7530 28.7080 -0.52865 0.84880 -0.00786 255 255 0
7.7380 -24.9530 28.4260 -0.67544 0.73741 -0.00324 255 255 0
9.6450 -23.0290 30.1020 -0.72216 0.69164 -0.01071 255 255 0
10.1500 -22.5210 27.9920 -0.74420 0.66793 -0.00624 255 255 0
11.1720 -21.2650 31.1160 -0.76977 0.63820 -0.01233 255 255 0
16.1060 -9.1620 -39.8000 -0.71840 0.26475 0.64327 255 255 0
14.3040 -8.9300 -41.3870 -0.61623 0.01919 0.78733 255 255 0
12.8410 -8.0430 -42.4000 -0.41747 0.13708 0.89829 255 255 0
11.0710 -18.3570 -40.3550 -0.65690 0.48677 0.57579 255 255 0
11.7620 -18.4600 -39.4230 -0.75234 0.46854 0.46309 255 255 0
12.6580 -18.3120 -37.3590 -0.81978 0.51203 0.25649 255 255 0
12.5850 -18.6150 -36.8780 -0.82173 0.54712 0.15946 255 255 0
13.0620 -18.2100 -35.0370 -0.82812 0.55583 0.07252 255 255 0
15.9260 -14.1030 -33.0360 -0.82628 0.55899 0.06917 255 255 0
6.3870 -7.4890 -44.3240 -0.19383 0.06338 0.97899 255 255 0
10.7530 -7.1540 -43.2720 -0.27539 0.13333 0.95204 255 255 0
11.9810 -14.8840 -41.0150 -0.58222 0.27447 0.76530 255 255 0
13.0820 -14.4130 -40.2140 -0.66610 0.33583 0.66598 255 255 0
9.3770 -14.2400 -42.7040 -0.38615 0.16810 0.90699 255 255 0
10.6330 -17.9470 -41.1990 -0.59254 0.35417 0.72350 255 255 0
8.1910 -15.7710 -42.9570 -0.36493 0.14791 0.91921 255 255 0
7.9680 -16.2730 -42.9380 -0.35471 0.18904 0.91567 255 255 0
12.7480 -18.7130 -34.5340 -0.81446 0.57875 0.04125 255 255 0
12.6300 -18.9100 -33.8320 -0.80474 0.59335 0.01797 255 255 0
14.7030 -13.9730 -38.3570 -0.78861 0.41309 0.45547 255 255 0
15.1190 -13.0760 -38.4620 -0.72830 0.40049 0.55605 255 255 0
16.6930 -10.5050 -38.1380 -0.79984 0.36233 0.47852 255 255 0
15.2740 -13.8810 -37.2740 -0.79880 0.45847 0.38952 255 255 0
19.4420 -9.5130 -33.0190 -0.67728 0.71549 0.17138 255 255 0
16.3040 -12.9090 -36.3940 -0.82081 0.49577 0.28370 255 255 0
18.2770 -10.9310 -33.1180 -0.79675 0.58938 0.13348 255 255 0
20.5630 -8.9770 -31.5770 -0.66591 0.68492 0.29572 255 255 0
16.9180 -13.2540 -21.7010 -0.78038 0.62530 -0.00243 255 255 0
15.5450 -14.9960 -23.1520 -0.80303 0.59578 0.01340 255 255 0
16.4340 -13.6520 -28.9510 -0.78341 0.62092 0.02707 255 255 0
14.4850 -16.2890 -30.7260 -0.81935 0.57298 0.01898 255 255 0
13.3720 -17.9210 -29.1990 -0.81688 0.57666 0.01328 255 255 0
12.7530 -18.7990 -28.9280 -0.81311 0.58184 0.01761 255 255 0
12.2170 -19.5240 -29.6120 -0.80288 0.59600 0.01298 255 255 0
12.1830 -19.6350 -26.6730 -0.79229 0.60997 0.01479 255 255 0
15.2940 -15.3640 -21.6870 -0.80903 0.58775 0.00530 255 255 0
15.8050 -14.6550 -18.1140 -0.82135 0.57021 -0.01588 255 255 0
18.1790 -11.7590 -21.0910 -0.73693 0.67573 -0.01789 255 255 0
17.0460 -12.7490 -31.1650 -0.76748 0.63768 0.06584 255 255 0
17.1640 -12.8140 -28.0630 -0.74902 0.66233 0.01719 255 255 0
19.3680 -10.3190 -29.7890 -0.69218 0.71561 0.09375 255 255 0
19.9860 -9.9810 -26.6460 -0.66995 0.74210 0.02116 255 255 0
21.5170 -8.5750 -20.3840 -0.66789 0.74161 -0.06272 255 255 0
14.7730 -16.1310 -19.9010 -0.83232 0.55428 -0.00324 255 255 0
13.0540 -18.7050 -15.6750 -0.81600 0.57803 0.00508 255 255 0
13.4260 -18.1980 -13.4920 -0.82956 0.55839 0.00443 255 255 0
12.7960 -18.9360 -21.2790 -0.81203 0.58345 0.01399 255 255 0
12.4390 -19.5410 -16.7650 -0.80288 0.59604 0.01090 255 255 0
12.3130 -19.5550 -22.9390 -0.80455 0.59371 0.01457 255 255 0
20.4530 -9.4630 -20.4560 -0.65036 0.75945 -0.01648 255 255 0
17.3170 -12.6920 -19.6130 -0.73500 0.67604 -0.05248 255 255 0
19.8340 -10.0680 -21.0430 -0.68215 0.73051 -0.03204 255 255 0
17.1190 -11.8850 -9.9190 -0.89788 0.43121 -0.08868 255 255 0
18.9110 -9.6760 -14.3720 -0.85432 0.46096 -0.24010 255 255 0
15.0090 -15.7120 -10.0820 -0.85662 0.51573 -0.01500 255 255 0
14.4220 -16.6850 -15.0880 -0.83488 0.55041 -0.00461 255 255 0
12.6970 -19.2470 -13.4240 -0.81126 0.58459 0.01040 255 255 0
12.2770 -19.8270 -12.6650 -0.80130 0.59821 0.00808 255 255 0
14.7990 -16.0040 -2.9870 -0.87355 0.48673 -0.00001 255 255 0
17.9790 -11.8170 -18.2310 -0.72298 0.68890 -0.05218 255 255 0
17.3050 -12.1920 -15.0370 -0.81480 0.57552 -0.06981 255 255 0
14.2970 -16.8600 -1.9440 -0.85816 0.51337 0.00083 255 255 0
13.7510 -17.7350 -8.3470 -0.84169 0.53996 0.00132 255 255 0
13.3870 -18.3140 -0.7000 -0.83480 0.55055 0.00102 255 255 0
12.8280 -19.1350 -5.2090 -0.81975 0.57271 0.00384 255 255 0
13.0660 -18.7940 -1.5940 -0.82676 0.56255 0.00117 255 255 0
12.2160 -19.9880 -3.2230 -0.80320 0.59570 0.00282 255 255 0
12.3790 -19.7790 0.2730 -0.80837 0.58867 0.00151 255 255 0
15.8470 -14.0040 -4.9680 -0.89505 0.44569 -0.01602 255 255 0
17.0190 -11.3450 -4.7300 -0.93227 0.36011 -0.03439 255 255 0
17.8310 -9.4040 -6.3440 -0.94514 0.31785 -0.07539 255 255 0
16.6510 -12.2220 -4.3690 -0.91742 0.39728 -0.02281 255 255 0
17.6180 -9.6730 -4.2560 -0.95023 0.31027 -0.02835 255 255 0
15.5970 -14.4710 -1.0230 -0.88662 0.46247 -0.00433 255 255 0
16.4350 -13.0360 9.3820 -0.88464 0.46383 0.04764 255 255 0
16.0410 -13.5870 2.1120 -0.91224 0.40955 0.00972 255 255 0
14.5500 -16.4540 5.7510 -0.86554 0.50082 0.00423 255 255 0
13.7710 -17.7430 6.6710 -0.84276 0.53826 0.00520 255 255 0
12.7400 -19.2840 5.2670 -0.81757 0.57583 0.00091 255 255 0
14.7360 -16.2630 11.2950 -0.85897 0.51173 -0.01741 255 255 0
13.7830 -17.7680 11.8780 -0.83389 0.55191 0.00551 255 255 0
14.2880 -17.0390 15.4900 -0.82275 0.56841 -0.00046 255 255 0
15.6390 -15.0320 17.4410 -0.78959 0.60977 -0.06873 255 255 0
17.2440 -11.3410 8.5940 -0.91007 0.40609 0.08279 255 255 0
17.3160 -10.6110 4.5670 -0.93684 0.34863 0.02806 255 255 0
17.3270 -10.4870 2.8700 -0.94037 0.33999 0.01055 255 255 0
11.5900 -20.8190 -2.1340 -0.78403 0.62072 0.00250 255 255 0
12.2380 -19.9680 1.1590 -0.79022 0.61280 -0.00509 255 255 0
13.0100 -18.8980 10.3720 -0.81956 0.57296 -0.00668 255 255 0
12.6380 -19.4250 10.2110 -0.81291 0.58239 -0.00111 255 255 0
12.7500 -19.2780 17.5800 -0.81419 0.58060 0.00194 255 255 0
12.5720 -19.5190 14.4950 -0.80629 0.59152 0.00052 255 255 0
12.2140 -20.0060 10.8370 -0.80295 0.59605 -0.00001 255 255 0
12.2120 -20.0090 15.7800 -0.80077 0.59898 0.00007 255 255 0
16.0120 -14.0970 11.6740 -0.86735 0.49469 0.05469 255 255 0
17.1490 -12.3470 13.6990 -0.85840 0.50979 0.05705 255 255 0
17.5700 -11.6160 13.7110 -0.86898 0.49089 0.06239 255 255 0
18.1490 -10.5990 13.7930 -0.87473 0.46710 0.12912 255 255 0
19.2640 -9.7620 16.2880 -0.81007 0.53749 0.23429 255 255 0
17.3330 -13.0080 27.5530 -0.76174 0.64786 -0.00516 255 255 0
17.1910 -13.1560 23.3860 -0.77563 0.63117 0.00529 255 255 0
15.4110 -15.4920 21.5300 -0.80350 0.59501 0.01883 255 255 0
14.8760 -16.2550 22.5130 -0.81876 0.57410 0.00620 255 255 0
14.9840 -16.1120 26.4310 -0.80791 0.58929 -0.00402 255 255 0
14.0040 -17.5050 22.1120 -0.82110 0.57076 0.00438 255 255 0
12.1870 -20.0400 24.2020 -0.79551 0.60594 -0.00158 255 255 0
15.4400 -15.4080 29.7940 -0.80358 0.59492 -0.01814 255 255 0
15.4780 -15.2720 32.1530 -0.81543 0.57782 -0.03456 255 255 0
19.9240 -10.3110 29.8520 -0.67169 0.73867 -0.05655 255 255 0
16.9240 -13.2540 18.7470 -0.80508 0.59040 0.05727 255 255 0
18.6020 -11.5390 23.5370 -0.72399 0.67977 -0.11727 255 255 0
18.5910 -11.3610 21.4290 -0.72931 0.67926 0.08191 255 255 0
20.0300 -10.1680 24.6670 -0.69737 0.71665 0.00880 255 255 0
21.8660 -8.4140 22.4490 0.25965 0.96569 -0.00510 255 255 0
19.8560 -9.8740 19.6090 -0.69723 0.70430 0.13350 255 255 0
12.7640 -19.2670 24.2960 -0.80919 0.58753 -0.00401 255 255 0
12.9560 -18.9480 30.1470 -0.81281 0.58250 -0.00670 255 255 0
13.4180 -18.1880 33.9100 -0.81940 0.57284 -0.02105 255 255 0
12.5680 -19.5060 28.0200 -0.80785 0.58938 -0.00280 255 255 0
12.5030 -19.5820 29.2250 -0.80521 0.59293 -0.00852 255 255 0
12.5300 -19.4780 32.7210 -0.80377 0.59468 -0.01748 255 255 0
16.9600 -13.4480 29.8000 -0.78975 0.61261 -0.03169 255 255 0
18.0910 -11.9890 31.3180 -0.70713 0.69486 -0.13092 255 255 0
22.2410 -8.2380 31.8180 -0.17175 0.85814 -0.48383 255 255 0
18.4270 -4.8380 -38.1640 -0.79397 0.12831 0.59426 255 255 0
15.2100 1.8660 -41.7150 -0.55817 -0.00472 0.82971 255 255 0
16.0970 -7.2340 -40.4090 -0.63871 0.16400 0.75177 255 255 0
16.2480 -7.7390 -40.1020 -0.69195 0.21679 0.68863 255 255 0
19.8950 -5.3730 -35.6730 -0.83883 0.18634 0.51151 255 255 0
22.3510 -5.3020 -31.9030 -0.78956 0.18807 0.58415 255 255 0
12.6860 1.5770 -42.8780 -0.35458 -0.00533 0.93501 255 255 0
18.0950 1.4080 -39.0380 -0.78740 -0.04496 0.61479 255 255 0
16.7960 -2.9290 -40.0320 -0.66761 0.05499 0.74248 255 255 0
15.9950 -5.1350 -40.5630 -0.58363 0.02343 0.81168 255 255 0
14.0960 -5.0460 -41.8720 -0.50108 0.02953 0.86490 255 255 0
13.5960 -7.2250 -42.1320 -0.49371 0.10625 0.86311 255 255 0
12.3950 -1.1840 -42.7890 -0.61643 0.07639 0.78370 255 255 0
11.5170 -6.4540 -43.0500 -0.34214 0.04350 0.93864 255 255 0
21.2060 -5.2700 -33.5110 -0.82459 0.18531 0.53452 255 255 0
21.9930 -7.5860 -31.1050 -0.35624 0.32440 0.87627 255 255 0
19.6220 -7.7650 -34.7120 -0.82135 0.34851 0.45159 255 255 0
19.2740 -2.4390 -37.1780 -0.83516 0.05814 0.54693 255 255 0
19.2410 -1.5700 -37.2930 -0.80687 0.01994 0.59039 255 255 0
19.2430 -0.9060 -37.3030 -0.83831 -0.02687 0.54453 255 255 0
19.0020 -0.5850 -37.6520 -0.74007 -0.01284 0.67241 255 255 0
18.9620 0.8890 -37.6560 -0.85556 -0.09192 0.50948 255 255 0
18.4230 3.3580 -37.9790 -0.84963 -0.18835 0.49260 255 255 0
21.5840 -1.8050 -33.4890 -0.84123 -0.01058 0.54057 255 255 0
21.3140 0.7730 -33.3760 -0.84564 -0.23468 0.47939 255 255 0
22.9160 1.1650 -30.9600 -0.23801 -0.51193 0.82540 255 255 0
23.1330 -2.4760 -31.2910 -0.04760 -0.03572 0.99823 255 255 0
28.4320 0.5360 -26.2690 -0.16185 -0.98646 0.02653 255 255 0
26.5670 0.5840 -28.8160 -0.27121 -0.92050 0.28128 255 255 0
32.5890 -0.1760 -27.1020 -0.23414 -0.91301 0.33406 255 255 0
38.0600 -0.6770 -23.1260 -0.14430 -0.98733 0.06600 255 255 0
42.8980 -1.1260 -18.2680 -0.16962 -0.98471 0.03962 255 255 0
37.0600 -0.7010 -21.5560 -0.05714 -0.99260 -0.10711 255 255 0
38.6790 -1.2720 -19.0750 0.12744 -0.94828 -0.29072 255 255 0
35.1080 -1.1910 -19.7020 0.05612 -0.80769 -0.58692 255 255 0
22.9100 1.5130 -28.6690 -0.00393 -0.99859 0.05289 255 255 0
24.9820 0.6490 -29.8750 -0.42099 -0.67419 0.60682 255 255 0
41.8790 -1.4390 -22.2090 -0.45560 -0.81972 0.34712 255 255 0
38.3620 -1.0950 -25.0290 -0.29593 -0.89036 0.34596 255 255 0
39.7310 -1.7800 -16.7120 0.39878 -0.82086 -0.40885 255 255 0
41.5330 -1.2170 -17.3190 0.04776 -0.99271 -0.11070 255 255 0
39.9820 -2.4320 -15.0750 0.50637 -0.73031 -0.45852 255 255 0
33.0620 -0.2410 -22.3450 -0.09323 -0.98718 -0.12953 255 255 0
32.4280 -0.1500 -22.4890 -0.11766 -0.98604 -0.11781 255 255 0
31.8060 -0.0570 -22.6140 -0.07192 -0.98923 -0.12751 255 255 0
31.5840 -0.3800 -20.9400 -0.10084 -0.93185 -0.34856 255 255 0
29.8680 0.1400 -22.0550 -0.20578 -0.97589 -0.07272 255 255 0
25.5950 0.7340 -20.5940 -0.28007 -0.93327 -0.22488 255 255 0
23.3400 1.1670 -19.3550 -0.34215 -0.88173 -0.32480 255 255 0
27.3520 0.3430 -20.7520 -0.19990 -0.92030 -0.33630 255 255 0
19.2350 -0.2790 -6.7140 -0.99538 0.00145 -0.09599 255 255 0
20.6250 -0.8320 -13.0600 -0.95514 -0.00320 -0.29615 255 255 0
21.4540 -0.7700 -15.3420 -0.91729 -0.06363 -0.39310 255 255 0
20.1220 -4.9260 -12.8900 -0.94020 0.10391 -0.32439 255 255 0
19.3100 -7.0050 -11.5250 -0.92975 0.30977 -0.19904 255 255 0
18.9850 -5.7800 -7.4120 -0.97489 0.18040 -0.13060 255 255 0
18.8070 -5.6770 -5.3410 -0.98113 0.17292 -0.08647 255 255 0
18.6820 -6.0450 -4.5940 -0.97817 0.20310 -0.04409 255 255 0
18.8320 -4.4320 -1.5440 -0.98689 0.15621 -0.04068 255 255 0
19.1340 1.4440 -5.8290 -0.99543 -0.07944 -0.05306 255 255 0
21.7090 0.9540 -16.4680 -0.86434 -0.23816 -0.44293 255 255 0
22.6070 0.5810 -18.0620 -0.29094 -0.44329 -0.84785 255 255 0
21.1520 -4.3150 -15.1970 -0.89442 -0.10411 -0.43493 255 255 0
21.7480 -3.9950 -16.3520 -0.88813 0.03184 -0.45849 255 255 0
22.4390 -4.1570 -17.6840 -0.09951 0.05523 -0.99350 255 255 0
18.7380 -7.2030 -8.3780 -0.95370 0.25923 -0.15251 255 255 0
18.3460 -7.0870 -2.0810 -0.97143 0.23681 -0.01561 255 255 0
19.0930 -2.3900 -4.8130 -0.99732 0.06856 -0.02556 255 255 0
19.1320 -1.5780 -4.8110 -0.99838 0.05490 -0.01523 255 255 0
19.8980 -2.1840 11.4010 -0.97881 0.05979 0.19583 255 255 0
19.4200 -1.1230 7.3160 -0.99546 0.01326 0.09423 255 255 0
19.2340 -0.5490 5.1380 -0.96731 -0.25356 0.00500 255 255 0
19.1570 -0.1630 2.6450 -0.99907 -0.02401 0.03584 255 255 0
18.8460 -5.9700 7.7050 -0.99251 0.09031 0.08232 255 255 0
18.6900 -5.6580 5.2640 -0.98194 0.18416 0.04341 255 255 0
18.4000 -7.6290 7.2170 -0.95375 0.28515 0.09508 255 255 0
20.6350 -5.9960 15.2230 -0.91268 0.24629 0.32611 255 255 0
21.1520 -5.9890 16.4320 -0.88085 0.21895 0.41972 255 255 0
21.5900 -6.4480 17.4830 -0.84962 0.26402 0.45654 255 255 0
19.0830 -0.0150 0.9470 -0.99970 0.00686 0.02353 255 255 0
18.9840 1.8310 -1.4890 -0.99646 -0.08374 -0.00734 255 255 0
18.8130 -5.0260 5.8240 -0.98926 0.13627 0.05295 255 255 0
18.1670 -7.7630 3.2320 -0.97854 0.20399 0.02917 255 255 0
17.9830 -8.3770 1.6600 -0.95659 0.29117 0.01230 255 255 0
19.0090 -7.3740 11.0200 -0.94530 0.24571 0.21455 255 255 0
19.8090 -6.3630 12.9190 -0.93344 0.25829 0.24897 255 255 0
20.1540 -1.2810 12.2870 -0.94737 -0.03756 0.31792 255 255 0
20.1500 -0.9470 12.2990 -0.94742 -0.03059 0.31853 255 255 0
20.1410 -0.6240 12.3080 -0.94374 -0.04276 0.32791 255 255 0
20.1170 -0.2450 12.2930 -0.96733 -0.04666 0.24919 255 255 0
20.0790 0.2780 12.3020 -0.96640 -0.08513 0.24255 255 255 0
20.0460 0.5710 12.2830 -0.96520 -0.09892 0.24208 255 255 0
20.0080 0.8660 12.2570 -0.96393 -0.11932 0.23789 255 255 0
19.9000 1.6720 12.2570 -0.96175 -0.17989 0.20658 255 255 0
21.3200 -0.4440 15.7400 -0.92740 -0.08832 0.36349 255 255 0
22.7190 -1.0700 18.6040 -0.12036 -0.13426 0.98361 255 255 0
22.4970 1.3250 18.8760 -0.55353 -0.63662 0.53695 255 255 0
33.5970 -4.0130 -29.6850 -0.33727 0.00414 0.94140 255 255 0
31.3130 -5.6390 -29.9840 -0.19611 0.27276 0.94188 255 255 0
37.6470 -6.4740 -27.4250 -0.42085 0.43162 0.79787 255 255 0
40.1730 -6.6590 -25.6850 -0.55344 0.44700 0.70278 255 255 0
37.5850 -2.2390 -27.2270 -0.37206 -0.64127 0.67108 255 255 0
39.5140 -2.0470 -25.8080 -0.52924 -0.50866 0.67910 255 255 0
32.2170 -6.6440 -29.3320 -0.23871 0.56931 0.78670 255 255 0
27.7260 -7.2050 -29.8480 -0.15989 0.71900 0.67637 255 255 0
22.3730 -7.0100 -31.1110 0.06487 0.12687 0.98980 255 255 0
24.5830 -7.2790 -30.4480 -0.19147 0.02836 0.98109 255 255 0
43.0720 -7.7420 -21.5730 -0.61315 0.65156 0.44666 255 255 0
38.9370 -3.2800 -26.9940 -0.56370 -0.24256 0.78956 255 255 0
42.8570 -4.6470 -23.6660 -0.75532 0.03629 0.65435 255 255 0
42.5840 -3.3040 -23.6910 -0.70559 -0.35452 0.61356 255 255 0
43.7240 -2.5500 -21.4510 -0.73800 -0.46128 0.49251 255 255 0
32.8170 -2.0830 -29.4730 -0.31177 -0.50367 0.80567 255 255 0
28.7640 -1.4400 -30.3840 -0.23869 -0.44548 0.86289 255 255 0
24.3500 -1.5950 -31.1010 -0.14922 -0.12206 0.98124 255 255 0
27.8520 -1.6410 -30.5170 -0.11464 -0.14102 0.98335 255 255 0
27.7300 -3.5250 -30.8080 -0.15063 -0.00456 0.98858 255 255 0
25.1090 0.0050 -30.6070 -0.29829 -0.47417 0.82836 255 255 0
27.0770 -0.1670 -29.9120 -0.39637 -0.76644 0.50543 255 255 0
14.4700 12.7200 -39.9720 -0.79267 -0.29037 0.53606 255 255 0
13.3760 13.2760 -41.0050 -0.65179 -0.23881 0.71982 255 255 0
12.9630 12.5380 -41.5200 -0.55916 -0.22002 0.79933 255 255 0
11.9920 12.3160 -42.2020 -0.48304 -0.17785 0.85735 255 255 0
16.0820 5.4610 -40.5820 -0.68166 -0.18125 0.70886 255 255 0
16.6870 7.9790 -38.6860 -0.81587 -0.25306 0.51993 255 255 0
19.8780 3.5900 -34.3880 -0.88792 -0.36659 0.27786 255 255 0
13.9580 7.7260 -41.8620 -0.55426 -0.12400 0.82306 255 255 0
16.7210 3.1320 -40.3990 -0.70732 -0.09214 0.70086 255 255 0
10.4060 7.3210 -43.2550 -0.31048 -0.07027 0.94798 255 255 0
12.8690 5.2180 -42.5120 -0.43122 -0.07744 0.89892 255 255 0
12.7690 4.5240 -42.6370 -0.46930 -0.00238 0.88304 255 255 0
11.7360 3.5040 -43.1550 -0.34727 -0.05208 0.93632 255 255 0
18.8440 4.2520 -36.6800 -0.89776 -0.23013 0.37558 255 255 0
20.4500 3.3960 -32.9150 -0.85332 -0.46085 0.24383 255 255 0
16.0780 10.8740 -38.0380 -0.88351 -0.29897 0.36060 255 255 0
15.7250 11.7280 -38.1750 -0.86843 -0.32239 0.37670 255 255 0
15.4550 13.0130 -37.5820 -0.88883 -0.36604 0.27567 255 255 0
15.3490 13.2650 -37.5770 -0.88763 -0.38113 0.25855 255 255 0
15.2330 13.5320 -37.5780 -0.88402 -0.38880 0.25950 255 255 0
15.0030 14.0320 -37.6000 -0.86712 -0.42435 0.26081 255 255 0
17.0290 9.5620 -36.3910 -0.91376 -0.35163 0.20348 255 255 0
15.6460 12.6310 -37.4580 -0.89858 -0.36577 0.24243 255 255 0
17.0980 10.0430 -34.5610 -0.91617 -0.39044 0.09048 255 255 0
15.3370 14.0510 -35.1370 -0.89758 -0.43420 0.07627 255 255 0
17.1510 10.0760 -33.1710 -0.93111 -0.36291 0.03658 255 255 0
16.0140 12.6030 -34.6590 -0.91342 -0.40281 0.05829 255 255 0
18.9670 6.8350 -22.1930 -0.87262 -0.48834 -0.00722 255 255 0
18.5800 7.4230 -28.5020 -0.88584 -0.46385 0.01190 255 255 0
17.5740 9.3040 -30.0850 -0.89541 -0.44507 0.01217 255 255 0
19.1590 6.3150 -29.4750 -0.86481 -0.49901 0.05561 255 255 0
20.7760 3.9940 -28.4620 -0.87825 -0.47397 0.06349 255 255 0
21.1500 3.5840 -25.9490 -0.79724 -0.60366 0.00321 255 255 0
22.5750 1.8760 -28.9820 -0.75190 -0.65633 0.06228 255 255 0
18.8690 6.9310 -19.3320 -0.88441 -0.46615 -0.02276 255 255 0
15.5130 14.1880 -18.8380 -0.90018 -0.43529 0.01398 255 255 0
15.9600 13.2470 -18.6910 -0.90729 -0.42033 0.01228 255 255 0
15.9480 12.9090 -29.0860 -0.90683 -0.42126 0.01432 255 255 0
15.7380 13.3820 -28.3580 -0.90241 -0.43053 0.01742 255 255 0
15.5700 13.8160 -26.0090 -0.90127 -0.43298 0.01520 255 255 0
15.4490 13.9340 -30.8240 -0.90272 -0.43010 0.01092 255 255 0
15.1630 14.4690 -33.4880 -0.89543 -0.44500 0.01369 255 255 0
20.6120 3.7500 -31.6170 -0.78501 -0.57534 0.22965 255 255 0
19.4240 6.0050 -20.7160 -0.85849 -0.51256 -0.01656 255 255 0
18.6820 7.0450 -16.1490 -0.91056 -0.41000 -0.05273 255 255 0
20.6570 3.9330 -19.6630 -0.82962 -0.55438 -0.06631 255 255 0
22.4800 1.1950 -18.4410 -0.44599 -0.74673 -0.49345 255 255 0
17.5930 9.6050 -18.2890 -0.91073 -0.41286 -0.01046 255 255 0
17.3750 10.0100 -22.8260 -0.90243 -0.43066 0.01209 255 255 0
17.2160 10.4190 -20.3190 -0.91277 -0.40839 0.00817 255 255 0
16.3250 12.4580 -18.1010 -0.91075 -0.41280 0.01124 255 255 0
17.4630 9.8900 -19.3870 -0.91383 -0.40609 0.00340 255 255 0
18.5900 6.5600 -11.1280 -0.94549 -0.31987 -0.06111 255 255 0
17.1830 10.5240 -12.5340 -0.92935 -0.36894 -0.01407 255 255 0
16.5680 12.0070 -13.8560 -0.91664 -0.39969 0.00377 255 255 0
19.7280 4.3100 -14.5740 -0.91967 -0.36220 -0.15171 255 255 0
19.5810 2.8240 -11.0480 -0.97269 -0.17360 -0.15404 255 255 0
18.5170 5.9150 -5.4130 -0.97601 -0.21628 -0.02483 255 255 0
17.9920 7.8850 -6.3560 -0.96521 -0.25852 -0.03908 255 255 0
18.5100 5.6770 -3.5320 -0.97927 -0.20202 -0.01503 255 255 0
18.4110 6.0020 0.8350 -0.97847 -0.20635 0.00383 255 255 0
16.8810 11.2510 -9.4230 -0.93138 -0.36404 -0.00175 255 255 0
16.0560 13.2230 -9.7460 -0.91596 -0.40124 0.00481 255 255 0
16.4310 12.2360 -17.6630 -0.91287 -0.40818 0.00741 255 255 0
15.6540 14.1110 -9.4990 -0.90267 -0.43029 0.00646 255 255 0
15.5320 14.2490 -15.1960 -0.90098 -0.43377 0.00914 255 255 0
18.9460 4.1270 -7.3960 -0.97935 -0.18169 -0.08866 255 255 0
17.1950 10.3790 -7.5810 -0.93608 -0.35164 -0.00970 255 255 0
17.4080 9.7170 -4.5980 -0.95152 -0.30742 -0.00981 255 255 0
16.8900 11.1970 -6.2670 -0.93989 -0.34146 -0.00408 255 255 0
15.8830 13.6430 -5.3810 -0.91207 -0.41003 0.00251 255 255 0
15.5730 14.3270 -3.8760 -0.90191 -0.43191 0.00258 255 255 0
16.4560 12.3020 -6.5080 -0.92421 -0.38189 0.00176 255 255 0
17.4140 9.7000 3.4400 -0.95285 -0.30343 0.00290 255 255 0
18.0150 7.7290 6.1420 -0.96411 -0.26482 0.01880 255 255 0
18.5650 5.7870 7.6940 -0.96224 -0.26845 0.04497 255 255 0
18.4680 5.8180 5.8980 -0.97764 -0.20741 0.03472 255 255 0
18.9250 3.7400 7.0070 -0.98703 -0.14137 0.07608 255 255 0
19.3590 4.8560 13.3880 -0.94523 -0.30217 0.12344 255 255 0
16.6850 11.8490 11.6910 -0.92446 -0.38121 0.00759 255 255 0
16.1550 13.0860 10.3920 -0.91772 -0.39718 0.00550 255 255 0
15.8410 13.7820 10.4110 -0.91189 -0.41043 -0.00039 255 255 0
17.1880 10.4530 6.7820 -0.94395 -0.32995 0.00947 255 255 0
16.8670 11.2600 -0.5160 -0.93823 -0.34602 0.00070 255 255 0
16.5590 12.1190 7.8850 -0.92948 -0.36881 -0.00686 255 255 0
16.3160 12.6800 2.7560 -0.92249 -0.38601 0.00360 255 255 0
16.6520 11.8190 -4.6320 -0.93278 -0.36045 -0.00124 255 255 0
16.1980 12.9280 -4.9060 -0.92052 -0.39070 0.00077 255 255 0
15.8650 13.7230 4.0680 -0.91070 -0.41306 0.00071 255 255 0
15.7320 14.0250 9.9540 -0.90628 -0.42268 0.00164 255 255 0
19.0560 2.2540 5.0720 -0.99344 -0.11209 0.02287 255 255 0
19.2970 3.8720 10.9780 -0.97298 -0.19925 0.11667 255 255 0
21.1720 2.7100 17.7190 -0.85406 -0.44476 0.26978 255 255 0
17.9870 8.2430 9.7610 -0.95301 -0.30058 0.03772 255 255 0
17.3280 10.4240 16.9170 -0.91818 -0.39567 0.01980 255 255 0
16.9990 11.1110 13.5900 -0.92931 -0.36906 0.01297 255 255 0
15.7750 13.9290 14.0830 -0.90596 -0.42336 0.00078 255 255 0
15.4960 14.5100 13.3390 -0.89573 -0.44459 0.00137 255 255 0
16.2410 12.9070 14.5990 -0.91434 -0.40494 0.00257 255 255 0
17.7480 9.6280 23.2330 -0.90553 -0.42425 0.00504 255 255 0
18.5180 7.9330 20.5250 -0.89892 -0.43702 0.03101 255 255 0
19.7260 5.7770 21.2600 -0.86159 -0.50394 0.06093 255 255 0
22.0210 2.4740 21.3030 -0.78973 -0.60722 0.08723 255 255 0
18.7150 7.7320 26.9410 -0.87322 -0.48732 -0.00037 255 255 0
18.5560 7.9950 28.5150 -0.87883 -0.47712 -0.00399 255 255 0
20.3540 4.8100 29.6000 -0.81922 -0.57280 -0.02781 255 255 0
19.1610 6.7000 30.9550 -0.90475 -0.37705 -0.19817 255 255 0
19.0040 6.8070 32.6440 -0.89320 -0.43829 -0.10044 255 255 0
17.6720 9.5540 16.0940 -0.92489 -0.37908 0.02954 255 255 0
17.3650 10.4270 20.7270 -0.91328 -0.40729 0.00543 255 255 0
17.1320 10.8380 15.3180 -0.91980 -0.39229 0.00847 255 255 0
16.3660 12.6460 17.6010 -0.91251 -0.40903 0.00498 255 255 0
16.0500 13.3550 21.6760 -0.90702 -0.42108 -0.00035 255 255 0
15.4730 14.5720 21.8740 -0.89659 -0.44285 -0.00152 255 255 0
20.6780 3.9800 19.6570 -0.82459 -0.55259 0.12121 255 255 0
22.5090 1.6160 20.0140 -0.84252 -0.52399 0.12489 255 255 0
20.6220 4.4970 27.8050 -0.81419 -0.58060 -0.00016 255 255 0
20.8960 4.0960 22.5300 -0.82088 -0.57041 0.02800 255 255 0
19.9530 5.2560 31.2700 -0.84249 -0.53041 -0.09419 255 255 0
17.9710 9.1790 27.7300 -0.89711 -0.44176 -0.00565 255 255 0
17.7720 9.5880 27.7400 -0.90059 -0.43461 -0.00759 255 255 0
17.5790 9.9910 27.7580 -0.90370 -0.42808 -0.00809 255 255 0
17.3950 10.3830 27.7700 -0.90686 -0.42131 -0.00990 255 255 0
16.8520 11.5780 27.1350 -0.90913 -0.41648 -0.00470 255 255 0
15.6980 14.0840 27.0050 -0.89872 -0.43850 -0.00299 255 255 0
16.8110 11.5990 30.4170 -0.91325 -0.40722 -0.01236 255 255 0
17.4660 10.0440 32.5130 -0.90611 -0.42224 -0.02594 255 255 0
15.8770 13.6340 31.1270 -0.90270 -0.43009 -0.01259 255 255 0
8.8210 22.8160 -38.3420 -0.69830 -0.63422 0.33189 255 255 0
7.3340 22.3860 -40.7880 -0.57379 -0.50743 0.64287 255 255 0
5.8850 21.5830 -42.0990 -0.41248 -0.36529 0.83452 255 255 0
5.1880 20.9020 -42.6360 -0.31671 -0.29004 0.90309 255 255 0
11.5710 17.9490 -39.8590 -0.66219 -0.48316 0.57277 255 255 0
12.8370 14.8930 -40.9010 -0.65173 -0.37343 0.66015 255 255 0
13.4210 16.8060 -38.0180 -0.81751 -0.49003 0.30257 255 255 0
13.2050 17.9200 -35.5130 -0.83994 -0.53534 0.08897 255 255 0
10.5430 15.3660 -42.2060 -0.45892 -0.23610 0.85653 255 255 0
9.2310 17.5380 -41.8200 -0.59085 -0.44747 0.67132 255 255 0
10.4740 14.9100 -42.2450 -0.49265 0.00318 0.87022 255 255 0
11.2560 13.8970 -42.2280 -0.37433 -0.40038 0.83641 255 255 0
8.8140 13.7020 -43.1780 -0.27874 -0.21790 0.93532 255 255 0
3.3830 15.7060 -44.0580 -0.19586 -0.12759 0.97230 255 255 0
10.4490 12.2890 -42.9460 -0.34986 -0.13193 0.92747 255 255 0
14.1780 16.3270 -34.4210 -0.87313 -0.48583 0.04016 255 255 0
10.5410 20.5390 -38.4100 -0.74464 -0.56491 0.35552 255 255 0
8.8560 22.9400 -37.7500 -0.65327 -0.73430 0.18451 255 255 0
7.7560 24.0530 -37.7790 -0.66161 -0.71379 0.22971 255 255 0
11.5280 20.2450 -35.9190 -0.78800 -0.60333 0.12269 255 255 0
10.6080 21.4760 -34.7110 -0.76925 -0.63672 0.05324 255 255 0
9.7270 22.4890 -34.7220 -0.73982 -0.66956 0.06606 255 255 0
8.4380 23.8410 -34.8090 -0.69914 -0.71238 0.06096 255 255 0
10.2810 21.9440 -31.5220 -0.76373 -0.64532 0.01673 255 255 0
13.1290 18.1630 -28.3860 -0.83760 -0.54608 0.01503 255 255 0
14.2760 16.2180 -29.3470 -0.86940 -0.49403 0.00933 255 255 0
14.9890 14.9140 -28.7980 -0.89032 -0.45516 0.01254 255 255 0
11.8130 20.1070 -26.3320 -0.80261 -0.59640 0.01104 255 255 0
8.2190 24.3370 -18.8310 -0.69320 -0.72056 0.01607 255 255 0
10.2320 21.9880 -32.1160 -0.76055 -0.64923 0.00870 255 255 0
10.9830 21.1490 -30.2640 -0.80316 -0.59202 0.06668 255 255 0
9.8380 22.5810 -22.9650 -0.74572 -0.66607 0.01606 255 255 0
8.5150 23.8340 -29.4420 -0.72476 -0.68899 -0.00314 255 255 0
8.5800 23.9130 -22.1650 -0.71206 -0.70195 0.01518 255 255 0
8.0620 24.2300 -32.9030 -0.69944 -0.71465 0.00739 255 255 0
8.4630 23.9080 -28.1290 -0.67889 -0.73195 0.05790 255 255 0
14.8940 15.0310 -31.4750 -0.88956 -0.45672 0.00986 255 255 0
11.8240 20.4270 -12.7740 -0.79757 -0.60314 0.00989 255 255 0
13.3450 17.9640 -23.2770 -0.84095 -0.54093 0.01419 255 255 0
13.0640 18.5050 -19.2700 -0.83853 -0.54463 0.01551 255 255 0
12.8670 18.7920 -19.8200 -0.82878 -0.55937 0.01486 255 255 0
13.5200 17.8450 -17.4170 -0.84752 -0.53059 0.01374 255 255 0
13.4110 17.8910 -22.0250 -0.84123 -0.54044 0.01605 255 255 0
13.9130 17.1400 -19.7050 -0.85863 -0.51237 0.01527 255 255 0
14.4980 15.9890 -23.8380 -0.87246 -0.48843 0.01589 255 255 0
14.8800 15.2420 -24.7510 -0.88197 -0.47108 0.01450 255 255 0
14.6900 15.7460 -20.4860 -0.88078 -0.47324 0.01612 255 255 0
9.5750 22.9800 -18.0780 -0.73244 -0.68068 0.01449 255 255 0
11.1780 21.1070 -18.9680 -0.77441 -0.63241 0.01841 255 255 0
10.0860 22.3760 -19.7350 -0.75007 -0.66118 0.01546 255 255 0
8.9420 23.6810 -16.6880 -0.71266 -0.70139 0.01274 255 255 0
9.0180 23.5640 -18.0050 -0.71623 -0.69716 0.03142 255 255 0
13.0070 18.7500 -13.0990 -0.83278 -0.55349 0.01089 255 255 0
14.1420 16.9040 -14.1470 -0.86167 -0.50737 0.01014 255 255 0
14.8150 15.7050 -13.9850 -0.88162 -0.47186 0.00957 255 255 0
12.6740 19.2990 -8.6570 -0.82235 -0.56896 0.00519 255 255 0
12.6670 19.3650 -0.5730 -0.81730 -0.57622 0.00058 255 255 0
9.4190 23.3090 -5.0030 -0.72432 -0.68945 0.00507 255 255 0
8.3270 24.4150 -3.7750 -0.69076 -0.72308 0.00356 255 255 0
11.3310 21.0270 -13.6640 -0.77406 -0.63300 0.01178 255 255 0
11.0160 21.3690 -15.8240 -0.76971 -0.63829 0.01151 255 255 0
10.6770 21.8940 -8.3820 -0.75973 -0.65023 0.00475 255 255 0
10.2770 22.2870 -13.7840 -0.75530 -0.65475 0.02868 255 255 0
10.2180 22.3720 -11.9340 -0.73963 -0.67297 0.00792 255 255 0
10.0130 22.5730 -14.1150 -0.74233 -0.66995 0.01006 255 255 0
10.4570 22.0150 -17.0360 -0.75524 -0.65532 0.01282 255 255 0
9.3080 23.4050 -8.9250 -0.72516 -0.68804 -0.02716 255 255 0
8.7810 23.9410 -8.7370 -0.70812 -0.70608 0.00499 255 255 0
8.7230 23.9570 -12.5310 -0.70634 -0.70780 0.01069 255 255 0
8.8710 23.8240 -11.6870 -0.71182 -0.70230 0.00927 255 255 0
7.9460 24.6880 -13.3510 -0.68599 -0.72752 0.01185 255 255 0
15.1560 15.0470 -13.4850 -0.89414 -0.44773 0.00746 255 255 0
13.2690 18.4610 -4.1440 -0.83927 -0.54370 0.00470 255 255 0
13.0680 18.7650 -0.5790 -0.83821 -0.54534 -0.00087 255 255 0
13.1830 18.5840 -1.6750 -0.85039 -0.52615 -0.00289 255 255 0
13.1070 18.6640 -6.8900 -0.83891 -0.54417 0.00996 255 255 0
13.7260 17.7010 -6.1910 -0.85345 -0.52114 0.00553 255 255 0
13.5340 18.0140 -5.8300 -0.84916 -0.52811 0.00575 255 255 0
14.5020 16.4060 -4.3280 -0.87072 -0.49177 0.00309 255 255 0
14.4220 16.5490 -2.8770 -0.87064 -0.49193 0.00092 255 255 0
14.0980 17.1280 -1.4150 -0.86144 -0.50785 0.00213 255 255 0
15.1120 15.2270 -7.5520 -0.88998 -0.45598 0.00449 255 255 0
14.9930 15.4940 -3.1400 -0.88756 -0.46068 0.00090 255 255 0
14.8310 15.8250 2.0520 -0.88089 -0.47332 0.00069 255 255 0
9.8020 22.9030 -3.9150 -0.73955 -0.67309 0.00267 255 255 0
11.0700 21.4530 -2.3700 -0.77442 -0.63267 0.00274 255 255 0
11.7000 20.6600 -1.4550 -0.79256 -0.60980 0.00172 255 255 0
12.0570 20.2030 5.9460 -0.80159 -0.59788 -0.00037 255 255 0
13.8880 17.4860 5.6850 -0.85346 -0.52115 0.00086 255 255 0
11.1690 21.3410 6.5850 -0.77628 -0.63038 -0.00152 255 255 0
10.6700 21.9410 1.7490 -0.76154 -0.64812 0.00120 255 255 0
7.9630 24.7670 12.1180 -0.68179 -0.73155 -0.00119 255 255 0
11.3680 21.0950 5.1990 -0.78331 -0.62163 0.00123 255 255 0
10.0030 22.6990 1.4530 -0.74016 -0.67243 0.00175 255 255 0
9.2430 23.5130 4.6260 -0.72001 -0.69396 0.00036 255 255 0
8.5100 24.2490 4.1000 -0.69826 -0.71584 0.00079 255 255 0
7.9790 24.7530 6.1840 -0.68008 -0.73313 -0.00014 255 255 0
12.6410 19.3910 6.0950 -0.82003 -0.57232 -0.00117 255 255 0
12.6400 19.3800 13.8050 -0.81132 -0.58459 0.00380 255 255 0
12.7590 19.2080 13.9090 -0.82557 -0.56429 -0.00065 255 255 0
12.7620 19.2040 12.7740 -0.82272 -0.56845 -0.00131 255 255 0
13.2850 18.4270 12.4820 -0.83793 -0.54578 -0.00090 255 255 0
13.4100 18.2260 16.3570 -0.83946 -0.54342 -0.00047 255 255 0
13.8110 17.5990 8.3470 -0.85411 -0.52010 -0.00124 255 255 0
14.0350 17.2240 11.0710 -0.86066 -0.50917 -0.00078 255 255 0
13.8770 17.4820 15.5180 -0.85548 -0.51783 -0.00077 255 255 0
14.3270 16.7310 6.8790 -0.86865 -0.49542 -0.00086 255 255 0
14.4490 16.5030 15.2160 -0.86925 -0.49438 -0.00073 255 255 0
14.5530 16.3200 12.4360 -0.87498 -0.48416 -0.00066 255 255 0
14.7370 15.9820 22.8780 -0.87791 -0.47883 -0.00152 255 255 0
14.9690 15.5590 5.0700 -0.88773 -0.46036 -0.00027 255 255 0
14.8320 15.8120 12.1040 -0.88147 -0.47224 -0.00044 255 255 0
14.9530 15.5800 14.8890 -0.88629 -0.46313 -0.00020 255 255 0
15.2390 15.0280 15.5720 -0.89247 -0.45111 -0.00068 255 255 0
10.1210 22.5710 3.8940 -0.74335 -0.66890 -0.00020 255 255 0
8.5850 24.1740 7.9740 -0.70012 -0.71402 -0.00032 255 255 0
10.6800 21.9190 15.6530 -0.76247 -0.64703 -0.00058 255 255 0
9.0780 23.6740 14.7960 -0.71576 -0.69834 -0.00041 255 255 0
11.6350 20.7440 13.6440 -0.78936 -0.61393 -0.00063 255 255 0
9.7140 23.0090 13.8440 -0.72954 -0.68394 -0.00065 255 255 0
9.9880 22.7150 8.9760 -0.74103 -0.67147 -0.00042 255 255 0
11.7670 20.5720 25.9120 -0.79343 -0.60866 0.00020 255 255 0
12.7640 19.1910 23.0180 -0.82426 -0.56619 -0.00481 255 255 0
13.6420 17.8640 22.8560 -0.84640 -0.53253 -0.00333 255 255 0
14.3840 16.6110 22.9890 -0.86645 -0.49927 0.00053 255 255 0
11.8570 20.4540 27.4310 -0.79866 -0.60176 -0.00543 255 255 0
12.5730 19.4010 31.0150 -0.82191 -0.56955 -0.00908 255 255 0
12.2430 19.8040 33.2170 -0.81511 -0.57905 -0.01738 255 255 0
9.5320 23.1600 29.7560 -0.73315 -0.68006 -0.00360 255 255 0
11.3720 21.0770 18.6310 -0.77847 -0.62768 -0.00074 255 255 0
11.0860 21.4210 24.7390 -0.77910 -0.62679 0.01186 255 255 0
10.4450 22.1890 23.3060 -0.75581 -0.65478 -0.00487 255 255 0
11.0240 21.5080 13.1960 -0.77334 -0.63399 -0.00027 255 255 0
9.8280 22.8820 22.0590 -0.73563 -0.67738 -0.00087 255 255 0
9.8070 22.9030 20.4280 -0.73465 -0.67845 -0.00049 255 255 0
8.6900 24.0280 29.6490 -0.70187 -0.71226 -0.00816 255 255 0
8.9200 23.8340 25.0710 -0.71046 -0.70371 -0.00562 255 255 0
8.5850 24.1680 12.2580 -0.69928 -0.71485 -0.00095 255 255 0
15.3680 14.7760 20.7070 -0.88970 -0.45655 0.00096 255 255 0
15.0670 15.3630 22.7610 -0.89012 -0.45565 -0.00853 255 255 0
13.5140 17.9830 31.4540 -0.84352 -0.53700 -0.01014 255 255 0
14.2310 16.8870 27.1050 -0.86068 -0.50910 -0.00631 255 255 0
13.9960 17.1280 33.4320 -0.86159 -0.50731 -0.01731 255 255 0
14.0810 17.1040 28.8780 -0.85432 -0.51974 -0.00329 255 255 0
14.8640 15.5350 34.9130 -0.88499 -0.46525 -0.01811 255 255 0
15.1310 15.2000 28.0430 -0.88729 -0.46121 -0.00159 255 255 0
14.5620 16.2560 30.0630 -0.87609 -0.48205 -0.00961 255 255 0
11.1180 21.3350 30.0620 -0.76890 -0.63934 -0.00615 255 255 0
10.1560 22.4630 30.4800 -0.75161 -0.65958 -0.00573 255 255 0
11.5580 20.7420 33.0220 -0.78554 -0.61860 -0.01606 255 255 0
-2.6870 28.4770 -41.3950 -0.31487 -0.60174 0.73401 255 255 0
-4.4080 27.5390 -42.5050 -0.16832 -0.46642 0.86840 255 255 0
-4.3080 25.8770 -43.1030 -0.20397 -0.31191 0.92796 255 255 0
5.1160 26.2120 -38.0730 -0.57029 -0.75854 0.31526 255 255 0
5.2900 24.6670 -40.3780 -0.48038 -0.65106 0.58767 255 255 0
5.0920 26.7220 -35.6140 -0.59743 -0.79791 0.08015 255 255 0
-1.2040 30.0090 -38.2960 -0.44464 -0.84493 0.29730 255 255 0
-3.0170 22.9630 -43.6280 -0.14218 -0.22271 0.96446 255 255 0
-3.6780 24.0340 -43.4910 -0.17941 -0.25438 0.95032 255 255 0
3.5520 23.6520 -42.0360 -0.35210 -0.44797 0.82180 255 255 0
5.2280 23.1450 -41.6730 -0.35079 -0.51082 0.78486 255 255 0
3.6390 22.8410 -42.3730 -0.26379 -0.37777 0.88753 255 255 0
3.9200 21.0840 -42.9860 -0.24764 -0.31672 0.91562 255 255 0
4.3600 27.3020 -33.2360 -0.55640 -0.83045 0.02779 255 255 0
6.2630 25.8190 -34.2570 -0.64385 -0.76446 0.03255 255 255 0
3.1020 27.8600 -37.2870 -0.52799 -0.81771 0.22929 255 255 0
-0.0260 29.8520 -35.8950 -0.37121 -0.91242 0.17233 255 255 0
1.2230 29.1410 -36.9110 -0.48774 -0.85467 0.17788 255 255 0
-1.7660 30.7170 -34.8090 -0.38998 -0.91853 0.06495 255 255 0
1.2020 29.3410 -28.0000 -0.48698 -0.87323 0.01770 255 255 0
3.1390 28.1370 -31.2800 -0.53398 -0.84539 0.01341 255 255 0
3.4000 28.1440 -20.1550 -0.54797 -0.83637 0.01472 255 255 0
-0.6550 30.4350 -18.9650 -0.42675 -0.90425 0.01481 255 255 0
-1.9650 31.0550 -16.9740 -0.38753 -0.92177 0.01284 255 255 0
0.5940 29.8200 -18.7130 -0.46598 -0.88468 0.01447 255 255 0
0.1330 29.8890 -28.6960 -0.45413 -0.89092 0.00448 255 255 0
-0.7230 30.3560 -25.3430 -0.43207 -0.90167 0.01718 255 255 0
-1.1800 30.5020 -31.0560 -0.42091 -0.90701 0.01297 255 255 0
-1.6470 30.7420 -27.6580 -0.40554 -0.91400 0.01177 255 255 0
4.0840 27.5390 -28.3970 -0.56824 -0.82269 0.01675 255 255 0
7.6150 24.7240 -27.2480 -0.67975 -0.73338 0.00991 255 255 0
7.9150 24.4080 -29.8510 -0.68490 -0.72851 0.01396 255 255 0
5.7560 26.2920 -28.4070 -0.61752 -0.78646 0.01263 255 255 0
4.5010 27.4980 -13.8580 -0.58230 -0.81291 0.01005 255 255 0
3.9520 27.7340 -21.8810 -0.56979 -0.82169 0.01303 255 255 0
5.1490 26.9550 -17.9930 -0.59679 -0.80225 0.01518 255 255 0
4.6080 27.2950 -20.8650 -0.58235 -0.81281 0.01415 255 255 0
5.4800 26.5310 -26.7410 -0.60221 -0.79820 0.01468 255 255 0
5.3690 26.7140 -21.6920 -0.60627 -0.79511 0.01555 255 255 0
5.6810 26.5620 -17.1020 -0.61469 -0.78862 0.01501 255 255 0
6.1330 26.1340 -20.7160 -0.62816 -0.77794 0.01508 255 255 0
6.2970 26.0660 -17.3290 -0.63649 -0.77116 0.01425 255 255 0
6.7020 25.5950 -23.9370 -0.64726 -0.76209 0.01636 255 255 0
7.0970 25.3180 -20.9920 -0.66015 -0.75098 0.01504 255 255 0
7.3030 25.0240 -26.2100 -0.66476 -0.74689 0.01564 255 255 0
-2.1560 31.1070 -18.4540 -0.36847 -0.92952 0.01486 255 255 0
2.2410 28.9010 -18.2830 -0.52131 -0.85333 0.00790 255 255 0
-3.3440 31.6050 -16.8320 -0.34243 -0.93948 0.01077 255 255 0
1.4980 29.4730 -5.7310 -0.48980 -0.87183 0.00409 255 255 0
3.3130 28.3170 -12.6110 -0.53988 -0.84170 0.00840 255 255 0
6.2380 26.1890 -12.6920 -0.62913 -0.77726 0.00824 255 255 0
3.2750 28.3880 -5.7020 -0.54341 -0.83945 0.00500 255 255 0
3.4560 28.2810 -4.1160 -0.54711 -0.83705 0.00288 255 255 0
-1.7690 31.0750 -5.6200 -0.39322 -0.91944 0.00236 255 255 0
1.1200 29.6250 -13.7410 -0.47955 -0.87747 0.00903 255 255 0
0.5140 29.9050 -15.9080 -0.44808 -0.89390 0.01331 255 255 0
-0.5700 30.5360 -5.4170 -0.43307 -0.90135 0.00426 255 255 0
-1.1720 30.7680 -11.6720 -0.41589 -0.90911 0.02379 255 255 0
-1.1050 30.7260 -13.7820 -0.41542 -0.90963 -0.00094 255 255 0
-2.4270 31.3430 -6.4040 -0.36637 -0.93046 0.00454 255 255 0
-2.1500 31.1890 -11.9460 -0.38512 -0.92280 0.01064 255 255 0
-2.5400 31.3400 -12.5970 -0.36015 -0.93243 0.02943 255 255 0
7.0940 25.4430 -14.0630 -0.65333 -0.75698 0.01229 255 255 0
7.8490 24.8100 -11.4640 -0.67500 -0.73778 0.00737 255 255 0
5.0900 27.1540 -3.5510 -0.58612 -0.81012 -0.01257 255 255 0
6.3850 26.1120 -7.2750 -0.65756 -0.75336 0.00777 255 255 0
6.2310 26.2620 -5.9410 -0.63193 -0.77502 0.00267 255 255 0
5.4910 26.8470 -2.8180 -0.60475 -0.79641 0.00244 255 255 0
6.9340 25.6660 -4.9660 -0.66930 -0.74238 0.03024 255 255 0
7.6480 25.0520 -1.2700 -0.67306 -0.73958 -0.00100 255 255 0
1.9840 29.1960 -2.1880 -0.50766 -0.86155 0.00303 255 255 0
2.5620 28.8610 2.2910 -0.51673 -0.85615 0.00058 255 255 0
2.4440 28.9280 2.4970 -0.49475 -0.86903 0.00268 255 255 0
5.3900 26.9320 2.0460 -0.59986 -0.80011 0.00171 255 255 0
6.2560 26.2530 1.0530 -0.63353 -0.77371 0.00123 255 255 0
7.2330 25.4270 4.2090 -0.65928 -0.75190 0.00079 255 255 0
3.6730 28.1530 0.7930 -0.55642 -0.83089 0.00339 255 255 0
2.9450 28.6150 16.3310 -0.53253 -0.84641 -0.00032 255 255 0
1.0660 29.7150 12.7960 -0.47409 -0.88047 -0.00246 255 255 0
-1.8230 31.1130 6.9130 -0.39216 -0.91990 0.00039 255 255 0
-2.5270 31.4030 3.8300 -0.36729 -0.93011 0.00043 255 255 0
1.7990 29.3090 5.7970 -0.49691 -0.86780 -0.00022 255 255 0
1.5590 29.4440 3.4510 -0.49286 -0.87011 0.00104 255 255 0
1.0190 29.7430 3.6370 -0.47483 -0.88008 0.00088 255 255 0
0.3710 30.0850 6.1670 -0.45518 -0.89040 0.00018 255 255 0
0.4650 30.0360 5.5080 -0.45982 -0.88801 -0.00030 255 255 0
-0.6550 30.5910 4.2240 -0.42185 -0.90666 -0.00062 255 255 0
-0.1110 30.3290 4.1280 -0.44271 -0.89666 -0.00231 255 255 0
0.0830 30.2290 -0.3220 -0.45400 -0.89100 0.00205 255 255 0
-0.2090 30.3730 12.9590 -0.43987 -0.89806 -0.00105 255 255 0
-1.1840 30.8320 7.9010 -0.41183 -0.91126 -0.00035 255 255 0
-2.1130 31.2360 -0.3820 -0.38541 -0.92275 0.00110 255 255 0
-2.6260 31.4370 -0.5480 -0.36152 -0.93236 0.00150 255 255 0
4.3160 27.7140 4.1270 -0.57348 -0.81922 0.00007 255 255 0
3.9940 27.9260 15.7510 -0.56312 -0.82638 0.00017 255 255 0
5.2320 27.0500 8.7020 -0.59898 -0.80076 -0.00133 255 255 0
4.8100 27.3510 22.5870 -0.58084 -0.81401 -0.00254 255 255 0
5.3620 26.9430 15.5510 -0.60966 -0.79266 -0.00087 255 255 0
6.0980 26.3750 9.0950 -0.62206 -0.78297 -0.00213 255 255 0
6.2840 26.2210 15.8360 -0.62895 -0.77744 -0.00091 255 255 0
6.5470 26.0070 12.0780 -0.63458 -0.77286 0.00012 255 255 0
7.4370 25.2410 13.7750 -0.66382 -0.74789 -0.00104 255 255 0
6.6590 25.9120 15.1680 -0.64429 -0.76477 -0.00418 255 255 0
7.0860 25.5490 15.0920 -0.65637 -0.75444 0.00011 255 255 0
7.5970 25.0980 11.6950 -0.66944 -0.74286 -0.00034 255 255 0
-2.4910 31.3840 14.1070 -0.37471 -0.92714 -0.00063 255 255 0
1.9700 29.2020 17.4430 -0.50481 -0.86323 -0.00084 255 255 0
-1.4180 30.9350 11.2370 -0.40464 -0.91448 -0.00130 255 255 0
2.1550 29.0930 23.9570 -0.50886 -0.86083 -0.00642 255 255 0
3.3850 28.3340 21.9670 -0.54619 -0.83766 -0.00168 255 255 0
6.5520 26.0000 23.0120 -0.63487 -0.77262 -0.00153 255 255 0
7.2860 25.3690 23.3800 -0.66549 -0.74639 -0.00376 255 255 0
4.4800 27.5790 29.9230 -0.57401 -0.81882 -0.00695 255 255 0
1.1090 29.6900 21.7550 -0.47298 -0.88107 -0.00159 255 255 0
0.5400 29.9890 24.2350 -0.46293 -0.88639 -0.00364 255 255 0
1.0750 29.7080 13.1180 -0.46557 -0.88500 -0.00431 255 255 0
0.9020 29.8050 18.5970 -0.47121 -0.88202 -0.00123 255 255 0
-1.0260 30.7550 25.2160 -0.41060 -0.91181 0.00274 255 255 0
-1.2260 30.8500 22.2000 -0.41725 -0.90879 -0.00022 255 255 0
-0.1400 30.3360 18.4750 -0.43729 -0.89932 -0.00234 255 255 0
-1.9850 31.1800 20.4710 -0.38751 -0.92187 0.00087 255 255 0
-2.1320 31.2350 24.3310 -0.37967 -0.92511 -0.00538 255 255 0
-2.6570 31.4470 19.0040 -0.36534 -0.93087 0.00008 255 255 0
5.1550 27.0940 25.1350 -0.59843 -0.80117 -0.00214 255 255 0
5.8240 26.5400 31.7330 -0.62314 -0.78203 -0.01073 255 255 0
6.7980 25.7590 29.3580 -0.65061 -0.75923 -0.01665 255 255 0
6.6390 25.9140 26.6380 -0.63970 -0.76860 -0.00596 255 255 0
-0.4770 30.4620 30.0970 -0.43042 -0.90239 -0.02085 255 255 0
-2.3590 31.2810 31.5250 -0.37163 -0.92827 -0.01414 255 255 0
1.7360 29.2930 30.8070 -0.49900 -0.86657 -0.00741 255 255 0
-0.8670 30.6290 31.2070 -0.42141 -0.90670 -0.01755 255 255 0
-12.6860 32.7890 -38.8490 -0.08180 -0.90620 0.41487 255 255 0
-13.4440 31.6450 -40.6550 0.17366 -0.82589 0.53643 255 255 0
-14.6750 30.3550 -42.0340 -0.03549 -0.58993 0.80667 255 255 0
-4.8270 30.2700 -40.4270 -0.19456 -0.74626 0.63659 255 255 0
-5.6590 31.4500 -38.7600 -0.23546 -0.89200 0.38587 255 255 0
-5.6980 31.8790 -37.3420 -0.29536 -0.93316 0.20488 255 255 0
-5.8960 32.1400 -36.0810 -0.28032 -0.95670 0.07842 255 255 0
-14.2620 27.6740 -43.2180 -0.03119 -0.33962 0.94005 255 255 0
-6.8640 29.8560 -41.2070 -0.11875 -0.64785 0.75246 255 255 0
-8.6600 28.3960 -42.3560 -0.09171 -0.47220 0.87671 255 255 0
-8.3880 26.7350 -43.1010 -0.06699 -0.37214 0.92576 255 255 0
-6.6580 26.9170 -42.9360 -0.03930 -0.41346 0.90968 255 255 0
-5.6350 26.6690 -42.9860 -0.08138 -0.35981 0.92947 255 255 0
-2.4700 30.2550 -39.3440 -0.36149 -0.82869 0.42730 255 255 0
-4.4810 31.7600 -34.6150 -0.31581 -0.94772 0.04568 255 255 0
-12.4360 32.9970 -37.8370 0.03544 -0.98280 0.18125 255 255 0
-13.4550 33.3510 -36.8710 -0.16488 -0.97625 0.14057 255 255 0
-8.1910 32.5350 -37.2870 -0.20011 -0.95101 0.23567 255 255 0
-11.8280 33.2630 -35.8960 -0.05395 -0.99571 0.07521 255 255 0
-10.8460 33.1330 -36.6190 -0.11549 -0.98203 0.14927 255 255 0
-13.0590 33.4020 -34.7300 -0.05851 -0.99788 0.02835 255 255 0
-8.6110 32.9040 -28.1730 -0.19352 -0.98103 0.01174 255 255 0
-6.9440 32.5180 -28.8600 -0.24271 -0.97005 0.00953 255 255 0
-5.1740 32.0320 -29.0100 -0.29432 -0.95564 0.01127 255 255 0
-3.5450 31.4710 -29.3470 -0.33833 -0.94095 0.01174 255 255 0
-8.2620 33.0080 -16.9310 -0.20033 -0.97963 0.01408 255 255 0
-10.3960 33.2400 -26.2290 -0.13819 -0.99030 0.01467 255 255 0
-12.6710 33.5940 -18.4990 -0.07429 -0.99715 0.01351 255 255 0
-13.9600 33.6300 -20.3020 -0.03464 -0.99927 0.01598 255 255 0
-9.4320 33.0000 -35.5770 -0.17638 -0.98281 0.05458 255 255 0
-10.2020 33.1610 -29.1610 -0.14304 -0.98964 0.01230 255 255 0
-12.4890 33.4210 -30.4920 -0.07019 -0.99746 0.01176 255 255 0
-12.5330 33.4470 -27.1150 -0.09588 -0.99530 0.01392 255 255 0
-13.0060 33.4820 -27.8980 -0.06984 -0.99728 0.02348 255 255 0
-14.0300 33.4860 -30.7800 -0.03148 -0.99942 0.01267 255 255 0
-6.8120 32.4730 -31.9820 -0.24621 -0.96908 0.01657 255 255 0
-8.3270 32.8080 -31.3430 -0.21126 -0.97737 0.01073 255 255 0
-2.5960 31.1010 -30.4330 -0.36835 -0.92962 0.01072 255 255 0
-8.1190 32.8490 -24.8920 -0.20093 -0.97949 0.01505 255 255 0
-6.5080 32.5120 -22.2010 -0.24389 -0.96970 0.01397 255 255 0
-6.1210 32.4170 -21.7600 -0.26577 -0.96394 0.01359 255 255 0
-4.9030 32.1000 -19.3370 -0.30113 -0.95355 0.00736 255 255 0
-5.2770 32.2120 -19.3080 -0.28276 -0.95913 0.01069 255 255 0
-6.8380 32.6970 -15.9340 -0.24332 -0.96984 0.01419 255 255 0
-4.9260 32.0620 -21.7400 -0.29984 -0.95386 0.01597 255 255 0
-5.5550 32.2040 -24.7720 -0.28794 -0.95756 0.01304 255 255 0
-4.6240 32.0850 -13.6470 -0.30417 -0.95248 0.01627 255 255 0
-4.5400 31.9630 -20.2270 -0.31918 -0.94756 0.01578 255 255 0
-3.8980 31.7320 -21.0910 -0.32997 -0.94385 0.01612 255 255 0
-3.8070 31.7060 -20.6290 -0.33290 -0.94286 0.01403 255 255 0
-3.3230 31.5220 -21.1410 -0.34922 -0.93687 0.01755 255 255 0
-9.2420 33.1650 -18.5880 -0.17515 -0.98446 0.01244 255 255 0
-14.3970 33.6620 -18.9660 -0.01981 -0.99968 0.01544 255 255 0
-9.8060 33.2580 -18.6970 -0.16198 -0.98670 0.01338 255 255 0
-11.1430 33.4460 -18.4730 -0.11034 -0.99382 0.01236 255 255 0
-10.1310 33.4340 -7.1790 -0.14497 -0.98942 0.00617 255 255 0
-10.1590 33.3710 -14.8250 -0.14574 -0.98923 0.01387 255 255 0
-7.8690 32.9720 -12.7430 -0.20584 -0.97851 0.01206 255 255 0
-5.9330 32.4910 -13.2740 -0.27011 -0.96277 0.01092 255 255 0
-3.7640 31.8070 -12.4250 -0.33980 -0.94044 0.01034 255 255 0
-7.3840 32.9010 -10.7450 -0.22563 -0.97418 0.00739 255 255 0
-8.1260 33.0930 2.6690 -0.20797 -0.97813 0.00072 255 255 0
-11.6720 33.5730 -14.2520 -0.09972 -0.99465 0.02685 255 255 0
-12.9090 33.6550 -15.0800 -0.07767 -0.99688 0.01434 255 255 0
-13.5590 33.7650 -5.7600 -0.03694 -0.99930 0.00539 255 255 0
-13.6360 33.7400 -10.4660 -0.03883 -0.99922 0.00763 255 255 0
-13.8130 33.7080 -14.4420 -0.03475 -0.99936 0.00804 255 255 0
-14.6160 33.7700 -8.6900 -0.00361 -0.99997 0.00698 255 255 0
-13.5670 33.6800 -16.6710 -0.05064 -0.99864 0.01212 255 255 0
-6.6650 32.7260 -7.3500 -0.25901 -0.96586 0.00491 255 255 0
-7.0400 32.8340 -3.0000 -0.23527 -0.97192 0.00390 255 255 0
-8.4970 33.1590 -5.0170 -0.19774 -0.98025 0.00317 255 255 0
-6.1830 32.6110 -4.2390 -0.26178 -0.96511 0.00629 255 255 0
-5.2340 32.3460 -1.2900 -0.29820 -0.95450 0.00225 255 255 0
-5.5210 32.4300 -1.8870 -0.28178 -0.95947 0.00403 255 255 0
-4.2380 32.0190 -5.8330 -0.31643 -0.94860 0.00581 255 255 0
-4.4860 32.1000 -4.5520 -0.30052 -0.95377 0.00253 255 255 0
-3.6110 31.8100 -1.7300 -0.33748 -0.94133 0.00292 255 255 0
-3.4650 31.7590 0.9410 -0.35003 -0.93674 0.00058 255 255 0
-9.9840 33.4120 -3.9130 -0.15634 -0.98770 0.00109 255 255 0
-11.9460 33.6540 -3.5490 -0.09664 -0.99532 0.00049 255 255 0
-12.2470 33.6710 -7.0740 -0.08689 -0.99620 0.00612 255 255 0
-14.6530 33.7960 -2.1680 -0.01148 -0.99993 0.00267 255 255 0
-9.5850 33.3640 6.5930 -0.16237 -0.98673 -0.00005 255 255 0
-5.8150 32.5290 3.9900 -0.27138 -0.96247 0.00080 255 255 0
-3.4000 31.7370 4.5130 -0.34251 -0.93951 -0.00166 255 255 0
-8.5740 33.1740 15.0330 -0.19101 -0.98159 -0.00025 255 255 0
-10.7040 33.5240 9.8750 -0.12870 -0.99168 -0.00081 255 255 0
-9.6950 33.3790 2.0460 -0.16045 -0.98704 0.00080 255 255 0
-10.8060 33.5340 -1.4580 -0.11964 -0.99282 0.00102 255 255 0
-10.9040 33.5540 3.8410 -0.12220 -0.99250 0.00097 255 255 0
-11.6950 33.6400 8.1320 -0.10193 -0.99479 0.00088 255 255 0
-12.2340 33.6880 2.9350 -0.08705 -0.99620 0.00160 255 255 0
-12.9980 33.7420 -2.8700 -0.06673 -0.99777 -0.00033 255 255 0
-13.4890 33.7710 4.7110 -0.02984 -0.99955 -0.00177 255 255 0
-13.3490 33.7670 4.7410 -0.05159 -0.99867 -0.00082 255 255 0
-14.0960 33.7950 3.0650 -0.02544 -0.99968 0.00103 255 255 0
-7.8160 33.0180 13.2110 -0.21423 -0.97678 -0.00110 255 255 0
-7.3580 32.9200 5.9940 -0.23136 -0.97287 0.00062 255 255 0
-7.0560 32.8420 14.1120 -0.23394 -0.97225 -0.00269 255 255 0
-6.5510 32.7160 12.1980 -0.24782 -0.96880 -0.00215 255 255 0
-6.4610 32.6960 10.8610 -0.25634 -0.96659 -0.00050 255 255 0
-5.2070 32.3430 9.4620 -0.29915 -0.95421 0.00073 255 255 0
-5.7980 32.5110 12.4440 -0.27483 -0.96149 0.00008 255 255 0
-6.0060 32.5690 16.7040 -0.27196 -0.96231 0.00073 255 255 0
-6.4330 32.6860 17.2360 -0.25195 -0.96774 -0.00046 255 255 0
-5.2280 32.3450 11.2430 -0.27905 -0.96028 -0.00104 255 255 0
-4.8330 32.2200 14.8870 -0.29990 -0.95397 -0.00054 255 255 0
-4.0210 31.9530 13.5880 -0.32533 -0.94560 -0.00066 255 255 0
-4.0350 31.9660 2.2090 -0.32117 -0.94702 0.00026 255 255 0
-3.3530 31.7160 11.9460 -0.34925 -0.93703 0.00026 255 255 0
-3.2260 31.6680 13.0640 -0.35025 -0.93666 -0.00043 255 255 0
-2.9990 31.5800 16.5910 -0.35039 -0.93660 -0.00082 255 255 0
-9.3250 33.3110 19.0270 -0.17031 -0.98539 -0.00103 255 255 0
-12.1090 33.6790 8.3210 -0.08316 -0.99654 0.00116 255 255 0
-13.2390 33.7590 11.8350 -0.05143 -0.99868 -0.00119 255 255 0
-14.5700 33.8040 5.9070 -0.01639 -0.99987 -0.00051 255 255 0
-10.5810 33.5030 15.8280 -0.12756 -0.99183 0.00051 255 255 0
-9.3670 33.2960 28.6850 -0.16991 -0.98543 -0.00740 255 255 0
-10.5380 33.5110 21.1900 -0.13391 -0.99099 0.00060 255 255 0
-6.7320 32.7630 23.8810 -0.25218 -0.96766 -0.00636 255 255 0
-4.5570 32.1310 23.5270 -0.30278 -0.95304 -0.00597 255 255 0
-3.4770 31.7550 26.6310 -0.33958 -0.94055 -0.00722 255 255 0
-12.6490 33.7000 27.1840 -0.09581 -0.99535 -0.00977 255 255 0
-13.0560 33.7450 27.0880 -0.06636 -0.99774 -0.01014 255 255 0
-10.3790 33.4740 20.4840 -0.14807 -0.98886 0.01491 255 255 0
-10.5520 33.5020 20.1980 -0.13447 -0.99092 0.00142 255 255 0
-11.9350 33.6570 21.2890 -0.09320 -0.99562 -0.00744 255 255 0
-12.5130 33.7020 23.9140 -0.06188 -0.99784 0.02209 255 255 0
-11.3620 33.5990 14.7610 -0.11026 -0.99390 -0.00041 255 255 0
-12.3810 33.6950 19.9980 -0.07158 -0.99743 0.00018 255 255 0
-13.7690 33.7790 24.7940 -0.03144 -0.99951 -0.00037 255 255 0
-14.3950 33.7960 22.7800 -0.00960 -0.99995 -0.00324 255 255 0
-12.9760 33.7400 12.5160 -0.06204 -0.99807 -0.00297 255 255 0
-14.1260 33.7890 19.3900 -0.03763 -0.99929 0.00001 255 255 0
-14.4790 33.7960 15.4920 -0.01902 -0.99982 -0.00034 255 255 0
-3.3540 31.7120 21.9950 -0.34490 -0.93864 0.00018 255 255 0
-5.2490 32.3470 19.9000 -0.28455 -0.95866 -0.00101 255 255 0
-8.0490 33.0630 24.7780 -0.20483 -0.97879 -0.00399 255 255 0
-6.2230 32.6310 27.6280 -0.45148 -0.88002 0.14742 255 255 0
-7.1030 32.8470 29.2100 -0.22882 -0.97339 -0.01227 255 255 0
-5.9100 32.5230 28.7840 -0.27058 -0.96252 -0.01848 255 255 0
-4.8820 32.1880 32.3410 -0.30268 -0.95297 -0.01507 255 255 0
-4.8720 32.2160 29.5040 -0.30792 -0.95139 -0.00660 255 255 0
-9.7520 33.3390 31.0240 -0.16742 -0.98575 -0.01662 255 255 0
-11.9320 33.6350 28.0040 -0.09415 -0.99553 -0.00774 255 255 0
-10.7730 33.4880 30.5420 -0.12262 -0.99240 -0.01044 255 255 0
-14.5250 33.7660 29.3770 -0.01178 -0.99993 -0.00143 255 255 0
46.9870 -1.5030 0.1670 0.01917 -0.99974 0.01259 255 255 0
47.8380 -1.6040 1.0370 -0.45948 -0.88813 0.01004 255 255 0
46.9000 -1.5450 11.9620 -0.49049 -0.86822 -0.07491 255 255 0
45.9870 -1.4560 14.6050 -0.25765 -0.96459 -0.05637 255 255 0
43.8610 -1.2370 16.5140 -0.03292 -0.99845 0.04486 255 255 0
45.3410 -1.8780 4.3320 0.44685 -0.89260 0.05994 255 255 0
44.5500 -2.5290 2.0220 0.63916 -0.76815 0.03777 255 255 0
45.4060 -1.8240 -0.9970 0.45167 -0.89216 -0.00743 255 255 0
45.3440 -1.8180 -2.2700 0.42300 -0.90503 -0.04468 255 255 0
45.7940 -1.6190 -4.4280 0.08652 -0.97962 0.18125 255 255 0
44.2750 -1.7120 -9.3140 0.40600 -0.90528 -0.12500 255 255 0
43.8020 -1.4220 -13.1410 0.22350 -0.96890 0.10617 255 255 0
45.8730 -1.6790 16.5740 -0.55818 -0.80704 -0.19268 255 255 0
45.0640 -1.5920 10.2290 0.09743 -0.99347 0.05931 255 255 0
44.2430 -2.4380 6.0210 0.69304 -0.70916 0.12958 255 255 0
45.1880 -1.4660 11.0470 0.04104 -0.99285 0.11212 255 255 0
43.9820 -1.6530 12.3810 0.46765 -0.85732 0.21519 255 255 0
43.6850 -1.8080 12.1270 0.41011 -0.90064 0.14373 255 255 0
43.1800 -2.0720 12.0970 0.46802 -0.86331 0.18884 255 255 0
43.4340 -2.4200 9.7480 0.74814 -0.63025 0.20756 255 255 0
43.7280 -1.3400 15.2000 -0.00305 -0.99829 0.05840 255 255 0
42.2260 -2.4340 12.8430 0.63165 -0.70158 0.32987 255 255 0
42.8170 -2.2850 -10.9040 0.66870 -0.69770 -0.25700 255 255 0
42.9320 -1.6660 -12.8630 0.35185 -0.91499 -0.19748 255 255 0
41.5530 -2.2130 -13.5150 0.52023 -0.76481 -0.38003 255 255 0
47.0160 -1.5300 -4.0580 -0.11600 -0.99325 -0.00153 255 255 0
47.9140 -1.8520 -4.1500 -0.57433 -0.81810 0.02940 255 255 0
46.4060 -1.5510 -11.6940 -0.36469 -0.92854 0.06936 255 255 0
44.7640 -1.3390 -13.9170 -0.02388 -0.99947 -0.02221 255 255 0
46.8770 -1.8800 -11.8550 -0.68400 -0.71232 0.15729 255 255 0
45.2270 -1.4940 -15.4160 -0.45368 -0.87869 0.14858 255 255 0
46.2150 -9.3230 3.3900 -0.03012 0.99953 -0.00561 255 255 0
47.2720 -9.0510 3.7430 -0.42694 0.90403 -0.02104 255 255 0
45.3290 -9.1840 -12.0310 -0.24707 0.96612 0.07458 255 255 0
44.8450 -9.1140 -14.0490 -0.24559 0.96392 0.10267 255 255 0
44.2470 -9.1170 9.3000 0.36627 0.92907 0.05163 255 255 0
44.4100 -9.2280 12.3930 0.08645 0.99625 0.00460 255 255 0
47.8790 -8.5890 4.8810 -0.71629 0.69601 -0.05003 255 255 0
46.0690 -8.9510 13.9260 -0.72349 0.66940 -0.16874 255 255 0
45.9230 -9.1820 10.7780 -0.20870 0.97722 -0.03864 255 255 0
45.7300 -8.6570 15.7810 -0.59656 0.76917 -0.22910 255 255 0
44.5350 -9.1320 15.4930 -0.13790 0.98673 -0.08569 255 255 0
47.2470 -9.1070 -0.7420 -0.44601 0.89500 0.00735 255 255 0
46.1540 -9.3400 -6.1640 -0.17691 0.98390 0.02519 255 255 0
44.1300 -8.6790 -17.5530 -0.42663 0.86815 0.25357 255 255 0
47.8720 -8.5510 -2.8840 -0.70940 0.70368 0.03989 255 255 0
47.0980 -8.6030 -8.5400 -0.73497 0.66149 0.14918 255 255 0
44.6760 -8.9820 -3.3900 0.43740 0.89857 -0.03529 255 255 0
43.3720 -8.9920 -11.6180 0.26685 0.96157 -0.06459 255 255 0
42.5480 -8.5680 -11.5270 0.50486 0.84783 -0.16218 255 255 0
42.3610 -8.3190 -10.9750 0.54015 0.82912 -0.14421 255 255 0
42.7750 -9.0290 -14.1700 0.09752 0.99510 -0.01621 255 255 0
45.0240 -9.0940 0.1810 0.34884 0.93716 -0.00625 255 255 0
43.9220 -8.4240 2.7940 0.64458 0.76333 0.04290 255 255 0
44.6080 -9.0010 4.5340 0.40407 0.91385 0.04021 255 255 0
43.9880 -8.6440 5.6770 0.17260 0.95361 -0.24666 255 255 0
43.5020 -8.6140 8.6430 0.60331 0.79452 0.06899 255 255 0
42.6520 -8.3680 10.8400 0.72582 0.48746 0.48535 255 255 0
42.8480 -8.8430 12.5860 0.41547 0.90279 0.11118 255 255 0
28.0960 -8.3370 -23.3910 0.01110 0.99673 -0.08009 255 255 0
28.9430 -7.9150 -20.9160 0.01697 0.93388 -0.35718 255 255 0
37.0420 -8.3830 -19.1090 0.29599 0.91382 -0.27808 255 255 0
40.2800 -8.6650 -16.4160 0.22686 0.93573 -0.27007 255 255 0
41.1630 -8.9070 -16.7680 0.16931 0.98218 -0.08165 255 255 0
37.4700 -8.6680 -23.3320 -0.01047 0.99470 0.10227 255 255 0
40.0190 -8.5240 -23.0920 -0.33654 0.85336 0.39815 255 255 0
36.5780 -7.8580 -26.3150 -0.24420 0.80238 0.54457 255 255 0
24.4960 -8.2410 -21.6630 -0.04677 0.99567 -0.08032 255 255 0
21.7810 -8.3290 -20.1680 0.03684 0.99027 -0.13423 255 255 0
24.6450 -7.4180 -19.0360 -0.18723 0.79962 -0.57057 255 255 0
22.6810 -7.8940 -18.6970 -0.32146 0.82077 -0.47222 255 255 0
32.5080 -7.8960 -20.2470 0.10149 0.84113 -0.53122 255 255 0
36.0510 -8.4640 -20.2760 0.13918 0.96222 -0.23401 255 255 0
39.4310 -8.8430 -20.8180 0.03895 0.99896 0.02353 255 255 0
41.8660 -8.4860 -21.4040 -0.31151 0.90278 0.29658 255 255 0
38.6440 -8.2170 -24.6710 -0.27339 0.85378 0.44308 255 255 0
42.1780 -8.9070 -18.9760 -0.16688 0.97237 0.16327 255 255 0
32.2510 -8.4880 -24.5630 0.01489 0.99729 0.07206 255 255 0
30.8020 -8.4470 -24.9010 0.00822 0.99873 0.04977 255 255 0
30.0630 -8.4300 -25.0310 0.01754 0.99955 0.02449 255 255 0
29.2750 -8.4160 -25.1560 0.01296 0.99962 0.02432 255 255 0
28.5060 -8.4050 -25.2600 0.00879 0.99967 0.02396 255 255 0
27.0730 -8.3930 -25.4320 0.10404 0.99364 -0.04298 255 255 0
23.9990 -8.4070 -25.6020 -0.03318 0.99865 0.04000 255 255 0
34.5460 -8.1780 -26.5420 -0.10707 0.91773 0.38249 255 255 0
27.4640 -8.2250 -27.4720 -0.05399 0.98265 0.17742 255 255 0
25.7140 -8.3310 -27.2150 0.09378 0.99537 -0.02097 255 255 0
23.6800 -8.1690 -29.4540 -0.11221 0.95656 0.26909 255 255 0
29.1070 -8.0720 -27.7700 -0.04554 0.95231 0.30171 255 255 0
28.1880 -7.6980 -28.9800 -0.11654 0.89028 0.44025 255 255 0
29.7910 -5.1230 19.2780 0.06507 0.13618 0.98855 255 255 0
30.8460 -6.2400 19.5530 0.04919 -0.29141 0.95533 255 255 0
29.8410 -6.9030 20.1480 0.04379 0.73055 0.68146 255 255 0
36.1000 -5.4460 17.5140 0.36634 -0.17342 0.91418 255 255 0
38.7130 -6.3460 15.5890 0.69448 0.27239 0.66597 255 255 0
35.3820 -4.3290 18.1020 0.43051 -0.09465 0.89761 255 255 0
34.3700 -3.0070 18.7650 0.25345 -0.04155 0.96646 255 255 0
35.9920 -3.0290 18.2930 0.27597 -0.65024 0.70784 255 255 0
22.6130 -3.1360 18.5760 -0.08045 0.02150 0.99653 255 255 0
28.2150 -5.9940 19.5640 -0.03299 0.38928 0.92053 255 255 0
24.6630 -5.6230 19.0630 -0.16781 0.15245 0.97396 255 255 0
25.8210 -6.4390 19.4940 -0.03300 -0.10327 0.99411 255 255 0
25.6820 -7.4760 20.1840 -0.19097 0.82289 0.53514 255 255 0
34.0290 -6.7840 19.1510 0.01495 0.66163 0.74968 255 255 0
37.3950 -6.4370 16.8530 0.59677 0.43446 0.67462 255 255 0
38.8340 -7.4360 16.2580 0.58140 0.65279 0.48564 255 255 0
39.7530 -6.4650 14.4400 0.74433 0.35380 0.56639 255 255 0
35.6590 -2.3880 18.8410 0.16107 -0.72722 0.66723 255 255 0
37.4920 -3.6340 16.9630 0.59135 -0.38914 0.70631 255 255 0
39.2640 -2.4220 16.8320 0.39835 -0.78145 0.48027 255 255 0
39.3010 -4.6370 14.9290 0.74572 -0.18988 0.63863 255 255 0
39.6730 -3.4540 15.1330 0.65359 -0.48258 0.58304 255 255 0
31.1130 -3.2500 19.1590 0.24424 -0.19100 0.95072 255 255 0
30.8790 -2.1140 19.4970 0.02207 -0.48279 0.87546 255 255 0
29.1330 -2.9940 19.2760 0.10017 -0.03024 0.99451 255 255 0
27.9930 -2.8510 19.2570 -0.23685 -0.20578 0.94950 255 255 0
25.6580 -2.1960 19.0950 -0.15898 -0.16939 0.97264 255 255 0
24.6380 -2.0720 18.9320 -0.17830 -0.06676 0.98171 255 255 0
23.3940 0.4410 19.0190 -0.40267 -0.34033 0.84973 255 255 0
27.5420 -1.2660 19.6210 -0.19127 -0.45026 0.87217 255 255 0
25.2150 -0.2180 19.5490 -0.29812 -0.19229 0.93496 255 255 0
30.1850 -3.7460 -18.4180 0.07164 -0.10873 -0.99149 255 255 0
29.4530 -2.5910 -18.5890 -0.03233 -0.22829 -0.97306 255 255 0
37.3460 -4.1670 -15.8410 0.56506 -0.39554 -0.72405 255 255 0
39.1050 -3.7460 -14.4820 0.67407 -0.38379 -0.63114 255 255 0
35.3440 -5.0320 -17.1490 0.43770 0.04744 -0.89787 255 255 0
34.5300 -6.4320 -17.8190 0.33458 0.38861 -0.85851 255 255 0
26.4060 -3.8350 -18.3250 -0.06962 0.02924 -0.99714 255 255 0
28.6610 -1.7670 -18.8460 -0.10245 -0.46385 -0.87997 255 255 0
25.4700 -2.7070 -18.2200 -0.11501 0.01055 -0.99331 255 255 0
25.7180 -1.3850 -18.4640 -0.19942 -0.35458 -0.91351 255 255 0
27.8020 -0.6410 -19.5270 -0.23503 -0.74414 -0.62531 255 255 0
33.3130 -2.1130 -18.5540 0.10986 -0.65999 -0.74320 255 255 0
38.0800 -2.7040 -16.2620 0.41839 -0.68269 -0.59906 255 255 0
40.1330 -3.0310 -14.0080 0.60594 -0.66774 -0.43240 255 255 0
35.5910 -3.1010 -17.1960 0.33052 -0.45057 -0.82931 255 255 0
37.2630 -6.0600 -15.9950 0.60724 0.42929 -0.66856 255 255 0
37.3340 -6.7580 -16.3310 0.51485 -0.17054 -0.84015 255 255 0
39.2890 -6.2810 -13.9970 0.76609 0.22851 -0.60074 255 255 0
39.5740 -7.4310 -14.6570 0.62928 0.61775 -0.47160 255 255 0
30.5950 -5.2620 -18.3020 0.16355 0.19875 -0.96631 255 255 0
28.4070 -5.1560 -18.4170 -0.00635 0.20117 -0.97953 255 255 0
25.6390 -5.0610 -18.2620 -0.10557 0.12909 -0.98600 255 255 0
23.1710 -4.7990 -17.8780 -0.16613 0.11556 -0.97931 255 255 0
30.2180 -6.8240 -19.0820 0.08770 0.66476 -0.74189 255 255 0
27.7620 -6.8450 -19.0940 -0.05864 0.63519 -0.77013 255 255 0
25.5780 -6.9320 -18.8340 -0.19962 0.52728 -0.82591 255 255 0
21.8950 -7.2660 -17.9660 -0.12088 0.24930 -0.96085 255 255 0
29.2570 0.3960 24.2040 -0.15286 -0.98368 0.09493 255 255 0
31.1410 -0.1030 22.7750 -0.12607 -0.98947 0.07108 255 255 0
27.9190 0.4570 23.0690 -0.19699 -0.96358 0.18083 255 255 0
35.5590 -0.7430 21.3780 -0.01966 -0.93925 0.34266 255 255 0
38.6030 -0.8540 21.1360 -0.42645 -0.86081 0.27776 255 255 0
40.1620 -1.2900 18.3190 0.18802 -0.94454 0.26924 255 255 0
42.1300 -1.2380 17.4440 0.10667 -0.98291 0.15006 255 255 0
39.4380 -0.8080 22.8880 -0.09896 -0.99495 0.01696 255 255 0
41.1530 -1.1060 23.4940 -0.28235 -0.94189 -0.18200 255 255 0
31.8400 -1.0480 20.6820 -0.04466 -0.72597 0.68627 255 255 0
30.4510 -0.3340 21.7440 -0.07875 -0.90601 0.41585 255 255 0
29.0380 -0.6880 20.7050 -0.19222 -0.76924 0.60936 255 255 0
25.1960 0.7070 21.0150 -0.28216 -0.92313 0.26120 255 255 0
24.2560 0.7130 19.9600 -0.69289 -0.34941 0.63072 255 255 0
41.3970 -1.6810 16.0880 0.31180 -0.90995 0.27343 255 255 0
41.2170 -1.3570 24.2660 -0.43867 -0.79802 -0.41319 255 255 0
39.7610 -0.8980 23.7750 -0.15308 -0.98522 -0.07692 255 255 0
43.9740 -1.2440 17.8470 -0.20378 -0.97656 -0.06929 255 255 0
41.7260 -1.0470 21.4660 -0.19031 -0.97969 -0.06317 255 255 0
43.6850 -1.5790 20.9340 -0.48720 -0.82777 -0.27828 255 255 0
38.0970 -0.7170 24.7510 -0.16896 -0.97736 -0.12739 255 255 0
31.7930 0.1430 25.7550 -0.12899 -0.99122 0.02893 255 255 0
30.6500 0.3040 26.4000 -0.14933 -0.98845 -0.02596 255 255 0
28.2000 0.6850 26.2770 -0.15749 -0.98750 0.00690 255 255 0
26.7600 0.9230 26.3920 -0.15932 -0.98704 0.01923 255 255 0
24.6520 1.2940 27.3190 -0.18898 -0.98162 -0.02657 255 255 0
27.1230 0.7400 28.6890 -0.20706 -0.96893 -0.13531 255 255 0
30.8040 0.1720 27.5640 -0.18393 -0.97159 -0.14893 255 255 0
36.3300 -0.9100 27.3340 -0.29309 -0.87329 -0.38918 255 255 0
29.1380 0.0960 29.5290 -0.25614 -0.88718 -0.38381 255 255 0
23.7990 1.2190 31.2460 -0.31017 -0.84967 -0.42646 255 255 0
33.3400 -0.7230 28.7330 -0.26180 -0.81894 -0.51068 255 255 0
26.6930 0.3910 30.5000 -0.31215 -0.90030 -0.30334 255 255 0
32.7320 -3.1800 30.7540 -0.30371 -0.13962 -0.94248 255 255 0
31.9740 -1.5680 30.3530 -0.28682 -0.55326 -0.78207 255 255 0
36.7840 -4.2590 29.3630 -0.42228 -0.03917 -0.90562 255 255 0
39.7240 -2.8260 27.3550 -0.55745 -0.35837 -0.74888 255 255 0
42.4470 -3.1730 25.0540 -0.66083 -0.34362 -0.66725 255 255 0
43.9800 -3.1820 23.0650 -0.79651 -0.37510 -0.47421 255 255 0
37.4580 -7.3450 27.7490 -0.31345 0.70079 -0.64081 255 255 0
29.6380 -4.5830 31.5140 -0.20691 0.05022 -0.97707 255 255 0
23.3730 -0.2670 32.2780 -0.08195 -0.11696 -0.98975 255 255 0
23.4450 -1.7800 32.4240 -0.09804 -0.04877 -0.99399 255 255 0
23.4220 -1.1350 32.3890 -0.08258 -0.09381 -0.99216 255 255 0
23.3690 0.2940 32.2150 -0.11763 -0.36572 -0.92326 255 255 0
35.0660 -1.6690 29.1730 -0.35482 -0.57992 -0.73334 255 255 0
36.2600 -1.5730 28.3530 -0.38038 -0.70920 -0.59359 255 255 0
38.7930 -6.1710 27.9790 -0.51467 0.33398 -0.78967 255 255 0
43.7120 -4.4860 24.0300 -0.79462 -0.01421 -0.60694 255 255 0
43.4380 -6.1350 23.9070 -0.73841 0.32480 -0.59098 255 255 0
42.2510 -6.5590 24.8860 -0.65147 0.33663 -0.67990 255 255 0
41.8080 -7.3320 24.7100 -0.51954 0.64204 -0.56379 255 255 0
44.1110 -7.6160 21.5650 -0.67528 0.59863 -0.43086 255 255 0
33.2750 -6.4160 30.1980 -0.24752 0.47188 -0.84621 255 255 0
31.7770 -6.3090 30.6300 -0.23546 0.44717 -0.86290 255 255 0
26.6250 -4.8280 31.9270 -0.14433 0.10931 -0.98347 255 255 0
24.9810 -6.4540 31.9230 0.10098 0.00566 -0.99487 255 255 0
29.5150 -5.8090 31.3160 -0.18683 0.33062 -0.92509 255 255 0
27.8780 -7.3780 30.6550 -0.18932 0.70623 -0.68220 255 255 0
25.5060 -7.4810 31.2370 -0.22140 0.67535 -0.70348 255 255 0
23.1750 -7.9310 31.7630 -0.29475 0.62834 -0.71994 255 255 0
31.7600 -8.1840 28.2400 -0.06966 0.94491 -0.31984 255 255 0
27.5970 -8.4350 26.3870 -0.00843 0.99960 -0.02684 255 255 0
30.1460 -8.4100 27.0170 0.02367 0.98617 -0.16406 255 255 0
33.5880 -7.8370 28.4400 -0.16215 0.82361 -0.54348 255 255 0
38.1160 -8.7970 23.4280 0.00355 0.99585 -0.09096 255 255 0
41.5010 -8.9940 20.7490 -0.06681 0.99126 -0.11373 255 255 0
34.3640 -8.3150 21.6020 0.11450 0.95918 0.25857 255 255 0
23.0150 -8.4250 22.7420 -0.04516 0.99573 0.08050 255 255 0
25.2510 -8.2430 29.2870 -0.06170 0.98598 -0.15504 255 255 0
25.2500 -7.9140 30.5970 -0.17833 0.91141 -0.37085 255 255 0
35.0020 -8.5740 25.4880 -0.02419 0.98870 -0.14792 255 255 0
42.9670 -8.8090 20.4060 -0.30694 0.92039 -0.24222 255 255 0
35.5190 -8.2300 27.0710 -0.12893 0.92342 -0.36148 255 255 0
40.0270 -8.5500 24.0690 -0.22675 0.91327 -0.33842 255 255 0
36.9870 -8.1810 26.5900 -0.16536 0.90938 -0.38170 255 255 0
38.2990 -8.0530 26.1840 -0.35532 0.79381 -0.49357 255 255 0
41.7960 -8.2870 23.1350 -0.38508 0.84507 -0.37090 255 255 0
43.7080 -8.4050 20.4900 -0.48054 0.80863 -0.33940 255 255 0
37.8420 -8.7670 21.9290 0.10615 0.99370 0.03582 255 255 0
38.0820 -8.1910 18.9590 0.27230 0.89611 0.35049 255 255 0
39.7810 -8.7280 18.9320 0.27051 0.94393 0.18925 255 255 0
37.7610 -7.9390 18.4320 0.31869 0.84594 0.42758 255 255 0
41.0670 -8.9210 18.0290 0.14452 0.98871 0.03954 255 255 0
40.5550 -8.0180 15.0590 0.53769 0.77558 0.33071 255 255 0
31.9620 -8.4430 23.3090 0.06974 0.99016 0.12135 255 255 0
29.3120 -8.3960 23.6860 -0.12789 0.99179 -0.00168 255 255 0
25.8580 -8.3730 23.5710 -0.02914 0.99554 0.08976 255 255 0
26.7090 -8.2110 22.4160 -0.31988 0.94711 -0.02552 255 255 0
31.1900 -8.1490 21.8230 0.06712 0.94178 0.32947 255 255 0
27.8540 -7.8320 21.2520 0.02675 0.97382 0.22574 255 255 0
21.6210 -8.1610 19.0760 -0.47225 0.74165 0.47638 255 255 0
48.7660 -7.1170 4.5540 -0.94765 0.31660 -0.04149 255 255 0
48.3000 -7.4960 8.0290 -0.90728 0.40487 -0.11372 255 255 0
48.0240 -7.1350 10.9800 -0.92819 0.33479 -0.16239 255 255 0
47.2510 -7.1120 14.7450 -0.88928 0.39457 -0.23130 255 255 0
46.2030 -5.9190 18.8540 -0.91145 0.14485 -0.38508 255 255 0
49.1670 -4.3580 2.4310 -0.99878 -0.03631 -0.03333 255 255 0
49.0230 -3.1600 0.4710 -0.93899 -0.34273 0.02880 255 255 0
47.7670 -4.3420 -12.7350 -0.97285 -0.00741 0.23130 255 255 0
46.1210 -5.4010 -17.8070 -0.91720 0.11893 0.38025 255 255 0
48.0540 -6.7580 -9.8030 -0.92749 0.33372 0.16851 255 255 0
48.2800 -7.8670 -4.4330 -0.86346 0.49807 0.07980 255 255 0
46.5940 -6.6100 -16.0010 -0.91941 0.24271 0.30948 255 255 0
46.2160 -7.8170 -15.2960 -0.79594 0.54680 0.25977 255 255 0
45.7110 -6.3840 19.6300 -0.85961 0.28725 -0.42257 255 255 0
48.6030 -2.4930 3.6230 -0.85116 -0.52288 -0.04605 255 255 0
48.7880 -4.4140 8.1600 -0.99263 -0.02864 -0.11774 255 255 0
48.4610 -2.9430 8.5710 -0.91187 -0.39007 -0.12781 255 255 0
47.3060 -4.9080 16.2010 -0.95898 0.08385 -0.27079 255 255 0
47.2500 -4.0960 16.3610 -0.95054 -0.13007 -0.28206 255 255 0
46.9920 -2.9240 16.2380 -0.87323 -0.41845 -0.24974 255 255 0
46.2890 -4.3730 18.9470 -0.87183 -0.21687 -0.43917 255 255 0
49.1270 -4.8980 -1.0370 -0.99845 0.03386 0.04420 255 255 0
48.9120 -6.1270 -4.3450 -0.98087 0.18097 0.07169 255 255 0
48.9940 -4.4380 -3.8630 -0.99846 -0.02717 0.04827 255 255 0
48.7760 -3.4170 -5.7750 -0.97170 -0.19757 0.12952 255 255 0
48.4590 -4.3990 -8.7060 -0.98570 -0.04043 0.16358 255 255 0
45.3990 -3.6270 -19.5500 -0.87119 -0.19984 0.44844 255 255 0
47.1590 -3.2680 -14.3650 -0.90493 -0.32325 0.27679 255 255 0
48.5160 -2.6330 -5.5800 -0.84872 -0.51933 0.09984 255 255 0
47.6990 -2.9790 -11.6430 -0.90807 -0.38207 0.17156 255 255 0
45.5350 -2.2400 -17.4260 -0.72477 -0.63646 0.26387 255 255 0
21.4540 -1.5160 26.2360 0.96686 -0.24273 -0.07914 255 255 0
21.8090 -1.4850 28.3920 0.95690 -0.20064 -0.20998 255 255 0
22.6940 -0.3700 30.6430 0.93809 -0.08835 -0.33494 255 255 0
23.0250 1.4210 31.4640 -0.31626 -0.82788 -0.46325 255 255 0
21.2180 -5.0810 27.2590 0.98932 0.01554 -0.14494 255 255 0
21.8750 -7.0830 29.8910 0.98016 0.05780 -0.18959 255 255 0
22.1380 -7.7740 31.0730 0.98450 -0.00341 -0.17534 255 255 0
21.0770 -5.8070 24.8110 0.98932 0.14327 -0.02687 255 255 0
21.0450 -5.4970 24.4920 0.99888 0.01262 -0.04569 255 255 0
21.2390 -4.5330 22.4180 0.98645 -0.02047 0.16279 255 255 0
21.6760 -6.4440 20.1640 0.97197 -0.05089 0.22952 255 255 0
21.6230 -8.2960 19.6630 -0.08653 0.97746 0.19257 255 255 0
22.2690 -4.8800 18.9130 0.90746 -0.09863 0.40841 255 255 0
22.1000 0.1360 25.4480 0.88951 -0.45348 -0.05589 255 255 0
22.5140 0.7860 26.1130 0.86158 -0.50617 -0.03849 255 255 0
22.8500 0.9700 29.1320 0.90829 -0.41324 -0.06508 255 255 0
22.9410 0.8100 31.0370 0.97915 -0.14062 -0.14658 255 255 0
22.0430 -4.9550 30.2260 0.94294 -0.06226 -0.32710 255 255 0
22.5590 -4.2500 31.2060 0.89282 -0.07363 -0.44435 255 255 0
22.3710 -6.4900 31.3630 0.98025 0.00826 -0.19758 255 255 0
21.6900 -7.8520 20.9810 0.98140 0.19127 -0.01641 255 255 0
21.7430 -8.3080 20.0430 0.22408 0.97447 0.01364 255 255 0
21.2090 -2.8240 23.5820 0.99211 -0.11821 0.04177 255 255 0
21.7640 -0.5950 24.4280 0.94078 -0.33780 0.02865 255 255 0
21.7960 -1.1130 21.6720 0.95054 -0.27588 0.14271 255 255 0
21.5110 -1.6510 22.2800 0.95789 -0.25063 0.14010 255 255 0
22.2070 -1.0400 20.0220 0.95493 -0.05265 0.29213 255 255 0
22.5060 1.0300 19.6610 0.98854 -0.14636 -0.03688 255 255 0
22.7030 -1.7840 18.5480 -0.10504 -0.01643 0.99433 255 255 0
22.4740 0.5590 19.7220 0.99112 -0.06431 0.11637 255 255 0
20.8810 -4.4560 -26.2310 0.99206 -0.01311 0.12511 255 255 0
21.0930 -5.7740 -26.9540 0.98010 0.14323 0.13745 255 255 0
21.8010 -6.6390 -29.5260 0.95022 -0.05861 0.30603 255 255 0
22.6410 -4.8620 -30.8600 0.85844 -0.09856 0.50336 255 255 0
21.4340 -1.5290 -27.1310 0.95735 -0.22747 0.17818 255 255 0
22.6640 0.9820 -29.8260 0.87654 -0.46932 0.10683 255 255 0
21.1840 -1.6240 -24.0140 0.96869 -0.24620 0.03192 255 255 0
21.2840 -1.1680 -23.4460 0.94968 -0.31319 -0.00424 255 255 0
21.4630 -2.2390 -20.9390 0.96385 -0.16347 -0.21041 255 255 0
22.3550 0.3690 -18.9740 0.98310 -0.17404 0.05677 255 255 0
21.2300 -6.8810 -24.5940 0.96162 0.27293 0.02814 255 255 0
21.8190 -8.2400 -30.5670 -0.01601 0.99936 -0.03188 255 255 0
21.9670 -8.1430 -30.3300 0.45542 0.85615 -0.24411 255 255 0
21.8950 -8.4500 -25.8130 0.12967 0.99122 0.02582 255 255 0
22.4240 0.4870 -29.2070 0.95364 -0.25088 0.16621 255 255 0
22.0780 -2.6950 -29.4360 0.92344 -0.11004 0.36762 255 255 0
22.5560 -1.6800 -30.2080 0.90926 -0.06987 0.41032 255 255 0
22.6360 1.4390 -19.7290 -0.10053 -0.98863 -0.11186 255 255 0
22.2830 0.8010 -24.0790 0.87309 -0.48702 -0.02292 255 255 0
22.5790 1.2900 -18.8270 -0.08200 -0.96058 -0.26565 255 255 0
22.7820 1.5710 -23.6600 -0.04531 -0.99849 -0.03105 255 255 0
20.9250 -3.6170 -23.5920 0.99874 -0.03026 -0.04011 255 255 0
20.9330 -4.4880 -22.7310 0.99875 0.03134 -0.03887 255 255 0
20.9630 -5.4550 -23.6060 0.94934 -0.27948 -0.14371 255 255 0
21.5830 -7.8730 -19.0080 0.99916 -0.03906 -0.01265 255 255 0
21.0930 -6.1630 -22.7440 0.98915 0.13534 -0.05711 255 255 0
21.0490 -3.8770 -21.6870 0.98190 -0.06552 -0.17768 255 255 0
21.7330 -6.6420 -18.8300 0.95671 -0.10065 -0.27308 255 255 0
21.6730 -2.9300 -19.8740 0.94528 -0.07186 -0.31824 255 255 0
21.4160 -6.4900 -20.1250 0.98452 0.00633 -0.17517 255 255 0
-6.8630 35.0490 49.3480 0.16925 0.80451 0.56931 255 255 0
-5.2990 34.8390 48.8780 0.27037 0.87355 0.40473 255 255 0
-11.5300 34.9240 50.0000 -0.01342 -0.15249 0.98821 255 255 0
-10.0940 35.4100 49.7680 0.12083 0.59617 0.79371 255 255 0
-11.5870 35.3960 49.8830 0.05801 0.60552 0.79371 255 255 0
-12.2520 35.5770 49.8120 0.08165 0.68611 0.72290 255 255 0
-11.6860 34.5660 49.7340 -0.07057 -0.72797 0.68197 255 255 0
-11.7330 34.1880 49.1020 -0.09160 -0.90730 0.41038 255 255 0
-11.7110 33.9620 48.3820 -0.09526 -0.94938 0.29933 255 255 0
-5.4080 33.9220 49.9730 -0.04273 0.31906 0.94677 255 255 0
-4.5640 33.5640 49.9790 -0.06088 -0.10719 0.99237 255 255 0
-4.7070 33.9610 49.9280 0.17612 0.52918 0.83003 255 255 0
-6.9030 35.4320 48.2090 0.21498 0.94444 0.24864 255 255 0
-3.4210 34.6760 47.4340 0.31195 0.92267 0.22663 255 255 0
-9.9150 36.0040 48.3110 0.12493 0.94659 0.29724 255 255 0
-12.6490 36.1970 48.4650 -0.03923 0.92318 0.38237 255 255 0
-13.9020 36.2580 48.4650 0.04385 0.95405 0.29643 255 255 0
-14.4390 36.1410 48.8650 -0.00048 0.91975 0.39250 255 255 0
-11.5230 33.8420 48.0600 -0.11671 -0.97066 0.21026 255 255 0
-12.7680 34.4620 49.5140 -0.02694 -0.86332 0.50394 255 255 0
-14.7000 34.0490 48.2640 -0.00260 -0.98187 0.18953 255 255 0
-7.7400 33.9720 49.8450 -0.10400 -0.60536 0.78913 255 255 0
-6.4170 33.6590 49.8450 -0.16415 -0.56811 0.80642 255 255 0
-4.9500 32.9420 49.6050 -0.23510 -0.74037 0.62975 255 255 0
-4.0040 32.9470 49.8450 -0.17146 -0.58380 0.79358 255 255 0
-3.2420 32.6820 49.8450 -0.22929 -0.61092 0.75776 255 255 0
-7.2970 33.2710 48.7250 -0.19082 -0.92767 0.32097 255 255 0
-3.5970 32.1860 48.7440 -0.31409 -0.88141 0.35279 255 255 0
5.2460 29.7250 49.3480 0.45061 0.70498 0.54768 255 255 0
6.6290 28.9640 48.8780 0.55996 0.72138 0.40750 255 255 0
0.8490 31.2950 50.0000 -0.05342 -0.11215 0.99225 255 255 0
2.3630 31.2290 49.7680 0.35172 0.51214 0.78358 255 255 0
0.9680 31.7540 49.8830 0.26051 0.55454 0.79033 255 255 0
-0.8190 32.6050 49.8700 0.25537 0.56080 0.78759 255 255 0
0.6490 30.6470 49.2880 -0.42216 -0.78490 0.45355 255 255 0
0.2350 30.5170 48.4010 -0.42638 -0.83185 0.35529 255 255 0
6.1960 28.1490 49.9730 0.12109 0.43930 0.89014 255 255 0
6.7750 27.5740 49.9790 -0.04769 -0.04452 0.99787 255 255 0
6.8630 27.9320 49.9280 0.35517 0.42996 0.83005 255 255 0
8.1790 28.0300 48.0950 0.61782 0.73665 0.27503 255 255 0
-1.8920 33.2400 49.6210 0.27988 0.76603 0.57868 255 255 0
-0.0480 33.1630 48.1470 0.39614 0.87211 0.28724 255 255 0
-1.5690 33.5640 48.8020 0.34453 0.86019 0.37600 255 255 0
-0.3220 31.2430 49.5240 -0.34141 -0.68343 0.64526 255 255 0
-0.5960 30.7970 48.0650 -0.40738 -0.89491 0.18216 255 255 0
4.2280 28.9150 49.8450 -0.31579 -0.51883 0.79441 255 255 0
6.8110 27.1070 49.8760 -0.34039 -0.38501 0.85785 255 255 0
7.1480 26.7360 49.8450 -0.39466 -0.48991 0.77732 255 255 0
7.7680 26.2090 49.8450 -0.43548 -0.48799 0.75645 255 255 0
6.1690 27.1220 49.4180 -0.55851 -0.62129 0.54959 255 255 0
4.3240 28.1360 48.7230 -0.52080 -0.77091 0.36670 255 255 0
7.2570 25.8760 48.7440 -0.60376 -0.70592 0.37033 255 255 0
14.6150 20.3860 49.3480 0.67410 0.49864 0.54494 255 255 0
15.5440 19.1750 49.0370 0.76469 0.45941 0.45188 255 255 0
11.0780 23.4420 50.0000 -0.10536 -0.08506 0.99079 255 255 0
12.4310 22.5770 49.8830 0.34127 0.14094 0.92934 255 255 0
11.3560 23.8270 49.8830 0.48101 0.42972 0.76418 255 255 0
9.9870 25.2680 49.8760 0.43749 0.42766 0.79102 255 255 0
10.4340 23.0320 49.1010 -0.67640 -0.60488 0.42024 255 255 0
10.3010 22.8510 48.3920 -0.72439 -0.62459 0.29180 255 255 0
14.9280 18.5780 49.9710 0.20189 0.27870 0.93892 255 255 0
15.4730 18.1340 49.9260 0.48055 0.28174 0.83048 255 255 0
16.6650 17.4270 48.8410 0.80745 0.43601 0.39739 255 255 0
9.2320 26.2390 49.6210 0.53828 0.61330 0.57803 255 255 0
12.7550 23.3040 48.4660 0.72568 0.59940 0.33780 255 255 0
10.9200 25.5040 48.1470 0.68400 0.66278 0.30473 255 255 0
9.6460 26.4290 48.8020 0.63321 0.67553 0.37777 255 255 0
10.0990 22.9310 48.0490 -0.72205 -0.66144 0.20283 255 255 0
9.9700 23.8140 49.5240 -0.56666 -0.53475 0.62685 255 255 0
13.2380 20.1840 49.8420 -0.48574 -0.37907 0.78763 255 255 0
14.0090 19.0570 49.8410 -0.51112 -0.31934 0.79798 255 255 0
14.6480 17.7590 49.7300 -0.59352 -0.36348 0.71806 255 255 0
15.5770 16.4250 49.8350 -0.50795 -0.25215 0.82366 255 255 0
13.0990 19.3590 48.7170 -0.76874 -0.54884 0.32836 255 255 0
15.1320 16.0070 48.7070 -0.83081 -0.43839 0.34289 255 255 0
14.2140 17.3820 48.1920 -0.83569 -0.51146 0.20009 255 255 0
20.0960 7.0170 49.5400 0.76779 0.14324 0.62448 255 255 0
20.3400 6.5910 49.2940 0.87011 0.13224 0.47478 255 255 0
20.5610 6.7460 48.7340 0.92998 0.17228 0.32474 255 255 0
17.8230 12.2830 49.9880 -0.17725 -0.06940 0.98172 255 255 0
18.5190 11.8100 49.8580 0.58712 0.17386 0.79061 255 255 0
17.2430 13.9170 49.9700 0.24058 0.12923 0.96199 255 255 0
17.3600 15.0090 49.7920 0.61015 0.42867 0.66631 255 255 0
16.5610 15.1760 49.9690 -0.03533 -0.02577 0.99904 255 255 0
17.8740 10.7780 49.6240 -0.77579 -0.21403 0.59358 255 255 0
16.9500 12.2710 48.7710 -0.88248 -0.34354 0.32125 255 255 0
19.5020 7.0300 49.9560 0.04198 0.01577 0.99899 255 255 0
19.1890 6.1300 49.8600 -0.65071 -0.05413 0.75740 255 255 0
20.2170 6.0320 49.5800 0.77934 0.10634 0.61751 255 255 0
19.5020 5.4870 49.9990 -0.26089 -0.08152 0.96192 255 255 0
20.2230 4.9280 49.7590 0.62572 0.08939 0.77491 255 255 0
20.9000 4.9350 48.4880 0.91070 0.10638 0.39913 255 255 0
20.2170 4.1500 49.8300 0.34619 0.06273 0.93606 255 255 0
19.4610 9.3690 49.7660 0.56938 0.14895 0.80847 255 255 0
18.2220 13.6060 49.3950 0.86235 0.30882 0.40122 255 255 0
17.9040 14.4970 49.3380 0.81784 0.36903 0.44154 255 255 0
18.5360 12.1530 49.8130 0.86984 0.06254 0.48934 255 255 0
19.4450 11.2350 48.4660 0.89937 0.28208 0.33402 255 255 0
19.1760 12.0270 48.4660 0.88491 0.32138 0.33713 255 255 0
16.8380 13.3900 49.5590 -0.75810 -0.35151 0.54930 255 255 0
16.9240 11.8010 48.0520 -0.92326 -0.33321 0.19122 255 255 0
18.5790 8.2590 49.6890 -0.62240 -0.17120 0.76375 255 255 0
18.8540 7.7140 49.7990 -0.55526 -0.07776 0.82803 255 255 0
19.5780 3.3220 49.7830 -0.76862 -0.08661 0.63382 255 255 0
18.9070 5.9620 49.3280 -0.57740 -0.71294 0.39790 255 255 0
19.0170 4.3390 48.9850 -0.92491 -0.11197 0.36331 255 255 0
18.8960 6.2160 49.5390 -0.82377 -0.22345 0.52103 255 255 0
18.2150 7.9170 48.5720 -0.92401 -0.26540 0.27525 255 255 0
18.6230 5.5200 48.0270 -0.97177 -0.20821 0.11096 255 255 0
19.0310 2.5280 48.0030 -0.98351 -0.09680 0.15275 255 255 0
19.9900 -4.6970 49.9410 0.02279 -0.02907 0.99932 255 255 0
20.4800 -6.4390 49.0370 0.90270 -0.17552 0.39284 255 255 0
20.0580 -0.5840 49.9620 -0.24217 0.01758 0.97008 255 255 0
20.5460 0.0650 49.8420 0.63559 -0.00582 0.77200 255 255 0
20.4710 1.8260 49.8750 0.60568 0.02609 0.79528 255 255 0
20.4170 2.6540 49.8750 0.60228 0.06451 0.79568 255 255 0
19.6720 -0.1220 49.5550 -0.82964 0.02377 0.55780 255 255 0
19.5060 -0.2470 49.2350 -0.91425 0.08500 0.39613 255 255 0
19.3540 0.3120 48.7230 -0.95735 -0.01441 0.28858 255 255 0
19.1740 -0.3060 47.8750 -0.97940 0.02997 0.19968 255 255 0
20.2130 -6.3610 49.5460 0.75004 -0.17253 0.63849 255 255 0
21.0120 -4.8220 48.1360 0.95531 -0.10484 0.27639 255 255 0
19.6070 -8.0620 49.7940 0.61508 -0.14033 0.77587 255 255 0
20.6410 -6.9320 48.3560 0.93838 -0.18988 0.28878 255 255 0
19.2050 -8.7300 49.9190 0.30396 -0.08219 0.94913 255 255 0
20.4150 -4.8240 49.8110 0.66123 -0.12002 0.74052 255 255 0
21.2000 -1.5100 48.4650 0.93270 -0.05599 0.35628 255 255 0
21.2320 0.3840 48.4650 0.93534 0.01382 0.35349 255 255 0
21.1620 2.2590 48.4650 0.93957 0.06280 0.33655 255 255 0
19.1000 -1.4370 47.7930 -0.99584 0.04024 0.08178 255 255 0
19.4780 -4.3670 49.7730 -0.66220 0.07376 0.74569 255 255 0
19.3120 -5.5010 49.7740 -0.63865 0.10781 0.76191 255 255 0
19.1070 -7.3910 49.8710 -0.57143 0.14547 0.80766 255 255 0
18.2310 -9.3220 49.4990 -0.79426 0.22138 0.56581 255 255 0
18.9870 -4.1030 48.5130 -0.96324 0.11822 0.24123 255 255 0
18.7910 -6.1420 49.0210 -0.92290 0.16394 0.34839 255 255 0
15.6520 -18.4880 49.5430 0.69032 -0.42280 0.58711 255 255 0
18.4430 -11.9550 49.8900 0.49617 -0.19097 0.84696 255 255 0
18.8470 -10.7970 49.8750 0.51609 -0.17545 0.83837 255 255 0
18.6840 -9.8500 49.9460 -0.12281 0.04275 0.99151 255 255 0
17.5400 -12.6880 49.8780 -0.34750 0.12731 0.92900 255 255 0
16.9530 -12.2070 48.4340 -0.88211 0.35744 0.30679 255 255 0
14.9920 -18.4600 49.9660 0.06228 -0.01200 0.99799 255 255 0
14.8410 -19.5400 49.6740 0.59971 -0.40619 0.68946 255 255 0
14.8440 -20.5730 48.4880 0.76300 -0.55341 0.33402 255 255 0
13.6780 -20.6910 49.9170 0.28117 -0.18848 0.94097 255 255 0
19.1630 -10.6040 49.6580 0.75622 -0.24463 0.60686 255 255 0
16.8150 -16.2320 49.7660 0.57068 -0.28789 0.76906 255 255 0
17.9150 -13.3840 49.8770 0.47641 -0.20627 0.85468 255 255 0
19.2850 -9.9710 49.6190 0.94202 -0.19427 0.27359 255 255 0
18.2070 -14.5030 48.4660 0.86839 -0.37413 0.32546 255 255 0
17.3940 -12.4430 49.6580 -0.74143 0.27549 0.61187 255 255 0
17.0420 -12.6220 49.1950 -0.83829 0.37813 0.39279 255 255 0
16.2870 -13.5130 48.1210 -0.90379 0.39860 0.15581 255 255 0
17.7420 -10.9000 49.3770 -0.89880 0.26052 0.35255 255 255 0
17.3070 -10.8290 47.8800 -0.93301 0.32848 0.14694 255 255 0
17.9880 -9.0480 48.5260 -0.93619 0.26572 0.23010 255 255 0
16.0170 -15.9400 49.8970 -0.30292 0.08221 0.94946 255 255 0
15.7630 -16.2080 49.8340 -0.38862 0.25395 0.88571 255 255 0
14.7640 -17.1670 49.4300 -0.72975 0.40915 0.54778 255 255 0
14.0300 -18.8090 49.7410 -0.60184 0.40187 0.69014 255 255 0
13.9610 -19.1520 49.8260 -0.46311 0.27139 0.84373 255 255 0
13.7180 -19.5130 49.8280 -0.50412 0.34573 0.79141 255 255 0
13.5020 -19.8270 49.8290 -0.47936 0.33070 0.81293 255 255 0
11.7660 -22.0200 49.7420 -0.52674 0.44575 0.72378 255 255 0
15.3120 -16.0260 49.1630 -0.80100 0.44783 0.39730 255 255 0
12.8650 -19.8900 49.0370 -0.73708 0.55922 0.37944 255 255 0
7.3270 -27.3060 49.9710 0.07292 -0.10642 0.99164 255 255 0
6.6180 -28.1890 49.8570 0.36136 -0.46396 0.80880 255 255 0
6.9120 -28.4850 49.3540 0.52081 -0.66750 0.53217 255 255 0
6.9650 -28.8180 48.6490 0.55813 -0.75599 0.34202 255 255 0
8.3540 -27.8580 48.1370 0.62947 -0.72703 0.27421 255 255 0
9.4070 -25.4630 49.9720 0.15174 -0.14539 0.97767 255 255 0
12.2380 -22.7800 49.8940 0.41464 -0.35708 0.83700 255 255 0
13.2190 -21.6350 49.8430 0.49603 -0.38102 0.78024 255 255 0
10.2500 -23.7960 49.7900 -0.50106 0.45225 0.73784 255 255 0
10.2080 -23.2780 49.0570 -0.68557 0.61874 0.38361 255 255 0
10.1080 -23.0820 48.4100 -0.67909 0.65059 0.33996 255 255 0
5.4180 -28.5990 49.9790 -0.01889 0.06737 0.99755 255 255 0
6.2400 -28.8530 49.5020 0.48578 -0.69316 0.53249 255 255 0
6.2370 -29.6750 47.8310 0.55427 -0.79035 0.26101 255 255 0
4.8970 -29.4300 49.8590 0.30170 -0.46839 0.83041 255 255 0
11.2580 -24.2140 49.6200 0.57685 -0.50419 0.64268 255 255 0
12.6490 -22.6070 49.6200 0.64731 -0.58233 0.49181 255 255 0
9.7330 -25.9560 49.5200 0.57197 -0.58955 0.57033 255 255 0
11.0420 -24.7030 49.4180 0.61714 -0.59454 0.51542 255 255 0
12.9850 -23.0410 48.4660 0.73781 -0.55402 0.38561 255 255 0
11.9000 -22.3570 49.9500 -0.16129 0.15102 0.97528 255 255 0
10.2310 -22.7510 48.0500 -0.71604 0.65494 0.24153 255 255 0
8.0680 -25.9480 49.8430 -0.40461 0.45505 0.79323 255 255 0
7.2300 -26.6720 49.8440 -0.35212 0.43650 0.82794 255 255 0
5.1450 -27.9230 49.6050 -0.44344 0.64230 0.62515 255 255 0
4.5940 -28.6700 49.8450 -0.36228 0.48813 0.79403 255 255 0
3.9180 -29.1220 49.8450 -0.34940 0.55100 0.75784 255 255 0
8.1230 -25.1170 48.7020 -0.64756 0.69620 0.30980 255 255 0
5.5380 -27.6290 49.5850 -0.47187 0.63874 0.60774 255 255 0
3.7380 -28.5390 48.7440 -0.51402 0.78198 0.35256 255 255 0
-5.2940 -34.2300 49.8900 0.15265 -0.54778 0.82258 255 255 0
-5.0750 -34.9520 48.3910 0.25726 -0.92094 0.29273 255 255 0
0.3460 -31.5500 50.0000 -0.07517 0.14547 0.98650 255 255 0
-0.8480 -32.6120 49.8830 0.11714 -0.43696 0.89182 255 255 0
0.6440 -31.9210 49.8830 0.28360 -0.57582 0.76681 255 255 0
2.3670 -31.1890 49.7740 0.30557 -0.59965 0.73963 255 255 0
-0.5490 -31.4290 49.6570 -0.31945 0.69106 0.64837 255 255 0
0.0960 -30.5920 48.4020 -0.42727 0.85371 0.29768 255 255 0
-5.3870 -33.9220 49.9730 0.05079 -0.02366 0.99843 255 255 0
-6.2950 -34.0620 49.9790 -0.00006 -0.00967 0.99995 255 255 0
-4.0390 -34.2490 49.4220 0.29369 -0.79208 0.53512 255 255 0
3.0350 -31.0730 49.3930 0.45035 -0.76930 0.45317 255 255 0
-0.2410 -33.1230 48.4660 0.38623 -0.85291 0.35125 255 255 0
0.1270 -30.4660 48.0470 -0.43353 0.87723 0.20619 255 255 0
1.0110 -30.5850 49.5240 -0.27445 0.63826 0.71924 255 255 0
-3.9030 -32.9180 49.8450 -0.11794 0.45603 0.88211 255 255 0
-4.5570 -33.0430 49.7760 -0.19470 0.65438 0.73067 255 255 0
-7.0920 -33.8310 49.8450 -0.16348 0.59090 0.79001 255 255 0
-7.8800 -34.0070 49.8450 -0.12673 0.63999 0.75786 255 255 0
-7.1540 -33.3690 49.1670 -0.27622 0.85805 0.43296 255 255 0
-4.1230 -32.3740 48.7250 -0.31526 0.89199 0.32398 255 255 0
-7.8400 -33.3990 48.7440 -0.20226 0.91315 0.35392 255 255 0
-16.6540 -35.9620 49.3480 -0.00743 -0.83727 0.54675 255 255 0
-18.1800 -35.9730 49.0370 -0.11891 -0.84753 0.51725 255 255 0
-12.0900 -34.9820 50.0000 -0.00353 0.13418 0.99095 255 255 0
-13.5890 -35.5400 49.8830 -0.09309 -0.35915 0.92863 255 255 0
-11.9460 -35.4350 49.8830 0.05406 -0.64101 0.76562 255 255 0
-9.9820 -35.2170 49.8700 0.08560 -0.61695 0.78233 255 255 0
-12.0250 -34.2210 49.1020 -0.07418 0.90469 0.41957 255 255 0
-12.0890 -34.0020 48.3820 -0.08077 0.95098 0.29852 255 255 0
-18.2930 -35.1210 49.9730 0.09967 -0.29990 0.94875 255 255 0
-19.1890 -34.9240 49.9790 0.04015 0.11658 0.99237 255 255 0
-18.9730 -35.2890 49.9280 -0.07586 -0.55258 0.83000 255 255 0
-22.2310 -35.7400 48.0500 -0.19128 -0.94784 0.25497 255 255 0
-8.7280 -35.1910 49.6210 0.13185 -0.84010 0.52616 255 255 0
-13.2060 -36.2360 48.4650 0.03673 -0.94125 0.33569 255 255 0
-10.4900 -36.1130 48.1510 0.11793 -0.94010 0.31984 255 255 0
-7.3440 -35.3980 48.7330 0.19475 -0.91030 0.36529 255 255 0
-12.2960 -33.9190 48.0580 -0.06311 0.97568 0.20992 255 255 0
-11.1210 -34.3210 49.5240 -0.08507 0.77453 0.62679 255 255 0
-9.1340 -33.5390 48.2640 -0.17789 0.96556 0.18986 255 255 0
-15.9890 -34.7420 49.8450 -0.00921 0.61425 0.78906 255 255 0
-17.3490 -34.6780 49.8450 0.05700 0.58874 0.80631 255 255 0
-18.9220 -34.2420 49.6050 0.09505 0.77099 0.62971 255 255 0
-19.8510 -34.4210 49.8450 0.06142 0.60555 0.79344 255 255 0
-20.6490 -34.3000 49.8450 0.11318 0.64266 0.75775 255 255 0
-16.5550 -34.1350 48.7250 0.01719 0.94690 0.32106 255 255 0
-20.3900 -33.7480 48.7440 0.14537 0.92345 0.35512 255 255 0
-29.5360 -32.9540 49.3480 -0.31086 -0.76757 0.56053 255 255 0
-30.9630 -32.4130 49.0370 -0.41700 -0.74742 0.51718 255 255 0
-24.9250 -33.6880 50.0000 0.04540 0.12702 0.99086 255 255 0
-26.5230 -33.6680 49.8830 -0.22293 -0.29337 0.92964 255 255 0
-24.9560 -34.1620 49.8830 -0.16771 -0.60707 0.77675 255 255 0
-23.0460 -34.6690 49.8700 -0.14638 -0.59573 0.78973 255 255 0
-24.5900 -33.0020 49.1020 0.25774 0.87039 0.41951 255 255 0
-24.5710 -32.7750 48.3810 0.26816 0.91589 0.29872 255 255 0
-30.7600 -31.5780 49.9730 -0.01651 -0.32090 0.94697 255 255 0
-31.5250 -31.0700 49.9790 0.07965 0.09429 0.99235 255 255 0
-31.4540 -31.4880 49.9280 -0.27025 -0.48765 0.83016 255 255 0
-32.9180 -31.6700 48.2370 -0.47195 -0.83167 0.29256 255 255 0
-21.8570 -35.1000 49.6210 -0.13390 -0.80410 0.57922 255 255 0
-26.4190 -34.4550 48.4660 -0.48126 -0.74156 0.46742 255 255 0
-26.3770 -34.5580 48.3560 -0.30696 -0.88860 0.34084 255 255 0
-23.2450 -35.3440 48.4660 -0.23612 -0.89860 0.36981 255 255 0
-22.1300 -35.4750 48.8020 -0.17702 -0.89540 0.40856 255 255 0
-24.7340 -32.6230 48.0590 0.29313 0.93271 0.21005 255 255 0
-23.7830 -33.4230 49.5240 0.20050 0.75296 0.62678 255 255 0
-21.6480 -33.4110 48.2640 0.18341 0.96466 0.18919 255 255 0
-28.4760 -32.0560 49.8450 0.21337 0.57620 0.78897 255 255 0
-29.7200 -31.5050 49.8450 0.26579 0.52832 0.80637 255 255 0
-31.0290 -30.5310 49.6050 0.36724 0.68453 0.62972 255 255 0
-31.9610 -30.3610 49.8450 0.27579 0.54251 0.79349 255 255 0
-32.6580 -29.9630 49.8450 0.33745 0.55846 0.75779 255 255 0
-28.7830 -31.2860 48.7250 0.35802 0.87683 0.32092 255 255 0
-32.2190 -29.5400 48.7440 0.46930 0.80964 0.35248 255 255 0
-40.4610 -25.4960 49.3480 -0.57193 -0.61519 0.54262 255 255 0
-41.6800 -24.4940 48.8780 -0.67074 -0.58721 0.45310 255 255 0
-36.4270 -27.8460 50.0000 0.08791 0.10167 0.99093 255 255 0
-37.9090 -27.2500 49.8830 -0.31079 -0.20348 0.92844 255 255 0
-36.6280 -28.2760 49.8830 -0.39294 -0.51068 0.76473 255 255 0
-35.0300 -29.4390 49.8700 -0.35396 -0.50428 0.78766 255 255 0
-35.8670 -27.3270 49.1020 0.55411 0.71896 0.41960 255 255 0
-35.7670 -27.1230 48.3800 0.59747 0.74653 0.29279 255 255 0
-41.1050 -23.7710 49.9730 -0.13045 -0.29347 0.94703 255 255 0
-41.5680 -23.1000 49.9790 0.11687 0.06582 0.99096 255 255 0
-41.7210 -23.4360 49.9280 -0.42835 -0.35720 0.83002 255 255 0
-42.0170 -24.3590 48.4650 -0.71231 -0.63958 0.28906 255 255 0
-34.0810 -30.2670 49.6210 -0.41539 -0.70152 0.57907 255 255 0
-38.0970 -28.0210 48.4650 -0.60552 -0.72304 0.33251 255 255 0
-35.8890 -29.8470 48.1480 -0.55009 -0.78021 0.29778 255 255 0
-34.4650 -30.5230 48.8020 -0.49803 -0.77979 0.37933 255 255 0
-35.5540 -27.1660 48.0450 0.58737 0.78330 0.20354 255 255 0
-35.2660 -28.0110 49.5240 0.45896 0.62998 0.62648 255 255 0
-39.1480 -25.0410 49.8450 0.40697 0.46002 0.78915 255 255 0
-40.1080 -24.0790 49.8450 0.43860 0.39669 0.80639 255 255 0
-40.9780 -22.6970 49.6050 0.59138 0.50609 0.62780 255 255 0
-41.7810 -22.2080 49.8450 0.45255 0.40751 0.79318 255 255 0
-42.2920 -21.5780 49.8450 0.51792 0.39969 0.75631 255 255 0
-39.1560 -24.2120 48.7250 0.64961 0.68869 0.32205 255 255 0
-41.7300 -21.3420 48.7440 0.73011 0.58538 0.35253 255 255 0
-47.3910 -14.2530 49.9630 -0.25769 -0.12191 0.95851 255 255 0
-47.9540 -14.5940 49.3480 -0.77167 -0.37008 0.51728 255 255 0
-48.7290 -13.2190 48.8780 -0.83744 -0.30518 0.45339 255 255 0
-45.0410 -18.2430 50.0000 0.11950 0.06387 0.99078 255 255 0
-46.2100 -17.1490 49.8830 -0.36269 -0.07697 0.92873 255 255 0
-45.3830 -18.5730 49.8830 -0.55150 -0.33411 0.76434 255 255 0
-44.3030 -20.2410 49.8760 -0.50873 -0.33996 0.79096 255 255 0
-44.3320 -17.9620 49.1020 0.77578 0.47051 0.42046 255 255 0
-44.1650 -17.8070 48.3820 0.82686 0.48021 0.29275 255 255 0
-48.1550 -11.8620 49.9790 0.02627 -0.01513 0.99954 255 255 0
-48.6420 -12.1200 49.6720 -0.71046 -0.24605 0.65933 255 255 0
-48.9940 -12.9720 48.4660 -0.89541 -0.33846 0.28927 255 255 0
-43.7340 -21.3410 49.6210 -0.64185 -0.50417 0.57779 255 255 0
-46.6620 -17.8030 48.4660 -0.82215 -0.45557 0.34136 255 255 0
-45.2620 -20.3030 48.1470 -0.78929 -0.52356 0.32079 255 255 0
-44.1800 -21.4460 48.8020 -0.74871 -0.55549 0.36174 255 255 0
-43.9820 -17.9250 48.0470 0.83084 0.51793 0.20362 255 255 0
-44.0190 -18.8160 49.5240 0.65572 0.42202 0.62604 255 255 0
-46.4600 -14.8660 49.8450 0.53581 0.28120 0.79614 255 255 0
-47.0540 -13.5440 49.8450 0.47509 0.22879 0.84967 255 255 0
-47.4250 -11.7970 49.6050 0.73420 0.25669 0.62854 255 255 0
-47.9990 -11.0470 49.8450 0.56917 0.21487 0.79365 255 255 0
-48.2450 -10.2830 49.8450 0.62550 0.18517 0.75793 255 255 0
-46.2730 -13.8690 48.7250 0.85527 0.40623 0.32168 255 255 0
-47.6370 -10.2630 48.7440 0.89143 0.28148 0.35515 255 255 0
-51.0030 -1.7220 49.3480 -0.82474 -0.06557 0.56170 255 255 0
-51.1550 -0.2040 49.0380 -0.86329 0.02835 0.50390 255 255 0
-49.6050 -6.1770 50.0000 0.12300 0.02542 0.99208 255 255 0
-50.4650 -4.9270 49.7680 -0.62941 -0.02877 0.77654 255 255 0
-50.0430 -6.3610 49.8830 -0.59961 -0.12619 0.79028 255 255 0
-49.6460 -8.2970 49.8700 -0.60163 -0.13765 0.78682 255 255 0
-48.8420 -6.1710 49.1020 0.89393 0.15720 0.41974 255 255 0
-48.6300 -6.0870 48.3820 0.93917 0.16809 0.29949 255 255 0
-50.3170 -0.0130 49.9730 -0.29338 -0.12795 0.94739 255 255 0
-50.2030 0.8980 49.9790 0.12019 -0.02942 0.99231 255 255 0
-50.5460 0.6480 49.9280 -0.55720 0.02460 0.83001 255 255 0
-51.4830 0.3470 48.1120 -0.96472 0.02065 0.26246 255 255 0
-49.5100 -8.8900 49.8320 -0.66838 -0.20402 0.71530 255 255 0
-50.5560 -8.0180 48.1470 -0.93616 -0.20063 0.28870 255 255 0
-49.9590 -9.4740 48.8020 -0.89403 -0.24729 0.37356 255 255 0
-48.5660 -5.8730 48.0590 0.96575 0.15244 0.20997 255 255 0
-48.8590 -7.0810 49.5240 0.76355 0.15637 0.62654 255 255 0
-47.8960 -8.9870 48.2640 0.94526 0.26583 0.18925 255 255 0
-49.7270 -2.2700 49.8450 0.61077 0.06575 0.78907 255 255 0
-49.7880 -0.9120 49.8450 0.59139 -0.00239 0.80638 255 255 0
-49.5000 0.6960 49.6050 0.77651 -0.02362 0.62967 255 255 0
-49.7630 1.5990 49.8450 0.60832 -0.00511 0.79367 255 255 0
-49.7170 2.4080 49.8450 0.65038 -0.05309 0.75775 255 255 0
-49.1740 -1.6530 48.7250 0.94441 0.07036 0.32117 255 255 0
-49.1430 2.2030 48.7440 0.93398 -0.05919 0.35239 255 255 0
-49.1960 11.3820 49.3480 -0.79762 0.23912 0.55374 255 255 0
-48.8430 12.9200 48.8780 -0.82441 0.33848 0.45363 255 255 0
-49.5020 6.7230 50.0000 0.12394 -0.02078 0.99207 255 255 0
-49.8520 8.2010 49.7680 -0.58975 0.19720 0.78314 255 255 0
-49.9770 6.7110 49.8830 -0.60480 0.09903 0.79019 255 255 0
-50.3060 4.7610 49.8700 -0.60927 0.09209 0.78759 255 255 0
-48.7880 6.4530 49.1020 0.89037 -0.17545 0.42006 255 255 0
-48.5610 6.4550 48.3830 0.93476 -0.20210 0.29219 255 255 0
-47.9390 12.7270 49.9730 -0.31832 -0.01347 0.94789 255 255 0
-47.5040 13.5360 49.9790 0.10083 -0.07053 0.99240 255 255 0
-47.9140 13.4280 49.9280 -0.51067 0.22423 0.83002 255 255 0
-48.8720 13.2820 48.4660 -0.89011 0.35459 0.28630 255 255 0
-50.6220 3.5600 49.6210 -0.81361 0.05967 0.57834 255 255 0
-51.0530 5.3490 48.1480 -0.93776 0.14973 0.31336 255 255 0
-51.0230 3.7770 48.8020 -0.92524 0.09486 0.36732 255 255 0
-48.5050 6.2450 48.0470 0.96293 -0.17745 0.20316 255 255 0
-49.1320 5.6110 49.5240 0.76784 -0.13017 0.62728 255 255 0
-48.2040 10.4100 49.8450 0.59330 -0.15933 0.78906 255 255 0
-47.7700 11.6990 49.8450 0.55075 -0.21593 0.80626 255 255 0
-46.9210 13.0940 49.6050 0.71525 -0.30198 0.63026 255 255 0
-46.8400 14.0310 49.8450 0.56537 -0.22463 0.79366 255 255 0
-46.5040 14.7700 49.8450 0.58716 -0.28440 0.75787 255 255 0
-47.4660 10.7860 48.7250 0.90359 -0.27464 0.32878 255 255 0
-46.0440 14.3700 48.7440 0.84832 -0.39212 0.35581 255 255 0
-42.7780 22.9480 49.3480 -0.65366 0.50718 0.56168 255 255 0
-41.8670 24.1730 49.0370 -0.61927 0.60287 0.50304 255 255 0
-44.7460 18.7150 50.0000 0.10794 -0.06403 0.99209 255 255 0
-44.5390 20.2180 49.7680 -0.48451 0.40277 0.77655 255 255 0
-45.1930 18.8750 49.8830 -0.52828 0.31085 0.79012 255 255 0
-46.2040 17.1760 49.8700 -0.53497 0.30600 0.78751 255 255 0
-44.1770 18.2050 49.1020 0.76674 -0.48614 0.41924 255 255 0
-43.9650 18.1250 48.3810 0.80745 -0.50851 0.29906 255 255 0
-41.1190 23.7490 49.9730 -0.30002 0.10170 0.94850 255 255 0
-40.4210 24.3470 49.9790 0.06847 -0.10202 0.99242 255 255 0
-40.8430 24.3930 49.9280 -0.39521 0.39349 0.83005 255 255 0
-41.7380 24.8020 48.1120 -0.69912 0.66500 0.26267 255 255 0
-46.9370 16.1620 49.6210 -0.73695 0.34916 0.57878 255 255 0
-46.6880 17.9950 48.1470 -0.82656 0.48193 0.29074 255 255 0
-47.2290 16.5160 48.8010 -0.83125 0.42221 0.36161 255 255 0
-43.7730 18.2400 48.0580 0.81710 -0.53663 0.21066 255 255 0
-44.8030 17.5440 49.5240 0.66871 -0.39876 0.62755 255 255 0
-45.3760 15.4870 48.2640 0.87776 -0.43994 0.18972 255 255 0
-42.2040 21.6840 49.8450 0.49550 -0.36284 0.78919 255 255 0
-41.3330 22.7290 49.8450 0.43546 -0.40030 0.80631 255 255 0
-40.0390 23.7220 49.6050 0.55804 -0.54042 0.62972 255 255 0
-39.6220 24.5700 49.8450 0.44618 -0.41399 0.79343 255 255 0
-39.0480 25.1310 49.8450 0.44473 -0.47733 0.75787 255 255 0
-41.3790 21.7680 48.7250 0.74538 -0.58431 0.32093 255 255 0
-38.7590 24.5960 48.7430 0.65021 -0.67302 0.35252 255 255 0
-32.6140 31.4160 49.3480 -0.42655 0.71113 0.55889 255 255 0
-31.3230 32.2280 49.0370 -0.34528 0.78354 0.51658 255 255 0
-35.9790 28.1790 50.0000 0.07393 -0.11271 0.99087 255 255 0
-34.9980 29.4420 49.8830 -0.10973 0.35379 0.92887 255 255 0
-36.3390 28.4890 49.8830 -0.38358 0.51789 0.76463 255 255 0
-37.8940 27.2710 49.8700 -0.38824 0.47847 0.78761 255 255 0
-35.6330 27.4980 49.1020 0.53968 -0.72952 0.42018 255 255 0
-35.4640 27.3460 48.3810 0.55462 -0.77906 0.29235 255 255 0
-30.7790 31.5630 49.9730 -0.24782 0.20838 0.94613 255 255 0
-29.9120 31.8680 49.9790 0.02706 -0.11985 0.99242 255 255 0
-30.2880 32.0630 49.9280 -0.22621 0.50955 0.83017 255 255 0
-29.5510 33.3410 48.2360 -0.37995 0.87770 0.29204 255 255 0
-38.9430 26.5910 49.6210 -0.56110 0.59205 0.57848 255 255 0
-35.6900 29.8330 48.4650 -0.54219 0.75837 0.36181 255 255 0
-38.0510 28.2090 48.1480 -0.59771 0.74675 0.29174 255 255 0
-39.0890 27.0250 48.8020 -0.61986 0.69327 0.36763 255 255 0
-35.5640 27.1540 48.0480 0.59241 -0.77946 0.20372 255 255 0
-36.4550 27.1080 49.5240 0.47955 -0.61349 0.62742 255 255 0
-32.5350 30.0290 49.8450 0.33115 -0.51747 0.78903 255 255 0
-31.3470 30.6890 49.8450 0.26145 -0.53050 0.80635 255 255 0
-29.7800 31.1470 49.6050 0.32512 -0.70543 0.62981 255 255 0
-29.0850 31.7880 49.8450 0.26661 -0.54692 0.79360 255 255 0
-28.3420 32.1060 49.8450 0.24213 -0.60595 0.75776 255 255 0
-31.7360 29.8100 48.7250 0.48449 -0.81333 0.32212 255 255 0
-28.2710 31.5000 48.7430 0.36330 -0.86240 0.35252 255 255 0
-20.0330 35.6640 49.3260 -0.13905 0.81873 0.55709 255 255 0
-18.5800 35.9310 49.0370 -0.05103 0.87737 0.47710 255 255 0
-20.2820 36.0000 48.1370 -0.16659 0.95146 0.25880 255 255 0
-24.3850 33.8370 50.0000 0.02823 -0.13101 0.99098 255 255 0
-23.0140 34.6610 49.8830 0.03132 0.36211 0.93161 255 255 0
-24.6080 34.2560 49.8830 -0.17090 0.62142 0.76462 255 255 0
-26.4990 33.6810 49.8700 -0.18908 0.58644 0.78762 255 255 0
-24.3080 33.0770 49.1020 0.23970 -0.87519 0.42021 255 255 0
-24.2060 32.8740 48.3840 0.23592 -0.92683 0.29212 255 255 0
-18.3140 35.1140 49.9730 -0.16662 0.32059 0.93245 255 255 0
-17.3950 35.0850 49.9790 -0.00744 -0.08323 0.99650 255 255 0
-17.6760 35.4030 49.9280 -0.02375 0.55146 0.83386 255 255 0
-16.0150 35.4050 49.9060 0.02541 0.21964 0.97525 255 255 0
-27.7140 33.4300 49.6210 -0.30878 0.75479 0.57874 255 255 0
-23.5180 35.2750 48.4650 -0.21598 0.91114 0.35097 255 255 0
-26.3060 34.6130 48.1470 -0.29249 0.91204 0.28747 255 255 0
-27.7030 33.8840 48.8020 -0.32214 0.86740 0.37927 255 255 0
-24.3690 32.7300 48.0460 0.27029 -0.94129 0.20227 255 255 0
-25.2150 33.0100 49.5240 0.22604 -0.74606 0.62634 255 255 0
-20.5060 34.3180 49.8450 0.12184 -0.60211 0.78906 255 255 0
-19.1600 34.5040 49.8450 0.05820 -0.60092 0.79719 255 255 0
-17.2100 34.5640 49.7690 0.03975 -0.66247 0.74803 255 255 0
-16.6530 34.7120 49.8450 0.05808 -0.60316 0.79551 255 255 0
-15.8480 34.7400 49.8450 0.00633 -0.63603 0.77164 255 255 0
-16.6770 34.2460 49.1670 0.11612 -0.89629 0.42799 255 255 0
-19.8400 33.8250 48.7250 0.14874 -0.93116 0.33289 255 255 0
-15.9990 34.1490 48.7440 0.02832 -0.93557 0.35200 255 255 0
22.8490 -10.0700 26.2610 -0.08350 -0.99613 0.02733 255 255 0
21.7560 -10.2010 26.1440 0.22194 -0.97504 0.00559 255 255 0
22.3760 -10.0320 23.9550 0.11879 -0.98983 -0.07830 255 255 0
22.3260 -9.7140 21.9820 0.36793 -0.92354 -0.10821 255 255 0
21.7280 -10.0190 21.7580 0.17891 -0.97379 -0.14046 255 255 0
22.5640 -9.1010 20.5550 0.23463 -0.88288 -0.40679 255 255 0
22.3630 -8.8990 19.9440 0.64234 -0.66894 -0.37405 255 255 0
23.7640 -10.0590 24.4510 -0.02348 -0.99686 -0.07563 255 255 0
22.4640 -9.9460 28.3520 0.19015 -0.96853 0.16062 255 255 0
21.9680 -9.9790 29.1180 0.17275 -0.97268 0.15508 255 255 0
21.7680 -10.1220 28.2690 0.25892 -0.96429 0.05573 255 255 0
22.7460 -8.9340 31.0550 0.44646 -0.81874 0.36102 255 255 0
22.2890 -9.1410 31.3940 0.72614 -0.60984 0.31751 255 255 0
21.7420 -10.1980 24.8600 0.21349 -0.97687 -0.01222 255 255 0
23.3460 -9.8930 23.4090 0.03196 -0.96773 -0.24995 255 255 0
24.0960 -9.9200 23.4810 -0.00102 -0.97902 -0.20375 255 255 0
25.4420 -10.0760 23.9370 -0.07199 -0.98038 -0.18352 255 255 0
30.3920 -10.5110 24.2730 -0.08336 -0.98833 -0.12747 255 255 0
23.5660 -9.1750 21.1160 0.12869 -0.88620 -0.44507 255 255 0
26.5060 -9.6470 21.9340 -0.06877 -0.93476 -0.34856 255 255 0
26.1100 -9.3290 21.3140 -0.20459 -0.89248 -0.40203 255 255 0
26.8770 -8.2860 19.8190 -0.02224 -0.68563 -0.72761 255 255 0
24.0940 -10.0770 26.4500 -0.05445 -0.99648 0.06370 255 255 0
23.4970 -9.9830 27.2210 0.02054 -0.99555 0.09201 255 255 0
24.1340 -9.9110 27.7500 0.00225 -0.98384 0.17905 255 255 0
24.1990 -9.6820 28.6690 0.02960 -0.96222 0.27067 255 255 0
24.2760 -9.5130 29.1910 -0.00015 -0.93798 0.34668 255 255 0
24.3590 -9.2980 29.7160 -0.03624 -0.90899 0.41523 255 255 0
24.3570 -9.0880 30.1480 -0.09038 -0.85947 0.50314 255 255 0
25.1720 -8.9030 30.5450 -0.06888 -0.82913 0.55479 255 255 0
24.5050 -2.4190 33.2760 0.16156 0.12296 0.97917 255 255 0
23.0730 -3.2310 33.5610 0.30308 -0.04989 0.95166 255 255 0
22.9620 -4.5180 33.5040 0.36860 -0.09092 0.92513 255 255 0
22.9410 -5.6050 33.3110 0.28465 -0.22025 0.93299 255 255 0
22.7670 -6.3470 33.1710 0.40767 -0.36679 0.83622 255 255 0
22.6710 -7.6760 32.5070 0.58979 -0.45481 0.66731 255 255 0
24.1640 -5.5110 33.1940 0.12102 -0.25492 0.95936 255 255 0
24.4410 0.1550 32.3410 0.26405 0.33654 0.90389 255 255 0
23.0640 -1.2980 33.5290 0.43916 0.10601 0.89213 255 255 0
22.8860 -1.1820 33.6320 0.60638 0.06226 0.79273 255 255 0
23.7920 0.4210 32.4730 0.42597 0.13128 0.89516 255 255 0
23.6020 0.6040 32.5340 0.61805 0.55159 0.56015 255 255 0
23.3030 0.6830 32.9060 0.74082 0.29564 0.60315 255 255 0
22.9100 1.5860 33.1200 0.71717 0.04381 0.69552 255 255 0
22.7320 2.0310 33.4460 0.90758 0.13626 0.39716 255 255 0
22.3090 -8.2300 32.5550 0.80618 -0.50307 0.31145 255 255 0
21.8680 -9.5260 31.9370 0.80947 -0.56077 0.17406 255 255 0
28.8270 -5.3550 33.1690 -0.01570 -0.21017 0.97754 255 255 0
28.0990 -6.2930 32.8570 0.00007 -0.32113 0.94704 255 255 0
23.8540 -6.7240 32.6780 0.35195 -0.46175 0.81420 255 255 0
26.3650 -6.1250 32.9190 -0.02166 -0.35683 0.93392 255 255 0
26.7270 -7.7160 32.0190 -0.31329 -0.56839 0.76078 255 255 0
24.7180 -7.9560 31.7420 -0.07534 -0.60701 0.79112 255 255 0
25.3530 -7.8460 31.8350 -0.02548 -0.58361 0.81163 255 255 0
25.7570 -7.8670 31.8300 -0.01473 -0.57976 0.81466 255 255 0
25.1310 -3.4830 33.3100 -0.00987 -0.00707 0.99993 255 255 0
25.1740 -2.5120 33.2030 0.06872 0.15578 0.98540 255 255 0
25.2240 -2.0170 33.0950 0.06077 0.21679 0.97433 255 255 0
24.8050 -1.0150 32.8300 -0.02592 0.34840 0.93699 255 255 0
25.3510 0.3180 31.9630 0.17917 0.65311 0.73576 255 255 0
26.1270 -0.8090 32.6130 0.06859 0.44854 0.89113 255 255 0
24.3900 2.9190 27.1030 0.17458 0.97875 0.10759 255 255 0
22.7100 3.3730 25.2370 0.25989 0.96562 -0.00667 255 255 0
23.5280 2.9870 27.5870 0.25971 0.95929 0.11093 255 255 0
23.4320 2.5290 30.0850 0.58818 0.76621 0.25879 255 255 0
23.7590 1.6760 31.2240 0.31317 0.76365 0.56459 255 255 0
26.0780 2.6850 26.8380 0.10740 0.98856 0.10592 255 255 0
28.4940 2.5160 26.2390 0.08058 0.99654 0.02029 255 255 0
23.9240 2.6600 22.4600 0.30543 0.92266 -0.23541 255 255 0
24.2570 1.6480 20.5390 0.35323 0.79186 -0.49818 255 255 0
23.5410 2.7870 22.2750 0.49347 0.84860 -0.19067 255 255 0
23.3420 2.9410 22.5290 0.47489 0.87574 -0.08696 255 255 0
23.0600 3.1980 23.6870 0.40146 0.91366 -0.06376 255 255 0
22.7730 3.2430 22.1490 0.41743 0.90699 -0.05579 255 255 0
23.0070 2.7300 19.8620 0.86396 0.47408 -0.16976 255 255 0
22.7510 3.1630 20.6920 0.70106 0.71038 -0.06229 255 255 0
23.5550 1.8680 20.1380 0.65295 0.62774 -0.42379 255 255 0
23.2430 2.0890 19.7630 0.82684 0.40591 -0.38933 255 255 0
22.7950 2.8850 18.9870 0.93391 0.33970 -0.11139 255 255 0
22.7480 3.1270 30.6300 0.55003 0.83117 0.08143 255 255 0
25.1690 2.4700 28.5910 0.10455 0.94750 0.30217 255 255 0
25.5620 1.9360 29.9000 0.12354 0.90232 0.41299 255 255 0
28.3670 2.1590 28.6030 0.06862 0.95909 0.27464 255 255 0
25.0020 1.8370 30.2730 0.22812 0.84801 0.47837 255 255 0
26.0210 1.7590 30.1090 0.06194 0.83244 0.55065 255 255 0
30.8020 1.0190 30.7190 0.07140 0.82092 0.56656 255 255 0
25.1190 2.7670 24.7270 0.06851 0.99561 -0.06379 255 255 0
25.0490 2.5200 23.1300 0.25680 0.94461 -0.20439 255 255 0
24.9920 2.1850 22.0230 -0.06361 0.63011 -0.77390 255 255 0
24.8380 1.6880 20.9050 0.21820 0.84367 -0.49052 255 255 0
25.4880 0.7130 19.7380 0.12117 0.71101 -0.69267 255 255 0
22.7580 -4.8080 17.6500 0.55859 -0.12083 -0.82060 255 255 0
22.9220 -3.0660 17.6460 0.69924 -0.01499 -0.71473 255 255 0
22.9960 -2.1300 17.7140 0.82932 -0.02500 -0.55821 255 255 0
23.1110 -1.4060 17.8920 0.59874 0.14333 -0.78801 255 255 0
23.0830 -0.9470 17.9420 0.84248 0.08688 -0.53167 255 255 0
23.1490 -0.2410 18.1920 0.95389 0.05035 -0.29591 255 255 0
23.2490 0.8820 18.8170 0.79066 0.32694 -0.51766 255 255 0
25.4110 -3.3690 18.0310 0.05137 0.05664 -0.99707 255 255 0
23.3040 -5.1840 17.9520 0.26195 -0.23293 -0.93655 255 255 0
22.3520 -5.1600 17.3380 0.67032 -0.14895 -0.72697 255 255 0
22.4520 -6.3810 17.7830 0.81773 -0.20897 -0.53633 255 255 0
22.7260 -7.4610 18.6390 0.55929 -0.47377 -0.68024 255 255 0
22.4940 -7.6620 18.5260 0.70701 -0.41564 -0.57217 255 255 0
22.1560 -7.2090 17.6800 0.90349 -0.21170 -0.37269 255 255 0
22.1080 -8.4660 18.5330 0.89676 -0.34262 -0.28006 255 255 0
22.9780 0.7090 18.0990 0.96683 0.12231 -0.22422 255 255 0
26.4600 -1.9140 18.2860 0.05329 0.27962 -0.95863 255 255 0
24.6060 -1.1780 18.3700 0.16558 0.34923 -0.92229 255 255 0
26.0660 -0.1740 19.0710 0.07092 0.54775 -0.83363 255 255 0
24.1320 0.4320 19.1050 0.38076 0.52684 -0.75991 255 255 0
24.7870 0.6280 19.5160 0.20429 0.63644 -0.74378 255 255 0
25.5070 0.3960 19.4690 -0.02705 0.63284 -0.77381 255 255 0
28.8580 -0.6410 19.0270 0.21597 0.54245 -0.81185 255 255 0
24.0640 -3.4940 17.9000 0.07491 0.00975 -0.99714 255 255 0
24.0510 -5.2640 18.1400 0.22145 -0.29885 -0.92825 255 255 0
23.8930 -6.3660 18.5120 -0.01586 -0.43753 -0.89906 255 255 0
23.9210 -7.9000 19.5590 -0.13844 -0.67929 -0.72069 255 255 0
23.7220 -7.2310 18.9850 0.17253 -0.55113 -0.81638 255 255 0
23.9110 -8.1400 19.7970 0.07156 -0.73252 -0.67697 255 255 0
24.2450 -4.8670 18.0610 0.09797 -0.16787 -0.98093 255 255 0
24.0350 -5.9270 18.3540 0.07610 -0.33137 -0.94043 255 255 0
23.3320 -2.1890 -17.0420 0.09321 0.14936 0.98438 255 255 0
22.6650 -5.7570 -17.1250 0.52678 -0.22982 0.81835 255 255 0
22.5030 -7.3410 -17.7650 0.61977 -0.44109 0.64910 255 255 0
23.2710 -5.4020 -17.2190 0.22328 -0.20865 0.95216 255 255 0
24.2620 -3.9590 -17.1880 0.07549 -0.05408 0.99568 255 255 0
24.3530 -0.0830 -18.1550 0.26862 0.46507 0.84354 255 255 0
23.2550 -1.5690 -17.1470 0.60498 0.14526 0.78288 255 255 0
22.7840 -2.8530 -16.8030 0.67084 -0.04762 0.74007 255 255 0
22.9650 -0.7110 -17.0660 0.73905 0.11470 0.66381 255 255 0
23.4870 0.4200 -17.9720 0.33580 0.02355 0.94164 255 255 0
23.3190 0.6380 -17.9030 0.69214 0.35330 0.62939 255 255 0
23.0980 0.6410 -17.5850 0.85283 0.20295 0.48113 255 255 0
22.8720 0.8700 -17.1750 0.90678 0.10331 0.40875 255 255 0
22.7330 0.2210 -16.8330 0.86025 0.00961 0.50978 255 255 0
22.5940 -4.3240 -16.7770 0.65612 -0.13380 0.74270 255 255 0
21.9820 -7.4520 -16.8710 0.78961 -0.28072 0.54563 255 255 0
24.4660 -5.7110 -17.4410 -0.06229 -0.24708 0.96699 255 255 0
24.0640 -6.1370 -17.6170 -0.00038 -0.40698 0.91344 255 255 0
25.9160 -7.0580 -18.0410 -0.00171 -0.50626 0.86238 255 255 0
23.9450 -7.5810 -18.4460 0.13156 -0.64273 0.75471 255 255 0
27.2140 -7.5560 -18.4170 -0.01533 -0.59420 0.80417 255 255 0
22.4700 -8.0430 -18.3720 0.62201 -0.58217 0.52362 255 255 0
24.2800 -2.9760 -17.2290 0.17263 0.06012 0.98315 255 255 0
24.3890 -2.7640 -17.2660 0.15525 0.03087 0.98739 255 255 0
24.4540 0.8780 -18.9680 0.28971 0.70051 0.65219 255 255 0
24.6470 -1.2440 -17.6400 0.08136 0.45431 0.88712 255 255 0
25.7940 -0.4450 -18.1700 0.08607 0.52801 0.84486 255 255 0
22.0860 -10.0710 -24.4800 0.08555 -0.99617 0.01802 255 255 0
22.1450 -10.0140 -26.1860 0.07620 -0.99414 -0.07661 255 255 0
22.1710 -9.8790 -27.2840 0.00539 -0.98941 0.14504 255 255 0
21.4850 -10.0170 -27.8200 0.10484 -0.98727 -0.11965 255 255 0
22.6230 -8.1470 -31.1650 0.46465 -0.65760 -0.59302 255 255 0
23.0860 -9.9100 -27.0240 0.00900 -0.98740 -0.15797 255 255 0
22.2820 -9.8010 -21.6670 0.24666 -0.95223 0.18003 255 255 0
21.5980 -9.8120 -18.8100 0.77861 -0.61509 0.12425 255 255 0
23.5540 -8.7100 -19.7660 0.13497 -0.84047 0.52477 255 255 0
22.6610 -8.8510 -19.4570 0.39415 -0.80005 0.45228 255 255 0
22.4410 -8.9180 -19.3140 0.56607 -0.71664 0.40742 255 255 0
22.3420 -8.9610 -19.2320 0.65372 -0.66157 0.36740 255 255 0
22.2460 -9.0120 -19.1390 0.71018 -0.61974 0.33402 255 255 0
22.1510 -9.0700 -19.0320 0.76758 -0.56227 0.30769 255 255 0
22.0550 -9.1610 -18.9440 0.80046 -0.52078 0.29673 255 255 0
21.2300 -9.9670 -29.8620 0.54568 -0.83793 0.01027 255 255 0
22.0110 -8.4940 -31.4320 0.77546 -0.48010 -0.41008 255 255 0
24.3320 -9.7100 -27.8490 -0.02788 -0.93508 -0.35334 255 255 0
26.4690 -10.0870 -27.2110 -0.06903 -0.96923 -0.23630 255 255 0
22.2310 -9.1080 -29.8000 0.44394 -0.83555 -0.32367 255 255 0
24.0130 -8.8240 -29.8560 0.11940 -0.91497 -0.38546 255 255 0
26.9330 -9.1750 -29.4860 -0.16196 -0.87820 -0.45003 255 255 0
26.5970 -8.7660 -30.0940 -0.06012 -0.88367 -0.46424 255 255 0
24.0960 -10.0670 -25.1350 -0.04378 -0.99886 -0.01895 255 255 0
23.9240 -10.0070 -23.8340 -0.02539 -0.99503 0.09632 255 255 0
23.9130 -9.9230 -23.1430 0.00465 -0.99095 0.13418 255 255 0
23.8470 -9.8130 -22.5480 0.03603 -0.97911 0.20012 255 255 0
23.9020 -9.7200 -22.1540 0.02922 -0.96970 0.24255 255 255 0
23.8870 -9.3940 -21.1210 0.11656 -0.91209 0.39306 255 255 0
24.4940 -8.5700 -19.5780 0.01575 -0.80836 0.58848 255 255 0
22.8740 -3.7110 -32.7230 0.16097 -0.04945 -0.98572 255 255 0
22.9250 -2.4000 -32.6670 0.22838 0.03601 -0.97291 255 255 0
23.0430 -1.4760 -32.5110 0.19756 0.19603 -0.96049 255 255 0
22.8780 -1.1290 -32.5070 0.02155 0.29855 -0.95415 255 255 0
23.0580 -0.2850 -32.1760 0.02595 0.41718 -0.90845 255 255 0
23.3390 -0.2460 -32.0420 0.25337 0.43247 -0.86532 255 255 0
23.0920 0.6660 -31.7450 0.61268 0.35572 -0.70575 255 255 0
24.5510 -3.1180 -32.5760 0.05950 0.08498 -0.99460 255 255 0
22.7150 -6.2660 -32.3240 0.30234 -0.32920 -0.89455 255 255 0
23.9860 -7.9120 -30.9480 0.09577 -0.67514 -0.73145 255 255 0
22.3740 -4.0760 -32.8120 0.23510 -0.08549 -0.96820 255 255 0
22.1890 -5.7280 -32.6880 0.41395 -0.15301 -0.89735 255 255 0
21.7030 -8.3870 -32.1830 0.84197 -0.29589 -0.45116 255 255 0
23.0570 -7.9720 -31.1280 0.23839 -0.66548 -0.70732 255 255 0
24.7170 -1.1460 -32.1650 0.12523 0.35845 -0.92511 255 255 0
27.0760 -2.1620 -32.3750 0.02487 0.25362 -0.96698 255 255 0
28.3440 -2.3290 -32.3990 0.03037 0.21559 -0.97601 255 255 0
26.5390 -1.3440 -32.1160 0.07451 0.37076 -0.92574 255 255 0
28.2140 -0.3810 -31.5600 0.05449 0.57451 -0.81668 255 255 0
27.9310 -1.1600 -31.9790 -0.08625 0.45629 -0.88564 255 255 0
24.1190 0.6470 -31.2120 0.72715 0.52869 -0.43788 255 255 0
24.8770 0.6440 -31.0210 0.11485 0.63714 -0.76214 255 255 0
24.5810 -4.2620 -32.5560 0.03612 -0.10123 -0.99421 255 255 0
24.2540 -5.0890 -32.4350 0.04931 -0.18880 -0.98078 255 255 0
24.5650 -5.5770 -32.2890 0.03188 -0.29435 -0.95517 255 255 0
24.6020 -5.9090 -32.1740 0.03179 -0.33812 -0.94057 255 255 0
24.4070 -6.1900 -32.0710 0.06867 -0.40789 -0.91044 255 255 0
24.3750 -6.4900 -31.9330 0.04465 -0.47078 -0.88112 255 255 0
24.0850 -6.7780 -31.8030 0.13225 -0.50080 -0.85540 255 255 0
24.4260 -7.2740 -31.4640 0.00393 -0.60549 -0.79585 255 255 0
26.2050 -4.1760 -32.5630 0.01189 -0.08613 -0.99621 255 255 0
25.3220 -3.4190 -32.5740 0.01803 0.03929 -0.99907 255 255 0
24.6570 -8.5890 -30.2350 -0.00856 -0.79880 -0.60153 255 255 0
23.6340 2.8800 -27.3060 0.27820 0.94733 -0.15867 255 255 0
23.3120 3.0170 -23.1460 0.28209 0.95807 0.05021 255 255 0
23.2620 2.5120 -20.3570 0.60070 0.76593 0.22916 255 255 0
23.5240 1.6520 -19.2140 0.58529 0.66218 0.46792 255 255 0
25.1920 2.6740 -23.1780 0.15847 0.97783 0.13686 255 255 0
26.0810 2.6660 -24.2500 0.09068 0.99292 0.07667 255 255 0
24.8310 1.4010 -30.0840 0.15487 0.83831 -0.52273 255 255 0
22.7390 3.2640 -25.0770 0.35461 0.93489 -0.01515 255 255 0
22.8900 3.0490 -28.1250 0.46160 0.87566 -0.14191 255 255 0
22.6350 3.1640 -28.2080 0.41830 0.90540 -0.07258 255 255 0
22.4410 2.9390 -31.2580 0.88238 0.45418 -0.12301 255 255 0
23.8800 1.3890 -30.6110 0.31387 0.75188 -0.57980 255 255 0
23.5390 1.8140 -30.2680 0.58048 0.70905 -0.40037 255 255 0
23.1640 2.0120 -30.5050 0.71073 0.58633 -0.38869 255 255 0
22.9470 2.0810 -30.9040 0.85740 0.41990 -0.29757 255 255 0
22.7040 2.5790 -30.8110 0.87780 0.44563 -0.17572 255 255 0
22.6070 3.1650 -19.6200 0.55929 0.82853 0.02692 255 255 0
23.0920 1.5630 -18.2060 0.91004 0.27236 0.31249 255 255 0
24.6560 1.8780 -20.3150 0.27094 0.84114 0.46806 255 255 0
25.2950 1.8860 -20.6150 0.15817 0.90243 0.40074 255 255 0
26.0540 2.3170 -21.9870 0.07171 0.95651 0.28274 255 255 0
25.3980 1.4890 -19.9810 0.36103 0.78583 0.50212 255 255 0
26.3740 1.3880 -20.0270 0.09089 0.83749 0.53884 255 255 0
26.7070 1.3540 -20.0350 0.07540 0.83978 0.53767 255 255 0
24.9300 2.7880 -25.1880 0.04469 0.99898 0.00614 255 255 0
24.8030 2.7460 -26.0670 0.19050 0.97888 -0.07419 255 255 0
25.1650 2.6380 -26.5650 0.14321 0.98105 -0.13051 255 255 0
25.1450 2.5220 -27.2150 0.32214 0.92879 -0.18325 255 255 0
25.2190 2.2010 -28.3290 0.15046 0.94166 -0.30106 255 255 0
24.8200 2.1420 -28.6870 0.08353 0.91238 -0.40073 255 255 0
25.0980 1.8370 -29.2690 0.04185 0.88518 -0.46336 255 255 0
27.6420 1.5160 -29.5040 0.06246 0.86828 -0.49213 255 255 0
-6.5370 34.4170 -48.4820 0.11010 0.57442 -0.81113 255 255 0
-12.5980 34.8520 -48.7870 0.05388 0.40507 -0.91270 255 255 0
-14.7750 35.0780 -48.7710 0.05853 0.34368 -0.93726 255 255 0
-11.3470 36.0400 -47.7020 0.11315 0.89805 -0.42510 255 255 0
-9.8120 36.0250 -46.7100 0.16122 0.98433 -0.07148 255 255 0
-3.3090 33.9320 -48.2440 0.18764 0.66723 -0.72083 255 255 0
-10.1670 33.1460 -49.1030 0.04010 0.17734 -0.98333 255 255 0
-5.0270 33.6680 -48.7210 0.12582 0.45921 -0.87937 255 255 0
-14.2530 34.5710 -48.9830 0.01764 0.32332 -0.94613 255 255 0
-11.0490 32.6280 -49.2160 0.03746 0.13518 -0.99011 255 255 0
-15.1910 32.6860 -49.3170 0.00271 0.13094 -0.99139 255 255 0
-12.8120 31.9540 -49.3510 0.02186 0.11183 -0.99349 255 255 0
-10.6300 28.5600 -49.5410 0.02738 0.04724 -0.99851 255 255 0
-12.1660 29.9630 -49.4850 0.01418 0.06207 -0.99797 255 255 0
-13.1600 30.5620 -49.4660 0.01891 0.06707 -0.99757 255 255 0
-14.3270 30.8020 -49.4690 0.01020 0.06912 -0.99756 255 255 0
-13.3060 28.9520 -49.5570 0.00986 0.04623 -0.99888 255 255 0
-12.5150 35.6570 -48.3500 0.06418 0.65029 -0.75697 255 255 0
-13.2950 36.3480 -46.9470 0.03224 0.98789 -0.15174 255 255 0
-5.2090 34.9310 -47.7320 0.23331 0.86241 -0.44924 255 255 0
-3.3590 34.4040 -47.4260 0.32677 0.90739 -0.26432 255 255 0
-3.9340 32.2930 -49.0600 0.07330 0.22802 -0.97089 255 255 0
-4.4020 30.0800 -49.3830 0.01095 0.09207 -0.99569 255 255 0
-4.6190 29.1070 -49.4620 0.01589 0.06555 -0.99772 255 255 0
-10.2930 30.3220 -49.4400 0.01795 0.07989 -0.99664 255 255 0
-4.0330 31.3560 -49.2270 0.03098 0.15190 -0.98791 255 255 0
-4.0790 30.6670 -49.3160 0.00982 0.11934 -0.99281 255 255 0
0.4700 31.9650 -48.4970 0.26872 0.46675 -0.84257 255 255 0
0.3550 31.3170 -48.7870 0.47246 0.23516 -0.84940 255 255 0
-1.0900 32.1210 -48.7800 0.16373 0.35348 -0.92100 255 255 0
0.6380 32.2860 -48.1940 0.34059 0.68305 -0.64609 255 255 0
1.5840 32.2990 -47.4960 0.44671 0.82990 -0.33426 255 255 0
0.3460 30.2180 -49.0510 0.13717 0.19930 -0.97029 255 255 0
-1.4370 30.9110 -49.1310 0.09451 0.18703 -0.97780 255 255 0
0.1170 29.1410 -49.2260 0.15923 0.10565 -0.98157 255 255 0
-2.5320 30.0450 -49.3190 0.12189 0.11526 -0.98583 255 255 0
-2.2450 29.4720 -49.3610 0.06437 0.08515 -0.99429 255 255 0
-2.9820 30.3010 -49.3520 0.05976 0.12065 -0.99089 255 255 0
-0.6110 25.0350 -49.5410 0.04261 0.03474 -0.99849 255 255 0
-1.7370 27.1290 -49.4820 0.03572 0.05054 -0.99808 255 255 0
-3.2240 27.8110 -49.5050 0.02883 0.05192 -0.99824 255 255 0
0.2940 32.8140 -47.6470 0.35522 0.72699 -0.58763 255 255 0
2.1890 32.1130 -45.9090 0.46955 0.88045 -0.06583 255 255 0
-0.1610 33.1920 -47.0060 0.39838 0.90480 -0.15043 255 255 0
6.0020 29.5430 -47.5990 0.68104 0.67385 -0.28656 255 255 0
6.1090 29.1170 -48.1220 0.44982 0.62102 -0.64187 255 255 0
8.8550 27.3300 -47.5510 0.61431 0.70698 -0.35043 255 255 0
6.9620 28.9510 -47.0580 0.57696 0.78847 -0.21314 255 255 0
8.4230 27.7860 -47.0440 0.63528 0.75949 -0.14001 255 255 0
4.8400 30.5020 -46.4850 0.54699 0.83016 -0.10789 255 255 0
6.9290 27.0970 -48.8260 0.22520 0.32059 -0.92006 255 255 0
6.9820 26.0970 -49.0600 0.16875 0.18136 -0.96883 255 255 0
5.7460 24.2030 -49.3830 0.04350 0.08190 -0.99569 255 255 0
5.1920 23.3730 -49.4620 0.03848 0.05539 -0.99772 255 255 0
0.3400 26.5560 -49.4400 0.04596 0.06935 -0.99653 255 255 0
6.5520 25.2590 -49.2270 0.08389 0.13024 -0.98793 255 255 0
6.2590 24.6330 -49.3160 0.05227 0.10771 -0.99281 255 255 0
10.9710 24.2000 -48.4970 0.42198 0.32799 -0.84519 255 255 0
10.6290 23.6380 -48.7870 0.52473 0.04879 -0.84987 255 255 0
9.5720 24.9090 -48.7800 0.24013 0.24807 -0.93851 255 255 0
11.2430 24.4390 -48.1950 0.55494 0.48498 -0.67589 255 255 0
11.4490 24.5480 -47.8760 0.67064 0.59270 -0.44605 255 255 0
13.8360 21.8310 -47.6600 0.72663 0.56935 -0.38451 255 255 0
13.2410 22.9160 -46.7580 0.76006 0.62991 -0.15975 255 255 0
16.3660 18.0900 -47.8520 0.75148 0.44714 -0.48512 255 255 0
10.2230 22.6170 -49.0510 0.19985 0.13628 -0.97030 255 255 0
8.8110 23.9060 -49.1310 0.14713 0.15846 -0.97634 255 255 0
9.6210 21.6940 -49.2260 0.18689 0.04091 -0.98153 255 255 0
7.4770 23.4950 -49.3190 0.15569 0.06331 -0.98578 255 255 0
7.5380 22.8560 -49.3610 0.09081 0.05612 -0.99429 255 255 0
7.1520 23.8940 -49.3520 0.10637 0.09771 -0.98951 255 255 0
7.4590 18.1290 -49.5410 0.05229 0.01699 -0.99849 255 255 0
7.1650 20.4880 -49.4820 0.05156 0.03423 -0.99808 255 255 0
6.0250 21.6610 -49.5050 0.04564 0.03800 -0.99824 255 255 0
11.0300 25.1250 -47.6850 0.66501 0.64081 -0.38358 255 255 0
10.9030 25.5040 -46.9640 0.70803 0.68976 -0.15141 255 255 0
14.4660 20.6810 -48.0620 0.64640 0.45858 -0.60981 255 255 0
15.5230 19.7080 -47.0280 0.81948 0.54872 -0.16538 255 255 0
17.1380 16.9660 -47.0000 0.88108 0.45472 -0.13013 255 255 0
14.3820 21.4320 -46.5370 0.80525 0.58055 -0.12053 255 255 0
15.1390 20.3660 -46.4900 0.81595 0.56628 -0.11638 255 255 0
15.2350 17.3270 -48.8260 0.34432 0.23013 -0.91021 255 255 0
14.9230 16.3760 -49.0600 0.20132 0.12340 -0.97172 255 255 0
13.0860 15.0560 -49.3830 0.07944 0.05619 -0.99526 255 255 0
12.2700 14.4830 -49.4620 0.05532 0.03910 -0.99770 255 255 0
8.8950 19.2040 -49.4400 0.06791 0.04807 -0.99653 255 255 0
14.2180 15.7500 -49.2270 0.12698 0.08234 -0.98848 255 255 0
13.7200 15.2720 -49.3160 0.10032 0.05255 -0.99357 255 255 0
17.9570 13.1660 -48.4970 0.51926 0.17297 -0.83693 255 255 0
17.4350 12.7660 -48.7870 0.32822 0.09788 -0.93952 255 255 0
17.0080 14.0190 -48.7860 0.34410 0.13601 -0.92903 255 255 0
16.2400 15.9020 -48.7760 0.37683 0.20432 -0.90347 255 255 0
18.2970 13.2910 -48.1940 0.71212 0.26510 -0.65008 255 255 0
19.0050 12.6630 -47.4960 0.89106 0.30926 -0.33223 255 255 0
16.8010 10.4010 -49.1030 0.18241 0.04700 -0.98210 255 255 0
19.4770 5.2320 -48.8140 0.38383 0.08699 -0.91930 255 255 0
15.6460 14.0310 -49.1470 0.18789 0.07145 -0.97959 255 255 0
15.9610 10.9830 -49.2120 0.13167 0.02109 -0.99107 255 255 0
14.4620 10.0780 -49.4030 0.09683 0.01786 -0.99514 255 255 0
15.0600 12.1530 -49.2940 0.11189 0.02079 -0.99350 255 255 0
14.9950 12.6950 -49.2870 0.11103 0.04225 -0.99292 255 255 0
13.0760 12.0740 -49.4810 0.06937 0.01823 -0.99742 255 255 0
13.5890 14.1070 -49.4000 0.09783 0.04324 -0.99426 255 255 0
12.4890 8.7740 -49.5410 0.04910 0.00341 -0.99879 255 255 0
18.4430 13.7900 -47.6520 0.81489 0.34137 -0.46843 255 255 0
19.1000 12.8940 -44.8870 0.93619 0.34687 -0.05682 255 255 0
18.3490 14.4390 -46.9750 0.90476 0.39911 -0.14875 255 255 0
20.4030 7.7210 -47.5850 0.92353 0.20187 -0.32609 255 255 0
20.2050 7.2640 -48.1220 0.73707 0.15156 -0.65861 255 255 0
21.0180 4.0390 -47.5840 0.92463 0.10391 -0.36642 255 255 0
20.9580 5.1810 -47.0380 0.97311 0.15677 -0.16877 255 255 0
20.1860 9.2000 -46.4660 0.96288 0.24841 -0.10565 255 255 0
18.8160 4.4430 -49.0600 0.24753 0.02226 -0.96862 255 255 0
16.6260 3.8760 -49.3830 0.08743 0.03124 -0.99568 255 255 0
15.6580 3.6360 -49.4620 0.06589 0.01476 -0.99772 255 255 0
14.1960 9.0350 -49.4490 0.07467 0.02491 -0.99690 255 255 0
17.9330 4.1140 -49.2270 0.14961 0.04003 -0.98794 255 255 0
17.2950 3.8480 -49.3160 0.11118 0.04460 -0.99280 255 255 0
20.4850 0.3540 -48.4970 0.52919 -0.03529 -0.84777 255 255 0
19.8540 0.1680 -48.7870 0.42159 -0.32174 -0.84779 255 255 0
19.9290 1.8210 -48.7800 0.34457 0.02157 -0.93851 255 255 0
20.8470 0.3480 -48.1940 0.74042 -0.00528 -0.67213 255 255 0
21.0730 0.2880 -47.8760 0.88488 -0.00864 -0.46575 255 255 0
21.1670 -1.9050 -47.4420 0.94593 -0.06274 -0.31826 255 255 0
21.3080 -1.8930 -46.7100 0.99082 -0.05590 -0.12307 255 255 0
20.6510 -5.2610 -48.0070 0.79650 -0.11255 -0.59408 255 255 0
20.7400 -5.9600 -47.8400 0.87285 -0.05301 -0.48509 255 255 0
18.8660 -0.3110 -49.0510 0.23948 -0.03395 -0.97031 255 255 0
18.6910 1.5920 -49.1310 0.21549 0.01798 -0.97634 255 255 0
17.7990 -0.5870 -49.2260 0.16549 -0.09515 -0.98161 255 255 0
17.4280 2.1860 -49.3190 0.15780 -0.05804 -0.98576 255 255 0
17.0430 1.6730 -49.3610 0.10494 -0.01970 -0.99428 255 255 0
17.4570 2.7010 -49.3520 0.14444 0.00056 -0.98951 255 255 0
13.8000 -1.7660 -49.5410 0.05017 -0.02236 -0.99849 255 255 0
15.1720 0.1750 -49.4820 0.06116 -0.00944 -0.99808 255 255 0
15.1200 1.8100 -49.5050 0.05932 -0.00265 -0.99824 255 255 0
21.1520 0.9970 -47.6850 0.92084 0.02869 -0.38889 255 255 0
21.2950 1.5660 -47.0360 0.98851 0.02526 -0.14900 255 255 0
21.3140 2.3340 -46.5060 0.99407 0.06446 -0.08761 255 255 0
20.5870 -5.5700 -47.9900 0.78093 -0.09782 -0.61692 255 255 0
19.9990 -9.3770 -47.6110 0.88615 -0.32536 -0.32997 255 255 0
20.2890 -8.6070 -47.0720 0.96507 -0.22976 -0.12591 255 255 0
21.2420 -3.0260 -46.5240 0.98658 -0.08905 -0.13687 255 255 0
19.0060 -7.5980 -48.8260 0.41798 -0.06301 -0.90627 255 255 0
18.1350 -8.0900 -49.0600 0.23197 -0.04439 -0.97171 255 255 0
15.8880 -7.8280 -49.3830 0.09655 -0.01200 -0.99526 255 255 0
14.8990 -7.7020 -49.4620 0.06725 -0.00838 -0.99770 255 255 0
15.5860 -1.9400 -49.4400 0.08260 -0.01022 -0.99653 255 255 0
17.1930 -8.0780 -49.2270 0.14931 -0.02471 -0.98848 255 255 0
16.5020 -8.0960 -49.3160 0.10945 -0.02875 -0.99358 255 255 0
18.2140 -12.5070 -48.4970 0.50217 -0.22402 -0.83524 255 255 0
17.5590 -12.4500 -48.7870 0.30848 -0.14885 -0.93951 255 255 0
18.0880 -11.2370 -48.7860 0.34602 -0.13144 -0.92897 255 255 0
18.7890 -9.3290 -48.7760 0.41457 -0.10814 -0.90357 255 255 0
18.5500 -12.6430 -48.1940 0.67196 -0.28711 -0.68267 255 255 0
18.7390 -12.7800 -47.8760 0.81919 -0.33815 -0.46323 255 255 0
17.3100 -16.4310 -47.4990 0.83029 -0.41039 -0.37710 255 255 0
18.1500 -14.8870 -46.9080 0.90295 -0.38670 -0.18748 255 255 0
15.4980 -13.7700 -49.1030 0.16651 -0.08819 -0.98209 255 255 0
13.9920 -19.3940 -48.8140 0.35179 -0.19960 -0.91455 255 255 0
17.0900 -10.3110 -49.1470 0.18701 -0.07381 -0.97958 255 255 0
15.2680 -12.7760 -49.2120 0.11146 -0.07314 -0.99107 255 255 0
13.5510 -12.4350 -49.4030 0.08360 -0.05207 -0.99514 255 255 0
15.3920 -11.3030 -49.2940 0.09667 -0.06005 -0.99350 255 255 0
15.7080 -10.8610 -49.2870 0.11051 -0.04364 -0.99292 255 255 0
13.8710 -10.0250 -49.4810 0.06352 -0.03326 -0.99743 255 255 0
15.6200 -8.8690 -49.4000 0.10138 -0.03397 -0.99427 255 255 0
11.2140 -12.0690 -49.5410 0.03858 -0.03057 -0.99879 255 255 0
18.9930 -12.3730 -47.6520 0.88871 -0.32570 -0.32267 255 255 0
19.2350 -12.8320 -42.9480 0.93545 -0.34834 -0.06004 255 255 0
19.3780 -11.7640 -47.0060 0.93375 -0.31979 -0.16077 255 255 0
15.8990 -18.3830 -48.1220 0.68352 -0.38386 -0.62084 255 255 0
14.3300 -21.3110 -47.5830 0.76441 -0.56061 -0.31841 255 255 0
17.3040 -16.7220 -46.5170 0.88465 -0.45709 -0.09204 255 255 0
12.9730 -19.5320 -49.0600 0.20220 -0.12426 -0.97143 255 255 0
10.9720 -18.4750 -49.3830 0.08575 -0.04612 -0.99525 255 255 0
10.0950 -18.0010 -49.4620 0.05960 -0.03238 -0.99770 255 255 0
12.6520 -13.0250 -49.4490 0.07195 -0.03189 -0.99690 255 255 0
12.0980 -19.1800 -49.2270 0.13042 -0.07668 -0.98849 255 255 0
11.4480 -18.9470 -49.3160 0.09184 -0.06618 -0.99357 255 255 0
11.4520 -23.6780 -48.4970 0.38809 -0.38885 -0.83557 255 255 0
10.8600 -23.3900 -48.7870 0.23395 -0.25020 -0.93950 255 255 0
11.7920 -22.4480 -48.7860 0.27488 -0.24730 -0.92913 255 255 0
13.1350 -20.9230 -48.7760 0.34273 -0.25268 -0.90481 255 255 0
11.7150 -23.9270 -48.1940 0.52443 -0.50977 -0.68199 255 255 0
11.8410 -24.1230 -47.8760 0.64224 -0.61054 -0.46343 255 255 0
9.2840 -26.8960 -47.5430 0.65359 -0.68124 -0.32974 255 255 0
10.4720 -25.9570 -46.8070 0.69187 -0.70551 -0.15354 255 255 0
5.2720 -30.0080 -47.8930 0.50828 -0.72893 -0.45859 255 255 0
8.4630 -23.8750 -49.1030 0.12341 -0.14239 -0.98209 255 255 0
5.0270 -28.5750 -48.8140 0.25230 -0.31002 -0.91664 255 255 0
11.1960 -21.2250 -49.1470 0.14775 -0.13640 -0.97957 255 255 0
8.6060 -22.8660 -49.2120 0.07748 -0.10845 -0.99108 255 255 0
7.1290 -21.9270 -49.4030 0.05914 -0.07875 -0.99514 255 255 0
9.2540 -21.5370 -49.2940 0.06849 -0.09089 -0.99350 255 255 0
9.7110 -21.2360 -49.2870 0.08730 -0.08034 -0.99294 255 255 0
8.2980 -19.7960 -49.4810 0.04723 -0.05396 -0.99743 255 255 0
10.3460 -19.3490 -49.4000 0.08227 -0.06827 -0.99427 255 255 0
5.0820 -20.7420 -49.5410 0.02492 -0.04245 -0.99879 255 255 0
12.2260 -23.8350 -47.6520 0.71190 -0.62520 -0.31988 255 255 0
12.8670 -23.3280 -47.0360 0.75768 -0.62562 -0.18580 255 255 0
8.2710 -27.4820 -48.0620 0.50052 -0.58953 -0.63398 255 255 0
4.3080 -30.5800 -47.7760 0.43827 -0.81276 -0.38384 255 255 0
8.9090 -27.4310 -46.4470 0.68575 -0.72255 -0.08761 255 255 0
4.8540 -30.4500 -47.0360 0.55664 -0.82071 -0.12882 255 255 0
4.0260 -28.3350 -49.0600 0.12977 -0.21421 -0.96813 255 255 0
2.5420 -26.6280 -49.3830 0.06693 -0.06434 -0.99568 255 255 0
1.8960 -25.8690 -49.4620 0.04255 -0.05241 -0.99772 255 255 0
6.0770 -22.1530 -49.4490 0.05557 -0.05574 -0.99690 255 255 0
3.3370 -27.6920 -49.2270 0.10255 -0.11612 -0.98793 255 255 0
2.8160 -27.2390 -49.3160 0.08949 -0.07970 -0.99279 255 255 0
1.1100 -31.6520 -48.4970 0.20354 -0.48526 -0.85035 255 255 0
0.6620 -31.1700 -48.7870 -0.09886 -0.52008 -0.84838 255 255 0
2.1750 -30.5010 -48.7800 0.17913 -0.28974 -0.94019 255 255 0
1.2650 -31.9790 -48.1940 0.34584 -0.66976 -0.65713 255 255 0
0.9570 -32.5070 -47.7010 0.42161 -0.83233 -0.35983 255 255 0
-0.5420 -33.3790 -46.8490 0.33772 -0.93516 -0.10685 255 255 0
-0.8310 -33.6850 -43.7620 0.38480 -0.92154 -0.05196 255 255 0
-1.1240 -33.4150 -47.9170 0.30500 -0.78829 -0.53440 255 255 0
-0.2080 -30.5000 -49.0510 0.07638 -0.22952 -0.97030 255 255 0
1.4180 -29.4950 -49.1310 0.11694 -0.18450 -0.97585 255 255 0
-0.9290 -29.6670 -49.2260 -0.01109 -0.19007 -0.98171 255 255 0
1.3870 -28.0990 -49.3190 0.01828 -0.16724 -0.98575 255 255 0
0.7560 -27.9830 -49.3610 0.02912 -0.10270 -0.99429 255 255 0
1.8600 -27.8960 -49.3520 0.06555 -0.13056 -0.98927 255 255 0
-3.7690 -26.6140 -49.5410 0.00232 -0.05492 -0.99849 255 255 0
-1.4200 -26.9760 -49.4820 0.01881 -0.05894 -0.99808 255 255 0
0.0220 -26.2000 -49.5050 0.02406 -0.05429 -0.99824 255 255 0
1.7750 -32.0790 -47.6520 0.45556 -0.79581 -0.39893 255 255 0
2.6120 -31.8000 -47.0800 0.48207 -0.84999 -0.21243 255 255 0
3.8250 -31.1660 -46.2580 0.51255 -0.85578 -0.07025 255 255 0
-4.1490 -34.3840 -47.9900 0.29706 -0.73574 -0.60864 255 255 0
-7.8200 -35.5550 -47.6110 0.17477 -0.91292 -0.36884 255 255 0
-4.6950 -34.7300 -47.8690 0.29159 -0.82642 -0.48168 255 255 0
-2.1430 -34.0620 -46.4370 0.37107 -0.92252 -0.10610 255 255 0
-3.3140 -34.4750 -46.4880 0.31847 -0.93874 -0.13170 255 255 0
-6.6680 -33.8730 -48.8260 0.12792 -0.38749 -0.91295 255 255 0
-7.4970 -33.3130 -49.0600 0.04300 -0.24401 -0.96882 255 255 0
-8.2640 -31.1840 -49.3830 0.03914 -0.08409 -0.99569 255 255 0
-8.5920 -30.2430 -49.4620 0.02100 -0.06412 -0.99772 255 255 0
-3.1280 -28.2890 -49.4400 0.02767 -0.07848 -0.99653 255 255 0
-7.9070 -32.4640 -49.2270 0.05335 -0.14534 -0.98794 255 255 0
-8.2300 -31.8530 -49.3160 0.05439 -0.10661 -0.99281 255 255 0
-11.4150 -35.3520 -48.4970 0.00763 -0.53519 -0.84470 255 255 0
-11.6580 -34.7410 -48.7870 -0.28062 -0.44929 -0.84817 255 255 0
-10.0060 -34.6630 -48.7800 0.05331 -0.34128 -0.93845 255 255 0
-11.3880 -35.7130 -48.1940 0.05272 -0.73531 -0.67568 255 255 0
-11.4260 -35.9430 -47.8760 0.06860 -0.89142 -0.44796 255 255 0
-15.0320 -36.2110 -47.6600 0.01558 -0.92362 -0.38299 255 255 0
-13.5780 -36.3660 -46.8480 0.04939 -0.98409 -0.17064 255 255 0
-18.7480 -35.9990 -47.9270 -0.07499 -0.86138 -0.50239 255 255 0
-12.2260 -33.8020 -49.0510 -0.01171 -0.24165 -0.97029 255 255 0
-10.3480 -33.4520 -49.1310 0.03788 -0.21292 -0.97633 255 255 0
-12.5980 -32.7650 -49.2260 -0.07922 -0.17336 -0.98167 255 255 0
-9.8720 -32.1390 -49.3190 -0.04334 -0.16253 -0.98575 255 255 0
-10.4190 -31.8030 -49.3610 -0.00991 -0.10627 -0.99429 255 255 0
-9.3590 -32.1200 -49.3520 0.01383 -0.14375 -0.98952 255 255 0
-14.1430 -28.8910 -49.5410 -0.01765 -0.05203 -0.99849 255 255 0
-12.0840 -30.0780 -49.4820 -0.00375 -0.06176 -0.99808 255 255 0
-10.4590 -29.8750 -49.5050 0.00283 -0.05932 -0.99824 255 255 0
-10.7120 -35.9570 -47.6850 0.11656 -0.91279 -0.39144 255 255 0
-10.7240 -36.1470 -46.9010 0.10937 -0.98317 -0.14637 255 255 0
-16.3300 -36.0200 -48.0620 -0.02640 -0.79476 -0.60634 255 255 0
-21.3460 -35.6400 -47.7760 -0.18521 -0.89756 -0.40011 255 255 0
-20.1770 -36.0090 -47.0740 -0.12265 -0.97994 -0.15711 255 255 0
-16.7990 -36.3790 -46.4720 -0.04931 -0.99015 -0.13106 255 255 0
-20.9370 -35.9320 -46.7450 -0.16753 -0.97866 -0.11897 255 255 0
-19.4690 -34.6130 -48.8260 -0.02374 -0.39702 -0.91750 255 255 0
-20.0400 -33.7910 -49.0600 -0.05007 -0.24460 -0.96833 255 255 0
-19.9860 -31.5300 -49.3830 0.00611 -0.09252 -0.99569 255 255 0
-19.9520 -30.5330 -49.4620 -0.00357 -0.06735 -0.99772 255 255 0
-14.1510 -30.6850 -49.4400 -0.00255 -0.08317 -0.99653 255 255 0
-20.1150 -32.8520 -49.2270 -0.00277 -0.15489 -0.98793 255 255 0
-20.1960 -32.1660 -49.3160 0.01220 -0.11911 -0.99281 255 255 0
-24.4300 -34.2780 -48.4970 -0.18095 -0.49736 -0.84846 255 255 0
-24.4350 -33.6200 -48.7870 -0.41821 -0.31808 -0.85084 255 255 0
-22.8670 -34.1440 -48.7800 -0.06283 -0.33453 -0.94029 255 255 0
-24.5350 -34.6240 -48.1940 -0.20805 -0.72347 -0.65826 255 255 0
-25.1190 -34.8070 -47.7010 -0.27140 -0.88287 -0.38326 255 255 0
-26.9800 -34.3960 -46.7790 -0.32890 -0.93037 -0.16200 255 255 0
-29.8760 -32.9010 -48.0070 -0.34500 -0.74473 -0.57127 255 255 0
-24.6290 -32.5380 -49.0510 -0.09816 -0.22111 -0.97030 255 255 0
-22.7480 -32.8910 -49.1310 -0.03785 -0.21516 -0.97585 255 255 0
-24.6010 -31.4370 -49.2260 -0.13673 -0.13304 -0.98163 255 255 0
-21.8310 -31.8390 -49.3190 -0.09926 -0.13588 -0.98574 255 255 0
-22.2190 -31.3280 -49.3610 -0.04768 -0.09551 -0.99429 255 255 0
-21.3460 -32.0070 -49.3520 -0.03958 -0.14062 -0.98927 255 255 0
-24.6400 -27.2670 -49.5410 -0.03548 -0.04197 -0.99849 255 255 0
-23.1490 -29.1180 -49.4820 -0.02581 -0.05623 -0.99808 255 255 0
-21.5620 -29.5150 -49.5050 -0.01882 -0.05632 -0.99824 255 255 0
-24.2250 -35.0410 -47.6520 -0.19833 -0.89522 -0.39906 255 255 0
-23.4400 -35.3950 -47.0770 -0.21488 -0.95354 -0.21115 255 255 0
-30.1590 -32.7530 -47.9900 -0.30359 -0.74858 -0.58946 255 255 0
-33.5380 -31.2580 -47.5170 -0.48822 -0.80604 -0.33457 255 255 0
-30.5280 -32.7740 -47.8710 -0.27960 -0.83097 -0.48095 255 255 0
-28.6100 -33.7980 -46.4860 -0.37151 -0.91883 -0.13315 255 255 0
-31.6730 -30.6790 -48.8260 -0.16719 -0.37189 -0.91310 255 255 0
-31.9090 -29.7070 -49.0600 -0.13259 -0.20935 -0.96881 255 255 0
-31.0420 -27.6170 -49.3830 -0.02771 -0.08853 -0.99569 255 255 0
-30.6500 -26.7000 -49.4620 -0.02766 -0.06151 -0.99772 255 255 0
-25.2950 -28.9380 -49.4400 -0.03243 -0.07663 -0.99653 255 255 0
-31.6390 -28.8030 -49.2270 -0.05832 -0.14333 -0.98795 255 255 0
-31.4670 -28.1340 -49.3160 -0.03159 -0.11553 -0.99280 255 255 0
-36.1780 -28.5750 -48.4970 -0.35751 -0.40042 -0.84371 255 255 0
-35.9450 -27.9590 -48.7870 -0.50845 -0.14330 -0.84908 255 255 0
-34.6730 -29.0140 -48.7800 -0.19045 -0.28809 -0.93848 255 255 0
-36.4010 -28.8600 -48.1940 -0.45962 -0.57529 -0.67660 255 255 0
-36.5850 -29.0040 -47.8760 -0.54857 -0.70264 -0.45317 255 255 0
-39.5830 -26.7130 -47.5430 -0.62370 -0.70892 -0.32930 255 255 0
-38.4590 -27.8660 -46.8480 -0.63665 -0.75477 -0.15809 255 255 0
-42.9740 -23.0810 -47.9010 -0.66186 -0.57744 -0.47802 255 255 0
-35.7320 -26.8830 -49.0510 -0.17136 -0.17075 -0.97030 255 255 0
-34.1090 -27.8890 -49.1310 -0.11551 -0.18287 -0.97633 255 255 0
-35.3100 -25.8640 -49.2260 -0.17590 -0.07466 -0.98157 255 255 0
-32.8740 -27.2390 -49.3190 -0.14145 -0.09093 -0.98576 255 255 0
-33.0510 -26.6230 -49.3610 -0.07896 -0.07186 -0.99428 255 255 0
-32.4810 -27.5720 -49.3520 -0.08661 -0.11562 -0.98951 255 255 0
-33.8420 -21.9610 -49.5410 -0.04812 -0.02655 -0.99849 255 255 0
-33.1190 -24.2260 -49.4820 -0.04439 -0.04311 -0.99808 255 255 0
-31.7830 -25.1700 -49.5050 -0.03787 -0.04574 -0.99824 255 255 0
-36.0660 -29.4950 -47.6850 -0.52724 -0.75392 -0.39196 255 255 0
-36.1830 -29.6400 -46.9070 -0.58012 -0.80136 -0.14587 255 255 0
-40.2590 -25.7580 -48.0620 -0.55175 -0.56226 -0.61599 255 255 0
-41.5110 -24.9570 -47.0360 -0.70657 -0.68511 -0.17718 255 255 0
-43.1730 -23.0770 -47.0220 -0.59049 -0.80210 -0.08923 255 255 0
-40.3210 -26.2260 -46.4450 -0.67445 -0.73277 -0.09036 255 255 0
-41.1270 -25.4170 -46.5130 -0.70427 -0.70120 -0.11101 255 255 0
-43.8840 -22.1280 -47.4820 -0.78885 -0.54030 -0.29291 255 255 0
-41.6320 -22.6020 -48.8260 -0.28381 -0.27798 -0.91770 255 255 0
-41.5000 -21.6100 -49.0600 -0.19288 -0.15522 -0.96887 255 255 0
-39.6610 -19.5540 -49.4280 -0.06352 -0.05817 -0.99628 255 255 0
-35.0560 -23.2820 -49.4400 -0.05774 -0.05965 -0.99655 255 255 0
-40.8550 -20.7000 -49.2520 -0.09688 -0.09867 -0.99039 255 255 0
-38.7530 -18.6180 -49.5100 -0.03764 -0.03813 -0.99856 255 255 0
-45.0720 -19.0130 -48.4970 -0.48238 -0.25652 -0.83756 255 255 0
-44.6330 -18.5220 -48.7870 -0.30737 -0.14944 -0.93978 255 255 0
-43.8270 -19.9670 -48.7800 -0.28181 -0.19605 -0.93923 255 255 0
-45.3840 -19.1970 -48.1940 -0.63741 -0.36615 -0.67797 255 255 0
-45.6070 -19.2660 -47.8760 -0.75992 -0.45580 -0.46343 255 255 0
-47.5230 -16.2470 -47.4630 -0.87649 -0.44681 -0.17926 255 255 0
-46.9440 -17.5280 -46.8480 -0.86246 -0.48601 -0.14128 255 255 0
-49.3590 -11.6850 -47.8710 -0.82935 -0.30172 -0.47025 255 255 0
-44.0800 -15.1620 -49.2420 -0.13443 -0.06850 -0.98855 255 255 0
-42.8860 -13.4040 -49.4250 -0.06313 -0.04423 -0.99702 255 255 0
-45.3870 -16.2550 -48.8850 -0.25630 -0.13181 -0.95757 255 255 0
-42.4070 -19.1690 -49.2190 -0.16026 -0.10267 -0.98172 255 255 0
-42.8380 -17.4890 -49.2480 -0.08091 -0.03904 -0.99596 255 255 0
-41.5090 -18.9610 -49.3190 -0.09788 -0.00449 -0.99519 255 255 0
-41.1870 -16.4440 -49.4400 -0.06805 -0.02897 -0.99726 255 255 0
-41.7840 -19.8520 -49.2360 -0.15077 -0.11046 -0.98238 255 255 0
-40.5050 -13.6900 -49.5410 -0.05100 -0.01893 -0.99852 255 255 0
-39.9950 -16.2040 -49.5190 -0.05275 -0.02320 -0.99834 255 255 0
-39.7440 -17.4250 -49.5050 -0.06165 -0.02565 -0.99777 255 255 0
-45.3010 -19.9110 -47.6850 -0.76791 -0.50975 -0.38791 255 255 0
-45.2240 -20.3360 -46.9750 -0.82347 -0.54769 -0.14809 255 255 0
-47.3560 -16.3490 -47.9540 -0.72748 -0.43129 -0.53362 255 255 0
-49.7590 -10.6050 -47.5830 -0.91602 -0.23923 -0.32198 255 255 0
-48.8510 -13.4030 -47.0790 -0.92019 -0.36135 -0.15057 255 255 0
-48.1820 -15.0950 -46.5370 -0.90684 -0.40439 -0.11882 255 255 0
-48.0010 -11.4730 -48.8260 -0.36277 -0.16393 -0.91735 255 255 0
-47.7080 -10.7330 -48.9980 -0.25545 -0.08326 -0.96323 255 255 0
-46.5890 -9.9800 -49.2520 -0.10506 -0.04519 -0.99344 255 255 0
-45.0610 -9.3430 -49.4280 -0.08207 -0.02933 -0.99620 255 255 0
-40.9410 -11.4650 -49.5690 -0.03371 -0.03300 -0.99889 255 255 0
-49.9120 -6.8830 -48.4970 -0.53220 -0.05692 -0.84470 255 255 0
-49.3260 -6.5850 -48.7870 -0.47211 0.23463 -0.84974 255 255 0
-49.0960 -8.2230 -48.7800 -0.33476 -0.08453 -0.93850 255 255 0
-50.2690 -6.9430 -48.1940 -0.72704 -0.12014 -0.67600 255 255 0
-50.5020 -6.9260 -47.8760 -0.88129 -0.15041 -0.44800 255 255 0
-51.1010 -3.3610 -47.6600 -0.91821 -0.10113 -0.38297 255 255 0
-51.1210 -4.8220 -46.8480 -0.97418 -0.14190 -0.17561 255 255 0
-51.2870 -0.5030 -47.8640 -0.88839 -0.02793 -0.45823 255 255 0
-48.4430 -5.9290 -49.0510 -0.24166 -0.01071 -0.97030 255 255 0
-47.9210 -7.7700 -49.1310 -0.21038 -0.04130 -0.97675 255 255 0
-47.4450 -5.4640 -49.2260 -0.17994 0.06298 -0.98166 255 255 0
-46.5710 -8.1220 -49.3190 -0.11375 -0.02449 -0.99321 255 255 0
-46.2860 -7.5470 -49.3610 -0.10308 -0.01207 -0.99460 255 255 0
-47.0930 -9.7440 -49.2070 -0.18428 -0.05169 -0.98151 255 255 0
-43.7300 -3.5690 -49.5410 -0.05346 0.01281 -0.99849 255 255 0
-44.7220 -5.7300 -49.4820 -0.06185 -0.00196 -0.99808 255 255 0
-44.3700 -7.3270 -49.5050 -0.05869 -0.00518 -0.99826 255 255 0
-44.8190 -7.9980 -49.4710 -0.07117 -0.01469 -0.99736 255 255 0
-50.4500 -7.6380 -47.6850 -0.90322 -0.19403 -0.38282 255 255 0
-50.5320 -8.0620 -46.9710 -0.96493 -0.21436 -0.15153 255 255 0
-51.0310 -2.0510 -48.0620 -0.79103 -0.05472 -0.60933 255 255 0
-51.3720 2.0060 -47.0480 -0.98440 0.04028 -0.17126 255 255 0
-51.3440 2.2520 -47.0830 -0.97413 0.09249 -0.20619 255 255 0
-49.9200 1.2060 -48.8260 -0.39757 -0.01296 -0.91748 255 255 0
-49.1540 1.8490 -49.0600 -0.24889 0.01694 -0.96838 255 255 0
-46.4090 2.1290 -49.4280 -0.08613 -0.00021 -0.99628 255 255 0
-45.5170 -3.7280 -49.4400 -0.08285 -0.00518 -0.99655 255 255 0
-48.0640 2.0870 -49.2520 -0.13804 -0.00764 -0.99040 255 255 0
-45.1080 2.2100 -49.5100 -0.05352 -0.00282 -0.99856 255 255 0
-50.0430 6.1760 -48.4970 -0.52072 0.12442 -0.84461 255 255 0
-49.3890 6.2420 -48.7870 -0.32810 0.09675 -0.93968 255 255 0
-49.7660 4.6310 -48.7800 -0.33797 0.03680 -0.94044 255 255 0
-50.3980 6.2490 -48.1940 -0.74243 0.13029 -0.65713 255 255 0
-50.6330 6.8130 -47.7010 -0.91015 0.17139 -0.37716 255 255 0
-50.4170 8.5280 -46.9080 -0.95396 0.26779 -0.13511 255 255 0
-50.4540 8.6260 -46.2110 -0.96795 0.23910 -0.07678 255 255 0
-49.9970 9.3270 -47.9290 -0.80216 0.23243 -0.55001 255 255 0
-47.8670 14.5110 -48.2560 -0.65771 0.22445 -0.71905 255 255 0
-46.7160 8.3520 -49.2420 -0.14549 0.03996 -0.98855 255 255 0
-44.6480 8.8480 -49.4250 -0.07643 0.00986 -0.99703 255 255 0
-48.4180 8.4240 -48.8850 -0.27816 0.07529 -0.95758 255 255 0
-48.1790 4.2640 -49.2190 -0.18961 0.03087 -0.98137 255 255 0
-47.3650 5.7960 -49.2480 -0.08604 0.02565 -0.99596 255 255 0
-47.3750 3.8130 -49.3190 -0.07540 0.06261 -0.99519 255 255 0
-45.4420 5.4570 -49.4400 -0.06982 0.02440 -0.99726 255 255 0
-48.1790 3.3380 -49.2360 -0.18828 0.02094 -0.98189 255 255 0
-43.0820 7.0320 -49.5410 -0.05045 0.02037 -0.99852 255 255 0
-44.3980 4.8330 -49.5190 -0.05462 0.01843 -0.99834 255 255 0
-45.0370 3.7590 -49.5050 -0.06286 0.02258 -0.99777 255 255 0
-50.7840 5.9010 -47.6520 -0.91455 0.12389 -0.38502 255 255 0
-50.9910 5.8220 -46.8610 -0.97862 0.15141 -0.13920 255 255 0
-47.6030 15.8040 -47.7760 -0.79749 0.40880 -0.44372 255 255 0
-48.6030 14.0580 -47.0590 -0.90209 0.38686 -0.19125 255 255 0
-48.7640 13.1060 -47.8920 -0.78802 0.29188 -0.54207 255 255 0
-47.1280 13.7210 -48.8260 -0.40385 0.13329 -0.90506 255 255 0
-46.4130 14.0700 -48.9980 -0.23526 0.09819 -0.96696 255 255 0
-45.8270 13.9610 -49.1300 -0.18783 0.07694 -0.97918 255 255 0
-45.0790 13.8720 -49.2520 -0.12699 0.04243 -0.99100 255 255 0
-43.5210 13.3140 -49.4280 -0.07894 0.03193 -0.99637 255 255 0
-41.9050 8.9700 -49.5690 -0.04753 -0.00160 -0.99887 255 255 0
-45.4480 18.4000 -48.4970 -0.45643 0.29767 -0.83849 255 255 0
-44.8140 18.2250 -48.7870 -0.27723 0.20367 -0.93897 255 255 0
-45.7470 16.8610 -48.7800 -0.33704 0.19559 -0.92095 255 255 0
-45.7530 18.5960 -48.1940 -0.63872 0.38760 -0.66468 255 255 0
-45.9550 19.2760 -46.9190 -0.83251 0.53194 -0.15482 255 255 0
-42.6320 23.2630 -48.0070 -0.62345 0.53443 -0.57070 255 255 0
-42.5460 19.1430 -49.1030 -0.14607 0.11444 -0.98263 255 255 0
-40.0320 24.3940 -48.8140 -0.31356 0.26349 -0.91228 255 255 0
-44.5740 16.4040 -49.1310 -0.17507 0.11645 -0.97765 255 255 0
-42.6680 17.7880 -49.2260 -0.08422 0.09306 -0.99209 255 255 0
-43.8140 15.2330 -49.3190 -0.09706 0.05924 -0.99351 255 255 0
-43.2160 15.4660 -49.3610 -0.08411 0.06120 -0.99458 255 255 0
-44.7330 15.0850 -49.2360 -0.15006 0.07938 -0.98549 255 255 0
-41.5540 16.0190 -49.4440 -0.06097 0.05019 -0.99688 255 255 0
-40.6210 15.1690 -49.5180 -0.03979 0.03819 -0.99848 255 255 0
-41.6530 14.3370 -49.5050 -0.04790 0.03758 -0.99814 255 255 0
-45.9070 18.9700 -47.7070 -0.77451 0.48480 -0.40633 255 255 0
-42.4170 23.4900 -47.9900 -0.63043 0.53985 -0.55778 255 255 0
-39.6930 26.4980 -47.7760 -0.47257 0.80961 -0.34815 255 255 0
-41.0110 25.4930 -46.9800 -0.71098 0.68933 -0.13903 255 255 0
-39.8880 26.5790 -47.0290 -0.60832 0.76802 -0.20020 255 255 0
-39.0050 24.3420 -49.0600 -0.16697 0.18664 -0.96813 255 255 0
-37.2320 22.9370 -49.3830 -0.07759 0.05095 -0.99568 255 255 0
-36.4580 22.3090 -49.4620 -0.05028 0.04386 -0.99777 255 255 0
-39.8850 17.8890 -49.4490 -0.06514 0.04835 -0.99670 255 255 0
-38.2090 23.8360 -49.2270 -0.12213 0.09522 -0.98794 255 255 0
-37.6140 23.4870 -49.3160 -0.10262 0.06195 -0.99279 255 255 0
-35.5090 21.6280 -49.5310 -0.03780 0.03566 -0.99865 255 255 0
-36.7480 28.1390 -48.4970 -0.28718 0.44334 -0.84910 255 255 0
-36.2190 27.7470 -48.7870 -0.00008 0.52746 -0.84958 255 255 0
-37.5830 26.8110 -48.7800 -0.22910 0.25177 -0.94028 255 255 0
-36.9610 28.4320 -48.1950 -0.45255 0.60229 -0.65761 255 255 0
-36.7540 29.0070 -47.7010 -0.52756 0.74280 -0.41223 255 255 0
-36.9040 29.1390 -46.9190 -0.58680 0.79570 -0.15008 255 255 0
-32.3640 31.6560 -48.0070 -0.38950 0.72041 -0.57384 255 255 0
-35.2390 27.2490 -49.0510 -0.11788 0.21190 -0.97016 255 255 0
-30.8640 27.0780 -49.3700 -0.05239 0.07789 -0.99558 255 255 0
-29.7660 24.5340 -49.5530 -0.02764 0.04241 -0.99872 255 255 0
-36.6540 25.9620 -49.1310 -0.14885 0.15989 -0.97585 255 255 0
-32.4640 25.9940 -49.3850 -0.04445 0.08559 -0.99534 255 255 0
-34.3780 26.5630 -49.2260 -0.04073 0.16961 -0.98467 255 255 0
-36.3680 24.5950 -49.3190 -0.04864 0.16099 -0.98576 255 255 0
-35.7260 24.5970 -49.3610 -0.04739 0.09549 -0.99430 255 255 0
-36.7940 24.3090 -49.3520 -0.08838 0.11625 -0.98928 255 255 0
-33.4020 24.0070 -49.4820 -0.02509 0.05793 -0.99801 255 255 0
-34.6750 22.9800 -49.5050 -0.03362 0.04865 -0.99825 255 255 0
-31.7300 22.3670 -49.5970 -0.01907 0.03884 -0.99906 255 255 0
-37.4800 28.4360 -47.6520 -0.59835 0.70501 -0.38071 255 255 0
-35.8150 30.0110 -45.1640 -0.56402 0.82419 -0.05079 255 255 0
-32.0780 31.7920 -47.9900 -0.38880 0.73542 -0.55497 255 255 0
-29.5100 31.7510 -48.8260 -0.19490 0.35801 -0.91315 255 255 0
-28.5920 31.3520 -49.0600 -0.09348 0.23036 -0.96861 255 255 0
-27.8930 30.3290 -49.2720 -0.07094 0.11619 -0.99069 255 255 0
-27.4860 29.3430 -49.3850 -0.04937 0.08062 -0.99552 255 255 0
-27.2310 26.2170 -49.5580 -0.02463 0.03598 -0.99905 255 255 0
-27.0290 28.8950 -49.4390 -0.05547 0.05912 -0.99671 255 255 0
-25.1160 34.0770 -48.4970 -0.11986 0.52266 -0.84408 255 255 0
-24.7640 33.5210 -48.7870 -0.06185 0.33987 -0.93844 255 255 0
-26.3750 33.1410 -48.7800 -0.11734 0.31992 -0.94015 255 255 0
-25.2090 34.4270 -48.1940 -0.21048 0.72468 -0.65615 255 255 0
-24.9460 34.8390 -47.7040 -0.25173 0.89317 -0.37267 255 255 0
-23.1770 35.4710 -46.8480 -0.21667 0.96625 -0.13933 255 255 0
-21.8180 35.5020 -47.9420 -0.14217 0.81541 -0.56116 255 255 0
-18.3960 36.0520 -47.9020 -0.10967 0.78169 -0.61395 255 255 0
-20.9900 32.9480 -49.0950 -0.03136 0.18079 -0.98302 255 255 0
-22.3730 33.6260 -48.8850 -0.05870 0.27245 -0.96038 255 255 0
-26.0250 31.5510 -49.2190 -0.06140 0.18458 -0.98090 255 255 0
-26.8790 30.9950 -49.2590 -0.06442 0.17323 -0.98277 255 255 0
-24.0680 31.1820 -49.2970 -0.01457 0.10821 -0.99402 255 255 0
-26.7520 29.5110 -49.4260 -0.07686 0.08583 -0.99334 255 255 0
-21.5380 29.0090 -49.4990 0.00943 0.04709 -0.99885 255 255 0
-23.9330 28.2210 -49.5290 -0.00566 0.05233 -0.99861 255 255 0
-24.3280 29.1810 -49.4660 0.00310 0.07918 -0.99686 255 255 0
-24.8560 28.5460 -49.5050 -0.01089 0.06114 -0.99807 255 255 0
-26.4100 34.5580 -47.0060 -0.31046 0.93747 -0.15734 255 255 0
-19.4160 35.9770 -47.7800 -0.11556 0.85685 -0.50245 255 255 0
-18.3590 36.2290 -47.0070 -0.11818 0.98678 -0.11091 255 255 0
-20.7370 35.9680 -46.4590 -0.19262 0.97465 -0.11384 255 255 0
-20.3980 36.0160 -46.4990 -0.12380 0.98674 -0.10496 255 255 0
-15.3510 36.4010 -46.6470 -0.00015 0.99081 -0.13525 255 255 0
-20.9200 34.1820 -48.8020 -0.05971 0.37766 -0.92402 255 255 0
-16.1610 33.6110 -49.1650 -0.01930 0.17894 -0.98367 255 255 0
-15.9880 31.8950 -49.3830 -0.01749 0.09383 -0.99543 255 255 0
-20.2560 30.5210 -49.4150 -0.01729 0.08529 -0.99621 255 255 0
-18.9880 28.0370 -49.5690 -0.01742 0.04442 -0.99886 255 255 0
-15.6230 34.6950 -48.9400 -0.03247 0.37398 -0.92687 255 255 0
-15.4860 31.0270 -49.4580 -0.00505 0.07088 -0.99747 255 255 0
-9.6870 24.7350 -49.6820 0.05714 0.04222 -0.99747 255 255 0
-4.3380 27.3980 -49.5470 0.01710 0.04391 -0.99889 255 255 0
-1.9030 33.9330 -46.7560 0.36173 0.92656 -0.10314 255 255 0
-1.9330 33.8550 -47.2870 0.36926 0.90311 -0.21918 255 255 0
-2.7940 32.8470 -48.7910 0.14378 0.38835 -0.91022 255 255 0
-2.5960 25.6680 -49.5720 0.02645 0.03705 -0.99896 255 255 0
-1.1130 21.1280 -49.6810 0.06615 0.01924 -0.99762 255 255 0
4.8370 21.6780 -49.5470 0.03181 0.03477 -0.99889 255 255 0
9.4510 26.8740 -47.0220 0.67723 0.72576 -0.12097 255 255 0
9.0580 26.1910 -48.5470 0.40246 0.43688 -0.80446 255 255 0
5.8360 19.4370 -49.5720 0.03804 0.02500 -0.99896 255 255 0
5.5790 14.6670 -49.6810 0.06859 -0.00594 -0.99763 255 255 0
17.5480 16.2290 -46.4690 0.89940 0.42459 -0.10397 255 255 0
17.2950 16.2970 -47.7270 0.84633 0.39390 -0.35855 255 255 0
17.0270 16.0630 -48.2760 0.63216 0.31444 -0.70817 255 255 0
9.4860 6.2250 -49.6820 0.05398 -0.02054 -0.99833 255 255 0
14.2530 2.6220 -49.5470 0.04693 0.00424 -0.99889 255 255 0
20.6700 7.1700 47.9600 0.95303 0.20158 0.22606 255 255 0
20.4130 3.1130 -48.5470 0.59052 0.05115 -0.80540 255 255 0
13.4820 0.2930 -49.5720 0.04504 -0.00712 -0.99896 255 255 0
10.0780 -3.0590 -49.6820 0.04712 -0.05255 -0.99751 255 255 0
19.4420 -11.4470 48.4060 0.89766 -0.30486 0.31823 255 255 0
20.7570 -7.7960 47.0820 0.95542 -0.21989 0.19704 255 255 0
21.7440 -0.9770 46.6330 0.99117 -0.03086 0.12895 255 255 0
19.9190 -9.9540 -47.0780 0.93923 -0.28386 -0.19305 255 255 0
19.6270 -9.4550 -48.2160 0.72081 -0.21280 -0.65966 255 255 0
7.2780 -11.9290 -49.6820 0.02607 -0.05149 -0.99833 255 255 0
14.7720 -21.5490 46.2820 0.79410 -0.58576 0.16217 255 255 0
15.9350 -18.8590 48.6230 0.82626 -0.48033 0.29425 255 255 0
13.9920 -21.9360 -46.7560 0.79637 -0.59766 -0.09273 255 255 0
13.8720 -21.3420 -48.2160 0.59511 -0.45215 -0.66438 255 255 0
1.4620 -19.1890 -49.6820 0.00571 -0.05742 -0.99833 255 255 0
0.3620 -25.0630 -49.5470 0.02472 -0.04012 -0.99889 255 255 0
3.4910 -30.4920 -48.5030 0.30605 -0.54368 -0.78150 255 255 0
-2.0680 -25.4100 -49.5720 0.01371 -0.04350 -0.99896 255 255 0
-6.5840 -23.8580 -49.6820 -0.02608 -0.06565 -0.99750 255 255 0
-9.7310 -28.9380 -49.5470 0.00855 -0.04635 -0.99889 255 255 0
-8.7530 -36.0130 47.4140 0.16791 -0.96605 0.19633 255 255 0
-4.2130 -35.0620 47.0250 0.29275 -0.93443 0.20281 255 255 0
-8.3680 -35.7390 -47.0780 0.17256 -0.97595 -0.13319 255 255 0
-8.6730 -35.0250 -48.5470 0.10423 -0.58054 -0.80753 255 255 0
-12.1220 -28.3840 -49.5720 -0.00293 -0.04551 -0.99896 255 255 0
-15.7730 -25.3050 -49.6820 -0.04815 -0.05183 -0.99749 255 255 0
-20.5430 -28.9050 -49.5470 -0.00876 -0.04631 -0.99889 255 255 0
-18.1230 -36.1450 48.6140 -0.07832 -0.95547 0.28452 255 255 0
-21.7440 -35.8220 -46.0490 -0.19374 -0.97956 -0.05403 255 255 0
-21.7400 -35.7980 -46.4680 -0.19694 -0.97766 -0.07349 255 255 0
-21.8890 -35.0250 -48.5030 -0.13603 -0.61098 -0.77987 255 255 0
-22.5730 -27.5240 -49.5720 -0.01919 -0.04128 -0.99896 255 255 0
-24.8640 -23.3350 -49.6810 -0.06158 -0.03105 -0.99762 255 255 0
-30.6120 -24.9680 -49.5470 -0.02489 -0.04002 -0.99889 255 255 0
-30.9720 -32.5940 48.6140 -0.42125 -0.86109 0.28475 255 255 0
-34.2320 -30.9840 -46.0480 -0.51279 -0.85637 -0.06058 255 255 0
-34.2070 -30.9440 -46.7560 -0.52271 -0.84684 -0.09813 255 255 0
-34.1630 -30.8740 -47.2870 -0.55209 -0.81852 -0.15881 255 255 0
-33.9320 -30.1790 -48.5470 -0.31597 -0.50639 -0.80233 255 255 0
-32.0070 -22.9480 -49.5720 -0.03283 -0.03166 -0.99896 255 255 0
-32.6300 -18.2130 -49.6820 -0.07037 -0.00591 -0.99750 255 255 0
-44.1220 -21.9580 -46.2080 -0.78006 -0.62302 -0.05795 255 255 0
-44.0840 -21.9290 -46.8230 -0.81793 -0.56627 -0.10167 255 255 0
-44.0250 -21.8840 -47.2870 -0.85896 -0.50565 -0.08060 255 255 0
-43.5580 -21.3200 -48.5470 -0.48033 -0.34681 -0.80561 255 255 0
-38.2820 -10.7230 -49.6730 -0.03349 -0.00977 -0.99939 255 255 0
-43.3690 -7.9680 -49.5470 -0.04274 -0.01321 -0.99900 255 255 0
-50.0590 -10.1280 -45.9680 -0.95111 -0.30206 -0.06448 255 255 0
-50.0270 -9.9560 -47.0220 -0.95529 -0.26788 -0.12515 255 255 0
-49.3340 -9.5830 -48.5470 -0.57540 -0.15425 -0.80320 255 255 0
-43.0390 -5.5350 -49.5720 -0.04559 -0.00128 -0.99896 255 255 0
-40.3100 -1.6160 -49.6820 -0.05609 0.04324 -0.99749 255 255 0
-51.3080 3.3570 -46.4670 -0.99123 0.10377 -0.08185 255 255 0
-51.1250 2.8410 -47.7720 -0.91184 0.08520 -0.40160 255 255 0
-50.5530 3.5760 -48.5030 -0.61165 0.06637 -0.78834 255 255 0
-39.4410 7.7270 -49.6730 -0.03195 0.01068 -0.99943 255 255 0
-47.9280 15.5550 -47.0780 -0.89072 0.42497 -0.16128 255 255 0
-46.6270 15.2300 -48.7910 -0.37939 0.18357 -0.90685 255 255 0
-39.4680 14.1500 -49.5880 -0.03244 0.02780 -0.99909 255 255 0
-36.4790 15.9040 -49.6310 -0.03157 0.02511 -0.99919 255 255 0
-34.2780 18.4680 -49.6490 -0.03070 0.01928 -0.99934 255 255 0
-39.4800 27.0370 -46.0040 -0.66875 0.74148 -0.05458 255 255 0
-39.5810 26.9080 -46.4690 -0.66270 0.74561 -0.06993 255 255 0
-38.8760 26.5610 -48.5030 -0.42365 0.48513 -0.76497 255 255 0
-32.7070 22.0150 -49.5880 -0.02306 0.03616 -0.99908 255 255 0
-31.4620 32.3440 48.6140 -0.43438 0.85488 0.28373 255 255 0
-28.2570 33.7390 -47.6990 -0.32629 0.87032 -0.36888 255 255 0
-27.6710 33.3740 -48.5030 -0.21359 0.57138 -0.79241 255 255 0
-19.0740 36.6380 46.0830 -0.06312 0.99243 0.10537 255 255 0
-15.0490 37.1260 -29.5720 -0.00505 0.99962 -0.02710 255 255 0
-14.4830 37.2510 -24.8020 0.01324 0.99970 -0.02078 255 255 0
-14.7680 37.3800 -17.5530 0.00693 0.99991 -0.01189 255 255 0
-15.0490 37.4750 -7.0510 0.00613 0.99997 -0.00371 255 255 0
-14.4520 37.4960 2.8400 0.01695 0.99986 0.00114 255 255 0
-15.0490 37.5000 5.1980 -0.00207 1.00000 0.00043 255 255 0
-15.0490 37.4970 11.7420 -0.00375 0.99999 0.00129 255 255 0
-0.6790 34.5630 32.5570 0.39830 0.91722 0.00846 255 255 0
-1.2150 34.8460 -3.0550 0.36461 0.93116 -0.00264 255 255 0
-1.1520 34.6480 -20.7600 0.38399 0.92320 -0.01603 255 255 0
-1.5790 34.7680 -23.0970 0.36782 0.92962 -0.02262 255 255 0
10.1800 27.6720 31.0640 0.67667 0.73560 0.03198 255 255 0
10.8120 27.1170 28.9370 0.67587 0.73696 -0.00978 255 255 0
18.4190 15.8570 44.1310 0.89493 0.43751 0.08765 255 255 0
18.6470 16.4040 27.8910 0.90058 0.43467 0.00461 255 255 0
18.4450 16.8550 18.7830 0.89122 0.45356 0.00050 255 255 0
18.5200 16.7120 11.8230 0.89378 0.44851 0.00115 255 255 0
18.2000 17.2490 -10.7870 0.88785 0.46000 -0.01151 255 255 0
21.3840 4.4940 46.7450 0.93196 0.33254 0.14447 255 255 0
22.6510 3.0600 17.8440 0.98811 0.13824 -0.06727 255 255 0
22.3640 3.4170 10.8050 0.99524 0.09434 -0.02423 255 255 0
22.5400 3.2600 -17.0730 0.98043 0.17853 0.08298 255 255 0
22.5570 3.2870 -21.4560 0.53854 0.83760 0.09164 255 255 0
21.4800 -9.8990 17.9640 0.91191 -0.39044 -0.12642 255 255 0
21.1400 -9.7580 -32.3810 0.87676 -0.41778 -0.23822 255 255 0
15.4030 -21.3300 41.8950 0.81033 -0.58251 0.06358 255 255 0
14.5950 -22.8900 31.0910 0.79305 -0.60913 0.00651 255 255 0
14.6810 -22.8540 17.7310 0.79328 -0.60885 0.00067 255 255 0
14.8970 -22.5710 -1.5570 0.79699 -0.60398 -0.00332 255 255 0
15.5320 -21.5020 -18.6180 0.81949 -0.57289 -0.01511 255 255 0
14.5080 -22.8680 -18.7160 0.78918 -0.61393 -0.01683 255 255 0
2.9430 -32.2960 44.5660 0.50323 -0.85278 0.13975 255 255 0
2.8980 -32.9170 28.7480 0.47463 -0.88015 0.00785 255 255 0
4.5230 -31.9870 15.9270 0.52386 -0.85180 0.00006 255 255 0
4.4180 -32.0560 0.3310 0.51708 -0.85594 -0.00049 255 255 0
4.6160 -31.7620 -19.4130 0.48968 -0.87173 -0.01736 255 255 0
4.0640 -31.6870 -33.5160 0.51283 -0.85782 -0.03378 255 255 0
-7.1860 -36.3150 42.3400 0.20860 -0.97572 0.06683 255 255 0
-7.9990 -36.8200 25.8200 0.18563 -0.98261 0.00479 255 255 0
-8.5210 -36.9260 22.3980 0.17529 -0.98451 0.00180 255 255 0
-8.2930 -36.8920 7.9350 0.17808 -0.98401 -0.00183 255 255 0
-9.0230 -36.9250 -16.7410 0.16116 -0.98681 -0.01518 255 255 0
-21.9980 -36.8470 23.7380 -0.18991 -0.98180 0.00150 255 255 0
-35.9370 -30.5030 44.5660 -0.54138 -0.83196 0.12147 255 255 0
-34.7670 -31.8330 31.8580 -0.52970 -0.84812 0.01094 255 255 0
-35.0450 -31.7290 10.2660 -0.53239 -0.84650 0.00015 255 255 0
-35.0180 -31.7360 -3.4910 -0.53251 -0.84642 -0.00316 255 255 0
-34.7360 -31.7990 -16.4100 -0.52901 -0.84852 -0.01303 255 255 0
-34.9680 -31.5960 -20.0590 -0.53546 -0.84438 -0.01740 255 255 0
-45.0540 -22.4900 19.1740 -0.79832 -0.60223 0.00074 255 255 0
-44.7240 -22.9370 4.6840 -0.78964 -0.61357 0.00057 255 255 0
-45.1380 -22.3750 -2.7370 -0.80543 -0.59268 -0.00291 255 255 0
-45.4580 -21.8220 -14.7800 -0.80714 -0.59029 -0.00957 255 255 0
-50.9990 -10.4700 31.7020 -0.96102 -0.27607 0.01525 255 255 0
-51.2310 -9.8450 19.9630 -0.96301 -0.26946 -0.00038 255 255 0
-51.2110 -9.9460 4.0940 -0.96387 -0.26637 -0.00037 255 255 0
-51.0940 -9.8590 -18.6220 -0.96558 -0.25965 -0.01527 255 255 0
-50.7530 -10.0600 -30.8120 -0.96095 -0.27496 -0.03117 255 255 0
-52.4450 2.8390 2.0800 -0.99726 0.07401 -0.00096 255 255 0
-52.2740 3.8000 -15.1090 -0.99495 0.09960 -0.01259 255 255 0
-48.2380 17.3820 29.8750 -0.88493 0.46572 0.00103 255 255 0
-48.7520 16.3990 -7.4890 -0.89778 0.44041 -0.00534 255 255 0
-48.3610 16.4950 -28.2360 -0.89624 0.44286 -0.02518 255 255 0
-40.2710 27.6650 31.8280 -0.67537 0.73730 0.01616 255 255 0
-39.4750 28.4680 2.1750 -0.65407 0.75644 0.00009 255 255 0
-40.2580 27.6500 -14.5620 -0.67551 0.73726 -0.01177 255 255 0
-39.9060 27.8060 -22.6470 -0.66606 0.74556 -0.02245 255 255 0
-28.1980 35.1160 14.1470 -0.35466 0.93500 0.00004 255 255 0
-28.4430 35.0230 12.9730 -0.36231 0.93205 0.00151 255 255 0
-29.1780 34.6420 -15.2420 -0.38311 0.92356 -0.01649 255 255 0
-27.8800 35.0760 -19.8430 -0.34340 0.93904 -0.01672 255 255 0
-28.6580 34.6700 -25.0360 -0.37039 0.92861 -0.02222 255 255 0
-25.4990 35.4640 -34.6010 -0.27828 0.95941 -0.04570 255 255 0
-23.0160 36.1560 -32.7810 -0.21337 0.97653 -0.02924 255 255 0
-26.7780 35.6180 -0.1030 -0.31370 0.94952 -0.00108 255 255 0
-17.3220 37.3860 32.1870 -0.06601 0.99769 0.01603 255 255 0
-34.1530 32.1910 32.1500 -0.51892 0.85481 0.00565 255 255 0
-45.6510 21.5900 -13.8930 -0.81268 0.58263 -0.00963 255 255 0
-47.2690 19.1780 22.7060 -0.85854 0.51275 0.00112 255 255 0
-44.8840 22.7090 16.4010 -0.79246 0.60993 -0.00073 255 255 0
-43.1610 24.8160 9.8070 -0.74975 0.66172 0.00067 255 255 0
-45.7530 21.2970 36.2510 -0.82849 0.55967 0.01945 255 255 0
-50.8380 9.8980 -29.8390 -0.96315 0.26735 -0.02956 255 255 0
-51.9490 0.2120 -36.3580 -0.99922 0.00548 -0.03921 255 255 0
-52.0960 -5.0660 -17.1090 -0.98916 -0.14562 -0.01863 255 255 0
-51.9030 -6.9350 0.8960 -0.98341 -0.18140 -0.00076 255 255 0
-52.5480 0.7510 -3.5480 -0.99979 0.02013 -0.00380 255 255 0
-52.4500 2.2770 29.8820 -0.99810 0.06121 0.00630 255 255 0
-47.8580 -17.2040 -32.3240 -0.88717 -0.46017 -0.03419 255 255 0
-48.4380 -15.6920 -36.4330 -0.90745 -0.41830 -0.03960 255 255 0
-48.0720 -17.5860 -15.7450 -0.88401 -0.46729 -0.01274 255 255 0
-47.6410 -18.3620 33.9750 -0.86433 -0.50260 0.01795 255 255 0
-40.8290 -26.5490 -33.5040 -0.69318 -0.71976 -0.03806 255 255 0
-38.5470 -29.2250 -0.9300 -0.62323 -0.78203 -0.00154 255 255 0
-40.8860 -27.1790 -0.5400 -0.68309 -0.73033 -0.00196 255 255 0
-36.4220 -30.8150 12.9810 -0.57133 -0.82072 0.00128 255 255 0
-37.8510 -29.6980 32.6670 -0.61568 -0.78749 0.02839 255 255 0
-41.1680 -26.7540 36.3060 -0.69851 -0.71518 0.02459 255 255 0
-42.8140 -25.0720 33.9800 -0.74223 -0.66985 0.02003 255 255 0
-25.5150 -35.6420 -29.2090 -0.28254 -0.95917 -0.01275 255 255 0
-27.7020 -35.3010 16.3340 -0.33989 -0.94046 0.00020 255 255 0
-29.9050 -34.3930 30.3990 -0.39004 -0.92073 0.01153 255 255 0
-12.6620 -37.4280 2.4990 0.05360 -0.99856 -0.00376 255 255 0
-17.2710 -37.3870 32.7610 -0.06582 -0.99772 0.01492 255 255 0
-20.8490 -36.9900 31.9870 -0.15447 -0.98795 0.00928 255 255 0
-3.5510 -35.6930 16.6610 0.30885 -0.95111 0.00024 255 255 0
-1.6950 -34.8500 39.1180 0.35864 -0.93268 0.03847 255 255 0
8.0800 -29.5200 -2.1850 0.61311 -0.79000 -0.00111 255 255 0
12.6240 -25.3030 22.6740 0.73609 -0.67687 0.00323 255 255 0
7.2510 -30.1530 10.6510 0.60155 -0.79883 0.00101 255 255 0
9.2880 -28.3890 36.1790 0.65596 -0.75446 0.02257 255 255 0
6.0190 -30.9790 30.4650 0.55902 -0.82912 0.00753 255 255 0
21.2070 -9.9710 -30.4520 0.56019 -0.82587 -0.06425 255 255 0
15.5580 -20.6560 -35.7580 0.82627 -0.56169 -0.04220 255 255 0
20.2250 -12.9230 -16.3560 0.92124 -0.38899 0.00255 255 255 0
15.6680 -21.5120 15.9440 0.81811 -0.57506 0.00003 255 255 0
18.5690 -16.6400 30.8580 0.88656 -0.46240 0.01424 255 255 0
16.6650 -19.8480 34.0300 0.84553 -0.53357 0.01984 255 255 0
22.2810 -2.2520 -32.8660 0.30486 0.07295 -0.94960 255 255 0
21.6400 -7.5270 -32.6980 0.75831 -0.24173 -0.60542 255 255 0
21.3070 -8.8980 -32.6900 0.86731 -0.29320 -0.40224 255 255 0
22.4580 -0.5430 4.9610 0.99994 -0.01096 -0.00285 255 255 0
22.7050 -0.9960 17.3700 0.78928 0.03659 -0.61294 255 255 0
22.5590 -3.0250 17.2750 0.70592 -0.04358 -0.70695 255 255 0
21.8720 -7.9950 17.3180 0.93059 -0.23949 -0.27685 255 255 0
22.3920 -4.8410 33.8340 0.52942 -0.11784 0.84014 255 255 0
20.7960 11.0470 6.0910 0.96528 0.25769 0.04280 255 255 0
21.3540 8.9740 -4.6850 0.96975 0.24411 -0.00027 255 255 0
21.6050 8.1930 32.0780 0.96724 0.25321 0.01808 255 255 0
16.4710 20.3050 18.8110 0.84233 0.53896 0.00096 255 255 0
14.5090 22.9970 32.8080 0.82037 0.57095 0.03178 255 255 0
-9.3610 36.9620 -16.2050 0.12315 0.99239 0.00249 255 255 0
-7.0230 36.5090 -17.7310 0.21299 0.97695 -0.01437 255 255 0
-3.7980 35.7750 5.3880 0.29984 0.95399 -0.00088 255 255 0
-6.1810 36.3650 33.4120 0.23803 0.97109 0.01811 255 255 0
43.9400 1.2830 -17.1510 0.02644 0.99894 0.03765 255 255 0
44.3120 -11.7370 14.8470 -0.09664 -0.99532 -0.00125 255 255 0
41.7000 -10.3490 13.3120 -0.65395 -0.71134 -0.25757 255 255 0
39.2590 -3.4020 -13.5650 -0.73305 0.22450 0.64205 255 255 0
40.2170 -7.9970 -12.1260 -0.79766 -0.36547 0.47976 255 255 0
40.3060 -8.4110 -12.2720 -0.82339 -0.30749 0.47695 255 255 0
40.6250 -9.6070 -13.1060 -0.61963 -0.71185 0.33066 255 255 0
41.1120 -0.6200 14.6380 -0.61500 0.69031 -0.38112 255 255 0
41.2830 -2.4790 11.6960 -0.60719 0.46871 -0.64159 255 255 0
35.3190 0.1610 -30.2030 0.18710 0.77426 -0.60458 255 255 0
41.8050 0.0260 -27.3930 0.41711 0.73844 -0.52984 255 255 0
45.6530 -0.4880 -24.0730 0.38422 0.76961 -0.50998 255 255 0
25.2590 -8.8730 -29.8470 -0.05952 -0.87951 -0.47214 255 255 0
35.4800 0.5020 -19.1960 -0.09525 0.82934 0.55056 255 255 0
21.4360 -9.8700 -17.5480 0.81593 -0.56094 0.14003 255 255 0
30.2130 0.5400 20.2140 0.06973 0.77191 -0.63190 255 255 0
32.1180 -0.1310 19.6780 -0.03433 0.73801 -0.67392 255 255 0
37.6010 -1.0900 17.4220 -0.40054 0.58508 -0.70516 255 255 0
24.6270 -8.4040 20.0840 -0.02370 -0.79486 -0.60632 255 255 0
22.8810 -8.4260 19.7650 0.36861 -0.70327 -0.60790 255 255 0
22.0500 -9.0330 19.2870 0.91695 -0.18860 -0.35162 255 255 0
21.6170 -9.5990 18.1170 0.92346 -0.30839 -0.22830 255 255 0
29.5170 0.7210 31.2120 0.01604 0.82025 0.57178 255 255 0
31.1960 -0.4250 32.2310 0.08129 0.54936 0.83162 255 255 0
42.4580 -10.1980 10.4970 -0.73986 -0.64107 -0.20405 255 255 0
50.6550 -10.2570 5.3200 0.74241 -0.66882 0.03888 255 255 0
49.8090 -8.9190 -15.8790 0.83868 -0.48697 -0.24387 255 255 0
-15.2010 33.6260 38.7120 -0.00520 -0.99961 -0.02756 255 255 0
-15.0490 33.6710 45.1470 0.00897 -0.99945 0.03191 255 255 0
-15.0490 33.9100 47.5690 0.03690 -0.98540 0.16623 255 255 0
-2.9570 31.2100 -33.8950 -0.35793 -0.93356 0.01874 255 255 0
-3.6470 29.4270 -40.8810 -0.17365 -0.61851 0.76635 255 255 0
2.7800 21.0790 -43.2480 -0.18366 -0.30829 0.93339 255 255 0
-1.6290 21.8720 -43.6820 -0.15206 -0.23982 0.95884 255 255 0
1.6630 20.3730 -43.5870 -0.14048 -0.24942 0.95815 255 255 0
7.5050 24.7380 -33.6330 -0.67000 -0.74211 0.01920 255 255 0
5.6640 13.7690 -43.8740 -0.18965 -0.13972 0.97186 255 255 0
8.1180 12.8490 -43.5080 -0.23222 -0.18185 0.95551 255 255 0
11.3590 -6.8680 -43.0600 -0.37145 0.11004 0.92191 255 255 0
7.9960 -7.3070 -43.9810 -0.23751 0.19257 0.95211 255 255 0
4.2060 -11.5260 -44.3490 -0.19133 0.07676 0.97852 255 255 0
6.7770 -14.9620 -43.4880 -0.31642 0.03416 0.94800 255 255 0
1.3830 -16.3570 -44.2470 -0.13532 0.15893 0.97797 255 255 0
0.0550 -21.1610 -43.6700 -0.20231 0.18369 0.96194 255 255 0
-0.2360 -25.2000 -42.6010 -0.20303 0.43375 0.87786 255 255 0
-6.7040 -22.7180 -44.0290 -0.09217 0.21129 0.97307 255 255 0
-9.1550 -32.9590 -33.6450 -0.18258 0.98310 0.01329 255 255 0
-14.9920 -23.2270 -44.2500 0.00596 0.21277 0.97708 255 255 0
-19.5510 -27.7530 -43.0720 0.02135 0.38912 0.92094 255 255 0
-20.4530 -33.0470 -33.5190 0.16246 0.98663 0.01307 255 255 0
-22.0420 -30.6750 -40.9670 0.21860 0.69961 0.68026 255 255 0
-24.1850 -22.4110 -44.0290 0.07118 0.19511 0.97820 255 255 0
-26.2320 -23.2520 -43.6770 0.08733 0.24525 0.96552 255 255 0
-29.6860 -18.4970 -44.2040 0.12091 0.29020 0.94930 255 255 0
-31.6620 -17.5980 -44.0290 0.15020 0.17351 0.97331 255 255 0
-33.8750 -17.6430 -43.6770 0.16584 0.20558 0.96449 255 255 0
-39.9860 -21.9990 -37.2820 0.74712 0.63567 0.19427 255 255 0
-35.3780 -11.9620 -44.2040 0.19042 0.08700 0.97784 255 255 0
-36.8970 -10.4080 -44.0290 0.20273 0.10756 0.97331 255 255 0
-38.9770 -9.6500 -43.6770 0.22893 0.13183 0.96447 255 255 0
-47.2510 -9.1660 -33.3430 0.96149 0.27453 0.01335 255 255 0
-38.3250 -3.8110 -44.2040 0.20898 0.01229 0.97784 255 255 0
-39.1800 -1.8130 -44.0290 0.22789 0.02703 0.97331 255 255 0
-40.8450 -0.3560 -43.6770 0.26105 0.04020 0.96449 255 255 0
-46.2350 4.1310 -40.9670 0.71683 -0.15312 0.68022 255 255 0
-38.1290 4.8550 -44.2040 0.19934 -0.06401 0.97784 255 255 0
-38.2050 7.0260 -44.0290 0.22228 -0.05712 0.97331 255 255 0
-39.2310 8.9860 -43.6770 0.25799 -0.05685 0.96447 255 255 0
-44.8910 15.1800 -33.3780 0.89628 -0.44296 0.02152 255 255 0
-45.9040 12.3780 -37.2700 0.91059 -0.35851 0.20566 255 255 0
-34.8150 12.8650 -44.2040 0.16276 -0.13174 0.97783 255 255 0
-34.1020 14.9160 -44.0290 0.18668 -0.13355 0.97330 255 255 0
-34.3510 17.1150 -43.6770 0.22006 -0.14617 0.96447 255 255 0
-37.4900 24.6140 -36.6540 0.66575 -0.73380 0.13531 255 255 0
-35.3110 24.0620 -40.9670 0.41799 -0.58955 0.69117 255 255 0
-27.5750 20.7250 -44.0220 0.14611 -0.19061 0.97073 255 255 0
-26.8630 22.9320 -43.6770 0.15356 -0.21604 0.96423 255 255 0
-25.6130 25.9300 -43.1190 0.16057 -0.33769 0.92746 255 255 0
-27.1420 31.2150 -33.6360 0.37150 -0.92829 0.01651 255 255 0
-16.1880 27.7410 -43.1710 0.07607 -0.36621 0.92742 255 255 0
-15.0490 33.4700 -34.1960 -0.00240 -0.99958 0.02897 255 255 0
-14.8300 33.7000 -16.4120 -0.00688 -0.99991 0.01188 255 255 0
-15.3550 33.7270 -14.2690 0.01556 -0.99982 0.01125 255 255 0
-15.2970 33.8030 0.1820 0.00661 -0.99998 0.00099 255 255 0
-15.1870 33.8020 13.2870 0.00382 -0.99999 -0.00070 255 255 0
-15.3220 33.7700 29.5680 0.00747 -0.99994 -0.00750 255 255 0
-2.9100 31.3340 42.5710 -0.36299 -0.93179 0.00123 255 255 0
-2.9040 31.3470 39.4140 -0.36261 -0.93187 -0.01162 255 255 0
-2.8510 31.4830 29.9840 -0.35035 -0.93662 -0.00123 255 255 0
-0.9510 30.7490 27.4760 -0.41764 -0.90860 -0.00403 255 255 0
-2.8520 31.4810 -10.2640 -0.35755 -0.93387 0.00667 255 255 0
-2.5820 31.1840 -24.2050 -0.36717 -0.93003 0.01543 255 255 0
-2.9300 31.2790 -26.6900 -0.36164 -0.93221 0.01396 255 255 0
8.1810 24.5520 46.8400 -0.67928 -0.72388 0.12076 255 255 0
6.4080 25.9570 44.8380 -0.68269 -0.73001 -0.03203 255 255 0
7.8210 24.8560 28.5810 -0.67602 -0.73686 -0.00563 255 255 0
7.8410 24.8690 22.1340 -0.67694 -0.73603 -0.00212 255 255 0
8.0200 24.7060 20.9870 -0.68324 -0.73019 -0.00046 255 255 0
8.0070 24.7200 15.0920 -0.68130 -0.73200 -0.00120 255 255 0
7.9710 24.7600 8.3250 -0.68048 -0.73277 -0.00010 255 255 0
6.8800 25.7280 -3.0780 -0.64820 -0.76145 0.00519 255 255 0
7.4630 25.1920 -6.6830 -0.66383 -0.74788 0.00312 255 255 0
7.5290 25.0000 -17.7690 -0.66888 -0.74326 0.01265 255 255 0
15.1810 14.9460 45.7990 -0.86893 -0.49076 0.06414 255 255 0
15.1170 14.8440 42.6130 -0.90035 -0.43160 -0.05568 255 255 0
15.3670 14.6040 33.4040 -0.89614 -0.44341 -0.01785 255 255 0
15.3060 14.8960 10.6930 -0.89501 -0.44604 -0.00020 255 255 0
15.2840 14.9440 4.7900 -0.89630 -0.44346 0.00071 255 255 0
15.2650 14.9680 -0.1870 -0.89143 -0.45314 0.00409 255 255 0
15.1630 14.9500 -17.1570 -0.89144 -0.45295 0.01298 255 255 0
23.1440 1.5010 29.9580 -0.05335 -0.99567 -0.07610 255 255 0
23.0610 1.6040 26.2160 -0.05275 -0.99860 -0.00336 255 255 0
22.9120 1.5690 23.1510 -0.04981 -0.99769 0.04616 255 255 0
19.9930 4.1330 15.6880 -0.91618 -0.36800 0.15873 255 255 0
18.8660 3.1320 -2.1250 -0.99203 -0.12558 -0.01072 255 255 0
18.9670 2.7510 -4.2070 -0.99179 -0.12770 -0.00649 255 255 0
22.8750 1.5610 -25.7870 0.00613 -0.99984 0.01680 255 255 0
22.7190 1.3870 -30.8400 -0.62337 -0.76496 0.16202 255 255 0
17.7460 -9.1280 47.1190 -0.95389 0.26877 0.13364 255 255 0
17.4960 -11.2670 39.1540 -0.87113 0.45928 -0.17375 255 255 0
22.1930 -8.5040 27.6020 0.07587 0.99685 -0.02323 255 255 0
21.9050 -8.4450 22.3580 0.13566 0.98249 -0.12773 255 255 0
18.1790 -8.8640 8.6750 -0.93187 0.33880 0.12978 255 255 0
17.8530 -8.9710 4.2370 -0.94715 0.31958 0.02769 255 255 0
21.4270 -8.1750 -18.0540 -0.57519 0.69768 -0.42708 255 255 0
21.7490 -8.3760 -20.9790 0.09558 0.99487 -0.03306 255 255 0
21.8270 -8.4350 -22.9250 0.18217 0.98318 -0.01313 255 255 0
21.9520 -8.4200 -27.3950 0.07653 0.99598 0.04656 255 255 0
13.7650 -17.6460 45.4410 -0.86402 0.50225 0.03490 255 255 0
11.4800 -20.6860 38.7730 -0.78635 0.61768 -0.01131 255 255 0
12.3090 -19.7960 31.7280 -0.79225 0.60993 -0.01783 255 255 0
12.1160 -20.1190 26.7630 -0.79765 0.60311 -0.00318 255 255 0
11.9450 -20.3600 16.1750 -0.79112 0.61166 0.00042 255 255 0
12.0090 -20.2450 -6.3450 -0.80225 0.59695 0.00716 255 255 0
11.5150 -20.8710 -9.2060 -0.78717 0.61672 0.00494 255 255 0
11.8080 -20.4270 -13.9000 -0.79308 0.60897 0.01324 255 255 0
11.2680 -21.0530 -17.3550 -0.77724 0.62904 0.01420 255 255 0
10.8960 -21.2110 -31.8400 -0.77128 0.63636 0.01320 255 255 0
2.0810 -28.9480 44.1160 -0.51805 0.85419 0.04448 255 255 0
2.5930 -28.7630 32.5280 -0.52369 0.85178 -0.01467 255 255 0
2.8680 -28.6670 18.7130 -0.51946 0.85449 -0.00065 255 255 0
2.7370 -28.7270 -6.7970 -0.52411 0.85163 0.00554 255 255 0
2.7070 -28.6870 -13.8680 -0.52101 0.85348 0.01065 255 255 0
3.0630 -28.4100 -17.6550 -0.53531 0.84453 0.01472 255 255 0
2.6360 -28.5650 -23.6340 -0.51495 0.85702 0.01856 255 255 0
2.0530 -28.8280 -29.2740 -0.51015 0.86002 0.01095 255 255 0
-8.8170 -33.3380 47.5700 -0.21751 0.96175 0.16652 255 255 0
-8.8750 -33.0270 41.9760 -0.18047 0.98356 0.00592 255 255 0
-8.2360 -33.0110 34.8790 -0.19706 0.98021 -0.01873 255 255 0
-8.5290 -33.1730 14.8200 -0.19388 0.98103 -0.00061 255 255 0
-8.9880 -33.2590 -1.1380 -0.17626 0.98434 0.00175 255 255 0
-8.4590 -33.0990 -12.8170 -0.18602 0.98251 0.00827 255 255 0
-8.8500 -33.1650 -13.4430 -0.17619 0.98430 0.01019 255 255 0
-9.1950 -33.1940 -16.5850 -0.17637 0.98426 0.01108 255 255 0
-8.8580 -32.9810 -26.3260 -0.18453 0.98271 0.01549 255 255 0
-21.2750 -33.2970 47.3230 0.15063 0.97612 0.15653 255 255 0
-21.2250 -33.0470 43.4310 0.18236 0.98308 0.01721 255 255 0
-21.2260 -33.0470 39.5550 0.18790 0.98212 -0.01189 255 255 0
-21.4280 -33.1980 19.6390 0.18983 0.98182 -0.00137 255 255 0
-20.9340 -33.2920 15.3170 0.17091 0.98529 -0.00019 255 255 0
-21.4410 -33.2020 7.7240 0.18943 0.98189 -0.00016 255 255 0
-21.4260 -33.2040 2.6540 0.19211 0.98137 0.00027 255 255 0
-21.2950 -33.2200 -4.6960 0.18137 0.98341 0.00302 255 255 0
-21.5320 -33.0800 -16.2580 0.18809 0.98206 0.01355 255 255 0
-21.2340 -33.0900 -19.4710 0.18390 0.98287 0.01237 255 255 0
-21.5730 -32.9740 -22.7260 0.18956 0.98175 0.01538 255 255 0
-21.2150 -32.9900 -25.9680 0.17757 0.98399 0.01498 255 255 0
-33.3240 -28.2380 44.1160 0.53316 0.84503 0.04085 255 255 0
-31.4250 -29.3650 42.3840 0.50266 0.86448 0.00177 255 255 0
-32.6190 -28.7550 35.0460 0.52541 0.85066 -0.01781 255 255 0
-32.8430 -28.7420 18.6140 0.52454 0.85138 -0.00352 255 255 0
-33.1340 -28.5650 18.4620 0.53235 0.84650 -0.00667 255 255 0
-33.3100 -28.4550 11.2500 0.54050 0.84135 -0.00052 255 255 0
-33.4540 -28.3680 4.5470 0.54514 0.83834 0.00051 255 255 0
-32.8260 -28.7140 -9.6080 0.52891 0.84865 0.00624 255 255 0
-33.1320 -28.4990 -12.2410 0.53345 0.84576 0.01100 255 255 0
-33.0560 -28.4940 -16.4300 0.52529 0.85077 0.01634 255 255 0
-42.2890 -19.7310 44.1160 0.80376 0.59364 0.03958 255 255 0
-41.8760 -20.2630 39.3710 0.80204 0.59689 -0.02128 255 255 0
-41.9940 -20.3520 30.3710 0.79633 0.60476 -0.01148 255 255 0
-42.0240 -20.3730 19.9090 0.80373 0.59499 -0.00133 255 255 0
-42.4150 -19.8620 3.8140 0.80861 0.58834 0.00117 255 255 0
-42.0200 -20.3710 -3.1760 0.79940 0.60080 0.00322 255 255 0
-41.9650 -20.3290 -14.3350 0.80002 0.59988 0.01010 255 255 0
-42.5210 -19.1950 -29.6910 0.81923 0.57346 0.00006 255 255 0
-47.6280 -9.2700 47.3230 0.94097 0.30021 0.15638 255 255 0
-47.3620 -9.1950 42.5740 0.96216 0.27242 0.00550 255 255 0
-47.5520 -9.1400 30.5990 0.96020 0.27913 -0.00997 255 255 0
-47.5120 -9.4280 16.7050 0.96049 0.27832 0.00044 255 255 0
-47.7760 -8.1400 -15.7670 0.97180 0.23577 0.00376 255 255 0
-47.1740 -10.0740 -19.5750 0.95438 0.29806 0.01801 255 255 0
-47.3680 -9.0160 -26.3810 0.96196 0.27213 0.02413 255 255 0
-47.2530 -9.4230 -26.3090 0.96082 0.27666 0.01712 255 255 0
-47.2770 -9.1630 -30.0860 0.96187 0.27337 0.00856 255 255 0
-48.4700 3.7710 44.1160 0.99384 -0.09883 0.05021 255 255 0
-48.5430 2.7920 40.0860 0.99545 -0.09184 -0.02553 255 255 0
-48.6180 3.1080 34.0530 0.99395 -0.10756 -0.02214 255 255 0
-48.6850 2.7300 31.9030 0.99651 -0.08285 -0.01059 255 255 0
-48.6630 3.3220 28.5150 0.99491 -0.10067 -0.00447 255 255 0
-48.6860 3.3220 21.8770 0.99530 -0.09686 -0.00101 255 255 0
-48.6900 3.3020 16.1120 0.99595 -0.08992 -0.00178 255 255 0
-48.7130 3.1170 3.2330 0.99569 -0.09269 0.00190 255 255 0
-48.7410 2.7370 -1.8070 0.99652 -0.08331 0.00242 255 255 0
-48.6980 3.1150 -4.8750 0.99335 -0.11494 -0.00627 255 255 0
-48.6240 3.1980 -14.7090 0.99526 -0.09665 0.01095 255 255 0
-48.3560 3.3790 -33.4680 0.99560 -0.09252 0.01450 255 255 0
-45.4060 15.1130 47.5690 0.89858 -0.40589 0.16678 255 255 0
-45.1930 15.0060 45.1450 0.89810 -0.43892 0.02774 255 255 0
-45.1340 14.9780 42.4040 0.89682 -0.44216 0.01433 255 255 0
-45.1360 14.9790 40.3760 0.88518 -0.46480 0.02041 255 255 0
-45.4630 14.6840 29.2140 0.90753 -0.41998 -0.00289 255 255 0
-45.3730 14.9350 15.4330 0.89801 -0.43998 -0.00226 255 255 0
-45.1550 15.3840 6.3790 0.88875 -0.45839 -0.00031 255 255 0
-45.3120 15.0670 2.7750 0.89364 -0.44862 0.01187 255 255 0
-45.2040 15.2790 0.3070 0.89170 -0.45262 0.00164 255 255 0
-45.5760 14.4230 -11.0250 0.90492 -0.42551 0.00764 255 255 0
-45.1130 15.3890 -8.8570 0.89381 -0.44845 0.00106 255 255 0
-44.9860 15.4860 -16.4680 0.88864 -0.45839 0.01379 255 255 0
-45.0790 14.9510 -26.6930 0.89519 -0.44523 0.01994 255 255 0
-37.4780 25.1140 36.2780 0.66777 -0.74400 -0.02362 255 255 0
-37.5740 25.1230 32.0420 0.67351 -0.73913 -0.00866 255 255 0
-37.7760 25.0160 23.6950 0.67453 -0.73825 -0.00287 255 255 0
-38.0010 24.8200 1.8560 0.67867 -0.73445 0.00105 255 255 0
-38.4030 24.4240 -5.5880 0.69289 -0.72103 0.00403 255 255 0
-37.8020 24.9560 -8.7680 0.60276 -0.79496 0.06869 255 255 0
-37.6900 24.8340 -22.7800 0.65834 -0.75245 0.02028 255 255 0
-26.5680 31.5970 44.1160 0.31667 -0.94695 0.05481 255 255 0
-27.1920 31.3420 43.0910 0.36122 -0.93247 0.00426 255 255 0
-27.2590 31.5160 22.2070 0.35939 -0.93318 -0.00234 255 255 0
-27.1440 31.5700 6.8150 0.35484 -0.93493 -0.00093 255 255 0
-27.6200 31.3610 -6.3020 0.37003 -0.92900 0.00645 255 255 0
-26.9840 31.5120 -16.9500 0.35435 -0.93500 0.01420 255 255 0
-18.5840 33.6220 1.2550 0.10531 -0.99444 0.00190 255 255 0
-19.5410 33.4960 27.3260 0.13080 -0.99141 -0.00201 255 255 0
-16.8270 33.6510 34.7520 0.04294 -0.99887 -0.02035 255 255 0
-40.1390 22.2300 -28.9480 0.75030 -0.66094 0.01465 255 255 0
-38.9940 23.7500 33.7470 0.71679 -0.69722 -0.00965 255 255 0
-46.3610 12.7400 -0.7360 0.92697 -0.37513 0.00196 255 255 0
-47.2130 10.1030 34.0470 0.95574 -0.29359 -0.01933 255 255 0
-45.8050 13.7040 37.5430 0.91109 -0.41185 -0.01709 255 255 0
-48.5240 -0.8260 -32.4810 0.99953 0.02801 0.01271 255 255 0
-48.6600 -2.9610 -13.7840 0.99603 0.08849 0.00938 255 255 0
-48.6730 -2.2980 34.9920 0.99719 0.07253 -0.01849 255 255 0
-48.6530 -0.6810 39.9850 0.99985 0.01647 -0.00457 255 255 0
-47.1230 -10.2890 36.3720 0.95443 0.29780 -0.01934 255 255 0
-17.5050 -33.3990 -32.5200 0.07372 0.99728 -0.00005 255 255 0
-4.9190 -31.9210 -32.8930 -0.31801 0.94788 0.01992 255 255 0
6.5730 -25.5650 -33.0220 -0.65066 0.75927 0.01237 255 255 0
5.4090 -26.5140 -32.7480 -0.61427 0.78909 0.00215 255 255 0
3.6430 -27.7970 -32.2630 -0.55493 0.83187 0.00679 255 255 0
6.2440 -26.2610 16.5100 -0.63025 0.77639 0.00032 255 255 0
3.4690 -28.1500 35.4290 -0.55186 0.83380 -0.01484 255 255 0
17.3540 -12.3650 -16.1670 -0.80623 0.58228 -0.10466 255 255 0
13.1610 -18.7100 22.6310 -0.81635 0.57756 0.00059 255 255 0
22.7590 -5.6760 -31.2410 -0.06198 0.09181 0.99385 255 255 0
22.6770 -0.9680 -17.8370 -0.15858 -0.11190 -0.98098 255 255 0
18.9910 -2.9430 0.2410 -0.99585 0.09070 0.00687 255 255 0
18.6460 -5.4810 0.3730 -0.98888 0.14718 0.02154 255 255 0
22.3640 -5.3650 18.5540 -0.13557 0.06232 0.98881 255 255 0
21.8260 -7.8370 18.9530 -0.26341 0.50548 0.82165 255 255 0
23.2390 0.4780 32.2440 -0.66141 -0.52071 -0.53981 255 255 0
23.3120 -3.7770 32.4720 -0.06987 0.00886 -0.99752 255 255 0
22.5460 -7.0890 32.2780 -0.04466 0.13023 -0.99048 255 255 0
17.4450 9.5440 -30.7650 -0.90014 -0.43518 0.01930 255 255 0
20.7890 2.9880 34.7090 -0.86377 -0.41823 -0.28106 255 255 0
12.1740 20.0270 15.9760 -0.80776 -0.58950 -0.00080 255 255 0
6.2900 25.8360 -30.0720 -0.64013 -0.76819 0.01107 255 255 0
-3.5560 31.6970 -15.4640 -0.34365 -0.93903 0.01088 255 255 0
45.3670 -2.5020 19.8990 -0.79281 -0.47754 -0.37868 255 255 0
41.5010 -2.0520 14.9660 0.45386 -0.83715 0.30525 255 255 0
42.6020 -1.3280 -15.5070 -0.05677 -0.99203 -0.11249 255 255 0
41.2050 -8.5670 15.5710 0.43469 0.87164 0.22645 255 255 0
41.8220 -8.9900 -18.3560 0.00101 0.99920 0.03999 255 255 0
45.1900 -2.7790 -19.0340 -0.79483 -0.47901 0.37256 255 255 0
43.6810 -6.1950 -22.1540 -0.79221 0.29577 0.53378 255 255 0
45.7000 -8.3590 -15.4050 -0.62193 0.74461 0.24240 255 255 0
41.0690 -2.5790 -13.4710 0.56329 -0.73732 -0.37290 255 255 0
40.8370 -2.9580 -13.1860 0.57341 -0.71470 -0.40050 255 255 0
40.2550 -4.6780 -12.6150 0.83187 -0.07426 -0.54998 255 255 0
41.2070 -7.9300 -12.7000 0.67077 0.65939 -0.33952 255 255 0
40.7020 -3.1800 14.0630 0.66126 -0.51951 0.54114 255 255 0
40.5830 -3.4380 13.9420 0.55016 -0.50603 0.66427 255 255 0
43.9570 -1.7830 -20.0270 -0.56108 -0.76914 0.30597 255 255 0
35.4590 -1.5830 -18.8970 0.15865 -0.80010 -0.57851 255 255 0
36.4270 -1.8920 -18.1260 0.30036 -0.69605 -0.65215 255 255 0
39.9860 -8.3420 -15.7430 0.42818 0.85384 -0.29600 255 255 0
36.9510 -7.5510 -17.4710 0.45395 0.73639 -0.50165 255 255 0
36.0200 -6.8890 -17.4230 0.35962 0.83873 -0.40890 255 255 0
38.0870 -1.2360 19.5850 0.12378 -0.92812 0.35109 255 255 0
34.2830 -6.0350 18.5300 0.30947 0.38262 0.87054 255 255 0
34.2810 -7.4970 19.8950 0.20974 0.80536 0.55445 255 255 0
39.1940 -1.6130 26.3690 -0.40447 -0.74239 -0.53409 255 255 0
42.4460 -1.8760 23.6170 -0.57087 -0.71624 -0.40138 255 255 0
41.9040 -2.5250 -12.1940 0.54194 -0.73209 -0.41273 255 255 0
44.9790 -1.8500 -5.0180 0.45172 -0.88983 -0.06447 255 255 0
43.2250 -8.2520 -7.1520 0.78580 0.59518 -0.16815 255 255 0
45.5570 -7.8010 18.4450 -0.74188 0.58737 -0.32344 255 255 0
47.0790 -8.3930 11.5010 -0.64863 0.75030 -0.12780 255 255 0
48.4420 -2.4390 5.8630 -0.82000 -0.56937 -0.05845 255 255 0
48.6150 -2.4280 1.0730 -0.78471 -0.60944 0.11316 255 255 0
-13.3780 35.6090 49.7890 -0.00083 0.67019 0.74219 255 255 0
-2.7640 33.2280 49.9050 0.15851 0.40327 0.90125 255 255 0
0.2990 31.2400 49.8060 -0.28888 -0.62340 0.72658 255 255 0
-2.7290 31.7400 48.2630 -0.36132 -0.91558 0.17655 255 255 0
8.4110 26.5460 49.9050 0.29619 0.32427 0.89840 255 255 0
10.5470 23.5890 49.8060 -0.50528 -0.49112 0.70957 255 255 0
7.9050 25.1470 48.2630 -0.65678 -0.72733 0.19906 255 255 0
16.4620 15.9900 49.9620 0.26693 0.15311 0.95148 255 255 0
19.9970 2.4770 49.9650 -0.16266 -0.02161 0.98644 255 255 0
15.5810 -19.1030 49.0820 0.75730 -0.49275 0.42861 255 255 0
12.3890 -20.6900 49.1870 -0.72241 0.52309 0.45221 255 255 0
0.6350 -31.0790 49.8060 -0.28912 0.57043 0.76878 255 255 0
2.8580 -28.9640 48.2630 -0.51147 0.84087 0.17700 255 255 0
-6.1850 -34.4660 49.8280 0.13342 -0.62317 0.77062 255 255 0
-11.6510 -34.6460 49.8060 -0.08681 0.69861 0.71022 255 255 0
-21.0180 -34.9250 49.9050 -0.08173 -0.42523 0.90139 255 255 0
-24.3950 -33.5340 49.8060 0.17169 0.68322 0.70974 255 255 0
-33.2300 -30.4110 49.9050 -0.23007 -0.36775 0.90101 255 255 0
-35.8760 -27.8940 49.8060 0.40668 0.57491 0.70999 255 255 0
-32.9910 -28.9420 48.2640 0.51610 0.83342 0.19763 255 255 0
-42.9880 -21.7890 49.9050 -0.35086 -0.26433 0.89835 255 255 0
-44.5450 -18.4870 49.8060 0.58730 0.39037 0.70900 255 255 0
-42.2330 -20.5070 48.2640 0.78223 0.59077 0.19776 255 255 0
-49.2310 -6.5830 49.8060 0.68825 0.15091 0.70960 255 255 0
-50.3730 2.7200 49.9050 -0.43174 0.04208 0.90101 255 255 0
-49.3000 6.2090 49.8060 0.69608 -0.10774 0.70983 255 255 0
-48.9520 3.1590 48.2630 0.97608 -0.09046 0.19768 255 255 0
-47.0040 15.2950 49.9050 -0.38690 0.19507 0.90126 255 255 0
-44.7430 18.1630 49.8060 0.60994 -0.35191 0.71003 255 255 0
-39.3200 25.8070 49.9050 -0.29071 0.32198 0.90101 255 255 0
-36.1760 27.6630 49.8060 0.44166 -0.54857 0.70994 255 255 0
-37.9740 25.1730 48.2630 0.66028 -0.72443 0.19807 255 255 0
-28.3580 32.8310 49.9050 -0.15467 0.40508 0.90110 255 255 0
-24.7540 33.4260 49.8060 0.21354 -0.67074 0.71029 255 255 0
-27.3300 31.7550 48.2630 0.35406 -0.91408 0.19772 255 255 0
35.9420 -9.3780 18.9350 -0.30697 -0.75703 -0.57678 255 255 0
32.2480 -9.0820 20.0480 -0.22763 -0.71273 -0.66348 255 255 0
29.8090 -8.8640 20.2600 -0.07293 -0.76869 -0.63544 255 255 0
22.7070 2.6590 33.2580 0.94988 0.23730 0.20352 255 255 0
27.2970 0.3200 31.8240 0.04420 0.67563 0.73591 255 255 0
23.3010 -8.7140 31.0780 0.29376 -0.85036 0.43656 255 255 0
24.3740 -8.2320 31.4740 0.05312 -0.74728 0.66239 255 255 0
26.6890 -8.1430 31.6400 -0.05046 -0.68526 0.72655 255 255 0
31.5690 -10.4260 23.2110 -0.09443 -0.97082 -0.22045 255 255 0
27.6380 1.8210 29.6370 0.07605 0.91999 0.38449 255 255 0
22.5060 2.4550 -31.8870 0.94840 0.16671 -0.26972 255 255 0
26.3210 0.4870 -30.9680 0.06355 0.68187 -0.72871 255 255 0
27.9400 0.7960 -30.4800 0.04884 0.78801 -0.61373 255 255 0
29.9330 -8.7890 -30.4050 -0.04021 -0.77786 -0.62715 255 255 0
24.1120 1.6430 -19.6940 0.38096 0.73452 0.56156 255 255 0
25.9490 0.4880 -18.8590 0.10380 0.68971 0.71661 255 255 0
26.9590 -4.6590 -17.3530 0.04378 -0.09174 0.99482 255 255 0
26.9720 1.6870 -20.6980 0.04879 0.89998 0.43319 255 255 0
-1.8480 34.5500 -34.0540 0.36003 0.93224 -0.03618 255 255 0
-1.8850 33.9770 -46.0400 0.35712 0.93220 -0.05896 255 255 0
10.5530 26.7840 -32.2250 0.69280 0.72041 -0.03217 255 255 0
10.2100 26.9920 -34.4150 0.68399 0.72825 -0.04251 255 255 0
9.4350 27.6210 -35.9210 0.66506 0.74559 -0.04220 255 255 0
9.7210 27.1530 -39.6200 0.67206 0.73936 -0.04090 255 255 0
17.9630 16.6020 -34.8870 0.89385 0.44679 -0.03743 255 255 0
17.4810 16.3750 -46.4620 0.89648 0.43318 -0.09313 255 255 0
22.0350 3.2310 -34.6670 0.98397 0.16340 -0.07148 255 255 0
21.6410 3.3570 -39.1960 0.99412 0.08648 -0.06518 255 255 0
20.1150 -9.5440 -46.1420 0.96131 -0.26700 -0.06773 255 255 0
14.1940 -22.7990 -31.6660 0.78600 -0.61735 -0.03298 255 255 0
4.2830 -30.9000 -46.0080 0.53324 -0.84407 -0.05657 255 255 0
-8.2470 -36.3380 -34.5480 0.18129 -0.98274 -0.03690 255 255 0
-7.9420 -36.2100 -36.4060 0.19196 -0.98056 -0.04065 255 255 0
-8.3700 -36.0320 -41.9910 0.17649 -0.98321 -0.04626 255 255 0
-50.8630 -9.1640 -34.6720 -0.96788 -0.24611 -0.05134 255 255 0
-51.5770 3.7870 -40.3210 -0.99386 0.10075 -0.04573 255 255 0
-51.3640 3.3380 -45.5110 -0.99373 0.09853 -0.05286 255 255 0
-47.9480 16.3800 -39.5830 -0.90497 0.42029 -0.06627 255 255 0
-39.6970 27.3300 -38.5000 -0.66708 0.74372 -0.04337 255 255 0
-28.1540 34.5230 -35.5070 -0.35211 0.93511 -0.03987 255 255 0
-15.1520 36.0530 -48.0760 -0.01424 0.81586 -0.57807 255 255 0
-12.7130 36.2020 -47.5240 0.05850 0.95187 -0.30087 255 255 0
-7.2500 35.5650 -46.5040 0.21195 0.97454 -0.07315 255 255 0
6.1640 29.6000 -46.4580 0.41937 0.90213 -0.10147 255 255 0
14.2950 21.6290 -45.7130 0.79550 0.60469 -0.03907 255 255 0
20.6460 7.0130 -47.0290 0.96502 0.19570 -0.17445 255 255 0
21.3910 -0.9660 -45.8640 0.99741 -0.01490 -0.07041 255 255 0
14.7550 -20.8520 -47.0530 0.81417 -0.55875 -0.15789 255 255 0
12.5450 -23.9010 -45.3350 0.75215 -0.65614 -0.06124 255 255 0
-40.4670 -26.0770 -46.4910 -0.69929 -0.70686 -0.10650 255 255 0
-42.1280 -24.4550 -45.1420 -0.73800 -0.67149 -0.06673 255 255 0
-48.8930 -13.5660 -45.6010 -0.92641 -0.37343 -0.04811 255 255 0
-51.4550 -0.8600 -46.4810 -0.99392 0.01033 -0.10966 255 255 0
-45.9200 19.3570 -46.2640 -0.84870 0.52832 -0.02430 255 255 0
-43.7800 22.3670 -46.5050 -0.78721 0.59922 -0.14570 255 255 0
-42.9550 23.3910 -46.5130 -0.75362 0.64553 -0.12384 255 255 0
-42.0650 24.1460 -47.8680 -0.67348 0.56016 -0.48233 255 255 0
-34.6420 30.7520 -45.6190 -0.53637 0.84142 -0.06569 255 255 0
-33.5400 31.3690 -46.4760 -0.51112 0.84744 -0.14355 255 255 0
-32.5380 31.9400 -46.4920 -0.47865 0.86794 -0.13257 255 255 0
-32.2950 32.0670 -46.5050 -0.46354 0.87769 -0.12163 255 255 0
-31.4730 32.3230 -47.8390 -0.43187 0.77329 -0.46423 255 255 0
-26.6170 34.5570 -45.9710 -0.30016 0.95222 -0.05642 255 255 0
-16.6500 36.3420 -47.0290 0.02475 0.97653 -0.21394 255 255 0
-4.7000 28.3090 -49.5100 0.01597 0.05136 -0.99855 255 255 0
4.8280 22.6590 -49.5100 0.03343 0.04213 -0.99855 255 255 0
11.6720 13.9480 -49.5100 0.04523 0.02802 -0.99858 255 255 0
14.9080 3.3530 -49.5100 0.05317 0.00827 -0.99855 255 255 0
14.0970 -7.6950 -49.5100 0.05231 -0.00977 -0.99858 255 255 0
9.3500 -17.7040 -49.5100 0.04509 -0.02829 -0.99858 255 255 0
1.3080 -25.3230 -49.5100 0.03110 -0.04389 -0.99855 255 255 0
-8.9430 -29.5220 -49.5100 0.01346 -0.05208 -0.99855 255 255 0
-20.0190 -29.7340 -49.5100 -0.00624 -0.05342 -0.99855 255 255 0
-30.4230 -25.9310 -49.5100 -0.02513 -0.04754 -0.99855 255 255 0
-39.9160 -18.2350 -49.4710 -0.06902 -0.03379 -0.99704 255 255 0
-43.8780 -8.8060 -49.5100 -0.04939 -0.02367 -0.99850 255 255 0
-45.7090 3.2770 -49.4710 -0.07380 0.02152 -0.99704 255 255 0
-42.6020 13.5520 -49.4820 -0.06003 0.02720 -0.99783 255 255 0
-34.7510 21.9180 -49.5440 -0.02826 0.03845 -0.99886 255 255 0
-26.6000 27.5920 -49.5200 -0.02720 0.04491 -0.99862 255 255 0
-15.6950 37.4040 33.9620 -0.02246 0.99930 0.03006 255 255 0
20.9080 -10.7070 7.7650 0.95810 -0.28624 -0.01077 255 255 0
-52.4130 3.1890 0.1130 -0.99687 0.07904 -0.00290 255 255 0
-48.1170 16.7450 -31.7780 -0.89026 0.45417 -0.03402 255 255 0
-29.1060 34.2280 -33.5110 -0.37789 0.92523 -0.03395 255 255 0
41.5940 -0.5700 -13.1360 -0.60106 0.71258 0.36189 255 255 0
46.7650 -9.1240 23.9550 0.68384 -0.59028 0.42886 255 255 0
44.6110 -10.4820 -23.5380 0.45794 -0.80111 -0.38537 255 255 0
-15.3290 26.3070 -43.6620 0.07109 -0.24592 0.96668 255 255 0
14.4750 2.5960 -42.1110 -0.45776 -0.09140 0.88436 255 255 0
11.4100 -21.4240 48.1150 -0.76505 0.62179 0.16756 255 255 0
0.5260 -24.5710 -42.7140 -0.25859 0.37224 0.89139 255 255 0
-20.1580 -27.3350 -43.1800 0.06558 0.32920 0.94198 255 255 0
-29.3530 -24.0800 -43.1160 0.17234 0.33206 0.92738 255 255 0
-37.0850 -17.2870 -43.1160 0.27931 0.24694 0.92790 255 255 0
-41.8400 -8.1590 -43.1160 0.34963 0.12938 0.92791 255 255 0
-42.9780 2.0700 -43.1160 0.37277 -0.00576 0.92790 255 255 0
-40.3430 12.0190 -43.1160 0.34552 -0.13989 0.92793 255 255 0
-34.2920 20.3440 -43.1160 0.27159 -0.25537 0.92792 255 255 0
-25.0280 25.3400 -43.3780 0.13073 -0.25964 0.95682 255 255 0
21.7290 -8.1950 -30.9740 -0.45453 0.66684 0.59054 255 255 0
11.6820 -20.6560 29.8910 -0.78535 0.61900 -0.00862 255 255 0
-48.7100 3.1160 0.3820 0.99549 -0.09484 -0.00025 255 255 0
3 0 1 5
3 1 346 5
3 5 6297 2
3 2 6297 6295
3 4 6295 6296
3 7 12 8
3 7 8 9
3 7 9 10
3 7 10 11
3 7 11 7706
3 7 7706 2850
3 2 3 7
3 3 4 7
3 4 22 12
3 22 20 13
3 20 21 13
3 21 2707 13
3 14 2705 22
3 2705 15 22
3 17 16 19
3 19 6322 25
3 14 27 28
3 14 28 32
3 14 32 29
3 14 29 30
3 17 18 14
3 30 33 31
3 18 19 32
3 19 24 32
3 24 39 32
3 39 40 31
3 45 24 41
3 34 40 45
3 40 24 45
3 45 35 36
3 36 35 38
3 45 46 47
3 45 48 49
3 45 49 50
3 45 50 51
3 45 51 2561
3 36 37 45
3 37 38 47
3 38 7585 47
3 7585 58 47
3 58 61 52
3 53 60 7585
3 60 58 7585
3 54 68 74
3 54 74 69
3 54 69 70
3 54 70 71
3 57 72 7700
3 57 7700 2422
3 54 56 67
3 56 73 67
3 74 76 75
3 66 78 73
3 78 84 73
3 86 83 6775
3 86 6775 8045
3 77 78 79
3 77 79 80
3 80 87 7509
3 77 80 91
3 77 91 92
3 77 92 83
3 83 92 7697
3 81 82 80
3 94 96 95
3 82 89 91
3 89 100 97
3 99 100 101
3 100 89 101
3 99 101 102
3 99 102 111
3 99 111 112
3 99 112 113
3 99 113 114
3 99 114 115
3 99 115 7688
3 104 105 102
3 114 116 117
3 115 117 7689
3 105 7513 7597
3 127 128 116
3 120 128 127
3 118 119 121
3 119 120 121
3 121 7597 129
3 118 121 124
3 121 122 124
3 122 123 124
3 118 131 132
3 118 132 133
3 124 125 118
3 133 135 134
3 125 126 131
3 126 146 131
3 146 143 131
3 143 145 134
3 145 1894 134
3 7678 136 141
3 136 137 146
3 137 138 146
3 138 143 146
3 141 146 140
3 141 151 7678
3 7678 152 150
3 7678 150 154
3 141 142 151
3 142 149 7609
3 7609 162 151
3 155 156 157
3 156 7609 157
3 155 157 159
3 157 158 159
3 159 158 7530
3 155 159 165
3 155 165 166
3 155 166 167
3 155 167 168
3 155 168 169
3 155 169 170
3 155 170 171
3 155 171 1736
3 1736 7675 1742
3 1736 180 172
3 1736 172 173
3 159 160 180
3 160 183 180
3 181 182 180
3 174 175 186
3 175 181 186
3 181 183 186
3 177 6542 7537
3 179 7537 185
3 186 179 187
3 186 187 188
3 186 188 189
3 186 189 190
3 174 190 191
3 174 191 192
3 174 192 193
3 174 193 194
3 174 194 195
3 174 195 7673
3 176 177 186
3 177 178 186
3 198 197 196
3 197 203 196
3 203 204 196
3 204 7616 196
3 209 197 198
3 209 198 200
3 198 199 200
3 202 6566 207
3 209 210 211
3 209 211 215
3 209 215 212
3 209 212 213
3 200 201 209
3 201 202 209
3 214 216 7670
3 202 206 215
3 206 224 215
3 224 225 216
3 217 218 206
3 218 223 206
3 223 224 206
3 222 6591 227
3 217 230 231
3 217 231 1297
3 219 221 229
3 221 222 229
3 222 244 232
3 244 245 230
3 245 246 231
3 246 1161 231
3 243 234 233
3 234 235 247
3 235 236 247
3 236 244 247
3 242 239 250
3 233 265 252
3 233 252 253
3 243 253 254
3 243 254 255
3 243 255 1151
3 238 240 233
3 240 241 233
3 253 265 256
3 255 256 1153
3 241 242 265
3 242 249 265
3 249 264 265
3 266 1162 256
3 258 259 267
3 259 260 267
3 260 264 267
3 267 262 261
3 263 6641 268
3 257 261 270
3 257 270 271
3 257 271 272
3 257 272 273
3 257 273 274
3 257 274 275
3 257 275 998
3 261 263 270
3 286 287 276
3 279 263 278
3 284 282 291
3 277 293 294
3 281 283 277
3 283 284 277
3 294 296 295
3 294 297 328
3 294 328 865
3 284 290 296
3 299 307 308
3 307 7711 7712
3 298 299 301
3 299 300 301
3 298 301 304
3 301 302 304
3 304 310 311
3 302 303 304
3 298 304 312
3 298 312 313
3 298 314 307
3 307 315 316
3 307 316 317
3 307 317 7710
3 307 319 318
3 307 318 315
3 304 305 314
3 305 2892 314
3 290 327 296
3 327 872 297
3 322 327 321
3 327 290 321
3 323 324 7568
3 325 7568 331
3 321 348 332
3 321 332 333
3 321 333 334
3 321 334 335
3 321 335 336
3 321 336 326
3 323 325 348
3 326 348 337
3 325 330 348
3 340 581 349
3 339 340 341
3 340 348 341
3 348 330 341
3 339 341 342
3 339 352 353
3 339 353 354
3 339 354 355
3 339 355 356
3 342 7571 339
3 7571 344 339
3 352 357 353
3 356 358 7647
3 344 345 357
3 345 346 357
3 391 392 393
3 393 394 361
3 360 391 397
3 391 393 397
3 393 361 396
3 397 7486 362
3 360 397 400
3 397 362 400
3 362 398 399
3 400 7492 364
3 398 363 399
3 360 400 403
3 400 364 403
3 364 401 402
3 403 7497 366
3 401 365 402
3 360 403 407
3 403 366 407
3 366 404 406
3 407 7501 368
3 404 367 406
3 360 407 410
3 407 368 410
3 368 408 409
3 410 7506 370
3 408 369 409
3 360 410 414
3 410 370 414
3 370 411 413
3 414 7512 372
3 411 371 413
3 360 414 418
3 414 372 418
3 372 415 417
3 418 7517 374
3 415 373 417
3 360 418 421
3 418 374 421
3 374 419 420
3 421 7521 376
3 419 375 420
3 360 421 424
3 421 376 424
3 376 422 423
3 424 7528 378
3 422 377 423
3 360 424 427
3 424 378 427
3 378 425 426
3 427 7535 380
3 425 379 426
3 360 427 430
3 427 380 430
3 380 428 429
3 430 7543 382
3 428 381 429
3 360 430 434
3 430 382 434
3 382 431 433
3 434 7548 384
3 431 383 433
3 360 434 437
3 434 384 437
3 384 435 436
3 437 7554 386
3 435 385 436
3 360 437 441
3 437 386 441
3 386 438 440
3 442 443 388
3 438 387 440
3 441 442 445
3 442 388 445
3 447 7563 448
3 388 389 447
3 447 7562 7563
3 360 390 451
3 360 451 391
3 391 449 392
3 391 451 452
3 391 452 449
3 449 453 450
3 446 447 451
3 447 448 451
3 448 7445 451
3 456 466 455
3 464 468 7644
3 7644 467 465
3 466 458 468
3 7644 8081 467
3 468 458 469
3 465 8081 8126
3 455 464 460
3 464 459 463
3 455 460 470
3 462 470 471
3 470 472 7476
3 470 473 475
3 463 461 476
3 482 463 7645
3 483 482 7644
3 485 483 488
3 483 484 489
3 482 485 494
3 482 494 495
3 482 495 496
3 482 496 463
3 485 487 494
3 487 526 494
3 495 499 497
3 498 501 461
3 497 500 501
3 501 7573 7572
3 501 7572 502
3 503 486 488
3 503 504 512
3 512 683 516
3 505 532 506
3 503 506 522
3 503 522 519
3 503 520 521
3 521 525 485
3 506 518 524
3 525 528 526
3 525 529 531
3 526 530 499
3 533 509 510
3 534 510 7646
3 542 544 545
3 575 546 547
3 534 676 546
3 547 549 7639
3 547 7639 548
3 676 535 549
3 532 536 550
3 560 594 538
3 532 588 553
3 539 554 506
3 555 588 556
3 539 555 518
3 588 537 556
3 537 552 557
3 561 559 558
3 559 557 558
3 561 562 518
3 557 563 562
3 560 538 563
3 564 7577 567
3 584 543 577
3 543 568 577
3 577 582 579
3 568 569 577
3 584 585 586
3 584 586 588
3 584 588 551
3 577 571 584
3 571 572 584
3 584 589 587
3 587 590 588
3 572 7647 589
3 591 592 593
3 591 593 594
3 591 596 592
3 7647 573 595
3 596 598 599
3 597 599 538
3 573 574 600
3 610 613 611
3 603 611 612
3 7447 601 608
3 611 615 612
3 601 602 613
3 612 615 614
3 7447 610 603
3 458 8126 8081
3 7447 603 616
3 8099 616 8100
3 616 618 619
3 604 605 620
3 621 620 622
3 605 606 620
3 620 626 624
3 628 603 629
3 632 640 641
3 633 641 642
3 638 642 643
3 628 629 639
3 638 644 663
3 641 645 642
3 629 630 645
3 630 646 645
3 645 646 7638
3 645 647 648
3 632 649 634
3 636 650 7642
3 632 633 649
3 650 7641 7642
3 637 654 603
3 632 634 652
3 652 657 655
3 634 635 651
3 655 658 659
3 655 659 606
3 635 636 651
3 658 656 660
3 659 660 8126
3 649 633 638
3 663 664 662
3 671 673 7636
3 661 662 665
3 661 665 707
3 661 678 679
3 666 667 675
3 675 682 7641
3 675 7641 681
3 675 511 682
3 693 694 718
3 696 697 719
3 684 685 695
3 695 700 701
3 697 701 698
3 690 704 665
3 704 705 707
3 712 713 666
3 714 667 666
3 688 689 715
3 717 718 724
3 724 726 727
3 718 719 724
3 720 729 728
3 719 698 726
3 726 731 730
3 726 730 729
3 723 727 721
3 727 720 7648
3 723 733 692
3 734 737 687
3 721 722 736
3 722 583 738
3 740 741 749
3 753 754 901
3 753 901 8125
3 743 744 745
3 744 771 745
3 740 745 756
3 740 756 757
3 745 746 759
3 761 766 763
3 771 772 781
3 772 773 781
3 774 782 780
3 795 784 783
3 773 7634 782
3 782 7634 784
3 775 776 774
3 779 785 745
3 774 777 770
3 777 778 770
3 788 787 789
3 790 765 746
3 778 791 770
3 770 791 787
3 789 792 786
3 7649 795 794
3 795 796 806
3 808 811 807
3 806 812 811
3 796 783 812
3 813 7633 947
3 794 797 818
3 797 828 818
3 818 798 817
3 800 821 778
3 821 824 778
3 798 799 823
3 799 859 823
3 859 826 823
3 631 7637 648
3 834 836 837
3 834 838 836
3 839 840 842
3 839 842 841
3 839 841 7650
3 805 829 840
3 850 7651 876
3 828 849 818
3 849 852 818
3 818 853 798
3 852 7652 854
3 854 7652 855
3 853 855 799
3 855 856 799
3 855 857 856
3 831 832 857
3 861 839 7650
3 873 861 868
3 863 868 870
3 861 7650 868
3 869 287 279
3 863 870 871
3 7650 862 868
3 863 869 864
3 869 285 864
3 873 874 7651
3 873 864 878
3 878 877 880
3 876 879 7652
3 864 865 878
3 879 877 882
3 879 882 831
3 878 884 877
3 865 866 881
3 877 884 882
3 882 885 883
3 886 887 894
3 895 896 915
3 894 897 895
3 895 898 899
3 895 899 896
3 896 899 1087
3 886 888 890
3 886 890 903
3 886 903 905
3 886 905 904
3 890 891 905
3 891 892 905
3 7654 915 920
3 922 923 921
3 915 916 922
3 914 928 7654
3 7654 925 926
3 7654 926 891
3 7654 891 890
3 914 950 928
3 950 918 928
3 918 919 927
3 931 7634 932
3 921 933 917
3 933 934 940
3 934 935 940
3 917 949 948
3 950 948 952
3 945 937 949
3 949 955 954
3 948 954 952
3 937 946 953
3 954 955 7633
3 954 957 919
3 979 965 966
3 966 967 994
3 965 969 966
3 964 939 968
3 939 958 971
3 995 974 975
3 958 959 973
3 973 976 974
3 959 960 976
3 974 961 978
3 974 978 977
3 979 980 964
3 979 988 983
3 984 986 989
3 986 988 987
3 990 963 829
3 992 829 991
3 996 978 1174
3 993 994 1002
3 1004 1005 1006
3 1002 1007 1003
3 994 995 1002
3 1004 1009 1005
3 995 977 1002
3 1007 1010 1003
3 977 996 1008
3 1002 1004 997
3 1004 257 997
3 993 1015 1013
3 997 998 993
3 998 999 993
3 1016 1017 979
3 1016 1018 1017
3 1019 1021 988
3 999 1000 1018
3 988 1023 1024
3 1022 1027 1020
3 1021 1025 1023
3 1000 1011 1018
3 1025 867 846
3 1030 1032 1029
3 1032 1031 1029
3 1029 1040 1041
3 1031 1032 1040
3 1032 1033 1040
3 1040 1042 1043
3 1033 1034 1042
3 1041 1187 8076
3 1029 1039 1045
3 1029 1045 1030
3 1030 1046 1047
3 1039 7655 1050
3 1046 1051 1049
3 7655 1035 1053
3 1053 1035 1056
3 1066 1039 1058
3 1063 1061 1068
3 1066 1058 1060
3 1068 1070 1072
3 1058 1059 1060
3 1059 1067 1060
3 1072 1219 7628
3 1072 7628 1090
3 1061 1063 1060
3 1060 1074 1064
3 1060 1077 1078
3 1060 1078 1079
3 1066 1079 1080
3 1066 1080 1039
3 1060 1064 1076
3 1079 1081 1080
3 1080 1082 1039
3 1064 1065 1076
3 1081 1084 1085
3 1080 1085 1082
3 1082 1086 7655
3 1085 1084 1082
3 1065 916 1083
3 1096 1097 1098
3 1095 1100 1097
3 1089 1090 1100
3 1098 1097 1101
3 1101 1097 1100
3 1093 1120 1104
3 1092 1105 1063
3 1091 7658 1102
3 1103 1110 1107
3 1104 1107 1108
3 1104 1108 1106
3 1105 1109 1065
3 1110 1112 1107
3 1113 1119 1121
3 1123 1126 1125
3 1123 1121 1124
3 1126 1127 1128
3 1114 1101 1129
3 1127 1129 1149
3 1149 1130 1131
3 1119 1136 1134
3 1119 1134 1137
3 1119 1137 1135
3 1119 1135 1120
3 1115 1116 1117
3 1113 1117 1136
3 1141 1139 7658
3 1117 1118 1140
3 1136 1142 1138
3 1118 1169 1142
3 1169 1172 1143
3 1143 1144 1145
3 1145 1146 7630
3 1143 1132 1144
3 1146 1132 961
3 1164 1133 1122
3 1147 1122 1125
3 1147 1154 1158
3 243 1147 1155
3 1154 1148 1157
3 1148 1149 1157
3 1156 1161 235
3 1149 1160 1157
3 1147 243 1151
3 1164 1163 1116
3 1151 1152 1167
3 1117 1168 1118
3 1152 1153 1167
3 1117 1165 1168
3 1165 1170 1168
3 1153 7659 1167
3 1165 1166 1171
3 1165 1171 1169
3 1169 1171 1172
3 1188 1183 1185
3 1175 1176 1182
3 1176 1177 1182
3 1183 1184 1185
3 1177 1178 1182
3 1182 1327 1184
3 1188 7660 7661
3 1188 1189 1175
3 1175 1189 1190
3 1175 1190 1191
3 7661 1179 1188
3 1179 1180 1194
3 1180 1231 1194
3 1231 1181 1194
3 1181 1034 1200
3 1204 7550 7331
3 1204 1038 1033
3 1204 1033 7550
3 1222 1185 1205
3 1214 1215 1213
3 1222 1205 1211
3 1214 1216 1210
3 1210 1218 7624
3 1222 1206 1207
3 1206 1214 1207
3 1214 7662 1207
3 1222 1207 1221
3 1222 1224 1225
3 1222 1225 1226
3 1222 1226 7661
3 1226 1227 1179
3 1223 1228 1227
3 1227 1229 1230
3 1208 1209 1228
3 1209 1229 1228
3 1234 1232 1242
3 1242 1241 1240
3 1232 1233 1242
3 1235 1236 1234
3 7662 1248 1207
3 1207 1249 1221
3 1236 1245 1237
3 1250 1249 1248
3 1237 1238 1252
3 1261 1236 1241
3 1261 1241 1255
3 1263 1264 1266
3 1263 1266 1265
3 1255 1256 1268
3 1266 1268 1269
3 1269 1272 1271
3 1268 1270 1272
3 1256 1262 1272
3 1254 1276 1274
3 1261 1277 1236
3 1274 1258 1279
3 1258 1259 1280
3 1279 1282 1245
3 1245 1281 1237
3 1281 1286 1287
3 1281 1287 1237
3 1284 1290 1285
3 1286 1291 1287
3 1289 1260 1290
3 1293 1307 1303
3 1265 1294 1293
3 1293 1305 1307
3 1294 1295 1305
3 1306 225 223
3 1303 1308 1304
3 1306 1308 225
3 1301 217 1296
3 1276 1296 1309
3 1297 1298 1296
3 1259 1316 1289
3 1298 1299 1314
3 1299 1150 1314
3 1328 1321 1329
3 1321 1322 1329
3 1322 1323 1332
3 1333 1335 1330
3 1331 1325 1336
3 1326 1186 1340
3 1345 1346 1343
3 1346 1327 7302
3 1355 1348 1347
3 1347 1357 1358
3 1348 1349 1357
3 1356 1360 1359
3 1349 1350 1357
3 1360 7620 1361
3 1350 1513 1357
3 1347 1351 1363
3 1347 1363 1364
3 1355 1365 7664
3 1351 1352 1363
3 1364 1367 1366
3 1364 1369 1186
3 1352 1353 1368
3 1353 1354 1368
3 1186 1371 1184
3 1376 1351 1372
3 1372 1356 1377
3 1356 1373 1377
3 1373 1381 1377
3 1372 1374 1428
3 1372 1428 1375
3 1372 1375 1384
3 1372 1384 1376
3 1376 1385 1351
3 1375 1435 1385
3 1385 1387 1386
3 1435 1233 1387
3 1388 1233 1389
3 1390 1374 7665
3 1399 1400 1403
3 1400 1401 1403
3 1405 1403 1404
3 1403 1406 1407
3 1403 1407 1402
3 1403 1402 1408
3 1404 1408 1405
3 1405 1410 1409
3 1402 1407 1410
3 1400 1391 1411
3 1410 1411 1412
3 1391 1392 1420
3 1416 1420 1418
3 1416 1418 1419
3 7667 1419 1417
3 1390 1393 1422
3 1422 1423 1398
3 1398 1426 7666
3 1422 1424 1423
3 1393 1394 1424
3 1426 1427 1428
3 1427 1429 1428
3 1424 1431 1427
3 1394 1395 1431
3 1427 1434 1433
3 1433 1434 1435
3 1437 7622 1383
3 1439 1409 1412
3 1438 1439 1446
3 1446 1449 1447
3 1439 1440 1450
3 1441 1446 1442
3 1446 7669 1442
3 1393 1453 1394
3 1443 1444 1442
3 1470 1463 1467
3 1467 1471 1472
3 1463 1462 1467
3 1462 1463 1471
3 1463 1464 1471
3 1471 1473 1474
3 1474 1475 1466
3 1464 1465 1473
3 1470 1467 1477
3 1467 1468 1479
3 1479 1469 1483
3 1499 1467 1466
3 1500 1502 1493
3 1499 7671 1489
3 7671 1490 1489
3 1493 1502 1504
3 1490 1491 1489
3 1491 1492 1489
3 1492 1664 1489
3 1505 1658 1506
3 1499 1508 1509
3 1499 1509 1511
3 1499 1511 1510
3 1499 1510 1467
3 1494 1495 1496
3 1468 1514 1515
3 1520 1494 1501
3 1525 1526 1527
3 1525 1527 1524
3 1501 1517 1525
3 1530 1531 1548
3 1517 1522 1526
3 1520 1537 1494
3 1523 1518 1535
3 1536 1539 1537
3 1536 1540 1539
3 1539 1542 1537
3 1518 1519 1540
3 1519 1381 1540
3 1537 1361 1544
3 1545 1523 1546
3 1545 1546 1558
3 1545 1561 1559
3 1546 1547 1561
3 1559 1562 1560
3 1561 1563 1562
3 1547 1530 1565
3 1530 1548 1565
3 1545 1557 1550
3 1550 1598 1551
3 1552 1553 1575
3 1554 1579 1578
3 1554 1555 1579
3 1578 1581 1580
3 1555 1392 1581
3 1599 1550 7672
3 1584 1590 1588
3 1560 1582 1584
3 1582 1564 1592
3 1584 1592 1590
3 1564 1583 1592
3 1591 1593 175
3 1583 7614 1592
3 1584 1595 1596
3 1584 1596 1597
3 1599 1598 1550
3 1584 7673 1595
3 1598 1599 1597
3 1598 1597 1551
3 7673 1586 1600
3 1600 1602 1605
3 1603 1604 1552
3 1586 196 1602
3 1610 1611 1620
3 1621 1622 1643
3 1621 1623 1622
3 1611 1612 1623
3 1612 1618 8074
3 1618 8075 8074
3 1610 1613 1614
3 1610 1614 1625
3 1610 1625 1626
3 1610 1626 1631
3 1610 1631 1627
3 1614 1615 1625
3 1631 1636 1632
3 1615 1616 1636
3 1636 1639 1637
3 1636 1465 1639
3 1637 1465 1638
3 1641 1614 1621
3 1641 1621 1643
3 1650 1652 1653
3 1655 1653 1654
3 1641 1642 1650
3 1642 1643 1650
3 1650 1656 1652
3 1653 1657 1654
3 1652 1811 1657
3 1643 1644 1656
3 1641 1645 1659
3 1641 1659 1660
3 1641 1660 1661
3 1686 1646 1662
3 1661 1663 1615
3 1646 1647 1662
3 1647 1648 1662
3 1648 1649 1662
3 1649 1664 1662
3 1666 1655 1651
3 1667 1651 1668
3 1669 7613 1674
3 1671 1676 1675
3 1668 1669 1667
3 1677 1679 1680
3 1669 1670 1679
3 1666 1671 1672
3 1666 1684 1692
3 1666 1692 1685
3 1666 1685 1689
3 1666 1689 1686
3 1686 1690 1647
3 1672 1673 1687
3 1687 1691 1692
3 1686 1692 1690
3 1694 1704 1702
3 1695 1703 1694
3 1694 1705 1704
3 1696 7612 1708
3 1730 1710 7611
3 1712 1749 1698
3 1694 1697 1711
3 1694 1711 1713
3 1694 1713 1714
3 1671 1714 1672
3 1714 1713 1715
3 1715 1716 1672
3 1712 1717 1718
3 1698 1699 1721
3 1718 1722 1719
3 1720 1727 1725
3 1722 1726 1719
3 1699 1700 1721
3 1746 1697 1702
3 1746 1702 1729
3 1729 1707 1737
3 1738 1740 1739
3 1707 1730 1737
3 1740 1741 1739
3 1730 7611 1737
3 1742 1744 1734
3 1746 1748 1745
3 1746 1745 1749
3 1742 1732 1744
3 1748 1750 1751
3 1745 1751 1698
3 1745 1698 1749
3 1744 1753 1754
3 1744 1754 1752
3 1752 1754 1750
3 1732 1743 1753
3 1760 1761 1764
3 8074 1810 8073
3 1759 1784 1770
3 1762 1763 1776
3 1775 1779 1778
3 1763 8074 1779
3 1784 1785 1783
3 1789 1795 1796
3 1785 1786 1795
3 1786 1787 1795
3 1787 1788 1795
3 1795 1798 1796
3 1796 1799 1797
3 1788 1798 1795
3 1792 1791 7613
3 1784 1800 1801
3 1784 1801 1802
3 1784 1802 1803
3 1784 1803 1804
3 1784 1804 1762
3 1789 1790 1783
3 1790 1791 1783
3 1783 1805 1807
3 1803 1807 1806
3 1807 1809 1806
3 1791 1792 1805
3 1813 1812 1796
3 1813 1796 1814
3 1812 1813 1820
3 1820 1823 1821
3 1813 1814 1819
3 1814 1815 1822
3 1824 1826 1828
3 1824 1828 7606
3 1812 1832 1833
3 1812 1833 1834
3 1812 1834 1838
3 1812 1838 1790
3 1816 1817 1830
3 1833 1837 1834
3 1790 1838 1791
3 1817 1879 1836
3 1836 1840 1833
3 1838 1839 1791
3 1879 1831 1836
3 1833 1840 1841
3 1831 1670 1840
3 1841 1674 7613
3 1842 1816 1818
3 1851 1853 1852
3 1842 1818 1853
3 1853 1855 1859
3 1852 1859 1856
3 1853 1857 1855
3 1818 1843 1857
3 1857 1858 1855
3 1859 1884 1856
3 1857 1861 1858
3 1858 1860 1859
3 1862 1863 1864
3 1862 1865 1893
3 1863 1866 1864
3 1862 1864 1865
3 1866 7605 1864
3 1850 1844 1867
3 1842 1867 1868
3 1842 1869 1870
3 1867 1897 1871
3 1897 1875 1873
3 1872 1877 1879
3 1845 1906 1878
3 1878 1906 1882
3 1879 1880 1831
3 1906 1846 1881
3 1846 7612 1881
3 1854 1883 1890
3 1883 1884 1890
3 1886 7604 1892
3 7604 2039 1894
3 1886 7678 1891
3 1854 1891 1898
3 1851 1895 1896
3 1891 1887 1898
3 1898 1899 1902
3 1898 1900 7677
3 1898 1901 1900
3 1887 154 1899
3 1902 1903 1904
3 1901 1904 1905
3 1901 1905 1906
3 154 1888 1899
3 1902 1907 1903
3 1903 1907 1904
3 1888 7610 1899
3 1899 7610 1908
3 1846 7611 1909
3 1910 1911 1919
3 1911 1912 1921
3 1912 1913 1921
3 1914 1922 1923
3 1914 1923 1920
3 1921 2077 1922
3 1913 8090 2077
3 1915 1958 1916
3 1919 1925 1928
3 1919 1928 1926
3 1919 1926 1927
3 1919 1927 7178
3 1919 7178 7161
3 1919 1915 1925
3 1915 1916 1931
3 1916 1917 1931
3 1917 1769 1931
3 1942 1914 1939
3 1942 1939 1944
3 1939 8071 1944
3 1945 7602 1947
3 8071 2107 1946
3 1942 1943 1951
3 1942 1952 1953
3 1942 1953 1954
3 1942 1954 1955
3 1942 1955 1956
3 1942 1956 1915
3 1951 1957 1950
3 1958 1959 1960
3 1958 1961 1962
3 1958 1962 1916
3 1940 1941 1957
3 1962 1961 1917
3 1941 1798 1959
3 1982 1970 1971
3 1970 1963 1971
3 1963 1964 1977
3 1977 1978 1979
3 1964 1965 2134
3 1982 1971 1966
3 1970 1981 1951
3 2014 1967 1966
3 1967 1968 1966
3 1966 1984 1986
3 1968 1969 1984
3 1985 1815 1989
3 2165 1979 7600
3 2031 1990 1993
3 1995 1998 1999
3 1990 1991 1997
3 2002 2003 2026
3 2002 2000 2005
3 2002 2005 2003
3 2005 7599 2003
3 1866 2054 7605
3 2010 2009 2049
3 2010 2049 2012
3 1971 2013 2011
3 1971 2011 1966
3 2010 2012 1992
3 2009 2008 2049
3 2013 2015 2014
3 2049 2017 2015
3 2015 2019 2014
3 2049 7681 2016
3 2054 2007 2023
3 2024 1848 1969
3 2033 7599 2195
3 2034 2036 119
3 2025 7680 2027
3 2035 2038 2036
3 7680 2026 2027
3 2027 2037 2038
3 2026 2003 2037
3 2036 7598 128
3 2003 2176 2037
3 2025 2027 2028
3 1885 2039 7604
3 2028 7682 2029
3 2025 2028 2041
3 2025 2045 2043
3 2025 2043 2048
3 2028 2029 2041
3 2048 2046 2047
3 2048 2049 2008
3 2029 2030 2041
3 2030 7683 2051
3 2051 2052 2053
3 2059 2061 2058
3 2061 2056 2058
3 2056 2061 2062
3 2061 7144 2062
3 2058 2063 2064
3 2058 2064 7684
3 2063 7692 2064
3 7144 2057 2063
3 2079 2108 8071
3 2058 2088 2065
3 2061 2066 7148
3 2067 2068 2070
3 2065 2060 2071
3 2069 2071 2073
3 2060 7685 2071
3 2081 2092 2084
3 2085 2091 7686
3 2082 2083 2092
3 2091 2093 7721
3 2097 2081 2086
3 2081 2084 2094
3 2084 2085 2094
3 2097 2098 2099
3 2088 2100 2101
3 2088 2101 2065
3 2100 2103 2104
3 2100 2104 2102
3 2087 7601 2096
3 2096 2105 2103
3 7601 2095 2105
3 2110 2085 2111
3 2112 7686 2091
3 2112 2091 2266
3 2109 2119 2113
3 2117 2110 2118
3 2119 2121 2137
3 2110 2111 2118
3 2111 2112 2118
3 2112 2266 2118
3 2118 2268 2262
3 2122 2262 2123
3 2125 2109 2113
3 2117 2126 2127
3 2113 2157 2125
3 2128 2130 2087
3 2157 2114 2126
3 2126 2131 2132
3 2127 2132 2130
3 2115 2116 2129
3 2132 2135 7601
3 2095 7601 7602
3 2136 2143 2144
3 2137 2138 2143
3 2144 2145 2146
3 2144 2146 2147
3 2144 2147 2148
3 2144 2148 2149
3 2144 2149 2168
3 2138 2139 2143
3 2139 8123 2146
3 2146 8123 2149
3 2151 7687 2195
3 2136 2140 2152
3 2136 2152 2153
3 2136 2153 2142
3 2142 2153 2154
3 2142 2154 2157
3 2153 2158 2157
3 2140 2141 2156
3 2157 2160 2159
3 2157 2159 2114
3 2161 2162 2160
3 2163 2151 2164
3 2173 2166 2170
3 2166 2167 2170
3 2167 2168 2171
3 2172 2179 2178
3 2168 2169 2171
3 2171 2180 2179
3 2176 2181 2038
3 2170 2171 7688
3 2171 2172 7688
3 2172 2178 7688
3 2166 2182 2184
3 2136 2183 2140
3 7688 2174 2173
3 2140 2185 2141
3 2174 2175 2173
3 2187 2189 2161
3 2190 2193 2161
3 2175 2176 2188
3 2190 2176 2032
3 2190 2032 2194
3 2200 2209 2211
3 2196 2197 2199
3 2200 2211 2207
3 2197 2198 2208
3 2208 8069 2200
3 2196 2199 2212
3 2199 2200 2212
3 2200 7690 2212
3 2204 7691 7692
3 2196 2212 2202
3 2196 2202 2213
3 2196 2213 2214
3 2214 2219 2217
3 2217 8070 2216
3 2203 2204 2219
3 2204 2057 2219
3 2221 2233 2231
3 2220 2231 2234
3 2220 2234 2230
3 2221 2222 2224
3 2222 2223 2224
3 2224 2236 2226
3 2224 2225 2236
3 2227 7720 2978
3 2224 2226 2221
3 2226 2227 2221
3 2229 2240 2241
3 2250 2242 2245
3 2251 2254 2252
3 2251 2257 2258
3 2242 2243 2257
3 2243 2244 2258
3 2244 7593 2258
3 2258 2261 2260
3 2249 2290 2262
3 2246 2263 2245
3 2263 2247 2245
3 2250 2266 2267
3 2247 2248 2264
3 2248 2249 2268
3 2283 2251 2276
3 2277 7693 2259
3 2276 2278 2273
3 2271 7693 2278
3 7693 2277 2278
3 2277 2272 2278
3 2279 7592 7591
3 2276 2273 2274
3 2275 7696 7595
3 2273 7694 2274
3 7694 7695 2274
3 2276 2281 2282
3 2284 2286 2287
3 2284 2288 2289
3 7696 2275 2274
3 2275 8123 2291
3 2292 2301 2294
3 7716 2305 2233
3 2292 2293 2296
3 2293 2294 2296
3 2294 2295 2296
3 2295 6940 2296
3 2296 6941 6926
3 2292 2296 2298
3 2296 2304 2298
3 2304 2297 2298
3 2298 2232 7717
3 2292 2298 2307
3 2292 2307 2308
3 2292 2308 2309
3 2301 2309 2310
3 2301 2310 2311
3 2301 2311 2931
3 2309 2308 2310
3 2298 2299 2308
3 2308 2300 2312
3 2310 2313 2311
3 2313 2315 8129
3 2316 7080 2322
3 7080 2317 2324
3 2317 2318 2325
3 2316 2323 2319
3 2316 2319 2330
3 2330 2198 2336
3 2333 2336 2338
3 2330 2210 2198
3 2336 2206 2338
3 2339 2320 2350
3 2339 2340 2353
3 2353 2354 2355
3 2353 2355 2352
3 2353 2341 2354
3 2353 2357 2356
3 2355 2357 2352
3 2342 2343 2341
3 2357 2360 2361
3 2358 2361 2362
3 2343 2344 2341
3 2349 7593 6959
3 2353 2364 2365
3 2339 2365 2366
3 2339 2366 2320
3 2345 2346 2353
3 2346 2347 2353
3 2367 2370 2365
3 2347 2348 2367
3 2348 2349 2367
3 2368 2370 2329
3 2372 2373 2376
3 2376 2379 2377
3 2381 2384 2395
3 2372 2393 2371
3 2393 7698 7699
3 2371 2387 2346
3 2388 2390 2389
3 2346 2389 2347
3 7699 2375 2386
3 2375 2374 2386
3 2374 2375 2390
3 2375 2417 2390
3 2389 2392 7593
3 2389 7593 2391
3 2417 2258 2392
3 2258 7593 2392
3 7698 2393 2399
3 2393 2394 2400
3 2394 2395 2403
3 2420 2405 2583
3 2408 2396 2435
3 7698 2408 2407
3 2435 2397 2408
3 2414 2416 2415
3 2425 2435 2398
3 2426 2398 2418
3 2428 2430 60
3 2418 2419 2427
3 2419 2420 2427
3 2430 2431 58
3 2420 2421 2429
3 2430 7586 2431
3 2426 57 2422
3 2426 2436 2434
3 2426 2434 2425
3 2425 2436 2435
3 2435 2441 2437
3 2435 2437 2438
3 2422 2423 2436
3 2435 2439 2440
3 2435 2440 2442
3 2438 2441 3088
3 2423 2424 2439
3 2442 2443 2441
3 2442 6793 2443
3 2445 2446 2456
3 2455 2457 2470
3 2446 2447 2456
3 2456 2458 8065
3 2457 8063 8062
3 2447 2448 2456
3 2454 2492 8066
3 2449 2450 2459
3 2449 2460 2461
3 2450 2451 2459
3 2462 2464 7055
3 2459 2463 2465
3 2451 2452 2463
3 2452 2453 2463
3 2453 2454 2467
3 2454 2469 2467
3 2515 2477 2478
3 2477 2480 2482
3 2478 2477 2479
3 2475 2470 2480
3 2477 2482 2479
3 2470 2471 2480
3 2480 2471 2484
3 2482 2629 2479
3 2489 2363 2362
3 2475 2488 2486
3 2475 2486 2487
3 2472 2488 2477
3 2473 2474 2488
3 2476 2489 2490
3 2476 2490 2491
3 2476 2492 2493
3 2476 2493 2452
3 2501 2507 2504
3 2494 2495 2501
3 2517 2500 2496
3 2496 2541 2544
3 2517 2496 2514
3 2496 2497 2514
3 2515 2518 2473
3 2514 2498 2519
3 2521 7589 2520
3 2520 7589 2383
3 2531 2532 2558
3 2530 2523 2532
3 2532 2523 2533
3 2523 2535 2533
3 2523 2524 2536
3 2538 2539 2405
3 2526 2527 2540
3 2529 2541 2496
3 2527 2528 2542
3 2540 2542 2543
3 2540 2543 2546
3 2540 2546 2544
3 2528 2547 2542
3 2580 2582 2547
3 2565 2567 2568
3 2565 2568 2569
3 2565 2569 2570
3 2565 2570 2571
3 2558 2559 2572
3 2567 2573 2568
3 2573 7584 2568
3 2575 2574 40
3 2568 7584 2569
3 2575 7584 7583
3 2575 7583 2702
3 2558 2565 2561
3 2565 2560 7702
3 2562 52 2581
3 2558 2561 2564
3 2528 2577 7701
3 2562 2581 2578
3 2584 2592 2587
3 2584 2597 2596
3 2584 2596 2592
3 2593 2596 2594
3 2593 2595 2614
3 2584 2585 2597
3 2585 2586 2597
3 2584 2587 2588
3 2587 2593 2598
3 2584 2588 2600
3 2591 2602 7024
3 2588 2589 2604
3 2604 2606 8085
3 2589 2590 2604
3 2607 2611 2608
3 2610 2612 7021
3 2624 2627 2639
3 2624 2639 2625
3 2613 2614 2623
3 2614 2615 2623
3 2624 7581 2628
3 2615 2616 2623
3 2624 2644 2617
3 2613 2617 2630
3 2613 2630 2631
3 2613 2631 2598
3 2617 2618 2630
3 2598 2631 2632
3 2618 2619 2631
3 2619 2620 2631
3 2620 2621 2631
3 2631 2622 2634
3 2631 2636 2635
3 2632 2635 2590
3 2644 2637 2645
3 2640 2646 2647
3 2641 2650 2664
3 2641 2647 2650
3 2646 2649 2647
3 2637 2638 2645
3 2650 2651 2665
3 2638 2639 2649
3 2495 2653 2508
3 2640 2641 2685
3 2640 2654 2655
3 2640 2655 2656
3 2640 2656 2644
3 2644 2658 2617
3 2685 2642 2654
3 2655 2657 2660
3 2655 2660 2658
3 2657 2659 2660
3 2642 2643 2654
3 2659 2661 2660
3 2643 2495 2661
3 2661 2495 2499
3 2661 2499 2658
3 2658 2499 2662
3 2667 2671 2672
3 2663 2664 2671
3 2664 2650 2675
3 2650 2665 2679
3 2680 2682 2681
3 2667 2672 2684
3 2669 2723 2563
3 2663 2686 2685
3 2667 2716 2687
3 2668 2669 2694
3 2694 2696 2695
3 2694 2669 2696
3 2697 2672 2674
3 2699 2706 2705
3 2697 2698 2699
3 2705 2861 7579
3 2705 7579 2707
3 2699 2708 2861
3 2699 2861 2706
3 2697 2699 2701
3 2699 2700 2701
3 2709 2703 2702
3 2697 2701 2711
3 2697 2711 2710
3 2701 2702 2713
3 2718 2720 2668
3 2702 2703 2719
3 2728 2737 2735
3 2728 2738 2737
3 2735 2739 2740
3 2735 2740 2764
3 2725 2726 2738
3 2739 2742 2744
3 2726 2727 2738
3 2727 2732 2738
3 2741 2743 2744
3 2739 2743 2745
3 2732 480 2738
3 2738 480 2743
3 2745 2743 502
3 2746 2752 2749
3 2728 2729 2746
3 2750 2754 2755
3 2729 2730 2752
3 2766 2769 2768
3 2768 2770 2786
3 2764 2759 2767
3 2769 2771 493
3 2758 2766 2760
3 2764 2774 2775
3 2764 2775 2776
3 2764 2776 2777
3 2764 2777 2778
3 2764 2778 2779
3 2764 2779 2729
3 2779 2781 2729
3 2781 2783 2730
3 2761 2762 2782
3 2784 2785 2792
3 2794 2797 2795
3 2785 2786 2792
3 2797 2800 2798
3 2786 2800 2792
3 2800 7575 517
3 2800 517 2799
3 2639 2801 2651
3 2784 2788 2803
3 2766 2804 7704
3 2788 2789 2803
3 2789 2790 2803
3 2803 2806 2807
3 2803 2807 2805
3 2790 2791 2803
3 2803 2809 2810
3 2805 2808 2762
3 2762 2811 2763
3 2791 2801 2809
3 2801 2639 2809
3 2811 2628 2763
3 2835 2788 2820
3 2788 2787 2820
3 2817 2796 2799
3 2817 2799 7576
3 2814 2821 2819
3 2821 2823 2824
3 2824 2822 2825
3 2826 2830 2822
3 2822 2830 2827
3 2827 2830 2849
3 2813 7576 2831
3 2814 2838 2835
3 2837 2839 2840
3 2837 7705 2791
3 2791 2843 2845
3 7705 2816 2846
3 2845 2847 2791
3 2816 2666 2847
3 574 599 598
3 2833 2848 2850
3 2850 2855 2858
3 2854 2858 2853
3 2854 2857 2856
3 2848 2849 2855
3 2856 2857 2860
3 2856 2860 1
3 2858 573 2859
3 2859 573 2860
3 2850 2863 2833
3 2850 2869 2865
3 2852 2862 2870
3 2871 2873 2875
3 2862 2708 2873
3 2880 2886 7707
3 2876 2877 2879
3 2880 3056 2888
3 2877 2878 3056
3 2876 2879 2881
3 2892 2890 314
3 2882 2891 2890
3 2879 2880 2889
3 2890 8127 320
3 2890 2237 8127
3 2876 2881 2882
3 2876 2882 2892
3 2876 2892 2893
3 2876 2893 2894
3 2876 2894 2895
3 2876 2895 2896
3 2876 2896 3002
3 2896 311 3004
3 2882 2890 2892
3 2898 2904 3046
3 2904 3079 8128
3 2897 2899 2900
3 2899 2907 2901
3 2907 2902 2901
3 2908 306 308
3 2908 308 2909
3 2897 2900 2910
3 2897 2910 2911
3 2897 2911 2912
3 2897 2912 2913
3 2903 2908 2915
3 2933 2925 2918
3 2918 2961 2927
3 2933 2918 2920
3 2918 2919 2921
3 2924 2930 2915
3 2920 2932 8129
3 2921 2922 2920
3 2920 2931 2932
3 2922 2923 2931
3 2930 8129 2917
3 2933 2920 2936
3 2925 2909 2961
3 2920 2924 2936
3 2924 2915 2936
3 2942 8042 8043
3 2942 8043 8044
3 2942 8044 6752
3 2937 2938 2940
3 2946 7724 2945
3 2938 2939 7724
3 2939 7723 7724
3 2937 2940 2941
3 2937 2941 2946
3 2937 2946 2947
3 2937 2947 2948
3 2937 2948 2949
3 2937 2949 2950
3 2937 2950 2951
3 2937 2951 2952
3 2942 2952 2953
3 2942 2953 2954
3 2942 2954 8042
3 2955 309 2957
3 2964 7720 2225
3 2964 2225 2235
3 2964 2235 8057
3 2958 2959 2962
3 2962 2966 2967
3 2963 2967 307
3 2959 2960 2966
3 2967 2909 7713
3 2958 2962 2968
3 2958 2968 2969
3 2958 2969 2970
3 2958 2970 2971
3 2958 2971 2972
3 2958 2972 2973
3 2958 2973 2974
3 2958 2974 2975
3 2964 2975 2976
3 2964 2976 2977
3 2964 2977 7720
3 2962 2963 2969
3 2987 7722 2944
3 2979 2980 2982
3 2980 2981 2982
3 2989 2982 2996
3 2982 2983 2996
3 2984 2997 2994
3 2990 3002 3000
3 2999 3003 3000
3 2984 2876 3002
3 3006 2991 2993
3 7730 2993 6816
3 3015 6778 3014
3 3024 3018 8128
3 3008 3009 3017
3 3018 3051 8128
3 3006 3010 3019
3 3006 3019 3020
3 3006 3020 3021
3 3021 3023 3011
3 3010 3018 3020
3 3018 3024 3020
3 3011 3025 3026
3 3022 3026 2998
3 3024 3064 3025
3 3026 3067 2998
3 3028 3036 3029
3 3028 3029 3038
3 3035 3043 3044
3 3035 3044 3042
3 8050 3030 3043
3 3030 3031 3043
3 3042 3044 7709
3 3031 3032 3043
3 3043 8042 2956
3 3043 2956 3044
3 3036 3046 3047
3 3036 3047 3048
3 3036 3048 3049
3 3036 3049 3050
3 3036 3050 3039
3 3027 3033 3045
3 3033 3034 3045
3 3034 3035 3045
3 3053 3059 7733
3 7733 3060 2315
3 3059 2897 2913
3 3059 2914 7733
3 3052 3053 3055
3 3055 3062 3061
3 3061 3063 2306
3 3061 2306 2880
3 3054 2314 3062
3 3052 3055 3057
3 3058 3065 3066
3 3055 3056 3065
3 3066 2885 3067
3 3052 3057 3068
3 3052 3068 3069
3 3052 3069 3070
3 3052 3070 3071
3 3052 3071 3072
3 3052 3072 3073
3 3059 3074 7732
3 3059 3075 3074
3 3057 3058 3075
3 3075 3077 3078
3 3074 3079 2904
3 3076 3080 3077
3 3077 3080 3079
3 3082 83 6775
3 3082 6775 8045
3 3089 3087 3088
3 3081 3082 3087
3 3087 3090 2443
3 3081 3089 7695
3 3085 7696 7595
3 3083 6831 7696
3 3081 3083 3096
3 3081 3096 3092
3 3081 3092 3086
3 3086 3094 3093
3 3086 3093 7697
3 3086 7697 83
3 3094 3097 3098
3 3084 3085 3096
3 3097 106 3098
3 3096 2180 2179
3 3097 2179 106
3 3085 2169 2180
3 3100 2201 7691
3 3103 7692 7596
3 3101 3102 3100
3 3109 2270 6868
3 3102 3103 3109
3 3109 2092 2093
3 3109 2093 7721
3 3099 3100 3105
3 3100 3104 3105
3 3104 2250 3105
3 3105 2250 2242
3 3107 2242 3108
3 3106 3107 3105
3 3113 2370 2211
3 3107 3108 3110
3 3124 3496 7734
3 3124 3116 3115
3 3118 3119 3131
3 3119 3120 3131
3 3131 7793 3158
3 3115 3117 3121
3 3115 3132 3133
3 3115 3133 3134
3 3124 3134 3135
3 3124 3135 3136
3 3117 3131 3121
3 3121 3122 3123
3 3148 3150 3149
3 3149 3151 5803
3 3147 7793 7794
3 3150 7794 3129
3 3160 3147 3139
3 3147 3137 3139
3 3137 3149 3153
3 3149 3138 3153
3 3140 3141 3142
3 3160 3155 3147
3 3147 3156 3157
3 3147 3157 3158
3 3147 3158 7793
3 3139 3142 3160
3 3142 3143 3160
3 3144 3145 3160
3 3145 3146 3160
3 3162 3170 3169
3 3162 3171 3170
3 3175 3161 3163
3 3164 3165 3174
3 3165 3173 3174
3 3167 7810 3197
3 3175 3176 3177
3 3175 3177 3178
3 3175 3178 3179
3 3175 3179 3180
3 3175 3180 3181
3 3175 3181 3182
3 3175 3182 3183
3 3175 3183 3184
3 3175 3184 3143
3 3163 3166 3175
3 3166 3167 3175
3 3190 3189 5667
3 3193 3190 3185
3 3190 5521 3191
3 3193 3185 3187
3 3185 3186 3187
3 3193 3187 3192
3 3193 3194 3195
3 3193 3195 3196
3 3193 3198 3189
3 3187 3188 3192
3 3189 3197 7810
3 3199 3200 3203
3 3200 3201 3209
3 3201 3202 3209
3 3209 3211 7969
3 3209 3212 3230
3 3209 7968 3211
3 3209 7969 3212
3 3209 3204 3203
3 3204 3205 3203
3 3199 3203 3215
3 3199 3215 3216
3 3199 3219 3217
3 3199 3217 3218
3 3199 3218 3187
3 3203 3206 3215
3 3206 3207 3215
3 3207 3208 3215
3 3218 3220 3188
3 3208 3214 3216
3 3214 6417 3216
3 3229 3206 7826
3 3224 3225 3226
3 3221 3223 3234
3 3221 3234 3233
3 3229 3213 3206
3 3226 7835 3234
3 3229 3235 3236
3 3229 3236 3237
3 7835 3227 3234
3 3227 3228 3234
3 3246 3247 3248
3 3246 3248 3245
3 3245 3249 5150
3 3246 7835 7836
3 3238 3245 3239
3 3238 3239 3254
3 3239 3240 3253
3 3238 3254 3255
3 3238 3255 3256
3 3238 3256 3257
3 3238 3257 3258
3 3246 3258 3259
3 3246 3259 3227
3 3246 3227 7835
3 3241 3242 3254
3 3242 3243 3244
3 3270 3272 3273
3 3270 3273 3271
3 3273 7846 5001
3 3260 3253 3240
3 3272 3240 7846
3 3260 3274 3261
3 3262 3263 3275
3 3263 3264 3275
3 3264 3265 3275
3 3275 7854 3266
3 3260 3276 3277
3 3260 3277 3278
3 3260 3278 3279
3 3260 3279 3280
3 3260 3280 3281
3 3260 3281 3282
3 3260 3282 3283
3 3260 3283 7845
3 3260 7845 3253
3 3261 3275 3260
3 3275 3266 3260
3 3266 3267 3268
3 3294 3296 3286
3 3286 3296 3293
3 3295 7854 7855
3 3287 3288 3298
3 3285 3286 3299
3 3285 3299 3300
3 3285 3300 3301
3 3285 3301 3302
3 3285 3302 3303
3 3285 3303 3304
3 3285 3304 3305
3 3285 3305 3306
3 3285 3306 3307
3 3285 3307 7854
3 3286 3298 3299
3 3298 3289 3299
3 3289 3290 3291
3 3309 3318 3319
3 3309 3319 3316
3 3308 7863 7864
3 3316 7864 3297
3 3308 3309 3312
3 3309 3310 3312
3 3310 3311 7875
3 3308 3312 3325
3 3308 3325 3326
3 3308 3326 3327
3 3308 3327 3328
3 3308 3328 3329
3 3308 3329 3330
3 3308 3330 3331
3 3308 3331 3332
3 3308 3332 7863
3 3312 3313 3325
3 3313 3314 3315
3 3341 3344 3343
3 3346 7875 7876
3 3335 4566 3349
3 3333 3335 3337
3 3333 3337 3351
3 3333 3351 3352
3 3333 3352 3353
3 3333 3353 3354
3 3333 3354 3355
3 3333 3355 3356
3 3333 3356 3357
3 3333 3357 3358
3 3333 3358 7874
3 3333 7874 7875
3 3337 3338 3351
3 3338 3339 3340
3 4424 3370 4427
3 3360 3350 7885
3 3360 3361 3362
3 3362 4424 3373
3 3360 3362 3363
3 3373 3364 3363
3 3364 3365 3363
3 3360 3374 3375
3 3360 3375 3376
3 3360 3376 3377
3 3360 3377 7884
3 3360 7884 3350
3 3363 3366 3360
3 3366 3367 3368
3 4292 3391 3392
3 3389 7893 7951
3 3380 3388 3381
3 3379 3380 3381
3 7950 3382 3394
3 3382 7902 3394
3 3379 3381 3395
3 3379 3395 3396
3 3379 3397 3398
3 3379 3398 3399
3 3379 3399 7893
3 3394 3383 3381
3 3383 3384 3381
3 3384 3385 3386
3 3412 3411 3413
3 3400 3394 7902
3 3413 7902 4290
3 3400 3412 7945
3 3400 3401 3403
3 3404 3405 3403
3 3405 3406 3403
3 3403 7915 7914
3 3407 7914 3408
3 3400 3403 3414
3 3400 3414 3415
3 3400 3415 3416
3 3400 3416 3417
3 3400 3417 3418
3 3400 3418 3419
3 3400 3419 3420
3 3400 3420 3421
3 3400 3421 3422
3 3400 3422 7901
3 3400 7901 3394
3 3403 3407 3414
3 3407 3408 3409
3 3432 3433 3425
3 3432 3434 3433
3 3424 7915 7916
3 3432 7916 3406
3 3435 3406 7946
3 3424 3438 3426
3 3432 3425 3438
3 3427 7943 3437
3 3424 3426 3440
3 3426 3427 3440
3 3424 3440 3441
3 3424 3441 3442
3 3424 3442 3443
3 3424 3443 3444
3 3424 3444 3445
3 3424 3445 3446
3 3424 3446 3447
3 3424 3447 7915
3 3428 3429 3440
3 3429 3430 3431
3 3448 3449 3453
3 3453 3461 3459
3 3449 3450 3460
3 3450 3451 3461
3 3461 7984 7983
3 3461 7983 5976
3 3453 3454 3452
3 3452 3454 5966
3 3448 3452 3463
3 3452 3455 3463
3 3464 3465 3468
3 3464 3468 3466
3 3464 3466 3467
3 3455 3456 3463
3 3481 3483 3879
3 3481 3482 3483
3 3471 3439 3482
3 3482 3437 7926
3 3483 7926 3484
3 3471 3472 3473
3 3486 3872 3476
3 3474 3475 3473
3 3486 7934 3477
3 3471 3487 3488
3 3471 3488 3489
3 3471 3489 3490
3 3473 3486 3471
3 3486 3477 3471
3 3477 3478 3471
3 3478 3479 3480
3 3507 3502 3742
3 3500 3503 3504
3 3492 7934 3503
3 3504 3503 3506
3 3496 7941 3508
3 3495 3496 3494
3 3494 3124 7735
3 3497 7735 3498
3 3492 3494 3509
3 3492 3509 3510
3 3492 3511 3512
3 3492 3512 3513
3 3492 3513 7933
3 3492 7933 7934
3 3497 3498 3499
3 3544 3545 3517
3 3517 3546 3518
3 3517 3516 3544
3 3516 3517 3547
3 3517 3518 3547
3 3519 3549 3550
3 3519 3550 3551
3 3544 3519 3515
3 3519 3520 3553
3 3520 3521 3553
3 3521 3551 3553
3 3551 7782 3553
3 3515 3552 3523
3 3552 3553 3523
3 3553 3522 3556
3 3522 3554 3556
3 3554 7778 3556
3 3523 3524 3559
3 3524 3557 3559
3 3557 7773 3559
3 3515 3525 3527
3 3525 3526 3562
3 3526 3560 3562
3 3560 7769 3562
3 3515 3527 3529
3 3527 3528 3565
3 3528 3563 3565
3 3563 7765 3565
3 3515 3529 3531
3 3532 3568 3533
3 3529 3530 3568
3 3530 3566 3568
3 3566 7761 3568
3 3515 3531 3532
3 3573 3574 3575
3 3573 3575 3576
3 3573 3576 3534
3 3533 3569 3572
3 3569 7758 3572
3 3515 3532 3535
3 3532 3572 3535
3 3573 7754 3577
3 4730 3579 3536
3 3573 3534 7754
3 3577 4730 3535
3 4730 3536 3581
3 3582 3583 3580
3 3536 7752 3581
3 3582 4874 3583
3 3515 3535 3537
3 3535 3582 3586
3 7747 3588 3584
3 3582 3580 7749
3 7749 5013 3588
3 3537 3588 3589
3 3588 7747 3589
3 3589 5161 3590
3 3590 3591 3538
3 5161 7746 3591
3 7746 5289 3593
3 3590 3538 3539
3 3539 3597 3540
3 3538 3592 3596
3 3592 5404 3596
3 3537 3539 3541
3 3539 3540 3541
3 3541 3600 3542
3 3542 3601 3599
3 3540 3598 3600
3 3598 7743 3600
3 3544 3602 3603
3 3515 3541 3602
3 3541 3542 3603
3 3603 3606 3543
3 3610 3611 3619
3 3611 3612 3620
3 3619 3548 3621
3 3613 3621 7786
3 3613 7786 3622
3 3613 3622 3623
3 3760 3614 3626
3 3614 3615 3626
3 3615 3616 3626
3 3626 3628 3629
3 3616 3617 3626
3 3626 3631 3628
3 3641 3644 3643
3 3647 3642 3645
3 3644 3646 3643
3 3637 3638 3644
3 3644 3639 3769
3 3645 3642 3630
3 3632 3647 3648
3 3647 3633 3648
3 3633 3647 3631
3 3648 3649 3632
3 3632 3650 3652
3 3634 3635 3654
3 3632 3664 3641
3 3632 3636 3664
3 3669 3670 3637
3 3669 3672 3670
3 3672 3798 7938
3 3660 3674 3673
3 3660 3661 3674
3 3673 3677 3676
3 3677 3678 3679
3 3676 3680 7939
3 3661 3662 3678
3 3677 3679 3680
3 3665 3660 3684
3 3660 3673 3684
3 3697 3666 3686
3 3666 3700 3685
3 3689 3682 7790
3 3687 3688 3691
3 3690 3705 3706
3 3705 3707 3709
3 3705 3709 3706
3 3688 3682 3712
3 3711 3712 3714
3 3682 3689 3712
3 3715 7791 3713
3 3718 3726 3725
3 3726 3729 3725
3 3727 3729 3730
3 3719 3690 7940
3 3720 7940 3711
3 3718 3719 7940
3 3723 3736 3735
3 3735 3737 3495
3 3720 3721 7940
3 7940 3738 3723
3 3721 3714 3738
3 3714 3722 3738
3 3723 3738 3736
3 3735 3739 3737
3 3737 7792 3508
3 3718 7940 3740
3 3718 3740 3745
3 3718 3745 3741
3 3718 3741 3724
3 7940 3723 3740
3 3724 3745 3742
3 7781 3747 3756
3 3747 3748 3757
3 3750 3758 3759
3 3750 7784 3612
3 3749 7783 3758
3 3746 3751 3763
3 3746 3763 3762
3 3752 3753 3763
3 3753 3754 3763
3 3773 3776 3772
3 3773 3777 3764
3 3773 3778 3776
3 3777 3776 3765
3 3775 3766 3781
3 3766 3773 3779
3 3779 3767 3781
3 3781 3785 3782
3 3782 3785 3783
3 3783 3789 3788
3 3786 3788 3812
3 3767 3768 3789
3 3789 3790 3788
3 3788 3792 3811
3 3768 3769 3791
3 3781 3770 3775
3 3775 3803 3793
3 3799 3804 3802
3 3801 3809 3807
3 3801 3810 3808
3 3802 3780 3786
3 3802 3797 3815
3 3798 7937 3817
3 3801 3819 3809
3 3830 3831 3800
3 3829 3825 3831
3 3831 3825 3833
3 3833 3835 3809
3 3834 3836 3835
3 3840 3841 3839
3 3851 3841 3842
3 3845 3844 3846
3 3846 3847 3848
3 3843 3822 3847
3 3847 3850 3848
3 3850 3849 3848
3 3820 3851 3823
3 3827 3852 3837
3 3842 3858 3851
3 3861 3863 3825
3 3878 3857 3863
3 3863 3857 3865
3 3863 3862 3864
3 3854 3858 3871
3 3869 3871 3868
3 3871 3855 3870
3 3871 3873 3868
3 3855 3856 3870
3 3875 3733 3874
3 3871 3869 3877
3 3877 3879 3878
3 3869 3485 3877
3 3881 3882 3891
3 3882 3883 3892
3 3885 3893 3894
3 3885 8140 3748
3 3884 7779 3893
3 3888 7780 3765
3 3880 3897 3896
3 3887 3888 3897
3 3888 3889 3897
3 3897 3901 3898
3 3901 3910 3898
3 3900 3901 3913
3 3913 3901 7942
3 3914 3916 3915
3 3915 3918 3919
3 3915 3919 3921
3 7942 3902 3920
3 3919 3922 3924
3 3899 3900 3903
3 3899 3927 3905
3 3903 3929 3926
3 3905 3934 3904
3 3929 3934 3926
3 3934 3939 3904
3 3943 3945 3946
3 3943 3944 3945
3 3931 3932 3930
3 3950 7930 3957
3 3932 3951 7930
3 3929 3930 3943
3 3929 3943 3952
3 3933 7921 4082
3 3954 3962 3952
3 3962 3965 3953
3 3967 3984 3933
3 3984 3968 3933
3 3984 7919 3969
3 3954 3955 3960
3 3955 3956 3973
3 3975 3950 3976
3 3976 3978 3979
3 3976 3979 3980
3 3976 3980 4004
3 3957 3837 3978
3 3966 3983 3984
3 3960 3986 3958
3 3983 4000 3984
3 3989 3996 3994
3 3997 3999 3987
3 3989 3986 3988
3 3988 3972 4005
3 3991 4008 3426
3 3426 4008 7943
3 3972 3990 4005
3 4007 4009 4008
3 4008 4011 4010
3 4006 4013 4009
3 3990 7928 4013
3 4009 4013 3857
3 4012 3857 7927
3 3989 4017 4014
3 3992 4015 3993
3 4007 4008 4019
3 4008 3991 4019
3 3993 3436 4016
3 7771 4021 4029
3 4021 4022 4030
3 4024 4031 4032
3 4024 8139 3883
3 4023 7774 4031
3 4026 7776 3910
3 4020 4036 4035
3 4025 7776 4020
3 7776 4026 4036
3 4026 4027 4036
3 4044 4046 4047
3 4048 7912 4038
3 4048 4047 7912
3 4039 4040 4041
3 4043 7775 3911
3 4039 4041 4050
3 4042 4043 4052
3 4053 4055 4056
3 4058 4057 4051
3 4056 4055 4058
3 4058 4059 4057
3 4039 4050 4062
3 4039 4062 4061
3 4061 4066 4039
3 4068 4071 4063
3 4069 7911 4068
3 4065 4050 4073
3 4073 4050 4051
3 4073 4064 4077
3 4073 4077 4079
3 4064 7922 4080
3 4084 4098 4085
3 4085 4103 7909
3 4073 4074 4088
3 4094 4097 4096
3 4096 4099 4098
3 4095 4088 4089
3 4092 4115 4082
3 4106 4090 4109
3 4108 4109 4110
3 4108 4110 4111
3 4108 4111 4107
3 4076 4091 4090
3 4091 4115 4112
3 4115 4118 4119
3 4101 4136 4102
3 4089 4104 4095
3 4095 4127 4093
3 4095 4093 4131
3 4136 4139 4102
3 4126 4132 4129
3 4139 4141 4102
3 4126 4105 4122
3 4124 4144 4125
3 4122 4113 4144
3 4145 4016 7946
3 4113 4142 4146
3 4144 7917 4125
3 4142 3993 4146
3 4126 4149 4132
3 4132 4148 7905
3 4132 7905 4269
3 4149 3413 4132
3 4132 3413 4148
3 4125 7945 4124
3 4150 4151 4159
3 4151 4152 4160
3 4154 4161 4162
3 4154 8138 4022
3 4153 7770 4161
3 4307 4164 4178
3 4156 4157 4164
3 4157 4168 4164
3 4164 4168 4178
3 4176 4180 4178
3 4180 4184 4181
3 4180 4183 4166
3 4183 7900 4166
3 4173 4186 4185
3 4168 4169 4189
3 4188 4191 4187
3 4170 4171 4190
3 4193 4196 4195
3 4179 4210 4182
3 4197 4175 4174
3 4204 4208 4205
3 4204 7896 4206
3 4208 4211 4205
3 4204 7948 4200
3 4201 4200 4194
3 4201 4194 4202
3 4222 4213 4214
3 4216 4218 4217
3 4200 4201 4218
3 4201 4202 4070
3 4200 4222 4223
3 4264 4278 4236
3 4238 4240 4227
3 4238 4227 4207
3 4229 4230 4216
3 4231 4219 7909
3 4249 4252 4250
3 4253 4256 4257
3 4231 4247 4258
3 4256 4260 4259
3 4258 4102 4260
3 4264 4272 4278
3 4232 4272 4264
3 4275 4280 4277
3 4277 4281 4279
3 4265 4266 4285
3 4266 4267 4287
3 4267 4268 4287
3 4270 4288 4286
3 4287 4269 4288
3 4288 7904 4289
3 4290 7904 7903
3 4265 4285 4291
3 4270 7949 4285
3 4293 4294 4303
3 4294 4295 4304
3 4297 4305 4306
3 4297 8137 4152
3 4296 7766 4305
3 4311 4298 4310
3 4298 4301 4310
3 4299 4300 4301
3 4301 4323 4310
3 4321 4322 4323
3 4323 4324 4312
3 4321 7891 4322
3 4322 7891 4325
3 4323 4326 4324
3 4324 4327 4313
3 4315 4301 4329
3 4329 4301 4328
3 4332 4333 4334
3 4316 4317 4335
3 4335 4330 4334
3 4335 4337 4330
3 4317 7899 4337
3 4330 4337 4336
3 4337 4199 4336
3 4340 4341 4342
3 4314 4318 4338
3 4344 4351 4352
3 4212 7897 7896
3 4344 4346 4345
3 4346 4347 4345
3 4359 4362 4358
3 4359 4360 4361
3 4347 4348 4360
3 4360 4364 4361
3 4355 4376 4349
3 4350 4366 7889
3 4355 4367 4376
3 4367 4380 4374
3 4374 4382 4381
3 4383 4365 4349
3 4349 4386 4383
3 4357 4388 4387
3 4368 4369 4394
3 4369 4398 4395
3 4395 4398 4397
3 4395 4397 4396
3 4370 4371 4398
3 4397 4398 4234
3 4357 4372 4373
3 4410 4412 4402
3 4407 4408 4411
3 4399 4413 4382
3 4414 4560 4562
3 4404 4372 4389
3 4404 4417 4405
3 4404 4390 4417
3 4405 4418 3364
3 4390 4393 4417
3 4393 4396 4422
3 4404 4424 4425
3 4404 4425 4427
3 4407 4427 4426
3 4426 3372 4408
3 4426 4427 3372
3 4405 4406 4404
3 4431 3569 3533
3 4428 4429 4439
3 4429 4430 4440
3 4432 4441 4442
3 4432 8136 4295
3 4431 7762 4441
3 4435 7763 4313
3 4445 4433 4444
3 4445 4444 4448
3 4438 4446 4445
3 4433 7763 4444
3 7763 4434 4444
3 4434 4435 4444
3 4444 4458 4448
3 4438 4449 4450
3 4435 4436 4444
3 4444 4437 4458
3 4455 4459 4457
3 4457 4463 4458
3 4458 4460 4448
3 4455 4463 4459
3 4457 4437 4468
3 4473 4474 4472
3 4451 4452 4477
3 4484 4476 7890
3 4478 4479 4456
3 4466 4454 4488
3 4486 4490 4492
3 4482 4492 4494
3 4494 4498 4499
3 4494 4499 4500
3 4483 4484 4498
3 4484 4350 4498
3 4498 4350 4504
3 4481 4516 4486
3 4494 4485 4506
3 4508 4485 4496
3 4510 4500 4501
3 4508 4509 4527
3 4510 4529 4530
3 4530 4532 4531
3 4510 4511 4532
3 4511 4501 4535
3 4532 4535 4533
3 4533 4535 4536
3 4536 4512 4538
3 4537 4538 4539
3 4512 4375 4538
3 4508 4543 4554
3 4544 4552 4543
3 4551 4553 4540
3 4540 4556 4542
3 4521 4558 4541
3 4557 4559 4558
3 4545 4531 4533
3 3335 4564 3348
3 4572 4561 4549
3 4549 4563 4564
3 4549 4565 4563
3 4561 4545 4565
3 4564 4568 4571
3 4564 4566 3348
3 4545 4546 4565
3 4565 4569 4563
3 4546 4547 4565
3 4547 4537 4565
3 4537 4548 4565
3 4549 4564 4574
3 4572 3341 3343
3 4564 4550 4574
3 4550 3335 4574
3 7757 4577 4585
3 4577 4578 4586
3 4579 4587 4588
3 4579 8135 4430
3 4578 4584 3574
3 3574 7759 4587
3 4576 4592 4591
3 4580 4581 4576
3 4581 4582 4592
3 4582 4589 4592
3 4605 4606 4595
3 4595 4608 4609
3 4623 7872 4610
3 4598 4611 4463
3 4594 4592 4612
3 4599 4613 4616
3 4596 4618 4613
3 4613 4615 4616
3 4619 4621 4617
3 4597 4598 4620
3 4621 4479 4617
3 4598 4456 4620
3 4602 4624 4623
3 4600 4635 4626
3 4635 4639 4637
3 4636 4634 4640
3 4635 4641 4639
3 4643 7870 4644
3 4629 4600 4627
3 4627 4600 4616
3 4627 4630 4646
3 4646 4648 4647
3 4630 4631 4648
3 4647 4649 4683
3 4631 4632 4651
3 4632 7881 4651
3 4628 4653 4634
3 4633 4647 4657
3 4657 4663 4628
3 4665 4666 4667
3 4666 4670 4675
3 4668 4674 4654
3 4662 7867 7868
3 4658 4659 4681
3 4679 4682 4696
3 4685 4687 4697
3 4687 4686 7878
3 4687 7878 4712
3 4686 4688 7878
3 4664 4689 4665
3 4675 4708 4662
3 4700 4701 4693
3 4701 4705 4704
3 4703 4704 4706
3 4695 4678 4680
3 4694 4695 4698
3 4695 4680 4698
3 4680 4696 4698
3 4696 4697 4698
3 4714 4718 4699
3 4713 4718 4716
3 4694 4719 3317
3 4694 3317 4720
3 4701 4720 4721
3 4698 4699 4694
3 4720 3317 3321
3 4699 3322 4694
3 4720 3321 4721
3 4730 4734 3579
3 4723 4877 4732
3 4877 4724 4733
3 4725 4735 7755
3 4725 7755 4578
3 4730 7754 4734
3 4722 4740 4742
3 4722 4742 4739
3 4727 4728 4740
3 4728 4738 4740
3 4740 4744 4742
3 4750 4753 4745
3 4749 4752 4742
3 4752 7753 4743
3 4753 7861 4902
3 4753 4902 4752
3 4746 4740 7952
3 4749 4746 4748
3 4757 4759 4776
3 4758 4747 4759
3 4759 4760 4762
3 4761 4764 4762
3 4763 4766 4765
3 4747 4767 4764
3 4766 7872 7871
3 4750 4769 4754
3 4748 4771 4769
3 4748 4757 4771
3 4772 4781 4782
3 4773 4782 4771
3 4781 4784 4785
3 4779 4780 4784
3 4777 4766 4787
3 4772 4774 4788
3 4778 4790 4791
3 4778 4793 4790
3 4788 4792 4789
3 4774 4775 4788
3 4793 4794 4795
3 4793 4795 4790
3 4775 4776 4796
3 4776 4777 4796
3 4793 4798 4794
3 4779 4801 4780
3 4772 4802 4800
3 4788 4778 4802
3 4780 4804 7857
3 4805 4812 4800
3 4811 4808 4810
3 4848 4809 4816
3 4811 4805 4820
3 4807 4820 4823
3 4823 4824 4825
3 4825 4826 4822
3 4805 4806 4827
3 4828 4824 4831
3 4831 4832 4833
3 4833 7867 7866
3 4811 4807 4821
3 4809 4836 4835
3 4821 4844 4811
3 4811 4844 4808
3 4837 4845 4848
3 4849 4851 4850
3 4847 4842 4851
3 4836 4851 4835
3 4846 4823 4822
3 4840 7866 7865
3 4838 4822 4853
3 4841 4855 3287
3 4822 4839 4856
3 4856 4858 4854
3 4839 4840 4857
3 4856 4861 4858
3 4840 4861 4857
3 4858 4861 3297
3 4859 3297 4860
3 4838 4862 4847
3 4854 4841 4853
3 4863 3296 4864
3 4853 3286 4838
3 4867 7751 4875
3 4877 4879 4880
3 4877 4880 4881
3 4877 4882 4724
3 7751 4874 4878
3 4874 7752 4878
3 4878 3578 4882
3 4876 4868 4869
3 4873 4869 4884
3 4873 4884 4895
3 4873 4895 4872
3 4869 4870 4884
3 4870 4871 4884
3 4885 4900 4887
3 4871 4889 4884
3 4897 4898 4885
3 4897 4892 4896
3 4893 4899 4892
3 4896 7852 4900
3 4889 4890 4904
3 4907 7861 4911
3 4911 7861 4910
3 4888 4897 4891
3 4892 4891 4912
3 4893 4914 4915
3 4919 4920 4923
3 4923 4926 4922
3 4922 4927 4928
3 4922 4928 4914
3 4927 5060 4928
3 4919 4929 4916
3 7858 4908 7860
3 4916 4917 4930
3 4917 4908 4934
3 4932 4936 4935
3 4908 4918 4934
3 4935 4938 4937
3 4919 4939 4941
3 4919 4941 4920
3 4943 4953 4920
3 4953 4955 4954
3 4956 4958 4957
3 4973 4959 4958
3 4947 4937 4818
3 4965 4967 4966
3 4945 4946 4968
3 4969 4947 7856
3 4948 4978 4972
3 4952 4974 4956
3 4982 4984 4985
3 4983 4986 4987
3 4984 4987 4985
3 4989 4973 4956
3 3274 4976 3261
3 4978 4979 4976
3 4976 4996 3263
3 4993 4997 4994
3 4979 4966 4997
3 4966 4980 4997
3 4995 4999 4865
3 4995 4865 4996
3 4980 4991 4997
3 4976 3274 5002
3 5008 5012 5006
3 5012 5004 5006
3 5006 5018 5016
3 5006 5016 5017
3 5007 8133 7751
3 5004 5005 5018
3 5017 5019 5020
3 5019 7749 7750
3 5006 5007 5009
3 5010 4887 5011
3 5008 5022 5012
3 5009 5010 5024
3 5010 5011 5024
3 5032 5035 5033
3 5032 5028 5035
3 5034 5025 5008
3 5034 5037 7844
3 5038 5185 7844
3 5033 5034 5027
3 5039 5034 7954
3 5027 5029 5040
3 5027 5040 5043
3 5043 5048 5044
3 5041 5049 5047
3 5049 5059 5047
3 7850 4893 4915
3 5028 5027 5052
3 5028 5053 5055
3 5028 5055 7843
3 5064 5061 5065
3 5065 5067 5056
3 5067 7842 7843
3 5058 5066 5057
3 5057 5059 5074
3 5073 5075 5076
3 5059 5060 5078
3 5074 5078 5077
3 5077 7848 5075
3 5062 5238 7841
3 5058 5083 5081
3 5082 5091 5061
3 5094 5096 5061
3 5098 5101 5097
3 5098 5099 5100
3 5098 5102 5101
3 5104 5106 5105
3 5108 5123 7957
3 5107 5112 5110
3 5085 5086 5112
3 5114 4959 5115
3 5084 5116 5117
3 5084 5138 5116
3 5090 5121 5095
3 5095 5135 7839
3 5126 5150 5127
3 5138 7957 5122
3 5124 5123 5137
3 5126 5122 5142
3 3252 5140 3239
3 5148 5143 5139
3 5122 5123 5141
3 5139 5147 5140
3 5144 5145 5140
3 5123 5124 5141
3 5140 5147 5144
3 5140 5146 7958
3 5124 5147 5141
3 5126 5142 5148
3 5126 5148 5149
3 5150 5151 8143
3 5148 5125 3245
3 5148 3245 5149
3 5152 5153 5163
3 5155 5166 5004
3 5153 5154 5165
3 5166 5168 5014
3 5166 5014 5005
3 5154 5161 5165
3 5167 7747 7748
3 5166 5155 5156
3 5159 5026 5169
3 5152 5156 5171
3 5152 5171 5172
3 5152 5172 5173
3 5156 5157 5174
3 5176 5177 5175
3 5158 5159 5176
3 5159 5160 5176
3 5176 5192 5177
3 5191 5194 5193
3 5191 5193 5192
3 5177 5192 5175
3 5192 5178 5175
3 5193 6266 7834
3 5192 6265 6264
3 5183 5170 5185
3 5181 5182 5180
3 5182 5183 5180
3 5187 5198 5196
3 5184 5185 5198
3 5198 5200 5031
3 5185 5186 5200
3 5180 5187 5179
3 5211 7831 5194
3 5204 5205 5206
3 5212 5207 5206
3 5207 5197 5206
3 5214 5215 5229
3 5208 5209 5216
3 5216 7841 7840
3 5216 7840 5218
3 5204 5206 5220
3 5204 5221 5224
3 5204 5224 5222
3 5206 5210 5220
3 5227 5236 5237
3 5227 5237 5223
3 5236 7830 5359
3 5230 5238 5101
3 5226 5228 5231
3 5228 5229 5231
3 5229 5230 5232
3 5241 5244 5245
3 5226 5231 5246
3 5226 5246 5261
3 5226 5247 5248
3 5235 5248 5249
3 5235 5249 5361
3 5235 5361 5360
3 5231 5232 5246
3 5232 5233 5261
3 5233 5234 5261
3 5252 5265 5263
3 5261 5250 5249
3 5263 7828 6244
3 5266 6244 6234
3 5266 6234 6191
3 5252 5263 5253
3 5263 5261 5253
3 5261 5234 5253
3 5253 5254 5255
3 5256 7960 5255
3 5251 5255 5273
3 5255 5258 5273
3 5258 5259 5273
3 5259 3221 5273
3 5276 5283 5284
3 5283 5277 5284
3 5152 5287 5154
3 5282 5289 5288
3 5290 5291 5281
3 5278 5279 5276
3 5290 5292 5291
3 5279 5152 5276
3 5276 5152 5173
3 5280 5173 5290
3 5276 5293 5294
3 5276 5295 5296
3 5276 5296 5297
3 5276 5280 5293
3 5280 5290 5299
3 5290 5281 5299
3 5299 5302 5301
3 5300 5301 5437
3 5303 6273 7823
3 5304 7823 5311
3 5303 5304 5305
3 5303 5305 5308
3 5305 5306 5308
3 5308 5316 5309
3 5303 5308 5318
3 5303 5318 5319
3 5303 5319 5320
3 5303 5320 5321
3 5303 5321 5322
3 5303 5322 5325
3 5303 5325 5323
3 5303 5323 5324
3 5308 5309 5318
3 5303 5324 6270
3 5309 5310 5321
3 5326 5327 5329
3 5327 5328 5338
3 5205 6099 7831
3 5326 5329 5331
3 5329 5330 5341
3 5326 5331 5343
3 5326 5343 5344
3 5331 5332 5343
3 5332 5333 5343
3 5333 5334 5343
3 5334 7963 5343
3 7963 5355 5326
3 5347 5348 5346
3 5348 7963 5346
3 5346 7963 5357
3 5357 7963 7964
3 5357 5349 5346
3 5349 5350 5360
3 5350 5351 5360
3 5351 7829 5360
3 5345 5362 5363
3 5345 5363 5364
3 5345 5364 5365
3 5346 5365 5366
3 5346 5366 5367
3 5346 5367 5368
3 5346 5368 5369
3 5346 5369 5486
3 5361 5352 5345
3 5352 5353 5370
3 5353 5354 5370
3 5374 5392 7961
3 5380 5291 6039
3 5374 5379 5375
3 5380 6036 5379
3 5375 5376 5384
3 5377 5386 5378
3 5378 7989 5313
3 5376 7981 5385
3 5378 5387 7989
3 5373 5388 5389
3 5373 5384 5388
3 5392 5393 5390
3 5384 5377 5388
3 5377 5378 5388
3 5378 5305 5388
3 5395 5396 5402
3 5396 5397 5402
3 5403 5399 8131
3 5403 8131 5277
3 5397 5398 5402
3 5398 5537 5402
3 5402 5404 5405
3 5399 5406 5407
3 5399 5407 8131
3 5399 5403 5298
3 5403 5283 5298
3 5395 5410 5411
3 5395 5411 5417
3 5395 5417 5412
3 5395 5412 5413
3 5395 5413 5414
3 5395 5414 5415
3 5395 5415 5529
3 5410 5416 5417
3 5408 5401 5416
3 5417 5418 5421
3 5417 5421 5419
3 5418 5420 5421
3 5401 5425 5418
3 5425 7970 5418
3 7970 5435 5419
3 5431 5434 5433
3 5431 5430 5434
3 5435 5436 5419
3 5443 5424 5423
3 5424 7970 5423
3 5423 7970 5425
3 5423 5425 5422
3 5422 5427 5440
3 5425 5426 5427
3 5440 6272 5441
3 5427 6273 6270
3 5422 5442 5443
3 5422 5429 5442
3 5448 5457 5449
3 5458 5459 5431
3 5431 5460 5430
3 5459 5594 7816
3 5456 5448 5447
3 5451 5450 5328
3 5448 5449 5439
3 5450 5439 5440
3 5336 5450 5441
3 5447 5450 5461
3 5450 5451 5461
3 5454 7822 7821
3 5447 5453 5463
3 5447 5463 5462
3 5456 5462 5463
3 5456 5463 5464
3 5456 5464 5481
3 5456 5481 5467
3 5457 5482 5465
3 5453 5454 5463
3 5454 5455 5463
3 5463 5478 5481
3 5465 5466 5459
3 5479 5480 5478
3 5481 5480 5483
3 5480 5484 5483
3 5477 5468 5469
3 5348 5485 5356
3 5471 5455 5485
3 5477 5469 5488
3 5469 5470 5488
3 5470 5471 5486
3 5471 5472 5486
3 5473 5370 7820
3 5477 5488 5503
3 5477 5503 5489
3 5477 5489 5505
3 5477 5505 5490
3 5477 5490 5474
3 5473 7820 5503
3 5475 5493 5491
3 5494 5519 5507
3 5495 5503 7820
3 5494 5495 5498
3 5495 5496 5511
3 5497 7819 5511
3 5511 7818 7817
3 5494 5498 5499
3 5494 5499 5514
3 5494 5514 5515
3 5494 5515 5516
3 5494 5516 5517
3 5494 5517 5518
3 5498 5511 5499
3 5499 5500 5521
3 5500 5501 5521
3 5501 5513 5521
3 5513 5502 5521
3 5502 3191 5521
3 5531 5685 3599
3 5523 5524 5527
3 5527 5532 5531
3 5524 5525 5532
3 5531 5533 5528
3 5396 5534 5398
3 5525 5526 5531
3 5528 5535 5534
3 5531 5536 5535
3 5535 7743 7744
3 5535 7744 5537
3 5538 5419 5436
3 5523 5527 5539
3 5529 5530 5542
3 5523 5543 5544
3 5540 5544 5545
3 5530 5547 5542
3 5547 5552 5542
3 5550 5588 5554
3 5550 5554 5553
3 5554 5558 5553
3 5553 5558 5546
3 5546 5704 5557
3 5552 5557 5545
3 5546 5703 5555
3 5549 5559 5435
3 5546 5547 5553
3 5553 5547 5550
3 5550 5565 5563
3 5547 5548 5567
3 5548 5549 5567
3 5550 5560 5571
3 5554 5572 5570
3 5582 5583 5571
3 5584 5586 5585
3 5582 5587 5588
3 5588 5573 5570
3 5586 5592 5585
3 5560 5575 5578
3 5579 5598 5595
3 5597 5595 5603
3 5575 5576 5599
3 5576 5577 5601
3 5605 5466 5606
3 5560 5608 5584
3 5581 5742 7807
3 5584 5613 5607
3 5609 5608 5560
3 5616 5617 5580
3 7972 5623 5621
3 5624 5626 5628
3 5611 5606 5629
3 5634 5635 5632
3 5636 7813 5484
3 5614 7805 5777
3 5612 5639 5613
3 5617 5640 5638
3 5657 5659 5640
3 5640 5659 5660
3 5659 5784 7803
3 5644 7972 5622
3 5662 5632 5636
3 5644 5645 5648
3 5645 5646 5648
3 5648 5664 5666
3 5663 5669 5665
3 5663 5665 3165
3 5646 5647 5664
3 5647 5632 5664
3 5632 5662 5664
3 5666 5668 5669
3 5662 5508 5664
3 5648 5671 5651
3 5649 5650 5648
3 5648 5672 5670
3 7740 5680 3608
3 5680 5681 3606
3 5681 5675 3606
3 5673 5674 5682
3 5674 5675 7740
3 7739 7740 7741
3 5817 5688 5690
3 5676 5678 5688
3 5688 5693 5690
3 5678 5686 5693
3 5693 5698 5690
3 5698 5700 5690
3 5697 5699 5692
3 5699 5696 5701
3 5700 5841 5691
3 5692 5693 5702
3 5702 5707 5694
3 5694 5709 5708
3 5709 5711 5708
3 5702 5705 5710
3 5705 7973 5717
3 5694 5722 5727
3 5721 5729 5727
3 5727 5731 5728
3 5727 5733 5731
3 5721 5727 5722
3 5722 5706 5737
3 5706 5723 5739
3 5723 5736 7808
3 5738 7808 5739
3 5739 7808 5581
3 5741 5581 7807
3 5722 5724 5721
3 5724 5725 5721
3 5725 5749 5721
3 5749 5743 5721
3 5745 5755 5743
3 5755 5756 5743
3 5761 5759 5729
3 5759 5726 5729
3 5759 5764 5726
3 5745 5743 5744
3 5766 5746 5768
3 5746 5747 5771
3 5768 5773 5772
3 5772 5773 5775
3 5772 5776 5783
3 5748 5614 5777
3 5748 5777 5774
3 5748 7806 5614
3 5744 5749 5750
3 5754 5779 5751
3 5751 5788 5762
3 5781 5786 5779
3 5788 5792 5762
3 5792 5793 5780
3 5791 5794 5793
3 5782 5769 5796
3 5783 5784 5799
3 5797 7802 3154
3 5781 5802 7796
3 5800 5803 7796
3 7796 3149 5800
3 5785 3138 5802
3 5805 5806 5812
3 5812 5813 5674
3 5807 5674 5673
3 5674 5814 5815
3 5674 5815 5816
3 5806 5811 5814
3 5811 3543 3604
3 5818 7737 5841
3 5804 5808 5821
3 5804 5821 5823
3 5804 5823 5819
3 5809 5810 5821
3 5804 5824 5820
3 5810 5833 5821
3 5821 5833 5823
3 5830 5836 5837
3 5833 5838 5824
3 5837 5832 3635
3 5840 5833 5839
3 5827 5818 5828
3 5830 5825 5842
3 5826 5827 5844
3 5844 5845 5846
3 5844 5848 5845
3 5848 5851 5845
3 5848 5852 5851
3 5851 5853 5845
3 5827 5828 5852
3 5830 5829 5855
3 5830 5855 5857
3 5830 5858 5831
3 5831 5856 5832
3 5866 5867 5860
3 5866 5870 5867
3 5868 5871 5869
3 5870 7789 5872
3 5859 5860 5861
3 5860 5829 5861
3 5861 5862 5864
3 5876 5880 5878
3 5862 5850 5879
3 5878 5880 5877
3 5850 5863 5879
3 5882 5765 5764
3 5859 5875 5883
3 5868 5886 3683
3 5892 5891 5894
3 5894 5896 5897
3 5889 5882 5764
3 5865 5888 5902
3 5903 5904 5908
3 5904 5905 5908
3 5907 5910 5908
3 5908 5910 5911
3 5888 5913 5912
3 5911 5912 5925
3 5865 5890 5917
3 5920 5939 7791
3 5895 5933 5918
3 5930 5931 5933
3 5923 5927 5928
3 5923 5935 5931
3 5934 5935 5938
3 5928 7792 5935
3 5922 5923 5942
3 5923 5917 5942
3 5917 5890 5942
3 5944 5946 3119
3 5946 7795 5801
3 5922 5948 5923
3 5928 5951 7792
3 5942 5944 5922
3 5923 5950 5949
3 5949 3128 3508
3 5951 3508 7792
3 5944 3116 5948
3 5953 8006 6206
3 5953 6206 8005
3 5955 5954 5964
3 5953 5954 5965
3 5957 5968 5969
3 5957 5969 5970
3 5966 5970 5971
3 5966 5971 3455
3 5954 5955 5972
3 5955 5956 5972
3 5969 6106 5970
3 5952 5957 5959
3 5957 5958 5959
3 5960 3454 3459
3 5962 3462 3461
3 5974 3461 5975
3 5975 8000 5976
3 5952 5959 5977
3 5952 5977 5978
3 5953 5978 6220
3 5953 6220 6198
3 5959 5960 5977
3 5960 5961 5977
3 5961 8001 5977
3 8001 5962 5977
3 5977 5980 5979
3 5979 5982 5981
3 5962 5963 5980
3 5981 5982 7989
3 5981 7989 6222
3 5963 5975 5980
3 5975 5307 5980
3 5983 5987 5988
3 5983 5988 5991
3 5989 5992 8004
3 5983 5984 5994
3 5995 5997 5998
3 5984 5989 5994
3 5986 7982 5996
3 5999 6000 6001
3 8002 6001 6002
3 8002 7986 3451
3 5985 5986 6003
3 5986 6015 6003
3 6000 6015 6001
3 5995 6004 6006
3 5983 6006 5987
3 5988 6010 7978
3 5999 3457 6005
3 5987 3468 6009
3 6012 6019 6020
3 6011 6266 7833
3 6019 7833 7832
3 6019 7832 6020
3 6011 6012 6024
3 6013 7993 6014
3 6011 6024 6016
3 6018 6027 5375
3 6024 6013 6025
3 6013 6014 6025
3 6016 7979 6028
3 6016 6028 6017
3 6014 6015 6025
3 6017 5996 6026
3 6011 6016 6029
3 6011 6029 6030
3 6011 6030 6031
3 6011 6031 6032
3 6011 6032 6033
3 6011 6033 6034
3 6011 6034 6038
3 6011 6035 6266
3 6030 6036 6037
3 6011 6038 6039
3 6016 6017 6036
3 6017 6027 6036
3 6027 6018 6036
3 6042 6050 6051
3 6051 6052 6053
3 6046 6058 3469
3 6045 7996 6056
3 6042 6043 6055
3 6043 6051 6055
3 6058 3470 3468
3 6051 6044 6055
3 6055 6044 7997
3 6055 7997 7996
3 6042 7996 6047
3 7996 6045 6047
3 6048 6060 6049
3 6045 6056 6047
3 6056 6046 6047
3 6047 6062 6063
3 6049 6063 6061
3 6046 3469 6062
3 6063 7988 7987
3 6063 7987 5973
3 6042 6047 6064
3 6042 6064 6065
3 6042 6065 6066
3 6042 6066 6071
3 6042 6071 6067
3 6042 6067 6068
3 6050 6068 6069
3 6069 6070 5371
3 6047 6048 6064
3 6048 6049 6065
3 6049 6059 6065
3 6059 6109 6065
3 6084 6083 5321
3 6074 7962 6082
3 6083 5337 5324
3 5337 5441 5324
3 6074 6080 6084
3 6087 7991 5315
3 6086 5317 5976
3 6073 6087 6077
3 6078 6088 6089
3 6087 6075 6077
3 6075 6076 6077
3 6089 6090 6091
3 7994 6091 7992
3 6090 3458 6091
3 6073 6077 6092
3 6073 6092 6093
3 6079 6093 6094
3 6079 6095 5340
3 6077 6078 6092
3 6093 6096 6097
3 6094 6097 6098
3 6094 6098 6099
3 6078 6012 6096
3 6109 6111 6065
3 6111 6112 6070
3 6112 6113 6070
3 6113 5372 6070
3 6100 7818 7819
3 6112 7819 5372
3 6100 6101 6103
3 6101 6102 6103
3 6102 6110 6103
3 6114 6061 7976
3 6110 6111 6103
3 6111 6109 6103
3 6103 6059 7995
3 6105 7995 6061
3 6100 6103 6107
3 6103 6104 6107
3 6104 7995 6107
3 7995 6105 6107
3 6105 6106 6107
3 6106 5956 6107
3 6100 6107 6120
3 6100 6120 6121
3 6100 6121 6122
3 6100 6122 6123
3 6100 6123 6124
3 6100 6124 6125
3 6100 6125 7818
3 6107 6116 6120
3 6122 6127 6126
3 6116 6108 6120
3 6120 6128 6129
3 6125 6130 7817
3 6108 6115 6128
3 6126 6132 6130
3 6134 6141 6144
3 6133 6142 6143
3 6134 6144 6130
3 6144 7967 6226
3 6135 6145 6136
3 6133 6134 6145
3 6145 6146 6136
3 6136 6128 7998
3 6138 7999 7975
3 6135 6136 6147
3 6147 6149 6150
3 6147 6150 6151
3 6139 6151 6174
3 6136 6137 6148
3 6137 6138 6148
3 6133 6135 6153
3 6133 6153 6154
3 6135 6147 6153
3 6155 3212 7969
3 6147 6139 6153
3 6156 6159 6160
3 6158 6161 6159
3 6139 6164 6153
3 6164 6158 6154
3 6169 7827 5275
3 6166 6172 5993
3 6162 6163 6171
3 6163 6161 6171
3 6165 6175 6174
3 6166 6177 6172
3 5990 6178 5992
3 6161 6164 6173
3 6165 6179 6167
3 7997 6182 7996
3 6165 6166 6179
3 6166 5988 6183
3 6057 7978 6184
3 6162 6165 6185
3 6162 6185 6189
3 6162 6189 6186
3 6162 6186 6187
3 6165 6167 6185
3 6187 7966 6168
3 6188 6054 7966
3 6168 6191 6234
3 6167 7997 6189
3 7997 6044 6189
3 6214 6199 6201
3 6201 6203 6204
3 6202 6204 7982
3 6201 6200 6203
3 6196 6205 6149
3 6205 8003 6152
3 6214 6202 6192
3 6202 5997 6192
3 5997 5989 6192
3 6192 5989 6193
3 6214 6192 6197
3 6197 6207 6208
3 6198 6208 8005
3 6192 6193 6207
3 6193 6194 6207
3 6207 6209 6210
3 6207 6210 6211
3 6194 6195 6209
3 6195 6196 6209
3 6209 6148 6212
3 6214 6197 6213
3 6214 6215 6216
3 6214 6216 6217
3 6214 6217 6199
3 6199 6219 6200
3 6200 6219 6218
3 6214 6198 6215
3 6217 6220 6199
3 6199 6221 6219
3 6224 6238 6239
3 6238 7818 7817
3 6223 6224 6227
3 6224 6225 6240
3 6227 6240 6242
3 6227 6242 6228
3 6225 6239 6241
3 6239 6226 7968
3 6241 7968 3211
3 6240 3211 7969
3 6228 7969 3212
3 6229 3212 5275
3 6223 6227 6230
3 6235 6191 7965
3 6227 6228 6230
3 6228 6229 6230
3 6229 5275 6230
3 6223 6230 6245
3 6223 6245 6248
3 6236 6250 7818
3 6230 6231 6245
3 6246 6247 6252
3 6231 6232 6245
3 6248 6249 6247
3 6247 6249 6252
3 6232 6233 6248
3 6233 6234 6251
3 6234 6235 6251
3 6252 5371 5372
3 6256 6264 7961
3 6254 6266 6265
3 6258 5301 7823
3 6254 6255 6253
3 6267 6269 5301
3 6255 6265 6268
3 6265 6256 6269
3 6269 5302 5301
3 6253 6257 6259
3 6257 6267 6259
3 6259 6271 6260
3 6267 6258 6271
3 6260 6273 6270
3 6253 6259 6274
3 6253 6274 6279
3 6253 6279 6275
3 6253 6276 6278
3 6263 6277 6266
3 6259 6260 6274
3 6260 6261 6279
3 6278 6282 6277
3 6272 6262 6281
3 6262 5441 5340
3 6279 5340 6280
3 6280 5340 6099
3 6277 6099 7831
3 6284 6325 6296
3 6285 6283 6286
3 6287 6297 6298
3 6288 6299 6300
3 6284 6295 6283
3 6295 6297 6283
3 6309 6301 3123
3 6286 6287 6285
3 6287 6288 6285
3 6301 6303 3136
3 6285 6714 6289
3 6294 6285 6304
3 6292 6304 6305
3 6292 6305 6306
3 6293 6306 6307
3 6293 6307 6308
3 6285 6289 6304
3 6289 6290 6304
3 6305 6309 6306
3 6290 6291 6309
3 6320 6340 8011
3 6312 6349 6322
3 6313 6311 6314
3 6316 6324 6325
3 6312 19 6311
3 19 16 6311
3 3146 6327 3155
3 6314 6315 6313
3 6315 6316 6313
3 6327 8010 3159
3 6313 6293 8009
3 6326 8009 6310
3 6317 6310 6318
3 6321 6313 6328
3 6319 6328 6329
3 6320 6329 6330
3 6320 6330 6331
3 6313 8009 6328
3 6329 6332 6330
3 8009 6317 6328
3 6329 6333 6332
3 6317 6318 6333
3 6332 3145 6334
3 6337 6335 6338
3 6338 6347 6348
3 6340 6348 6349
3 38 35 6335
3 6356 6350 3168
3 6338 6339 6337
3 6339 6340 6337
3 6350 8013 7800
3 6337 6320 8012
3 6351 8012 6334
3 6344 6337 6352
3 6343 6352 6353
3 6343 6353 6354
3 8014 6354 6355
3 8014 6355 6366
3 6337 8012 6352
3 8012 6341 6352
3 6353 6356 6354
3 6355 6357 6368
3 6354 6358 6357
3 6341 6342 6356
3 6369 6372 6373
3 6361 6374 7503
3 6372 8015 6375
3 6362 6376 6363
3 6359 6360 6376
3 6363 6380 6381
3 6363 6381 64
3 6363 64 6379
3 6379 6378 6365
3 6361 65 6376
3 6379 64 6377
3 6363 6379 6362
3 6379 6364 6362
3 6383 3197 3198
3 6364 6379 6366
3 6379 6365 6366
3 6376 6362 6384
3 6376 6384 6385
3 6369 6385 6389
3 6369 6389 6370
3 6372 6386 8015
3 6362 6367 6384
3 6370 6388 6372
3 6367 6368 6384
3 6385 6390 6389
3 6372 6388 6401
3 6368 6383 6390
3 6404 6406 7508
3 6393 6403 6408
3 6403 6394 6408
3 6408 6409 6410
3 6397 6410 6411
3 6398 6411 6361
3 6406 6404 6408
3 6404 7509 6408
3 6417 6412 3216
3 6412 3220 3216
3 6408 6396 6395
3 6396 6397 6395
3 6397 6398 8015
3 6395 8015 6399
3 6393 6395 6413
3 6393 6413 6414
3 6393 6414 6415
3 6422 6415 6416
3 6395 6399 6413
3 6415 6418 6416
3 6399 6400 6413
3 6413 6417 6418
3 6416 6439 6424
3 6400 6401 6417
3 6401 6402 6417
3 6425 6470 6428
3 7514 8016 6427
3 6419 8016 6430
3 6431 6433 7507
3 6421 7507 6429
3 7514 109 6430
3 6430 6431 6423
3 3234 6436 3235
3 6431 6420 6423
3 6436 6438 3237
3 6420 6421 6422
3 6438 6439 3237
3 6430 6423 6440
3 6430 6440 6441
3 6425 6441 6442
3 6425 6442 6443
3 6425 6443 6444
3 6425 6444 6445
3 6425 6445 6446
3 6425 6446 6447
3 6425 6447 6470
3 6443 6449 6444
3 6423 6434 6448
3 6434 6435 6448
3 6447 6449 8017
3 6435 6424 6448
3 6443 3232 6449
3 6424 6436 6448
3 6436 3234 6448
3 6456 6466 6457
3 6450 6451 6455
3 6455 6468 6465
3 6451 6462 6467
3 6462 6452 6467
3 6452 6453 6467
3 6465 130 6469
3 6457 6469 8016
3 6453 6454 6467
3 6454 124 6467
3 6450 6455 6458
3 6460 8132 6471
3 6477 6471 3258
3 6471 8132 3258
3 6455 6456 6470
3 6456 6457 6470
3 6459 8017 6460
3 6450 6458 6472
3 6450 6472 6473
3 6450 6473 6478
3 6450 6478 6474
3 6461 6474 6475
3 6461 6475 6476
3 6473 6477 6478
3 6458 6459 6477
3 6459 6460 6477
3 6482 6490 6483
3 6483 6492 148
3 6485 148 6491
3 6481 7524 6490
3 7524 139 6490
3 6500 6493 3268
3 6483 6484 6482
3 6484 6485 6482
3 6493 8019 3284
3 6482 6461 8018
3 6494 8018 6479
3 6486 6479 6487
3 6480 6482 6486
3 6480 6486 6495
3 6488 6495 6496
3 6489 6496 6497
3 6489 6497 6498
3 6482 8018 6486
3 6496 6499 6497
3 6486 6487 6500
3 7530 6544 6513
3 6504 6502 6505
3 6505 6515 6516
3 6507 6516 6517
3 7530 158 6502
3 6526 6518 3291
3 6505 6506 6504
3 6506 6507 6504
3 6518 6520 3307
3 6504 6489 8021
3 6519 8021 6501
3 6512 6504 6521
3 6510 6521 6522
3 6510 6522 6523
3 6511 6523 6524
3 6511 6524 6525
3 6504 8021 6521
3 8021 6508 6521
3 6522 6526 6523
3 6508 6509 6526
3 7537 6570 6539
3 6530 6528 6531
3 6531 6541 6542
3 6533 6542 6543
3 6533 6543 6544
3 7537 6542 6528
3 6553 6545 3315
3 6531 6532 6530
3 6532 6533 6530
3 6545 6547 3332
3 6530 6511 8023
3 6546 8023 6527
3 6538 6530 6548
3 6536 6548 6549
3 6536 6549 6550
3 6537 6550 6551
3 6537 6551 6552
3 6530 8023 6548
3 8023 6534 6548
3 6549 6553 6550
3 6534 6535 6553
3 6564 6586 8027
3 6556 6595 6566
3 6557 6555 6558
3 6558 6568 6569
3 6560 6569 6570
3 6556 6566 6555
3 6566 199 6555
3 6578 6571 3340
3 6558 6559 6557
3 6559 6560 6557
3 6571 8026 3359
3 6557 6537 8025
3 6572 8025 6554
3 6565 6557 6573
3 6563 6573 6574
3 6563 6574 6575
3 6564 6575 6576
3 6564 6576 6577
3 6557 8025 6573
3 8025 6561 6573
3 6574 6578 6575
3 6561 6562 6578
3 6582 6619 6591
3 6583 6581 6584
3 6584 6593 6594
3 6586 6594 6595
3 6582 6591 6581
3 6591 220 6581
3 6603 6596 3368
3 6584 6585 6583
3 6585 6586 6583
3 6596 8029 3378
3 6583 6564 8028
3 6597 8028 6579
3 6580 6583 6598
3 6580 6598 6599
3 6580 6599 6600
3 6589 6600 6601
3 6589 6601 6602
3 6583 8028 6598
3 8028 6587 6598
3 6599 6603 6600
3 6587 6588 6603
3 6607 6605 6608
3 6610 6618 6619
3 6616 239 6605
3 6628 6620 3386
3 6608 6609 6607
3 6609 6610 6607
3 6620 6622 3399
3 6607 6589 8030
3 6621 8030 6604
3 6615 6607 6623
3 6613 6623 6624
3 6613 6624 6625
3 6614 6625 6626
3 6614 6626 6627
3 6607 8030 6623
3 8030 6611 6623
3 6624 6628 6625
3 6611 6612 6628
3 6631 6668 6641
3 6632 6630 6633
3 6635 6643 6644
3 6631 6641 6630
3 6641 262 6630
3 6652 6645 3409
3 6633 6634 6632
3 6634 6635 6632
3 6645 8033 3423
3 6632 6614 8032
3 6646 8032 6629
3 6640 6632 6647
3 6638 6647 6648
3 6638 6648 6649
3 6639 6649 6650
3 6639 6650 6651
3 6632 8032 6647
3 8032 6636 6647
3 6648 6652 6649
3 6636 6637 6652
3 6656 6654 6657
3 6659 6667 6668
3 6665 282 6654
3 6677 6669 3431
3 6657 6658 6656
3 6658 6659 6656
3 6669 6671 3447
3 6656 6639 8035
3 6670 8035 6653
3 6664 6656 6672
3 6662 6672 6673
3 6662 6673 6674
3 6663 6674 6675
3 6663 6675 6676
3 6656 8035 6672
3 8035 6660 6672
3 6673 6677 6674
3 6660 6661 6677
3 7568 6720 6690
3 6681 6679 6682
3 6682 6692 6693
3 6684 6693 6694
3 7568 324 6679
3 6702 6695 3480
3 6682 6683 6681
3 6683 6684 6681
3 6695 8038 3491
3 6681 6663 8037
3 6696 8037 6678
3 6689 6681 6697
3 6687 6697 6698
3 6687 6698 6699
3 6688 6699 6700
3 6688 6700 6701
3 6681 8037 6697
3 8037 6685 6697
3 6698 6702 6699
3 6685 6686 6702
3 6707 6704 6708
3 6708 6718 6719
3 6710 6719 6720
3 6705 345 6704
3 345 6706 6704
3 6706 343 6704
3 6729 6721 3499
3 6708 6709 6707
3 6709 6710 6707
3 6721 8041 3514
3 6707 6688 8040
3 6722 8040 6703
3 6715 6707 6723
3 6713 6723 6724
3 6713 6724 6725
3 6714 6725 6726
3 6714 6726 6727
3 6707 8040 6723
3 6725 6728 6726
3 8040 6711 6723
3 6724 6729 6725
3 6711 6712 6729
3 6732 6741 2180
3 6739 8048 8047
3 6739 8047 6742
3 6739 6742 6743
3 6739 6743 6777
3 6731 6739 6733
3 6739 6732 6744
3 6732 2169 6744
3 6733 2169 6735
3 6733 6745 6746
3 3038 6747 6748
3 6747 6750 8050
3 6733 6734 6745
3 6746 6749 6750
3 6734 6735 6749
3 6750 6751 3032
3 6735 6736 6749
3 6736 6737 6749
3 6751 7725 6752
3 6731 6753 6754
3 6739 6754 6755
3 6739 6755 6756
3 6739 6756 6757
3 6739 6757 6758
3 6739 6758 6759
3 6733 6738 6753
3 6738 3038 6753
3 6762 6769 6770
3 6761 6771 6773
3 6769 6773 6774
3 6769 6774 6775
3 6761 6769 6762
3 8047 6776 6742
3 6763 83 7697
3 6765 7697 3094
3 6766 3094 98
3 6776 98 3098
3 6762 6763 6761
3 6763 6764 6767
3 6764 6765 6767
3 6781 6782 3008
3 6765 6766 6780
3 6767 8048 6783
3 6767 6783 6784
3 6781 6784 6785
3 6781 6785 8049
3 6781 8049 6782
3 6766 8047 8048
3 6761 6786 6787
3 6761 6787 6788
3 6761 6788 3012
3 6761 3012 6789
3 6768 6790 6772
3 6768 6791 6790
3 6767 6786 6761
3 3012 7730 6791
3 6786 3007 6787
3 6792 6799 6801
3 6803 6801 6802
3 6803 6804 2443
3 6803 6809 6806
3 6804 6806 2443
3 6799 6800 6807
3 6801 6807 6808
3 6801 6808 6805
3 6802 6801 6805
3 6800 6828 6807
3 6792 6803 6793
3 6773 2433 8045
3 6793 6794 6792
3 6794 6795 6792
3 6795 6796 6814
3 6815 8046 6816
3 6792 6817 6799
3 6799 2986 6818
3 6799 6818 2987
3 6799 2987 6819
3 6799 6819 2988
3 6799 2988 6820
3 6797 6798 6817
3 6830 6833 6834
3 6822 6834 6832
3 6831 6835 7696
3 6835 6836 7696
3 7696 7728 7595
3 6830 6822 6823
3 6805 3091 6809
3 6831 7695 6823
3 6826 7694 3091
3 6830 6823 6825
3 6823 6824 6825
3 6826 6827 6825
3 6827 6828 6825
3 6839 6841 6842
3 6839 6842 6821
3 6839 6821 6843
3 6839 6843 6840
3 6844 6821 2944
3 6830 6825 6845
3 6830 6846 6852
3 6830 6852 6847
3 6849 6848 6850
3 6849 6850 7726
3 6847 2937 6849
3 6853 6862 6863
3 6853 6863 6859
3 6853 6859 6867
3 6853 6854 6856
3 6871 6873 2959
3 6854 6855 6872
3 6870 6872 6871
3 6873 2965 2960
3 6853 6856 6857
3 6853 6857 6875
3 6853 6875 6876
3 6853 6876 2964
3 6853 2964 6878
3 6853 6878 6858
3 6858 6877 6863
3 6857 8058 6875
3 8058 2959 6876
3 6886 6888 6889
3 6886 6889 6890
3 6886 6890 6891
3 6886 6891 6892
3 6886 6892 6893
3 6886 6893 6894
3 6886 6894 6887
3 6882 2092 6883
3 6899 7684 7596
3 6880 6881 6885
3 6881 6882 6885
3 6882 6883 6885
3 6897 6899 6900
3 6897 6900 6942
3 6897 6942 7719
3 6901 6902 2923
3 6902 6942 8055
3 6880 6885 6903
3 6880 6903 6904
3 6880 6904 6905
3 6886 6905 6906
3 6886 6906 6907
3 6886 6907 2928
3 6886 2928 6908
3 6886 6908 2929
3 6885 6898 6903
3 6888 6909 6872
3 6906 2926 6907
3 6888 2929 6909
3 6910 6918 6921
3 6920 6921 7691
3 6920 7691 2201
3 6921 6922 7691
3 6918 6919 6923
3 6918 6923 6884
3 6918 6884 6896
3 6920 2201 6910
3 6916 7690 2211
3 6910 6911 6917
3 6917 6924 6925
3 6941 6925 6926
3 6911 7690 6924
3 7690 6912 6924
3 6912 6913 6924
3 6925 6928 6929
3 6926 6929 2304
3 6913 6914 6924
3 6914 6915 6924
3 6915 6916 6924
3 6924 6930 6954
3 6924 6954 6931
3 6924 6931 8053
3 6924 8053 6928
3 8053 8054 2305
3 6910 6917 6932
3 6910 6932 6933
3 6918 6933 6934
3 6918 6934 6935
3 6918 6935 6936
3 6918 6936 6937
3 6918 6937 6938
3 6918 6938 6939
3 6933 2302 6934
3 6917 6941 6932
3 6937 2302 6939
3 6934 2302 6935
3 6950 6951 3114
3 3114 6952 2369
3 6952 6953 2369
3 6951 6958 6953
3 6951 6953 6952
3 6943 6949 6954
3 6943 6954 6955
3 6943 6955 6956
3 6943 6956 6957
3 6951 6957 6958
3 6943 6950 7594
3 6950 3114 7594
3 6943 6944 6947
3 6948 6963 2223
3 6944 6945 6947
3 6947 6961 6962
3 6963 6965 6966
3 6963 6966 8059
3 6945 6946 8056
3 6943 6947 6967
3 6943 6967 6968
3 6943 6968 6969
3 6943 6969 6970
3 6943 6970 2234
3 6943 2234 6971
3 6943 6971 6972
3 6943 6972 6973
3 6949 6974 8053
3 6982 6981 6983
3 6983 6986 6985
3 6986 6988 6989
3 6986 6989 6990
3 6985 6990 7485
3 6979 6993 2726
3 6982 6976 6992
3 6976 6983 6992
3 6983 7484 6992
3 7484 6977 6992
3 6993 8083 7478
3 6993 7478 2734
3 6975 2747 6994
3 6992 6978 2747
3 6978 6979 2747
3 2747 8084 6994
3 6979 2725 2747
3 6995 2755 2756
3 6981 6996 7000
3 6981 7000 6999
3 6999 6997 6998
3 6999 398 362
3 6975 6994 6982
3 6999 7000 7001
3 6999 7001 6997
3 6994 6980 7490
3 7003 7007 7008
3 7490 7012 6996
3 7008 7011 7010
3 7008 7010 7012
3 7011 7014 7015
3 7014 7491 7015
3 7006 7018 2585
3 7003 7004 7002
3 7004 7490 7002
3 7002 7490 6980
3 7002 6980 7005
3 7018 7489 7488
3 7018 7488 8061
3 7005 7006 7019
3 7020 7022 2608
3 7020 2608 7023
3 7020 8085 7022
3 7006 2591 7024
3 7019 7024 2604
3 7019 2604 8085
3 7023 2610 7021
3 7007 7026 7030
3 7007 7030 7029
3 7029 7027 7028
3 7002 7020 7025
3 7029 401 364
3 7029 7030 7031
3 7029 7031 7027
3 7033 7040 7041
3 7495 7045 7026
3 7041 7044 7043
3 7041 7043 7045
3 7044 7047 7048
3 7047 7496 7048
3 7033 7034 7032
3 7034 7495 7032
3 7032 7495 7035
3 7036 7495 7049
3 7050 7494 2612
3 7035 7036 7037
3 7051 7052 7039
3 7037 7054 7055
3 7051 7055 7052
3 7054 8086 2462
3 7054 2462 7055
3 7052 2466 7039
3 7039 2468 7053
3 7040 7057 7061
3 7040 7061 7060
3 7060 7058 7059
3 7032 7051 7056
3 7060 404 366
3 7060 7061 7062
3 7060 7062 7058
3 7051 7039 7066
3 7039 7500 7066
3 7064 7069 7071
3 7066 7071 7057
3 7069 7090 7073
3 7071 7074 7075
3 7071 7076 7077
3 7071 7077 7058
3 7076 405 7077
3 7064 7065 7063
3 7065 7066 7063
3 7063 7066 7500
3 7063 7500 7067
3 7079 7500 7499
3 7081 7499 7498
3 7081 7498 2318
3 7067 7068 7082
3 7083 8087 7085
3 7068 2321 7086
3 7082 2333 8087
3 8087 2335 7085
3 7085 2337 7113
3 7085 7113 7084
3 7069 7087 7091
3 7069 7091 7090
3 7090 7088 7089
3 7063 7083 7070
3 7090 408 368
3 7090 7091 7092
3 7090 7092 7088
3 7094 7102 7103
3 7504 7107 7087
3 7103 7106 7105
3 7103 7105 7107
3 7106 7109 7110
3 7109 7505 7110
3 7099 7112 7113
3 7094 7095 7093
3 7095 7504 7093
3 7093 7504 7096
3 7097 7504 7111
3 7096 7097 7100
3 7097 7098 7100
3 7114 2215 7101
3 7098 7099 7100
3 7100 7117 2205
3 7100 2205 2215
3 7102 7119 7123
3 7102 7123 7122
3 7122 7120 7121
3 7093 7100 7118
3 7122 411 370
3 7100 7114 7118
3 7122 7123 7124
3 7122 7124 7120
3 7114 7101 7128
3 7101 7511 7128
3 7126 7133 7135
3 7128 7135 7119
3 7133 7152 7137
3 7135 7138 7139
3 7135 7140 7141
3 7135 7141 7120
3 7140 412 7141
3 2061 7145 7144
3 7126 7127 7125
3 7127 7128 7125
3 7125 7128 7511
3 7125 7511 7129
3 7143 7511 7510
3 7145 7510 8070
3 7129 7130 7131
3 7146 2073 2074
3 7146 2074 2076
3 7146 2076 8089
3 7131 7148 2070
3 7146 2070 2073
3 7132 2061 7131
3 2074 2075 2076
3 8089 2078 7147
3 7133 7149 7153
3 7133 7153 7152
3 7152 7150 7151
3 7125 7146 7134
3 7152 415 372
3 7152 7153 7154
3 7152 7154 7150
3 7146 7516 7158
3 7156 7164 7166
3 7158 7166 7149
3 7164 7183 7168
3 7166 7169 7170
3 7166 7171 7172
3 7166 7172 7150
3 7171 416 7172
3 7162 8090 1910
3 7162 7175 8090
3 7156 7157 7155
3 7157 7158 7155
3 7155 7158 7516
3 7155 7516 7159
3 7174 7516 7175
3 7175 7515 2078
3 7159 7160 7161
3 7176 1932 7163
3 7161 7178 1929
3 7161 1929 1932
3 7163 1937 7179
3 7164 7180 7184
3 7164 7184 7183
3 7183 7181 7182
3 7155 7176 7165
3 7183 419 374
3 7183 7184 7185
3 7183 7185 7181
3 7176 7163 7519
3 7187 7194 7195
3 7519 7199 7180
3 7195 7198 7197
3 7195 7197 7199
3 7198 7201 7202
3 7201 7520 7202
3 7191 7204 1761
3 7187 7188 7186
3 7188 7519 7186
3 7186 7519 7189
3 7203 7519 7204
3 7204 7179 7205
3 7189 7190 7193
3 7190 7191 7193
3 7193 7209 7210
3 7193 7210 1773
3 7206 1773 7208
3 7191 7192 7193
3 7208 1777 1778
3 7208 1778 1781
3 7194 7212 7216
3 7194 7216 7215
3 7215 7213 7214
3 7186 7193 7211
3 7215 422 376
3 7193 7206 7211
3 7215 7216 7217
3 7215 7217 7213
3 7206 7208 7526
3 7219 7226 7227
3 7526 7231 7212
3 7227 7230 7229
3 7227 7229 7231
3 7230 7233 7234
3 7233 7527 7234
3 7219 7220 7218
3 7220 7526 7218
3 7218 7526 7221
3 7222 7526 7235
3 7236 7525 1782
3 7221 7222 7223
3 7237 1634 7225
3 7223 1628 7240
3 7237 7240 1634
3 7224 1610 1628
3 7225 1634 1635
3 7225 1635 7239
3 7226 7243 7247
3 7226 7247 7246
3 7246 7244 7245
3 7218 7237 7242
3 7246 425 378
3 7246 7247 7248
3 7246 7248 7244
3 7237 7225 7533
3 7250 7256 7257
3 7533 7261 7243
3 7257 7260 7259
3 7257 7259 7261
3 7260 7263 7264
3 7263 7534 7264
3 7254 7266 1464
3 7250 7251 7249
3 7251 7533 7249
3 7249 7533 7252
3 7265 7533 7266
3 7266 7241 7532
3 7266 7532 7531
3 7252 7253 7255
3 7269 1487 7268
3 7253 7254 7255
3 7255 7270 1478
3 7255 1478 1480
3 7267 1480 7269
3 7269 1484 1487
3 7256 7272 7276
3 7256 7276 7275
3 7275 7273 7274
3 7249 7255 7271
3 7275 428 380
3 7255 7267 7271
3 7275 7276 7277
3 7275 7277 7273
3 7267 7269 7541
3 7279 7286 7287
3 7541 7291 7272
3 7287 7290 7289
3 7287 7289 7291
3 7290 7293 7294
3 7293 7542 7294
3 7279 7280 7278
3 7280 7541 7278
3 7278 7541 7281
3 7282 7541 7295
3 7296 7540 7539
3 7296 7539 7538
3 7281 7282 7283
3 7297 7298 7285
3 7283 7300 8091
3 7283 8091 7301
3 7297 7301 7298
3 7284 1321 7283
3 7285 8092 1344
3 7285 1344 1343
3 7285 1343 7299
3 7286 7304 7307
3 7286 7307 7306
3 7278 7297 7303
3 7306 431 382
3 7306 7307 7305
3 7297 7285 7547
3 7310 7317 7320
3 7547 7324 7304
3 7320 7322 7324
3 7320 7326 7327
3 7320 7327 8116
3 7324 8116 7305
3 1175 7329 1177
3 7310 7311 7309
3 7311 7547 7309
3 7309 7547 7312
3 7313 7547 7328
3 7329 7546 7545
3 7329 7545 7544
3 7312 7313 7314
3 7330 7332 7316
3 7314 1191 7333
3 7314 7333 1196
3 7314 1196 7330
3 7330 1196 7332
3 7332 8093 1199
3 7332 1199 7316
3 7316 1202 1203
3 1203 1204 7331
3 7317 7335 7352
3 7317 7352 7336
3 7317 7336 7318
3 7318 7337 7338
3 7318 7338 7548
3 7309 7330 7334
3 7318 7336 7337
3 7338 8117 435
3 7330 7316 7552
3 7340 7347 7348
3 7348 7351 7350
3 7348 7350 7352
3 7351 7354 7355
3 7352 7356 7337
3 7354 7553 7355
3 7340 7341 7339
3 7341 7552 7339
3 7339 7552 7342
3 7343 7552 7357
3 7358 7551 7550
3 7342 7343 7344
3 7346 7360 7361
3 7344 1037 1048
3 7344 1048 8094
3 7359 8094 7346
3 7346 1054 1055
3 7347 7363 7366
3 7347 7366 7365
3 7339 7359 7362
3 7365 438 386
3 7365 7366 7364
3 7359 7346 7557
3 7369 7377 7380
3 7557 7384 7363
3 7380 7382 7384
3 7380 7386 7387
3 7380 7387 8118
3 7384 8118 7364
3 7369 7370 7368
3 7370 7557 7368
3 7368 7557 7371
3 7388 7557 7556
3 7389 7556 1057
3 7389 1057 7555
3 7389 7555 8078
3 7371 7372 7375
3 7372 7373 7375
3 7375 893 906
3 7375 906 908
3 7373 7374 7375
3 7374 893 7375
3 7391 910 912
3 7391 912 913
3 7391 748 7559
3 7377 7394 7395
3 7377 7395 7396
3 7377 7396 7378
3 7378 7397 7398
3 7378 7398 7558
3 7368 7375 7393
3 7375 7392 7393
3 7378 7396 7397
3 7398 8119 443
3 7392 7376 7560
3 7400 7405 7407
3 7560 7411 7395
3 7405 7423 7412
3 7407 7410 7409
3 7407 7409 7411
3 7410 7413 7414
3 7411 8119 7397
3 7413 7562 7561
3 7400 7401 7399
3 7401 7560 7399
3 7399 7560 7376
3 7399 7376 7402
3 7403 7559 748
3 7402 7415 7404
3 8098 7418 767
3 7415 7403 7404
3 7404 8096 8097
3 7416 8097 8098
3 7403 740 8096
3 8096 758 8097
3 8097 761 8098
3 7405 7420 7424
3 7405 7424 7423
3 7423 7421 7422
3 7399 7404 7406
3 7423 7426 7563
3 7404 7416 7406
3 7423 7424 7425
3 7423 7425 7421
3 7416 8098 7566
3 7428 7434 7437
3 7566 7442 7420
3 7434 7435 7438
3 7437 7441 7440
3 7437 7440 7442
3 7441 7443 7444
3 7443 7445 7444
3 7428 7429 7427
3 7429 7566 7427
3 7427 7566 7430
3 7446 7566 7419
3 7432 7419 7565
3 7432 7565 7564
3 7430 7431 7433
3 8103 623 625
3 7431 7432 7433
3 7433 8100 8101
3 7433 8101 8102
3 7448 8102 8103
3 7432 8099 8100
3 8102 621 8103
3 7434 7450 7451
3 7434 7451 7452
3 7435 7452 7436
3 7427 7433 7449
3 7436 7453 452
3 7433 7448 7449
3 7436 7454 8121
3 7448 8103 7570
3 7453 8121 453
3 7456 7463 7465
3 7570 7466 7450
3 7463 7482 7467
3 7465 7468 7466
3 7467 7470 7471
3 7465 7471 7472
3 7465 7472 7468
3 7466 7468 7454
3 7482 392 450
3 7472 454 7468
3 462 466 456
3 7460 7473 466
3 7456 7457 7455
3 7457 7570 7455
3 7455 7570 7458
3 7459 7570 7569
3 7473 7569 457
3 7458 7459 7461
3 7474 7475 7462
3 7459 7460 7461
3 7461 7476 7477
3 7461 7477 7474
3 7460 462 7461
3 7461 471 7476
3 7477 474 7474
3 7462 479 8105
3 8105 2734 7478
3 7463 7480 7482
3 7482 7483 392
3 7455 7461 7479
3 7461 7474 7484
3 7482 6985 7481
3 7482 7485 395
3 7483 395 394
3 7474 7462 7484
3 7462 8082 7484
3 8082 6977 7484
3 359 357 346
3 7647 359 346
3 2856 0 7
3 8122 7647 346
3 6286 6283 6297
3 5 7 0
3 5 2 7
3 6 6297 5
3 6298 6297 6
3 6288 6298 6
3 6299 6288 6
3 6300 6299 6
3 17 22 4
3 23 17 4
3 6295 3 2
3 6295 4 3
3 6296 6324 4
3 2850 2851 7
3 2852 2850 7706
3 12 7 4
3 13 8 12
3 13 9 8
3 13 10 9
3 13 11 10
3 13 7706 11
3 2852 7706 13
3 2862 2852 13
3 2707 2862 13
3 13 12 22
3 21 20 22
3 21 22 15
3 2707 21 15
3 6314 6311 16
3 6324 6314 16
3 22 17 14
3 23 16 17
3 4 16 23
3 4 6324 16
3 6296 6325 6324
3 25 24 19
3 35 41 24
3 42 35 24
3 26 42 24
3 26 24 25
3 19 18 17
3 6322 26 25
3 6322 6348 26
3 30 2700 14
3 2701 2700 31
3 27 14 18
3 2702 2701 31
3 32 27 18
3 32 28 27
3 33 29 32
3 33 30 29
3 31 2700 30
3 39 24 40
3 33 32 39
3 31 33 39
3 2702 31 40
3 7702 34 45
3 6347 6335 35
3 6348 6347 35
3 41 35 45
3 26 35 42
3 26 6348 35
3 6322 6349 6348
3 43 7585 38
3 63 62 7585
3 44 63 7585
3 44 7585 43
3 38 37 36
3 6345 44 43
3 6345 64 44
3 2561 7702 45
3 2562 2561 51
3 46 45 37
3 52 2562 51
3 47 46 37
3 52 45 47
3 52 48 45
3 52 49 48
3 52 50 49
3 52 51 50
3 2576 2581 52
3 2431 2576 52
3 61 2431 52
3 52 47 58
3 61 58 59
3 57 53 54
3 2428 53 57
3 2428 60 53
3 6380 6376 65
3 62 55 54
3 6381 6380 65
3 64 6381 65
3 7585 54 53
3 7585 62 54
3 63 55 62
3 64 65 55
3 6378 6377 64
3 44 55 63
3 44 64 55
3 6345 6378 64
3 7590 78 66
3 65 54 55
3 65 56 54
3 66 73 56
3 88 78 7590
3 7503 56 65
3 7503 66 56
3 71 57 54
3 74 70 69
3 74 71 70
3 74 57 71
3 74 72 57
3 73 54 67
3 73 68 54
3 73 74 68
3 75 72 74
3 75 7700 72
3 2424 2423 75
3 76 74 73
3 2433 2424 75
3 8045 75 76
3 8045 2433 75
3 76 73 84
3 86 76 84
3 86 78 77
3 86 84 78
3 8045 76 86
3 85 86 77
3 83 85 77
3 83 86 85
3 6409 6408 7509
3 87 80 79
3 6410 6409 7509
3 6411 6410 7509
3 78 87 79
3 78 88 87
3 7590 87 88
3 7590 7509 87
3 7590 6411 7509
3 7508 89 82
3 108 107 89
3 90 108 89
3 90 89 7508
3 81 80 7509
3 7508 82 81
3 7507 90 7508
3 95 7697 92
3 93 92 91
3 94 95 92
3 94 92 93
3 3094 7697 95
3 91 80 82
3 97 93 91
3 97 94 93
3 96 94 97
3 98 3094 95
3 97 91 89
3 98 96 97
3 98 95 96
3 98 97 100
3 3098 100 106
3 3098 98 100
3 2178 100 99
3 6433 6430 109
3 107 102 101
3 107 103 102
3 7507 6433 109
3 108 103 107
3 7507 109 103
3 89 107 101
3 90 103 108
3 90 7507 103
3 129 7597 7513
3 109 102 103
3 109 104 102
3 122 129 7513
3 130 122 7513
3 7514 104 109
3 7514 105 104
3 7514 110 105
3 2174 7688 115
3 2175 2174 115
3 7689 2175 115
3 7597 102 105
3 7597 111 102
3 116 112 111
3 116 113 112
3 116 114 113
3 117 115 114
3 2175 7689 117
3 2176 2175 117
3 2181 2176 117
3 128 2181 117
3 127 7597 121
3 127 121 120
3 111 7597 127
3 116 111 127
3 117 116 128
3 2034 118 7682
3 130 6468 124
3 129 122 121
3 130 124 123
3 130 123 122
3 7513 6469 130
3 7603 146 126
3 140 7603 126
3 147 140 126
3 148 147 126
3 148 126 6463
3 6463 125 124
3 6463 126 125
3 133 7682 118
3 2029 7682 134
3 131 118 125
3 2030 2029 134
3 135 133 132
3 134 7682 133
3 7683 2030 134
3 2040 7683 134
3 1894 2040 134
3 132 131 143
3 135 132 143
3 144 136 7678
3 144 137 136
3 134 135 143
3 1894 143 138
3 1894 145 143
3 138 137 144
3 6492 6490 139
3 148 6492 139
3 146 141 136
3 7603 140 146
3 147 139 140
3 148 139 147
3 6463 6491 148
3 163 7609 149
3 139 141 140
3 158 163 149
3 7523 158 149
3 7524 141 139
3 7524 142 141
3 1891 7678 154
3 1887 1891 154
3 7609 151 142
3 153 7678 151
3 153 152 7678
3 153 150 152
3 153 154 150
3 1888 154 153
3 162 7609 156
3 153 151 162
3 161 156 155
3 1888 153 162
3 1739 155 1736
3 1739 161 155
3 162 156 161
3 6515 6502 158
3 6516 6515 158
3 163 158 157
3 6517 6516 7523
3 7609 163 157
3 7523 6516 158
3 176 183 160
3 184 176 160
3 164 184 160
3 7530 160 159
3 6513 164 160
3 1732 1742 7675
3 166 165 159
3 180 166 159
3 180 167 166
3 180 168 167
3 180 169 168
3 180 170 169
3 180 171 170
3 180 1736 171
3 173 7675 1736
3 1732 7675 173
3 7676 1732 173
3 1593 7676 173
3 182 1593 173
3 180 183 181
3 182 181 175
3 172 180 182
3 173 172 182
3 6541 6528 6542
3 6513 6542 176
3 6543 6542 6513
3 6544 6543 6513
3 183 176 186
3 164 176 184
3 164 6513 176
3 7615 198 179
3 199 7615 179
3 205 199 179
3 185 205 179
3 6542 177 176
3 7537 178 177
3 7537 179 178
3 6539 6569 185
3 190 174 186
3 1586 7673 195
3 196 1586 195
3 179 186 178
3 196 188 187
3 196 189 188
3 196 190 189
3 196 191 190
3 196 192 191
3 196 193 192
3 196 194 193
3 196 195 194
3 7616 1602 196
3 187 179 198
3 196 187 198
3 204 203 197
3 7668 197 209
3 6568 6555 199
3 6569 6568 199
3 7615 199 198
3 185 199 205
3 185 6569 199
3 6539 6570 6569
3 207 206 202
3 219 226 206
3 208 219 206
3 208 206 207
3 6566 200 199
3 6566 201 200
3 6566 202 201
3 6566 208 207
3 6566 6594 208
3 213 7669 209
3 1442 7669 214
3 1443 1442 214
3 210 209 202
3 7670 1443 214
3 215 210 202
3 215 211 210
3 216 212 215
3 216 213 212
3 216 7669 213
3 216 214 7669
3 1444 7670 216
3 1451 1444 216
3 225 1451 216
3 216 215 224
3 1306 218 217
3 225 224 223
3 7663 1306 217
3 223 218 1306
3 6593 6581 220
3 6594 6593 220
3 206 229 217
3 226 219 229
3 208 220 219
3 206 226 229
3 208 6594 220
3 6566 6595 6594
3 247 244 222
3 237 247 222
3 248 237 222
3 228 248 222
3 228 222 227
3 6591 219 220
3 6591 221 219
3 6591 222 221
3 6591 228 227
3 6591 6618 228
3 230 217 229
3 1298 1297 231
3 1299 1298 231
3 232 229 222
3 230 229 232
3 7625 1299 231
3 1161 7625 231
3 230 232 244
3 245 244 236
3 246 245 236
3 231 230 245
3 6608 6605 239
3 6618 6608 239
3 247 233 234
3 247 238 233
3 247 237 238
3 248 238 237
3 6618 239 238
3 228 238 248
3 228 6618 238
3 6591 6619 6618
3 267 264 249
3 242 241 240
3 250 249 242
3 251 267 249
3 251 249 250
3 239 240 238
3 239 242 240
3 6616 251 250
3 6616 6643 251
3 253 243 233
3 1152 1151 255
3 1153 1152 255
3 265 233 241
3 265 253 252
3 256 254 253
3 256 255 254
3 7659 1153 256
3 1162 7659 256
3 265 264 260
3 266 265 260
3 259 258 257
3 256 265 266
3 1004 259 257
3 6633 6630 262
3 6643 6633 262
3 267 257 258
3 267 261 257
3 6643 262 267
3 251 6643 267
3 6616 6644 6643
3 280 288 263
3 289 280 263
3 269 289 263
3 269 263 268
3 6641 261 262
3 6641 263 261
3 6641 269 268
3 6641 6667 269
3 1000 999 998
3 286 270 263
3 286 271 270
3 276 272 271
3 276 273 272
3 276 274 273
3 276 275 274
3 1000 998 275
3 275 1011 1000
3 287 1012 275
3 286 263 279
3 276 271 286
3 279 278 285
3 287 286 279
3 275 276 287
3 869 7653 285
3 7653 279 285
3 6657 6654 282
3 278 277 285
3 6667 6657 282
3 288 277 278
3 288 281 277
3 288 280 281
3 289 281 280
3 6667 282 281
3 263 288 278
3 269 281 289
3 269 6667 281
3 6641 6668 6667
3 291 290 284
3 329 323 290
3 292 329 290
3 292 290 291
3 282 283 281
3 282 284 283
3 6665 292 291
3 6665 6693 292
3 294 285 277
3 864 285 294
3 865 864 294
3 296 277 284
3 296 293 277
3 296 294 293
3 297 294 295
3 866 865 328
3 872 866 328
3 2901 2902 300
3 306 2901 300
3 306 300 299
3 307 299 298
3 308 306 299
3 7712 308 307
3 7713 2909 308
3 2955 2946 303
3 309 2955 303
3 309 303 302
3 2956 2957 309
3 3044 2956 309
3 2902 301 300
3 2902 302 301
3 7731 309 302
3 2894 2892 305
3 310 304 303
3 7715 311 310
3 311 305 304
3 311 2894 305
3 2945 7715 310
3 319 307 314
3 314 312 304
3 314 313 312
3 314 298 313
3 320 315 318
3 320 316 315
3 320 317 316
3 320 7710 317
3 320 318 319
3 8127 2978 320
3 295 296 327
3 297 295 327
3 328 297 872
3 322 321 326
3 872 327 322
3 6692 6679 324
3 6693 6692 324
3 290 323 321
3 6693 324 323
3 292 323 329
3 292 6693 323
3 6665 6694 6693
3 331 330 325
3 350 342 330
3 331 350 330
3 7568 325 323
3 6690 6719 331
3 7648 720 326
3 721 7648 326
3 348 321 323
3 338 721 326
3 348 333 332
3 348 334 333
3 348 335 334
3 348 336 335
3 348 326 336
3 338 326 337
3 732 722 338
3 349 732 338
3 349 348 340
3 337 348 349
3 338 337 349
3 570 339 347
3 6718 6704 343
3 6719 6718 343
3 330 342 341
3 350 343 342
3 331 343 350
3 331 6719 343
3 6690 6720 6719
3 5 346 351
3 6 5 351
3 343 7571 342
3 7571 345 344
3 356 347 339
3 571 570 347
3 572 571 347
3 352 339 344
3 7647 572 347
3 357 352 344
3 358 356 355
3 7647 347 356
3 359 353 357
3 359 354 353
3 359 355 354
3 359 358 355
3 359 7647 358
3 8122 573 7647
3 6991 7486 361
3 395 6991 361
3 7491 7492 363
3 396 397 393
3 7015 7491 363
3 7486 397 396
3 7487 7015 363
3 7486 396 361
3 7487 363 398
3 8106 7012 7487
3 7496 7497 365
3 399 400 362
3 7048 7496 365
3 7492 400 399
3 7493 7048 365
3 7492 399 363
3 7493 365 401
3 8107 7045 7493
3 7076 7501 367
3 402 403 364
3 405 7076 367
3 7497 403 402
3 7497 402 365
3 8108 7077 405
3 7505 7506 369
3 406 407 366
3 7110 7505 369
3 7501 407 406
3 7502 7110 369
3 7501 406 367
3 7502 369 408
3 8109 7107 7502
3 7140 7512 371
3 409 410 368
3 412 7140 371
3 7506 410 409
3 7506 409 369
3 8110 7141 412
3 7171 7517 373
3 413 414 370
3 416 7171 373
3 7512 414 413
3 7512 413 371
3 8111 7172 416
3 7520 7521 375
3 417 418 372
3 7202 7520 375
3 7517 418 417
3 7518 7202 375
3 7517 417 373
3 7518 375 419
3 8112 7199 7518
3 7527 7528 377
3 420 421 374
3 7234 7527 377
3 7521 421 420
3 7522 7234 377
3 7521 420 375
3 7522 377 422
3 8113 7231 7522
3 7534 7535 379
3 423 424 376
3 7264 7534 379
3 7528 424 423
3 7529 7264 379
3 7528 423 377
3 7529 379 425
3 8114 7261 7529
3 7542 7543 381
3 426 427 378
3 7294 7542 381
3 7535 427 426
3 7536 7294 381
3 7535 426 379
3 7536 381 428
3 8115 7291 7536
3 429 430 380
3 7327 7548 383
3 7543 430 429
3 432 7327 383
3 7543 429 381
3 7553 7554 385
3 433 434 382
3 7355 7553 385
3 7548 434 433
3 7549 7355 385
3 7548 433 383
3 7549 385 435
3 8117 7356 7549
3 436 437 384
3 7387 7558 387
3 7554 437 436
3 439 7387 387
3 7554 436 385
3 440 441 386
3 7561 7562 389
3 7414 7561 389
3 7558 441 440
3 7558 442 441
3 444 7414 389
3 7558 440 387
3 7436 451 7445
3 445 360 441
3 445 390 360
3 446 451 390
3 447 390 445
3 447 446 390
3 7567 7445 448
3 7444 7567 448
3 447 445 388
3 8120 7444 448
3 7562 447 389
3 450 392 449
3 7472 7470 450
3 453 449 452
3 454 7472 450
3 454 450 453
3 626 458 457
3 627 626 457
3 455 470 462
3 8104 457 466
3 7645 463 459
3 7644 7645 459
3 482 7645 7644
3 7644 459 464
3 466 464 455
3 483 7644 465
3 468 464 466
3 484 483 465
3 458 466 457
3 8081 468 469
3 8081 7644 468
3 8081 465 467
3 8081 469 458
3 8126 484 465
3 2743 480 478
3 463 460 464
3 502 2743 478
3 7476 471 470
3 474 7476 472
3 474 7477 7476
3 473 460 463
3 473 470 460
3 475 472 470
3 7474 474 475
3 475 474 472
3 7475 7474 475
3 476 473 463
3 476 475 473
3 477 475 476
3 479 7475 475
3 479 7462 7475
3 477 476 461
3 479 475 477
3 478 477 461
3 480 479 477
3 2734 8105 479
3 480 477 478
3 481 479 480
3 481 2734 479
3 656 7643 484
3 660 656 484
3 8126 660 484
3 483 485 482
3 488 486 485
3 490 488 483
3 491 483 489
3 491 490 483
3 491 488 490
3 504 488 491
3 504 503 488
3 7642 504 491
3 492 504 7642
3 7643 489 484
3 7643 491 489
3 7643 7642 491
3 493 7573 499
3 497 496 495
3 498 463 496
3 499 494 526
3 499 495 494
3 501 496 497
3 501 498 496
3 461 463 498
3 478 461 501
3 500 497 499
3 502 478 501
3 7573 500 499
3 7573 501 500
3 682 511 504
3 492 7641 682
3 486 503 507
3 492 682 504
3 509 532 505
3 508 509 505
3 512 505 506
3 508 505 512
3 512 506 503
3 510 509 508
3 510 508 512
3 511 512 504
3 513 510 512
3 513 512 516
3 514 510 513
3 515 7646 510
3 515 510 514
3 683 512 511
3 676 7646 515
3 683 513 516
3 683 514 513
3 683 515 514
3 683 676 515
3 517 529 527
3 517 7575 529
3 2799 517 527
3 567 2799 527
3 567 7576 2799
3 521 507 503
3 485 486 507
3 523 503 519
3 523 520 503
3 524 522 506
3 525 519 522
3 525 523 519
3 525 520 523
3 525 521 520
3 485 507 521
3 525 522 524
3 526 485 525
3 526 487 485
3 527 524 518
3 527 525 524
3 529 525 527
3 530 525 531
3 530 528 525
3 530 526 528
3 493 499 530
3 530 531 529
3 7574 493 530
3 509 533 532
3 510 534 533
3 7646 676 534
3 540 536 532
3 541 540 532
3 543 536 540
3 543 584 536
3 541 532 533
3 542 540 541
3 542 543 540
3 542 541 533
3 545 543 542
3 544 542 533
3 545 568 543
3 534 544 533
3 575 545 544
3 575 568 545
3 546 544 534
3 546 575 544
3 569 575 547
3 548 569 547
3 549 547 546
3 576 569 548
3 549 546 676
3 7640 7639 549
3 7640 549 535
3 7639 576 548
3 7578 566 538
3 550 588 532
3 551 588 550
3 2832 7578 538
3 551 550 536
3 594 560 552
3 555 539 532
3 506 532 539
3 555 532 553
3 588 555 553
3 518 554 539
3 518 506 554
3 561 555 556
3 561 518 555
3 557 556 537
3 559 561 556
3 560 557 552
3 557 559 556
3 527 518 562
3 563 557 560
3 562 558 557
3 562 561 558
3 564 527 562
3 564 562 563
3 565 564 563
3 566 563 538
3 567 527 564
3 7577 563 566
3 7577 565 563
3 7577 564 565
3 576 739 583
3 575 569 568
3 576 583 582
3 576 582 569
3 7639 689 576
3 579 570 577
3 578 570 579
3 580 339 570
3 580 570 578
3 340 339 580
3 582 577 569
3 578 579 582
3 581 580 578
3 581 340 580
3 583 578 582
3 581 578 583
3 573 2849 574
3 571 577 570
3 1 2860 573
3 8122 1 573
3 551 536 584
3 587 585 584
3 587 586 585
3 587 588 586
3 589 584 572
3 552 588 590
3 552 537 588
3 591 587 589
3 591 590 587
3 591 552 590
3 595 589 7647
3 595 591 589
3 594 552 591
3 596 591 595
3 597 593 592
3 597 594 593
3 600 595 573
3 598 596 595
3 599 592 596
3 599 597 592
3 538 594 597
3 598 595 600
3 8099 7447 617
3 8099 617 607
3 7419 767 602
3 7564 7419 602
3 608 610 7447
3 609 603 610
3 613 610 608
3 611 609 610
3 611 603 609
3 629 603 612
3 613 608 601
3 630 629 612
3 614 630 612
3 8080 611 613
3 768 613 602
3 768 8080 613
3 8080 615 611
3 8126 626 606
3 8126 458 626
3 655 604 603
3 606 605 604
3 616 617 7447
3 604 616 603
3 616 607 617
3 616 8099 607
3 8101 8100 616
3 618 616 604
3 619 8101 616
3 621 8102 8101
3 620 619 618
3 621 8101 619
3 621 619 620
3 620 618 604
3 622 8103 621
3 624 622 620
3 623 8103 622
3 626 620 606
3 625 622 624
3 625 623 622
3 626 625 624
3 627 625 626
3 789 631 646
3 637 628 652
3 614 789 646
3 793 789 614
3 603 628 637
3 614 646 630
3 632 652 628
3 639 632 628
3 641 633 632
3 642 638 633
3 643 644 638
3 664 663 644
3 645 639 629
3 645 632 639
3 645 640 632
3 645 641 640
3 648 643 642
3 664 644 643
3 664 643 648
3 648 642 645
3 7638 646 631
3 7638 647 645
3 7642 7643 636
3 7641 650 636
3 492 7642 7641
3 679 635 634
3 7641 636 635
3 653 637 652
3 651 652 634
3 657 652 651
3 655 653 652
3 655 637 653
3 655 654 637
3 655 603 654
3 656 657 651
3 658 655 657
3 606 604 655
3 656 658 657
3 660 659 658
3 8126 606 659
3 7643 651 636
3 7643 656 651
3 827 674 664
3 7637 825 827
3 648 7637 827
3 638 661 649
3 638 662 661
3 638 663 662
3 648 827 664
3 668 669 665
3 670 665 662
3 670 668 665
3 671 669 668
3 671 690 669
3 672 670 662
3 672 668 670
3 672 671 668
3 673 671 672
3 685 684 671
3 674 672 662
3 7636 685 671
3 674 662 664
3 673 672 674
3 815 7636 673
3 815 673 674
3 676 683 675
3 704 707 665
3 676 675 667
3 677 649 661
3 634 649 677
3 678 661 707
3 679 677 661
3 679 634 677
3 680 678 707
3 680 707 666
3 675 678 680
3 675 679 678
3 635 679 681
3 681 679 675
3 675 680 666
3 7641 635 681
3 511 675 683
3 671 684 690
3 816 859 685
3 7636 816 685
3 723 692 686
3 686 692 691
3 693 723 686
3 693 692 690
3 693 691 692
3 693 686 691
3 684 693 690
3 718 717 693
3 694 693 684
3 696 694 684
3 696 718 694
3 695 696 684
3 697 696 695
3 700 695 685
3 698 719 697
3 699 700 685
3 701 697 695
3 702 700 699
3 702 701 700
3 702 698 701
3 702 699 685
3 703 698 702
3 885 698 703
3 885 731 698
3 7640 535 689
3 7639 7640 689
3 734 687 692
3 665 669 690
3 709 692 687
3 709 690 692
3 705 704 690
3 706 709 687
3 705 690 709
3 708 709 706
3 711 705 709
3 711 707 705
3 710 709 708
3 710 711 709
3 712 707 711
3 666 707 712
3 710 708 706
3 713 711 710
3 713 712 711
3 688 706 687
3 688 710 706
3 688 713 710
3 714 713 688
3 714 666 713
3 715 714 688
3 716 667 714
3 676 667 716
3 535 715 689
3 535 714 715
3 676 714 535
3 676 716 714
3 885 884 731
3 693 717 723
3 696 719 718
3 724 723 717
3 724 727 723
3 725 720 728
3 725 326 720
3 322 326 725
3 729 720 727
3 728 322 725
3 726 724 719
3 729 727 726
3 872 728 729
3 872 322 728
3 731 726 698
3 7635 729 730
3 7635 872 729
3 732 583 722
3 581 583 732
3 7648 721 727
3 349 581 732
3 338 722 721
3 734 692 733
3 735 723 721
3 735 733 723
3 735 734 733
3 737 734 735
3 736 735 721
3 736 737 735
3 688 687 737
3 688 737 736
3 739 688 736
3 738 736 722
3 689 688 739
3 739 736 738
3 583 739 738
3 576 689 739
3 749 745 740
3 750 771 744
3 752 771 750
3 772 771 752
3 751 745 749
3 751 743 745
3 752 744 743
3 752 750 744
3 742 749 741
3 773 772 752
3 753 749 742
3 753 751 749
3 753 743 751
3 753 752 743
3 754 753 742
3 8125 752 753
3 8125 773 752
3 8079 754 742
3 8080 768 765
3 755 8080 765
3 615 8080 755
3 614 615 755
3 757 747 740
3 8096 740 747
3 758 747 757
3 758 8096 747
3 759 756 745
3 759 757 756
3 760 758 757
3 760 8097 758
3 762 759 746
3 762 757 759
3 761 757 762
3 761 760 757
3 761 8097 760
3 766 761 762
3 764 761 763
3 764 8098 761
3 7418 764 763
3 7418 8098 764
3 765 762 746
3 766 762 765
3 7418 763 766
3 769 766 765
3 769 7418 766
3 767 7418 769
3 768 769 765
3 602 769 768
3 602 767 769
3 779 771 770
3 8125 7634 773
3 781 770 771
3 781 774 770
3 780 775 774
3 7649 776 775
3 795 775 780
3 795 7649 775
3 782 774 781
3 784 795 780
3 783 796 795
3 782 781 773
3 784 780 782
3 801 783 784
3 647 7638 631
3 648 647 631
3 778 774 776
3 778 777 774
3 788 779 770
3 745 771 779
3 746 745 785
3 786 779 788
3 790 785 779
3 790 746 785
3 787 788 770
3 786 790 779
3 786 788 789
3 793 790 786
3 793 765 790
3 789 787 791
3 793 792 789
3 793 786 792
3 755 765 793
3 789 791 631
3 614 755 793
3 7649 794 818
3 956 783 801
3 776 7649 800
3 802 797 794
3 803 828 797
3 804 802 794
3 804 797 802
3 804 803 797
3 805 828 803
3 808 804 794
3 805 803 804
3 806 794 795
3 806 808 794
3 810 805 804
3 809 810 804
3 811 808 806
3 813 808 807
3 813 804 808
3 813 809 804
3 813 810 809
3 812 806 796
3 813 807 811
3 829 813 814
3 813 811 812
3 814 813 947
3 833 829 814
3 7633 813 812
3 7633 812 783
3 815 674 826
3 816 815 826
3 816 826 859
3 7636 815 816
3 819 800 7649
3 778 776 800
3 820 818 817
3 820 7649 818
3 823 820 817
3 821 7649 820
3 821 819 7649
3 821 800 819
3 822 821 820
3 823 817 798
3 822 820 823
3 824 821 822
3 825 822 823
3 825 824 822
3 791 778 824
3 631 824 825
3 631 791 824
3 826 825 823
3 827 826 674
3 827 825 826
3 7637 631 825
3 833 991 829
3 813 805 810
3 813 829 805
3 834 848 828
3 834 7651 848
3 873 834 835
3 837 835 834
3 837 873 835
3 838 828 805
3 838 834 828
3 839 836 838
3 839 837 836
3 839 861 837
3 839 838 805
3 840 839 805
3 843 842 840
3 843 840 829
3 862 841 842
3 844 843 829
3 844 842 843
3 844 862 842
3 845 844 829
3 862 844 845
3 963 845 829
3 963 862 845
3 963 846 862
3 702 685 847
3 703 702 847
3 850 848 7651
3 885 703 847
3 876 830 850
3 876 7652 830
3 850 828 848
3 850 849 828
3 852 849 850
3 830 851 850
3 852 850 851
3 853 818 852
3 852 851 830
3 854 853 852
3 7652 852 830
3 855 853 854
3 799 798 853
3 855 7652 831
3 858 799 856
3 857 855 831
3 859 799 858
3 858 856 857
3 860 858 857
3 860 859 858
3 847 857 832
3 685 860 857
3 685 857 847
3 859 860 685
3 867 1028 1011
3 867 1011 862
3 834 873 7651
3 837 861 873
3 862 7650 841
3 846 867 862
3 868 863 873
3 871 869 863
3 279 7653 869
3 287 869 871
3 7632 871 870
3 1011 868 862
3 7632 870 868
3 7632 868 1011
3 1012 871 7632
3 1012 287 871
3 730 731 866
3 864 873 863
3 7635 730 866
3 872 7635 866
3 875 7651 874
3 876 875 874
3 876 7651 875
3 878 874 873
3 878 876 874
3 880 876 878
3 879 880 877
3 879 876 880
3 881 878 865
3 831 7652 879
3 884 878 881
3 883 831 882
3 885 882 884
3 832 831 883
3 847 832 883
3 731 881 866
3 731 884 881
3 885 847 883
3 1056 1035 8077
3 8078 1056 8077
3 7389 887 886
3 8078 8077 897
3 7654 889 888
3 895 7654 888
3 894 888 886
3 895 888 894
3 915 7654 895
3 897 894 887
3 900 915 896
3 900 916 915
3 898 895 897
3 899 898 8077
3 1087 916 900
3 8077 898 897
3 1087 900 896
3 8079 742 909
3 754 8079 909
3 901 754 909
3 901 909 892
3 889 890 888
3 902 901 892
3 8125 901 902
3 890 889 7654
3 904 893 886
3 905 903 890
3 906 893 904
3 905 906 904
3 908 906 905
3 908 905 907
3 910 908 907
3 909 905 892
3 910 907 905
3 910 7391 908
3 911 905 909
3 911 910 905
3 913 910 911
3 913 912 910
3 748 7391 913
3 742 911 909
3 748 911 742
3 748 913 911
3 920 914 7654
3 921 917 914
3 922 914 920
3 922 920 915
3 921 914 922
3 933 921 924
3 934 933 924
3 923 922 916
3 924 921 923
3 935 934 924
3 7631 935 924
3 924 923 916
3 1075 924 916
3 784 7634 919
3 801 784 919
3 950 914 917
3 952 918 950
3 927 928 918
3 929 7654 928
3 929 925 7654
3 929 926 925
3 929 891 926
3 930 929 928
3 892 891 929
3 931 928 927
3 931 930 928
3 931 929 930
3 902 929 931
3 902 892 929
3 7634 927 919
3 7634 931 927
3 8125 932 7634
3 8125 931 932
3 8125 902 931
3 917 936 944
3 939 944 936
3 939 938 944
3 939 964 938
3 940 917 933
3 940 936 917
3 940 939 936
3 941 958 939
3 941 939 940
3 942 958 941
3 959 958 942
3 959 941 940
3 959 942 941
3 943 940 935
3 959 940 943
3 960 959 1111
3 1111 943 935
3 1111 959 943
3 961 960 1111
3 947 7633 946
3 945 944 938
3 833 814 947
3 981 945 938
3 833 947 946
3 949 917 944
3 948 950 917
3 949 944 945
3 948 949 951
3 953 949 937
3 953 955 949
3 954 951 949
3 954 948 951
3 919 918 952
3 954 919 952
3 7633 955 953
3 956 954 7633
3 7633 953 946
3 783 956 7633
3 801 954 956
3 801 957 954
3 801 919 957
3 8124 7630 961
3 965 979 964
3 969 965 964
3 969 967 966
3 968 969 964
3 994 967 969
3 970 969 968
3 970 994 969
3 995 994 970
3 971 968 939
3 971 970 968
3 972 970 971
3 972 995 970
3 973 971 958
3 973 972 971
3 974 995 972
3 975 1001 995
3 976 973 959
3 974 972 973
3 977 975 974
3 961 976 960
3 961 974 976
3 1025 963 990
3 1014 979 966
3 1025 990 962
3 1016 979 1014
3 846 963 1025
3 1019 988 979
3 1024 962 988
3 983 964 980
3 983 980 979
3 981 964 983
3 981 938 964
3 982 981 983
3 984 982 983
3 984 981 982
3 984 945 981
3 985 983 988
3 984 983 985
3 986 984 985
3 937 945 984
3 988 986 985
3 946 984 989
3 946 937 984
3 989 986 987
3 987 988 962
3 990 987 962
3 992 989 987
3 992 946 989
3 992 987 990
3 829 992 990
3 833 992 991
3 833 946 992
3 1173 7659 996
3 1001 977 995
3 1174 1173 996
3 994 993 966
3 975 977 1001
3 978 996 977
3 1003 1004 1002
3 259 1004 1006
3 1009 1004 1003
3 259 1006 1005
3 1008 1002 977
3 1008 1007 1002
3 1010 1009 1003
3 259 1005 1009
3 1010 1007 1008
3 259 1009 1010
3 1162 260 259
3 1162 266 260
3 7659 1008 996
3 7659 1010 1008
3 1162 259 1010
3 997 993 1002
3 1012 7632 1011
3 1012 1011 275
3 998 997 257
3 1014 966 993
3 1016 993 1013
3 1016 1014 993
3 1018 993 999
3 1018 1015 993
3 1018 1013 1015
3 1018 1016 1013
3 1019 979 1017
3 1021 1017 1018
3 1021 1019 1017
3 1022 1021 1018
3 1023 988 1021
3 1020 1021 1022
3 1027 1018 1026
3 1027 1022 1018
3 1025 1021 1020
3 1025 1020 1027
3 1024 1023 1025
3 1026 1018 1011
3 1028 1027 1026
3 1028 1025 1027
3 1025 962 1024
3 867 1025 1028
3 1011 1028 1026
3 1033 1038 1034
3 1032 1036 1037
3 1032 1030 1036
3 1058 1039 1029
3 1040 1029 1031
3 1041 1058 1029
3 1042 1040 1033
3 1044 1040 1043
3 1067 1058 1041
3 1067 1041 8076
3 1187 1040 1044
3 1187 1041 1040
3 1187 1042 1034
3 1187 1043 1042
3 1187 1044 1043
3 899 8077 1035
3 1087 1035 7655
3 1087 899 1035
3 1047 1037 1036
3 1047 1036 1030
3 1048 1037 1047
3 1051 1030 1045
3 1046 1030 1051
3 1048 1047 1046
3 1050 1045 1039
3 1050 1051 1045
3 8094 1048 1046
3 1052 1046 1049
3 1052 8094 1046
3 1052 7346 8094
3 1053 1050 7655
3 1053 1051 1050
3 1053 1049 1051
3 1053 1052 1049
3 1054 7346 1052
3 1055 1052 1053
3 1055 1054 1052
3 1056 1055 1053
3 1057 7360 1055
3 8078 1055 1056
3 8078 1057 1055
3 7629 1229 1071
3 1067 7629 1071
3 1058 1067 1059
3 8076 7629 1067
3 1092 1063 1062
3 1068 1062 1063
3 7656 1092 1062
3 1072 7656 1062
3 1070 1068 1061
3 1072 1062 1068
3 1089 7656 1072
3 1069 1070 1061
3 1071 1060 1067
3 1072 1061 1060
3 1072 1069 1061
3 1072 1070 1069
3 1073 1072 1060
3 1073 1060 1071
3 1090 1089 1072
3 1219 1071 1229
3 1219 1073 1071
3 1219 1072 1073
3 1074 1060 1063
3 1075 916 1065
3 7631 924 1075
3 1063 1064 1074
3 1079 1066 1060
3 1081 1060 1076
3 1081 1077 1060
3 1081 1078 1077
3 1081 1079 1078
3 7655 1039 1082
3 1083 1076 1065
3 1083 1081 1076
3 1085 1080 1081
3 1087 7655 1086
3 1087 1084 1081
3 916 1087 1081
3 1087 1082 1084
3 1087 1086 1082
3 916 1081 1083
3 1250 1100 1090
3 1092 1088 1104
3 1249 1250 1090
3 7656 1088 1092
3 7656 1089 1088
3 1119 1120 1093
3 1089 1104 1088
3 1093 1104 1089
3 1095 1093 1089
3 1121 1093 1094
3 1096 1093 1095
3 1096 1094 1093
3 1099 1094 1096
3 7657 1121 1094
3 1097 1096 1095
3 1098 1099 1096
3 1099 7657 1094
3 1099 1114 7657
3 1101 1114 1099
3 1100 1095 1089
3 1101 1099 1098
3 1141 7658 1091
3 8124 1111 7658
3 8124 961 1111
3 1102 1104 1091
3 1064 1063 1105
3 1103 1104 1102
3 1105 1092 1104
3 1106 1105 1104
3 1065 1064 1105
3 1103 1102 7658
3 1107 1104 1103
3 1075 1065 1109
3 1111 1103 7658
3 1111 1110 1103
3 1112 1108 1107
3 1112 1106 1108
3 1112 1105 1106
3 1112 1109 1105
3 1112 1110 1111
3 7631 1111 935
3 7631 1112 1111
3 7631 1109 1112
3 7631 1075 1109
3 1121 1119 1093
3 7657 1114 1121
3 1121 1115 1113
3 1122 1115 1121
3 1122 1133 1115
3 1123 1125 1122
3 1123 1122 1121
3 1126 1123 1124
3 1127 1121 1114
3 1127 1124 1121
3 1127 1126 1124
3 1128 1125 1126
3 1128 1154 1125
3 1129 1127 1114
3 1149 1128 1127
3 1149 1148 1128
3 1149 1129 1101
3 1130 1149 1101
3 7627 1130 1101
3 1131 1130 7627
3 1275 1131 7627
3 978 961 1132
3 1132 1143 1172
3 1174 978 1132
3 1116 1115 1133
3 1174 1132 1172
3 1136 1119 1113
3 1091 1135 1137
3 1091 1120 1135
3 1091 1104 1120
3 1137 1134 1136
3 1117 1113 1115
3 1141 1091 1137
3 1141 1137 1136
3 1140 1136 1117
3 1141 1136 1138
3 1142 1136 1140
3 1142 1140 1118
3 1142 1141 1138
3 1142 1139 1141
3 1145 7658 1139
3 1145 1139 1142
3 1143 1142 1169
3 1145 1142 1143
3 1146 1145 1144
3 8124 1145 7630
3 8124 7658 1145
3 1132 1146 1144
3 961 7630 1146
3 7626 1150 1160
3 1320 1150 7626
3 1122 1147 1164
3 1125 1154 1147
3 1128 1148 1154
3 1131 1160 1149
3 1131 7626 1160
3 1157 1158 1154
3 1155 1147 1158
3 1156 243 1155
3 235 243 1156
3 235 234 243
3 1159 1155 1158
3 246 236 235
3 1160 1158 1157
3 1161 246 235
3 7625 1159 1158
3 7625 1155 1159
3 7625 1156 1155
3 7625 1161 1156
3 1162 1010 7659
3 1163 1164 1147
3 1167 1147 1151
3 1167 1163 1147
3 1165 1116 1163
3 1116 1133 1164
3 1117 1116 1165
3 1165 1163 1167
3 1165 1167 1166
3 1170 1165 1169
3 1169 1168 1170
3 1169 1118 1168
3 1173 1167 7659
3 1173 1166 1167
3 1173 1171 1166
3 1174 1172 1171
3 1174 1171 1173
3 7544 7302 1327
3 1182 1188 1175
3 1185 7660 1188
3 1222 7660 1185
3 1183 1188 1182
3 1184 1183 1182
3 1327 1182 1178
3 1186 1184 1327
3 1184 1205 1185
3 1187 1034 1181
3 1191 7314 1175
3 1191 1190 1189
3 1192 1189 1188
3 1192 1191 1189
3 1193 1191 1192
3 1194 1188 1179
3 1195 1192 1188
3 1195 1193 1192
3 1196 1191 1193
3 1196 1193 1195
3 1195 1188 1194
3 1197 1196 1195
3 1198 1195 1194
3 1199 1197 1195
3 1199 1196 1197
3 1199 8093 1196
3 1198 1199 1195
3 1201 1198 1200
3 1201 1199 1198
3 1201 7316 1199
3 1200 1198 1194
3 1204 1201 1200
3 1202 7316 1201
3 1200 1194 1181
3 1202 1201 1204
3 1204 1203 1202
3 1038 1204 1200
3 1038 1200 1034
3 1368 1354 1205
3 1370 1368 1205
3 1371 1370 1205
3 1184 1371 1205
3 1212 1206 1222
3 1210 7662 1214
3 1211 1212 1222
3 1215 1214 1206
3 1232 7662 1210
3 1233 1232 1210
3 1215 1212 1211
3 1215 1206 1212
3 1216 1214 1213
3 7624 1233 1210
3 1218 1213 1215
3 1218 1216 1213
3 1218 1210 1216
3 1354 1211 1205
3 1354 1215 1211
3 1217 1215 1354
3 1218 1215 1217
3 1219 1229 1209
3 1253 1219 1209
3 7628 1219 1253
3 1090 7628 1253
3 1220 1228 1221
3 1208 1228 1220
3 1253 1209 1208
3 7661 7660 1222
3 1179 7661 1226
3 1223 1222 1221
3 1227 1222 1223
3 1227 1224 1222
3 1227 1225 1224
3 1227 1226 1225
3 1180 1179 1227
3 1228 1223 1221
3 1231 1180 1227
3 1229 1227 1228
3 1231 1227 1230
3 1187 1181 1231
3 7629 1187 1231
3 7629 1230 1229
3 7629 1231 1230
3 8076 1187 7629
3 1362 1389 1233
3 7624 1362 1233
3 7662 1234 1239
3 7662 1232 1234
3 1241 1236 1235
3 1242 1235 1234
3 1241 1235 1240
3 1240 1235 1242
3 1243 1255 1241
3 1243 1256 1255
3 1241 1242 1233
3 1262 1256 1243
3 1244 1241 1233
3 1244 1243 1241
3 1262 1243 1244
3 7623 1257 1262
3 1383 1244 1233
3 7623 1244 1383
3 7623 1262 1244
3 1101 1100 1238
3 7627 1101 1238
3 1292 1238 1237
3 1248 1239 1234
3 1248 7662 1239
3 1248 1234 1246
3 1247 1234 1236
3 1247 1246 1234
3 1251 1247 1236
3 1251 1246 1247
3 1251 1248 1246
3 1249 1207 1248
3 1237 1251 1236
3 1220 1221 1249
3 1250 1251 1237
3 1250 1248 1251
3 1208 1220 1249
3 1252 1250 1237
3 1253 1208 1249
3 1100 1252 1238
3 1100 1250 1252
3 1090 1253 1249
3 7622 1397 1257
3 1255 1254 1261
3 1263 1276 1254
3 1264 1254 1255
3 1264 1263 1254
3 1267 1265 1266
3 1268 1264 1255
3 1268 1266 1264
3 1269 1267 1266
3 1269 1265 1267
3 1270 1268 1256
3 1272 1269 1268
3 1294 1269 1271
3 1272 1270 1256
3 1295 1271 1272
3 1295 1294 1271
3 1273 1272 1262
3 1273 1295 1272
3 1257 1273 1262
3 1397 1273 1257
3 1300 1295 1273
3 7621 1300 1273
3 1275 1260 1289
3 1275 7627 1260
3 1289 1280 1259
3 1317 1289 1316
3 1319 1275 1289
3 1131 1275 1319
3 7626 1131 1319
3 1309 1258 1274
3 1277 1254 1274
3 1277 1261 1254
3 1278 1277 1274
3 1279 1278 1274
3 1236 1277 1278
3 1280 1279 1258
3 1279 1236 1278
3 1245 1236 1279
3 1282 1279 1280
3 1284 1282 1280
3 1281 1245 1282
3 1284 1280 1283
3 1285 1282 1284
3 1286 1281 1282
3 1290 1280 1289
3 1290 1283 1280
3 1290 1284 1283
3 1288 1282 1285
3 1291 1286 1282
3 1290 1288 1285
3 1292 1282 1288
3 1292 1291 1282
3 1292 1237 1287
3 1292 1287 1291
3 1292 1290 1260
3 1292 1288 1290
3 7627 1292 1260
3 7627 1238 1292
3 1276 1293 1296
3 7621 1461 1300
3 1263 1293 1276
3 1263 1265 1293
3 1269 1294 1265
3 1304 1296 1293
3 1302 1296 1304
3 1302 1301 1296
3 7663 217 1301
3 1303 1304 1293
3 1306 7663 1301
3 1306 1301 1302
3 1305 1293 1294
3 1306 1302 1304
3 1308 1303 1307
3 1295 1307 1305
3 1295 1308 1307
3 1308 1306 1304
3 1158 1160 1150
3 7625 1158 1150
3 7625 1150 1299
3 1297 1296 217
3 1309 1274 1276
3 1310 1309 1296
3 1312 1309 1310
3 1312 1311 1309
3 1258 1309 1311
3 1315 1296 1298
3 1259 1258 1311
3 1315 1312 1310
3 1259 1311 1312
3 1315 1310 1296
3 1313 1312 1315
3 1313 1259 1312
3 1314 1315 1298
3 1316 1313 1315
3 1316 1259 1313
3 1314 1316 1315
3 1318 1316 1314
3 1317 1318 1314
3 1317 1316 1318
3 1319 1289 1317
3 1150 1317 1314
3 1320 1317 1150
3 7626 1317 1320
3 7626 1319 1317
3 1486 1469 1323
3 1488 1486 1323
3 7538 1488 1323
3 1329 1331 1324
3 1329 1324 1328
3 1330 1325 1331
3 1348 1325 1330
3 1349 1348 1330
3 1332 1329 1322
3 1332 1331 1329
3 1333 1330 1331
3 1333 1331 1332
3 1350 1349 1330
3 1469 1332 1323
3 1334 1333 1332
3 1515 1350 1330
3 1334 1332 1469
3 1335 1333 1334
3 1515 1330 1335
3 1336 1324 1331
3 1186 1327 1340
3 7664 1336 1325
3 7664 1326 1336
3 1337 1328 1324
3 7283 1321 1328
3 7300 1337 1324
3 7300 1328 1337
3 7300 7283 1328
3 1338 7300 1324
3 1339 1324 1336
3 1338 1324 1339
3 1338 8091 7300
3 1341 1338 1339
3 1341 1336 1326
3 1341 1339 1336
3 7298 7301 1338
3 8092 7298 1338
3 1340 1341 1326
3 1342 1338 1341
3 1342 8092 1338
3 1345 1342 1341
3 1344 8092 1342
3 1345 1341 1340
3 1343 1342 1345
3 1343 1344 1342
3 1346 1345 1340
3 7302 1343 1346
3 7302 7299 1343
3 1327 1346 1340
3 1516 1513 1350
3 1325 1348 1355
3 1515 1516 1350
3 1358 1351 1347
3 1356 1351 1358
3 1372 1351 1356
3 1357 1347 1348
3 1360 1358 1357
3 1360 1356 1358
3 1361 1356 1359
3 1361 1373 1356
3 7620 1360 1357
3 1361 1359 1360
3 1507 1357 1513
3 1507 7620 1357
3 7619 1361 7620
3 1362 1354 1353
3 1217 1354 1362
3 1218 1217 1362
3 7624 1218 1362
3 1364 1355 1347
3 7664 1325 1355
3 1367 1363 1352
3 1367 1364 1363
3 1364 1365 1355
3 1364 7664 1365
3 1326 7664 1364
3 1368 1367 1352
3 1369 1366 1367
3 1369 1364 1366
3 1186 1326 1364
3 1371 1367 1368
3 1371 1369 1367
3 1370 1371 1368
3 1371 1186 1369
3 1361 1381 1373
3 7619 1544 1361
3 1377 1374 1372
3 1378 1374 1377
3 1379 7665 1374
3 1379 1391 7665
3 1378 1379 1374
3 1380 1378 1377
3 1380 1379 1378
3 1382 1379 1380
3 1382 1391 1379
3 1392 1391 1382
3 1381 1380 1377
3 7618 1380 1381
3 7618 1382 1380
3 7618 1392 1382
3 1383 1233 1435
3 1257 7623 1383
3 7666 1428 1374
3 1433 1435 1375
3 1385 1376 1384
3 1385 1384 1375
3 1386 1351 1385
3 1386 1352 1351
3 1353 1352 1386
3 1387 1385 1435
3 1388 1386 1387
3 1362 1386 1388
3 1389 1362 1388
3 1362 1353 1386
3 1233 1388 1387
3 1580 1581 1392
3 1398 1390 1422
3 1578 1580 1392
3 7618 1578 1392
3 1374 1390 1398
3 7665 1400 1390
3 7665 1391 1400
3 1399 1393 1390
3 1400 1399 1390
3 1405 1438 1399
3 1403 1405 1399
3 1406 1403 1401
3 1408 1404 1403
3 1409 1438 1405
3 1407 1406 1401
3 1410 1408 1402
3 1410 1405 1408
3 1411 1401 1400
3 1411 1407 1401
3 1412 1409 1410
3 1411 1410 1407
3 1414 1411 1391
3 1414 1413 1411
3 1413 1412 1411
3 7667 1414 1391
3 7667 1413 1414
3 7667 1412 1413
3 7667 1439 1412
3 1415 7667 1391
3 1420 1415 1391
3 1420 7667 1415
3 1420 1416 7667
3 1419 7667 1416
3 1440 7667 1417
3 7617 1420 1392
3 7617 1418 1420
3 1609 1418 7617
3 1609 1419 1418
3 1609 1440 1417
3 1569 1609 7617
3 1609 1417 1419
3 1421 1397 1396
3 1273 1397 1421
3 7621 1273 1421
3 7666 1374 1398
3 1426 1398 1423
3 1424 1422 1393
3 1425 1426 1423
3 1427 1426 1425
3 1428 7666 1426
3 1430 1428 1429
3 1430 1375 1428
3 1431 1424 1394
3 1427 1423 1424
3 1427 1425 1423
3 1433 1375 1430
3 1433 1430 1429
3 1432 1431 1395
3 1432 1427 1431
3 1432 1436 1427
3 1434 1427 1436
3 1433 1429 1427
3 1437 1436 1432
3 1437 1434 1436
3 1437 1435 1434
3 7622 1432 1396
3 7622 1437 1432
3 1383 1435 1437
3 1397 7622 1396
3 1257 1383 7622
3 1445 1606 1450
3 1445 1450 1440
3 1409 1439 1438
3 7667 1440 1439
3 1609 1445 1440
3 1446 1452 1438
3 1446 1441 1452
3 209 7669 1446
3 7668 1446 1447
3 7668 209 1446
3 1450 1446 1439
3 1449 1446 1450
3 197 7668 1448
3 1448 7668 1447
3 204 197 1448
3 7616 204 1448
3 7616 1449 1450
3 7616 1447 1449
3 7616 1448 1447
3 1451 1295 1456
3 1308 1295 1451
3 1442 1452 1441
3 1451 1456 1444
3 225 1308 1451
3 7670 1444 1443
3 1393 1438 1452
3 1393 1399 1438
3 1453 1452 1455
3 1453 1393 1452
3 1454 1452 1442
3 1454 1455 1452
3 1457 1453 1455
3 1394 1453 1457
3 1457 1455 1454
3 1457 1395 1394
3 1456 1442 1444
3 1456 1454 1442
3 1456 1457 1454
3 1432 1395 1457
3 1396 1457 1458
3 1396 1432 1457
3 1458 1457 1456
3 1459 1458 1456
3 1459 1396 1458
3 1460 1396 1459
3 1460 1421 1396
3 1461 1459 1456
3 1300 1456 1295
3 1300 1461 1456
3 7621 1459 1461
3 7621 1460 1459
3 7621 1421 1460
3 7241 1638 1465
3 7531 7241 1465
3 1472 1466 1467
3 1471 1467 1462
3 7671 1499 1466
3 1490 7671 1466
3 1473 1471 1464
3 1474 1472 1471
3 1474 1466 1472
3 1491 1490 1466
3 1492 1491 1466
3 1475 1474 1473
3 1665 1466 1475
3 1665 1492 1466
3 1624 1473 1465
3 1624 1475 1473
3 1624 1665 1475
3 1334 1469 1476
3 1476 1469 1479
3 1335 1334 1476
3 1515 1335 1476
3 7270 7254 1470
3 1478 7270 1470
3 1480 1470 1477
3 1480 1478 1470
3 1479 1477 1467
3 1481 1477 1479
3 1482 1477 1481
3 1482 1480 1477
3 1482 1481 1479
3 1484 1480 1482
3 1484 7269 1480
3 1483 1482 1479
3 1486 1482 1483
3 1485 1484 1482
3 1485 1487 1484
3 1486 1485 1482
3 1488 1485 1486
3 1488 1487 1485
3 7268 1487 1488
3 1486 1483 1469
3 7538 7268 1488
3 1498 1489 1494
3 1665 1664 1492
3 1499 1489 1498
3 1503 1494 1489
3 1501 1494 1493
3 1500 1493 1494
3 1502 1494 1503
3 1502 1500 1494
3 1504 1517 1501
3 1504 1501 1493
3 1502 1503 1489
3 1506 1502 1505
3 1506 1504 1502
3 1506 1522 1504
3 1664 1502 1489
3 1664 1505 1502
3 1507 1513 1497
3 7620 1507 1497
3 1544 7620 1497
3 7619 7620 1544
3 1496 1498 1494
3 1508 1499 1498
3 1512 1498 1496
3 1512 1508 1498
3 1468 1511 1509
3 1468 1510 1511
3 1468 1467 1510
3 1513 1512 1496
3 1514 1508 1512
3 1514 1509 1508
3 1514 1468 1509
3 1479 1468 1515
3 1516 1512 1513
3 1516 1514 1512
3 1476 1479 1515
3 1515 1514 1516
3 1521 1691 1522
3 1525 1535 1520
3 1522 1517 1504
3 1506 1658 1521
3 1501 1525 1520
3 1506 1521 1522
3 1546 1525 1524
3 1546 1535 1525
3 1546 1523 1535
3 1526 1525 1517
3 1527 1546 1524
3 1528 1546 1527
3 1528 1547 1546
3 1529 1527 1526
3 1530 1547 1528
3 1528 1527 1529
3 1531 1529 1526
3 1531 1530 1528
3 1531 1528 1529
3 1532 1531 1526
3 1566 1548 1531
3 1566 1531 1532
3 1533 1566 1532
3 1556 1566 1533
3 1532 1526 1522
3 1534 1381 1519
3 7618 1381 1534
3 1578 1519 1518
3 1578 1534 1519
3 1536 1520 1535
3 1495 1494 1537
3 1538 1535 1518
3 1538 1536 1535
3 1537 1520 1536
3 1541 1495 1537
3 1540 1536 1538
3 1496 1495 1541
3 1540 1538 1518
3 1542 1539 1540
3 1513 1496 1541
3 1497 1541 1537
3 1497 1513 1541
3 1543 1542 1540
3 1544 1497 1537
3 1381 1543 1540
3 1361 1543 1381
3 1361 1542 1543
3 1361 1537 1542
3 1556 1549 1566
3 1725 1726 1556
3 1523 1545 1570
3 1559 1550 1557
3 1559 7672 1550
3 1559 1557 1545
3 1560 7672 1559
3 1561 1545 1558
3 1561 1558 1546
3 1562 1559 1561
3 1587 1560 1562
3 1563 1561 1547
3 1563 1587 1562
3 1565 1563 1547
3 1565 1587 1563
3 1565 1564 1587
3 1566 1565 1548
3 1567 1565 1566
3 1583 1565 1567
3 1568 1567 1566
3 1549 1568 1566
3 1756 1567 1568
3 1756 1583 1567
3 1756 1568 1549
3 7617 1392 1555
3 1569 7617 1555
3 1569 1555 1554
3 1573 1523 1570
3 1570 1545 1550
3 1551 1570 1550
3 1572 1571 1570
3 1573 1570 1571
3 1518 1523 1573
3 1572 1570 1551
3 1572 1551 1552
3 1574 1571 1572
3 1518 1573 1577
3 1574 1572 1552
3 1577 1571 1574
3 1577 1573 1571
3 1575 1574 1552
3 1576 1577 1574
3 1554 1574 1575
3 1554 1576 1574
3 1554 1577 1576
3 1578 1577 1554
3 1518 1577 1578
3 1554 1575 1553
3 1581 1579 1555
3 1581 1578 1579
3 7618 1534 1578
3 1755 1743 7614
3 1756 7614 1583
3 1587 1582 1560
3 7672 1584 1599
3 7672 1560 1584
3 1564 1582 1587
3 1565 1583 1564
3 1589 174 1585
3 1585 1584 1588
3 175 174 1589
3 1592 1584 1582
3 1591 1589 1585
3 1591 175 1589
3 1743 1588 1590
3 1743 1585 1588
3 1593 1591 1594
3 1594 1585 1743
3 1594 1591 1585
3 182 175 1593
3 1743 1592 7614
3 1743 1590 1592
3 1585 7673 1584
3 7616 1450 1602
3 7673 1585 174
3 1597 1599 1584
3 1552 1551 1597
3 1600 1595 7673
3 1600 1596 1595
3 1600 1597 1596
3 1601 1552 1597
3 1601 1597 1600
3 1603 1601 1600
3 1603 1552 1601
3 1602 1600 1586
3 1605 1603 1600
3 1604 1603 1605
3 1553 1552 1604
3 1554 1604 1605
3 1554 1553 1604
3 1606 1605 1602
3 1608 1554 1605
3 1608 1605 1607
3 1569 1554 1608
3 1445 1607 1605
3 1445 1608 1607
3 1609 1569 1608
3 1606 1602 1450
3 1445 1605 1606
3 1445 1609 1608
3 1779 8074 8075
3 1619 8075 1618
3 1782 8075 1619
3 7236 1611 1610
3 7236 1612 1611
3 1620 1613 1610
3 1621 1614 1613
3 1623 1620 1611
3 1623 1613 1620
3 1623 1621 1613
3 8074 1623 1612
3 1644 1643 1622
3 8074 1622 1623
3 8073 1644 1622
3 1665 1624 1616
3 1627 1617 1610
3 1628 1610 1617
3 1628 1617 1627
3 7240 1628 1627
3 1626 1625 1615
3 1629 1627 1631
3 1629 7240 1627
3 1629 1632 7240
3 1630 1631 1626
3 1632 1629 1631
3 1636 1630 1626
3 1636 1631 1630
3 1636 1626 1615
3 1634 1632 1633
3 1635 1634 1633
3 1637 1632 1636
3 1637 1633 1632
3 1637 1635 1633
3 7241 1635 1637
3 7241 7239 1635
3 1624 1636 1616
3 1640 1637 1638
3 1640 7241 1637
3 1465 1636 1624
3 1465 1637 1639
3 7241 1640 1638
3 1810 1811 1644
3 8073 1810 1644
3 1614 1641 1661
3 1643 1642 1641
3 1650 1645 1641
3 1650 1655 1645
3 1653 1655 1650
3 1669 1668 1651
3 1656 1650 1643
3 7613 1655 1654
3 7613 1651 1655
3 1657 1653 1652
3 7613 1669 1651
3 1811 1652 1656
3 1657 7613 1654
3 1811 1656 1644
3 1658 1664 1649
3 1505 1664 1658
3 1686 1645 1655
3 1615 1614 1661
3 1662 1645 1686
3 1662 1659 1645
3 1662 1660 1659
3 1663 1660 1662
3 1663 1661 1660
3 1665 1663 1662
3 1665 1615 1663
3 1665 1616 1615
3 1665 1662 1664
3 1674 1840 1670
3 1674 1670 1669
3 1651 1667 1666
3 1677 1671 1666
3 1675 1695 1671
3 1677 1666 1667
3 1676 1671 1677
3 1678 1695 1675
3 1703 7674 1678
3 1680 1676 1677
3 1680 1675 1676
3 1680 1678 1675
3 1679 1667 1669
3 1679 1677 1667
3 1680 1696 1678
3 1681 1680 1679
3 1682 1696 1680
3 1683 1680 1681
3 1683 1682 1680
3 1880 1682 1683
3 1880 1696 1682
3 1829 1679 1670
3 1829 1681 1679
3 1532 1522 1693
3 1672 1688 1666
3 1725 1532 1693
3 1533 1532 1725
3 1556 1533 1725
3 1725 1693 1673
3 1684 1666 1688
3 1686 1655 1666
3 1687 1688 1672
3 1692 1684 1688
3 1692 1689 1685
3 1686 1689 1692
3 1687 1692 1688
3 1647 1646 1686
3 1693 1687 1673
3 1693 1691 1687
3 1649 1648 1647
3 1658 1690 1692
3 1658 1647 1690
3 1658 1649 1647
3 1691 1693 1522
3 1521 1692 1691
3 1521 1658 1692
3 1701 7612 1696
3 7674 1703 1695
3 1880 1701 1696
3 1695 1694 1671
3 1678 7674 1695
3 1678 1696 1703
3 1702 1697 1694
3 1735 1729 1702
3 1705 1702 1704
3 1705 1735 1702
3 1705 1694 1703
3 1707 1735 1705
3 1696 1705 1703
3 1706 1705 1696
3 1706 1707 1705
3 1709 1706 1696
3 1709 1707 1706
3 1708 1709 1696
3 1730 1707 1709
3 1710 1730 1709
3 7612 1709 1708
3 1756 1549 1700
3 1749 1712 1697
3 1757 1699 1698
3 1758 1700 1699
3 1714 1671 1694
3 1712 1711 1697
3 1715 1711 1712
3 1715 1713 1711
3 1715 1672 1714
3 1717 1712 1698
3 1718 1715 1712
3 1718 1716 1715
3 1718 1672 1716
3 1721 1718 1717
3 1673 1672 1718
3 1720 1718 1719
3 1720 1673 1718
3 1721 1717 1698
3 1722 1718 1721
3 1723 1720 1719
3 1724 1673 1720
3 1728 1722 1721
3 1727 1720 1723
3 1725 1724 1720
3 1725 1673 1724
3 1726 1722 1728
3 1727 1723 1719
3 1728 1721 1700
3 1549 1726 1728
3 1726 1727 1719
3 1726 1725 1727
3 1549 1728 1700
3 1556 1726 1549
3 1908 7610 7611
3 1746 1734 1733
3 1729 1734 1746
3 1707 1729 1735
3 1710 1909 7611
3 1739 1742 1731
3 1739 1736 1742
3 1737 1734 1729
3 1737 1742 1734
3 1737 1731 1742
3 1739 1731 1738
3 1740 1731 1737
3 1740 1738 1731
3 162 161 1739
3 162 1739 1741
3 7610 1737 7611
3 7610 1740 1737
3 7676 1743 1732
3 1593 1594 1743
3 1593 1743 7676
3 1747 1733 1734
3 1749 1697 1746
3 1748 1734 1744
3 1748 1747 1734
3 1748 1733 1747
3 1748 1746 1733
3 1751 1745 1748
3 1752 1748 1744
3 1752 1750 1748
3 1753 1744 1732
3 1757 1698 1751
3 1755 1754 1753
3 1755 1751 1750
3 1755 1757 1751
3 1755 1750 1754
3 1756 1757 1755
3 1758 1757 1756
3 1758 1699 1757
3 7614 1756 1755
3 1755 1753 1743
3 1700 1758 1756
3 1938 1769 1761
3 8072 1938 1761
3 7192 1759 7209
3 7205 8072 1761
3 1785 1784 1759
3 1764 1759 7192
3 1764 7192 1760
3 1766 1785 1759
3 1786 1785 1766
3 1765 1759 1764
3 1787 1786 1766
3 1768 1764 1761
3 1768 1765 1764
3 1767 1759 1765
3 1767 1766 1759
3 1788 1787 1766
3 1769 1765 1768
3 1769 1767 1765
3 7608 1766 1767
3 7608 1788 1766
3 1769 1768 1761
3 1769 7608 1767
3 1622 8074 8073
3 1810 8074 1763
3 1770 7209 1759
3 7193 7192 7209
3 1770 1784 1762
3 1771 7209 1770
3 7210 7209 1771
3 1772 1770 1762
3 1772 1771 1770
3 1773 7210 1771
3 1775 1771 1774
3 1775 1773 1771
3 1774 1771 1772
3 1776 1772 1762
3 1779 1774 1772
3 1779 1775 1774
3 1777 7208 1775
3 1778 1777 1775
3 1779 1772 1776
3 1781 1778 1779
3 1779 1776 1763
3 1781 1779 1780
3 8075 1781 1780
3 8075 1782 1781
3 8075 1780 1779
3 1793 1798 1788
3 7608 1961 1793
3 7608 1793 1788
3 1794 1812 1789
3 1795 1783 1785
3 1795 1789 1783
3 1796 1794 1789
3 1796 1812 1794
3 1797 1814 1796
3 1815 1814 1797
3 7607 1796 1798
3 7607 1799 1796
3 1657 1811 1792
3 7613 1657 1792
3 1790 1789 1812
3 1800 1784 1783
3 1805 1783 1791
3 1807 1800 1783
3 1807 1801 1800
3 1807 1802 1801
3 1807 1803 1802
3 1806 1804 1803
3 1806 1762 1804
3 1808 1807 1805
3 1763 1762 1806
3 1810 1807 1808
3 1810 1809 1807
3 1810 1806 1809
3 1810 1763 1806
3 1811 1805 1792
3 1811 1808 1805
3 1811 1810 1808
3 1987 1969 1815
3 1797 1989 1815
3 1820 1835 1812
3 1820 1816 1835
3 1818 1816 1820
3 1819 1820 1813
3 1821 1818 1820
3 1843 1818 1821
3 1823 1820 1819
3 1824 1843 1821
3 1822 1823 1819
3 1824 1821 1823
3 1825 1823 1822
3 1827 1823 1825
3 1822 1819 1814
3 1827 1825 1822
3 1826 1823 1827
3 1826 1824 1823
3 7606 1843 1824
3 1969 1822 1815
3 1969 1827 1822
3 7606 1828 1826
3 1829 1670 1831
3 1830 1835 1816
3 1681 1829 1831
3 1683 1681 1831
3 1880 1683 1831
3 1832 1812 1835
3 1836 1830 1817
3 1836 1835 1830
3 1836 1832 1835
3 1836 1833 1832
3 1839 1837 1833
3 1839 1834 1837
3 1839 1838 1834
3 1841 1839 1833
3 1840 1836 1831
3 7613 1791 1839
3 1674 1841 1840
3 7613 1839 1841
3 1816 1842 1847
3 7606 1848 1843
3 1850 1867 1842
3 1851 1850 1849
3 1851 1844 1850
3 1853 1850 1842
3 1853 1849 1850
3 1853 1851 1849
3 1859 1852 1853
3 1856 1854 1852
3 1857 1853 1818
3 1884 1854 1856
3 1884 1883 1854
3 1861 1857 1843
3 1859 1855 1858
3 1860 1861 1843
3 1862 1884 1859
3 1860 1858 1861
3 1893 1884 1862
3 1863 1859 1860
3 1863 1862 1859
3 1866 1860 1843
3 1866 1863 1860
3 1885 1893 1865
3 1885 1865 1864
3 1848 1866 1843
3 7605 1885 1864
3 7677 1875 1897
3 1709 7612 1846
3 1710 1709 1846
3 1897 1867 1844
3 1898 7677 1897
3 1870 1847 1842
3 1871 1868 1867
3 1871 1842 1868
3 1871 1869 1842
3 1871 1870 1869
3 1871 1847 1870
3 1872 1847 1871
3 1872 1816 1847
3 1873 1871 1897
3 1817 1816 1872
3 1872 1871 1873
3 1874 1873 1875
3 1874 1872 1873
3 1845 1874 1875
3 1877 1872 1874
3 1879 1817 1872
3 1876 1874 1845
3 1877 1874 1876
3 1878 1876 1845
3 1879 1877 1876
3 1879 1876 1878
3 1879 1878 1882
3 1701 1879 1882
3 1881 1882 1906
3 1880 1879 1701
3 7612 1882 1881
3 7612 1701 1882
3 1852 1854 1851
3 7605 1889 1885
3 1890 1891 1854
3 144 7678 1886
3 7604 1891 1890
3 7604 1886 1891
3 1894 1886 1892
3 1894 144 1886
3 1893 1890 1884
3 138 144 1894
3 7604 1894 1892
3 7604 1890 1893
3 1885 7604 1893
3 1740 7610 1888
3 1741 1740 1888
3 162 1741 1888
3 1895 1851 1854
3 1897 1896 1895
3 1897 1851 1896
3 1897 1844 1851
3 1898 1895 1854
3 1898 1897 1895
3 1899 1898 1887
3 1901 1898 1902
3 1875 7677 1900
3 1845 1875 1900
3 1904 1901 1902
3 1906 1900 1901
3 1906 1845 1900
3 1907 1902 1899
3 1908 1906 1905
3 1908 1905 1904
3 1908 1904 1907
3 1846 1906 1908
3 1908 1907 1899
3 7611 1846 1908
3 1710 1846 1909
3 2080 2079 2077
3 1918 2077 8090
3 2078 2077 1918
3 8090 1912 1911
3 8090 1913 1912
3 1921 1914 1919
3 1921 1919 1911
3 1939 1914 1920
3 1922 1914 1921
3 2077 1921 1913
3 8071 1939 1920
3 8071 1920 1923
3 8071 1922 2077
3 8071 1923 1922
3 1924 1769 1917
3 1915 1919 1914
3 7608 1769 1924
3 7161 7162 1919
3 1928 1927 1926
3 1928 7178 1927
3 1930 7178 1928
3 1930 1929 7178
3 1931 1925 1915
3 1931 1928 1925
3 1930 1928 1931
3 1933 1930 1931
3 1934 1933 1931
3 1933 1932 1930
3 1935 1932 1933
3 1935 1933 1934
3 1936 1934 1931
3 1936 1935 1934
3 1937 7163 1935
3 1937 1935 1936
3 8072 1937 1936
3 8072 7179 1937
3 1938 1936 1931
3 1938 1931 1769
3 8072 1936 1938
3 7205 7179 8072
3 2106 2107 8071
3 2108 2106 8071
3 1945 1943 1942
3 1946 1942 1944
3 1946 1945 1942
3 1947 1943 1945
3 1947 1963 1943
3 1946 1944 8071
3 7602 1946 1948
3 7602 1945 1946
3 2107 1948 1946
3 2107 7602 1948
3 7602 1965 1947
3 1799 1798 1941
3 7607 1798 1799
3 1949 1940 1951
3 1952 1942 1951
3 1915 1914 1942
3 1957 1951 1940
3 1958 1952 1951
3 1958 1953 1952
3 1958 1954 1953
3 1958 1955 1954
3 1958 1956 1955
3 1958 1915 1956
3 1958 1951 1950
3 1959 1950 1957
3 1959 1958 1950
3 1917 1916 1962
3 1959 1957 1941
3 1961 1958 1960
3 1924 1917 1961
3 1793 1959 1798
3 1793 1960 1959
3 1793 1961 1960
3 7608 1924 1961
3 7601 2134 1965
3 1947 1964 1963
3 7602 7601 1965
3 1943 1963 1970
3 1965 1964 1947
3 1972 1971 1974
3 1973 1971 1963
3 1976 1972 1974
3 1990 1971 1972
3 1974 1971 1973
3 1975 1974 1973
3 1976 1990 1972
3 1977 1976 1974
3 1991 1990 1976
3 1977 1973 1963
3 1977 1975 1973
3 1977 1974 1975
3 1991 1976 1977
3 1979 1991 1977
3 2001 1991 1979
3 2134 1977 1964
3 2134 1978 1977
3 7600 1979 1978
3 1826 1827 1969
3 7606 1826 1969
3 7679 1967 2014
3 7679 1968 1967
3 1969 1968 2022
3 1980 1970 1982
3 1951 1943 1970
3 1949 1951 1981
3 1983 1982 1966
3 1983 1980 1982
3 1981 1970 1980
3 1940 1949 1981
3 1985 1940 1981
3 1984 1966 1968
3 1986 1983 1966
3 1985 1980 1983
3 1985 1981 1980
3 1985 1983 1986
3 1941 1940 1985
3 1988 1985 1986
3 1799 1941 1985
3 1987 1986 1984
3 1988 1986 1987
3 1797 1985 1989
3 1797 1799 1985
3 1987 1984 1969
3 1815 1988 1987
3 1815 1985 1988
3 2165 2151 2006
3 2165 2006 2001
3 1971 2010 1992
3 7600 2124 2165
3 1971 1990 2010
3 1979 2165 2001
3 2031 2009 2010
3 1990 2031 2010
3 1994 2025 1993
3 1994 1993 1990
3 1996 2025 1994
3 1995 1994 1990
3 1996 1994 1995
3 1997 1995 1990
3 1999 1996 1995
3 1997 1998 1995
3 2000 1997 1991
3 2002 1999 1998
3 2002 1996 1999
3 2002 7680 1996
3 2002 1997 2000
3 2002 1998 1997
3 2026 7680 2002
3 2001 2000 1991
3 2004 2000 2001
3 2004 2005 2000
3 2006 2004 2001
3 7599 2005 2004
3 7599 2004 2006
3 1866 1848 2007
3 1866 2007 2054
3 2008 2009 2031
3 2053 2018 7681
3 2013 1971 1992
3 2015 1992 2012
3 2015 2013 1992
3 2014 2011 2013
3 2014 1966 2011
3 2015 2012 2049
3 2016 2017 2049
3 2018 2017 2016
3 2018 2015 2017
3 2019 7679 2014
3 2019 2015 2018
3 2020 7679 2019
3 2018 2016 7681
3 2020 2019 2018
3 1968 7679 2020
3 2021 2020 2018
3 2054 2021 2018
3 2054 2020 2021
3 2022 1968 2020
3 2024 2020 2054
3 2024 2022 2020
3 2024 2054 2023
3 1969 2022 2024
3 1848 2024 2023
3 1848 2023 2007
3 7606 1969 1848
3 2032 2176 2003
3 2033 2032 2003
3 2195 2032 2033
3 1993 2025 2031
3 1996 7680 2025
3 7599 2033 2003
3 2034 7682 2028
3 2036 2034 2028
3 119 118 2034
3 2035 2028 2027
3 2036 2028 2035
3 2037 2027 2026
3 2038 2035 2027
3 128 119 2036
3 128 120 119
3 2176 2038 2037
3 7598 2036 2038
3 2039 1885 2051
3 2040 2051 7683
3 2040 2039 2051
3 1894 2039 2040
3 2048 2031 2025
3 2045 2025 2042
3 2008 2031 2048
3 2042 2025 2041
3 2044 2045 2042
3 2046 2043 2045
3 2046 2048 2043
3 2047 2046 2045
3 2049 2048 2047
3 2050 2047 2044
3 2050 2049 2047
3 2044 2042 2041
3 2044 2047 2045
3 7681 2049 2050
3 2051 2050 2044
3 2051 2041 2030
3 2051 2044 2041
3 2053 2050 2051
3 2053 7681 2050
3 2055 2053 2052
3 2054 2053 2055
3 2054 2018 2053
3 1889 2054 2055
3 1889 2051 1885
3 1889 2052 2051
3 1889 2055 2052
3 7605 2054 1889
3 8070 2219 2057
3 2062 2058 2056
3 2082 2088 2058
3 2063 2058 2062
3 7684 2082 2058
3 2063 2062 7144
3 7692 2063 2057
3 7596 7684 2064
3 8071 2077 2079
3 2108 2079 2080
3 2065 2059 2058
3 2108 2080 7685
3 7685 2060 2065
3 2066 2061 2059
3 7131 2061 7148
3 2066 2059 2065
3 2067 7148 2066
3 2067 2066 2065
3 2070 7148 2067
3 2071 2069 2067
3 2069 2068 2067
3 2069 2070 2068
3 2071 2067 2065
3 2072 2070 2069
3 2073 2072 2069
3 2073 2070 2072
3 2075 2073 2071
3 2075 2074 2073
3 2076 2075 2080
3 2080 2071 7685
3 2080 2075 2071
3 2078 2076 2080
3 2078 8089 2076
3 2078 2080 2077
3 2089 2092 2083
3 6883 2092 2089
3 2088 2081 2097
3 6895 6883 2089
3 7684 2089 2083
3 7684 6895 2089
3 2082 2081 2088
3 7684 2083 2082
3 2090 2085 2084
3 2091 2090 2084
3 2091 2085 2090
3 7686 2111 2085
3 2092 2081 2082
3 2091 2084 2092
3 2093 2091 2092
3 2270 2091 7721
3 2270 2266 2091
3 2094 2086 2081
3 7602 2107 2095
3 2128 2086 2094
3 2128 2087 2086
3 2133 7601 2087
3 2099 2088 2097
3 2096 2086 2087
3 2096 2097 2086
3 2100 2097 2096
3 2100 2098 2097
3 2100 2099 2098
3 2100 2088 2099
3 2102 2101 2100
3 2102 2065 2101
3 7685 2065 2102
3 2103 2100 2096
3 2105 2096 7601
3 2106 2104 2103
3 2106 2102 2104
3 2107 2105 2095
3 2107 2103 2105
3 2107 2106 2103
3 2108 2102 2106
3 2108 7685 2102
3 2117 2109 2125
3 2085 2110 2117
3 7686 2112 2111
3 2137 2136 2142
3 2118 2109 2117
3 2119 2109 2118
3 2119 2142 2113
3 2119 2137 2142
3 2120 2119 2118
3 2121 2119 2120
3 2122 2138 2121
3 2118 2121 2120
3 2139 2138 2122
3 2123 2139 2122
3 2268 2118 2266
3 2262 2121 2118
3 2262 2122 2121
3 1978 2134 2116
3 7600 1978 2116
3 7600 2116 2124
3 2157 2113 2142
3 2126 2117 2125
3 2094 2085 2117
3 2128 2117 2127
3 2128 2094 2117
3 2126 2125 2157
3 2129 2126 2114
3 2130 2128 2127
3 2131 2126 2129
3 2132 2127 2126
3 2133 2087 2130
3 2135 2131 2129
3 2135 2132 2131
3 7601 2133 2130
3 2134 2129 2116
3 2134 2135 2129
3 7601 2130 2132
3 7601 2135 2134
3 2121 2138 2137
3 2123 8123 2139
3 2143 2136 2137
3 2144 2166 2136
3 2145 2144 2143
3 2168 2166 2144
3 2146 2143 2139
3 2146 2145 2143
3 2149 2147 2146
3 2149 2148 2147
3 2150 2168 2149
3 7595 2150 2149
3 7595 2177 2150
3 7599 2006 2195
3 7687 2151 2161
3 2155 2152 2140
3 2155 2153 2152
3 2157 2154 2153
3 2156 2153 2155
3 2158 2153 2156
3 2156 2155 2140
3 2160 2158 2156
3 2160 2157 2158
3 2160 2156 2141
3 2161 2160 2141
3 2115 2159 2160
3 2129 2114 2159
3 2163 2115 2160
3 2115 2129 2159
3 2163 2162 2161
3 2163 2160 2162
3 2151 2163 2161
3 2115 2163 2164
3 2124 2116 2115
3 2006 2151 2195
3 2165 2164 2151
3 2165 2115 2164
3 2124 2115 2165
3 6735 2169 2177
3 2177 2169 2168
3 7595 6735 2177
3 2168 2167 2166
3 2150 2177 2168
3 2178 99 7688
3 106 100 2178
3 2171 2170 2167
3 2179 2172 2171
3 2180 2171 2169
3 106 2178 2179
3 7598 2038 2181
3 7688 2173 2170
3 128 7598 2181
3 2182 2166 2173
3 2183 2136 2166
3 2183 2166 2184
3 2184 2182 2173
3 2185 2183 2184
3 2185 2140 2183
3 2185 2184 2173
3 2187 2141 2185
3 2186 2185 2173
3 2187 2185 2186
3 2188 2173 2175
3 2188 2186 2173
3 2161 2141 2187
3 2189 2187 2186
3 2191 2192 2186
3 2192 2189 2186
3 2190 2161 2189
3 2190 2192 2191
3 2190 2189 2192
3 7687 2161 2193
3 2190 2186 2188
3 2190 2191 2186
3 2176 2190 2188
3 2194 2193 2190
3 2195 2193 2194
3 2195 7687 2193
3 2032 2195 2194
3 7117 2196 2205
3 7113 2197 2196
3 7113 2198 2197
3 7113 2206 2198
3 2207 7690 2200
3 2208 2200 2199
3 2211 7690 2207
3 2208 2199 2197
3 2210 2209 2200
3 2210 2211 2209
3 8069 2208 2198
3 8068 2211 2210
3 7692 2057 2204
3 7596 2064 7692
3 2201 2212 7690
3 7691 2202 2201
3 7691 2203 2202
3 7691 2204 2203
3 2214 2205 2196
3 2202 2212 2201
3 2216 2205 2214
3 2216 2215 2205
3 7101 2215 2216
3 2219 2213 2202
3 2219 2214 2213
3 2217 2216 2214
3 2218 7101 2216
3 2219 2202 2203
3 8070 2217 2219
3 8070 2218 2216
3 8070 7116 2218
3 2231 2220 2221
3 2234 6969 2230
3 2232 2221 2229
3 6974 2234 2231
3 6974 6971 2234
3 2233 2221 2232
3 2305 6974 2231
3 7716 2233 2232
3 2305 2231 2233
3 2222 2221 2220
3 8059 2225 2224
3 2978 2228 2227
3 2891 7707 2228
3 2237 2891 2228
3 7720 2226 2236
3 7720 2227 2226
3 2237 2228 2978
3 7720 2236 2225
3 2238 2229 2221
3 7717 2232 2229
3 2228 2221 2227
3 2240 2229 2238
3 2241 7717 2229
3 2299 7717 2241
3 7718 2299 2241
3 7707 2221 2228
3 2239 2238 2221
3 2887 2238 2239
3 2887 2240 2238
3 2887 2241 2240
3 2306 7718 2241
3 3108 2243 2242
3 3108 2244 2243
3 3108 7593 2244
3 2253 2251 2252
3 2251 2246 2245
3 7693 2253 2252
3 2256 7693 2252
3 2255 2256 2252
3 2257 2245 2242
3 2257 2251 2245
3 2258 2254 2251
3 2259 2252 2254
3 2259 2255 2252
3 2259 2256 2255
3 2259 7693 2256
3 2258 2257 2243
3 2260 2254 2258
3 2260 2259 2254
3 2260 2277 2259
3 2277 2260 2261
3 2263 2246 2251
3 2262 2268 2249
3 2290 2249 2248
3 2285 2248 2247
3 8123 2262 2290
3 8123 2123 2262
3 2265 2250 2245
3 2264 2245 2247
3 2265 2245 2264
3 2266 2250 2265
3 6868 2250 2267
3 2268 2264 2248
3 2268 2265 2264
3 2269 2265 2268
3 2266 2265 2269
3 2270 2267 2266
3 2270 6868 2267
3 2266 2269 2268
3 2413 7592 2272
3 2416 2413 2272
3 7693 2271 2276
3 2415 2416 2272
3 2277 2415 2272
3 2253 2276 2251
3 2253 7693 2276
3 2278 2276 2271
3 3091 7694 2280
3 2279 2273 2278
3 2279 7694 2273
3 2280 7694 2279
3 7592 2278 2272
3 7592 2279 2278
3 7591 2280 2279
3 7591 3091 2280
3 2149 8123 2275
3 7595 2149 2275
3 6831 2274 7695
3 6831 7696 2274
3 2282 2283 2276
3 2263 2251 2283
3 2263 2283 2282
3 2284 2276 2274
3 2284 2281 2276
3 2284 2282 2281
3 2284 2263 2282
3 2284 2247 2263
3 2286 2284 2274
3 2289 2285 2284
3 2285 2247 2284
3 2248 2285 2289
3 2291 2274 2275
3 2291 2286 2274
3 2291 2287 2286
3 2291 2284 2287
3 2291 2288 2284
3 2291 2289 2288
3 2291 2248 2289
3 2290 2248 2291
3 8123 2290 2291
3 2302 2295 2294
3 2302 6940 2295
3 2302 6932 6940
3 2294 2293 2292
3 6939 2302 2303
3 6942 6939 2303
3 8055 2302 2294
3 8055 2303 2302
3 8055 6942 2303
3 7716 2232 2297
3 2305 7716 2297
3 6941 2296 6940
3 8053 2305 2297
3 3062 2314 2300
3 2306 3062 2300
3 2306 2300 2299
3 3063 3062 2306
3 2232 2298 2297
3 7717 2299 2298
3 7718 2306 2299
3 2309 2301 2292
3 2932 2931 2311
3 2308 2307 2298
3 8129 2932 2311
3 2313 2310 2308
3 2300 2308 2299
3 2313 2308 2312
3 8129 2311 2313
3 2314 2312 2300
3 2315 2313 2312
3 2321 2316 2331
3 8067 2469 2318
3 7081 2317 7080
3 2350 2320 2323
3 2339 2350 2323
3 2340 2339 2323
3 2322 2323 2316
3 2324 2322 7080
3 2327 2340 2323
3 2328 2323 2322
3 2326 2323 2328
3 2327 2323 2326
3 2325 2324 2317
3 2325 2322 2324
3 2328 2322 2325
3 2327 2326 2328
3 8066 2328 2325
3 8066 2327 2328
3 8069 2198 2210
3 2200 8069 2210
3 2368 2210 2330
3 8068 2210 2329
3 2211 8068 2329
3 2370 2211 2329
3 2320 2319 2323
3 2329 2210 2368
3 2330 2331 2316
3 2332 2321 2331
3 2332 2331 2330
3 2332 7086 2321
3 2330 2319 2320
3 2333 2332 2330
3 2333 7086 2332
3 2333 7082 7086
3 2334 8087 2333
3 2338 2334 2333
3 2335 8087 2334
3 2336 2333 2330
3 7085 2335 2334
3 2338 7085 2334
3 2206 2336 2198
3 2337 7085 2338
3 7113 2337 2338
3 7113 2338 2206
3 2351 2341 2340
3 8066 2492 2344
3 2327 2351 2340
3 2327 2341 2351
3 2327 2342 2341
3 2327 2343 2342
3 2343 8066 2344
3 2356 2372 2345
3 2356 2345 2353
3 2373 2372 2356
3 2341 2353 2340
3 2357 2353 2352
3 2357 2355 2354
3 2358 2373 2356
3 2358 2356 2357
3 2373 2358 2359
3 2341 2357 2354
3 2362 2359 2358
3 2360 2357 2341
3 2361 2358 2357
3 2363 2359 2362
3 2363 2373 2359
3 2360 2341 2344
3 2362 2361 2360
3 7594 3114 2349
3 6959 7594 2349
3 2346 2345 2372
3 2349 2348 2347
3 2365 2339 2353
3 2367 2353 2347
3 2367 2364 2353
3 2367 2365 2364
3 2368 2366 2365
3 2368 2320 2366
3 2368 2330 2320
3 3114 2367 2349
3 2369 2370 2367
3 2370 2368 2365
3 2369 2367 3114
3 2519 2385 2383
3 7589 2519 2383
3 2363 2383 2373
3 2376 2393 2372
3 2377 2393 2376
3 2378 2393 2377
3 2381 2378 2377
3 2380 2393 2378
3 2379 2376 2373
3 2381 2377 2379
3 2382 2393 2380
3 2394 2393 2382
3 2381 2379 2373
3 2395 2378 2381
3 2395 2380 2378
3 2395 2382 2380
3 2395 2394 2382
3 2383 2381 2373
3 2385 2381 2383
3 2519 2395 2384
3 2519 2381 2385
3 2519 2384 2381
3 7699 2371 2393
3 2261 2258 2417
3 2417 2277 2261
3 2346 2372 2371
3 2386 2371 7699
3 2388 2371 2386
3 2387 2371 2388
3 2390 2388 2386
3 2389 2387 2388
3 2389 2346 2387
3 2390 2386 2374
3 2391 2347 2389
3 2349 2347 2391
3 2392 2390 2417
3 2392 2389 2390
3 7593 2349 2391
3 2554 2404 2395
3 2555 2554 2395
3 2553 2555 2395
3 2556 2553 2395
3 2398 2435 2396
3 2399 2408 7698
3 2399 2396 2408
3 2399 2398 2396
3 2400 2398 2399
3 2400 2418 2398
3 2400 2399 2393
3 2402 2418 2400
3 2401 2400 2394
3 2402 2400 2401
3 2403 2401 2394
3 2403 2402 2401
3 2405 2402 2403
3 2405 2420 2402
3 2405 2403 2395
3 2404 2405 2395
3 7588 2405 2404
3 7587 2583 2405
3 7591 7592 2413
3 2406 2413 2438
3 2406 7591 2413
3 2438 2413 2397
3 7699 7698 2407
3 2410 2407 2408
3 2410 7699 2407
3 2409 2410 2408
3 2411 2408 2397
3 2412 2410 2409
3 2412 7699 2410
3 2411 2409 2408
3 2375 7699 2412
3 2413 2411 2397
3 2414 2412 2409
3 2414 2375 2412
3 2414 2411 2413
3 2414 2409 2411
3 2417 2375 2414
3 2415 2417 2414
3 2416 2414 2413
3 2277 2417 2415
3 2583 2581 2421
3 2398 2426 2425
3 2402 2419 2418
3 2402 2420 2419
3 2583 2421 2420
3 2427 2426 2418
3 2428 57 2426
3 2429 2426 2427
3 2428 2426 2429
3 2429 2427 2420
3 2430 2428 2429
3 58 60 2430
3 59 58 2431
3 61 59 2431
3 7586 2429 2421
3 7586 2430 2429
3 6810 6793 2424
3 2432 2423 7700
3 2433 6810 2424
3 7700 2423 2422
3 75 2432 7700
3 75 2423 2432
3 2436 2426 2422
3 2436 2425 2434
3 2438 2397 2435
3 2439 2436 2423
3 2439 2435 2436
3 2441 2438 2437
3 2441 2435 2442
3 2442 2440 2439
3 2406 2438 3088
3 6793 2439 2424
3 6793 2442 2439
3 3088 2441 2443
3 7591 2406 3088
3 8065 2458 2448
3 2612 8065 2448
3 2444 2449 7038
3 2446 2445 2444
3 7050 2447 2446
3 2456 2444 2445
3 2456 2449 2444
3 2456 2450 2449
3 2457 2455 2450
3 2457 2450 2456
3 8062 2470 2457
3 8065 2457 2456
3 2458 2456 2448
3 8064 2457 8065
3 8064 8063 2457
3 2325 2318 2469
3 8066 2325 2469
3 8066 2469 2454
3 2343 2327 8066
3 2492 2454 2453
3 2461 7038 2449
3 2462 2449 2459
3 2462 2460 2449
3 2462 2461 2460
3 2462 7038 2461
3 2462 8086 7038
3 2464 2462 2459
3 2463 2459 2451
3 2465 2464 2459
3 7052 7055 2464
3 2466 7052 2464
3 2467 2464 2465
3 2467 2466 2464
3 7039 2466 2467
3 2467 2465 2463
3 2468 7039 2467
3 2467 2463 2453
3 7053 2468 2467
3 2469 7053 2467
3 8067 7053 2469
3 8062 2636 2471
3 2599 2636 8062
3 2455 2475 2476
3 2455 2470 2475
3 8062 2471 2470
3 2477 2515 2472
3 2501 2515 2478
3 2480 2477 2475
3 2481 2501 2478
3 2484 2482 2480
3 2483 2478 2479
3 2483 2481 2478
3 2495 2481 2483
3 2629 2482 2484
3 2629 2495 2483
3 2629 2471 2636
3 2629 2484 2471
3 2629 2483 2479
3 2360 2344 2489
3 2362 2360 2489
3 2485 2489 2474
3 2363 2489 2485
3 2488 2475 2477
3 2487 2476 2475
3 2450 2455 2476
3 2476 2486 2488
3 2476 2487 2486
3 2451 2450 2476
3 2452 2451 2476
3 2489 2488 2474
3 2489 2476 2488
3 2453 2452 2493
3 2491 2490 2489
3 2492 2453 2493
3 2344 2491 2489
3 2344 2476 2491
3 2344 2492 2476
3 2515 2501 2517
3 2629 2662 2499
3 2481 2494 2501
3 2481 2495 2494
3 2629 2499 2495
3 2503 2529 2496
3 2501 2500 2517
3 2504 2500 2501
3 2502 2496 2500
3 2505 2496 2502
3 2505 2503 2496
3 2505 2502 2500
3 2522 2503 2505
3 2505 2500 2504
3 2506 2522 2505
3 2507 2505 2504
3 2523 2522 2506
3 2508 2507 2501
3 2506 2505 2507
3 2524 2523 2506
3 2511 2507 2508
3 2508 2501 2495
3 2510 2506 2507
3 2524 2506 2510
3 2509 2507 2511
3 2509 2510 2507
3 2512 2524 2510
3 2653 2512 2510
3 2653 2511 2508
3 2653 2509 2511
3 2653 2510 2509
3 2556 2519 2553
3 2556 2395 2519
3 2544 2497 2496
3 2513 2514 2497
3 2498 2514 2513
3 2553 2519 2498
3 2521 2517 2514
3 2516 2515 2517
3 2518 2515 2516
3 2473 2472 2515
3 2473 2488 2472
3 2521 2516 2517
3 2519 2521 2514
3 2520 2516 2521
3 2520 2518 2516
3 2520 2473 2518
3 2520 2474 2473
3 2485 2474 2520
3 7589 2521 2519
3 2363 2485 2520
3 2383 2363 2520
3 2695 2696 2525
3 2512 2695 2525
3 2503 2526 2529
3 2503 2522 2526
3 2512 2525 2524
3 2557 2527 2526
3 2558 2564 2527
3 2530 2531 2526
3 2531 2557 2526
3 2557 2558 2527
3 2530 2526 2522
3 2532 2531 2530
3 2558 2557 2531
3 2523 2530 2522
3 2534 2558 2532
3 2533 2534 2532
3 2537 2533 2535
3 2537 2534 2533
3 2537 2559 2534
3 2536 2535 2523
3 2536 2537 2535
3 2563 2537 2536
3 2563 2559 2537
3 2525 2536 2524
3 2525 2563 2536
3 2538 2404 2582
3 7588 2404 2538
3 2539 2538 2582
3 2405 7588 2538
3 7587 2405 2539
3 7701 2547 2528
3 2540 2529 2526
3 2544 2529 2540
3 2544 2541 2529
3 2542 2540 2527
3 2545 2543 2542
3 2497 2544 2546
3 2546 2543 2545
3 2513 2497 2546
3 2547 2545 2542
3 2547 2546 2545
3 2548 2546 2547
3 2498 2513 2546
3 2550 2548 2547
3 2550 2546 2548
3 2550 2549 2546
3 2552 2546 2549
3 2552 2498 2546
3 2551 2547 2582
3 2551 2550 2547
3 2552 2549 2550
3 2553 2552 2550
3 2553 2498 2552
3 2551 2553 2550
3 2404 2551 2582
3 2555 2551 2554
3 2555 2553 2551
3 2554 2551 2404
3 2534 2559 2558
3 2566 7702 2560
3 2567 2565 2558
3 34 7702 2566
3 2572 2567 2558
3 2575 2565 2571
3 2575 2560 2565
3 2575 2566 2560
3 2575 34 2566
3 2573 2567 2572
3 2575 2571 2570
3 7584 2573 2572
3 40 34 2575
3 2575 2570 2569
3 2702 2574 2575
3 2702 40 2574
3 2709 2572 2559
3 2709 7584 2572
3 7584 2575 2569
3 7586 2421 2581
3 7702 2561 2565
3 2431 7586 2581
3 2431 2581 2576
3 2528 2527 2564
3 2528 2564 2561
3 2579 2561 2562
3 2579 2528 2561
3 2547 7701 2577
3 2578 2579 2562
3 2578 2528 2579
3 2577 2528 2578
3 2580 2547 2577
3 2578 2580 2577
3 2582 2580 2578
3 2539 2582 2578
3 2583 2578 2581
3 7587 2539 2578
3 7587 2578 2583
3 7017 2584 2591
3 2614 2613 2593
3 2595 2593 2594
3 2596 2593 2587
3 2596 2587 2592
3 2615 2614 2595
3 2596 2595 2594
3 8060 2595 2596
3 8060 2615 2595
3 8060 2596 2597
3 8065 2605 2590
3 8064 8065 2590
3 2598 2588 2587
3 8063 8064 2599
3 8062 8063 2599
3 2590 2589 2588
3 2599 8064 2590
3 2603 2584 2600
3 2601 2584 2603
3 2601 2591 2584
3 2601 2602 2591
3 2603 2600 2588
3 2604 2601 2603
3 7024 2602 2601
3 2604 7024 2601
3 2604 2603 2588
3 2605 2606 2604
3 2607 8085 2606
3 2607 7022 8085
3 2605 2604 2590
3 2607 2606 2605
3 2608 7022 2607
3 2609 2607 2605
3 2611 2607 2610
3 2610 2607 2609
3 2610 2608 2611
3 2610 7023 2608
3 8065 2609 2605
3 8065 2610 2609
3 2612 2610 8065
3 2593 2613 2598
3 8060 2616 2615
3 2623 2617 2613
3 2637 2644 2624
3 2626 2617 2623
3 2626 2624 2617
3 2625 2637 2624
3 2639 2637 2625
3 7581 2624 2626
3 2628 2627 2624
3 2628 2639 2627
3 7582 2623 2616
3 7582 2626 2623
3 7582 7581 2626
3 2629 2636 2622
3 2621 2620 2619
3 2662 2629 2622
3 2588 2598 2632
3 2631 2630 2618
3 2590 2588 2632
3 2633 2632 2631
3 2622 2631 2621
3 2636 2631 2634
3 2635 2632 2633
3 2635 2633 2631
3 2599 2590 2635
3 2599 2635 2636
3 2636 2634 2622
3 2639 2638 2637
3 2628 2811 2639
3 2664 2685 2641
3 2645 2640 2644
3 2645 2646 2640
3 2647 2641 2640
3 2648 2646 2645
3 2649 2646 2648
3 2649 2645 2638
3 2649 2648 2645
3 2651 2647 2649
3 2651 2650 2647
3 2652 2665 2651
3 2651 2649 2639
3 7580 2652 2651
3 2653 2495 2643
3 2512 2653 2643
3 2689 2642 2685
3 2692 2643 2642
3 2654 2640 2685
3 2655 2644 2656
3 2618 2617 2658
3 2657 2655 2654
3 2658 2644 2655
3 2619 2618 2658
3 2659 2657 2654
3 2621 2619 2658
3 2661 2654 2643
3 2661 2659 2654
3 2662 2622 2621
3 2658 2660 2661
3 2662 2621 2658
3 2670 2847 2666
3 2670 2666 2665
3 2652 2847 2670
3 2664 2663 2685
3 2652 2670 2665
3 2671 2667 2663
3 2673 2671 2664
3 2674 2672 2671
3 2675 2673 2664
3 2674 2671 2673
3 2676 2697 2674
3 2676 2673 2675
3 2676 2674 2673
3 2677 2697 2676
3 2677 2676 2675
3 2678 2697 2677
3 2680 2678 2677
3 2680 2677 2675
3 2698 2678 2680
3 2679 2675 2650
3 2679 2680 2675
3 2681 2698 2680
3 2682 2680 2679
3 2683 2681 2682
3 2683 2698 2681
3 2666 2679 2665
3 2666 2682 2679
3 2834 2682 2666
3 2834 2683 2682
3 2563 2525 2669
3 2712 2716 2667
3 2687 2686 2663
3 2689 2685 2686
3 2687 2689 2686
3 2687 2663 2667
3 2688 2687 2716
3 2690 2689 2687
3 2668 2688 2716
3 2690 2687 2688
3 2691 2688 2668
3 2691 2690 2688
3 2692 2642 2689
3 2692 2689 2690
3 2693 2691 2668
3 2694 2691 2693
3 2694 2690 2691
3 2694 2692 2690
3 2694 2693 2668
3 2695 2692 2694
3 2695 2643 2692
3 2512 2643 2695
3 2525 2696 2669
3 2875 2873 2708
3 2683 2875 2708
3 2683 2708 2698
3 2834 2875 2683
3 2672 2697 2704
3 2678 2698 2697
3 2705 2700 2699
3 2705 14 2700
3 2861 2705 2706
3 2707 15 2705
3 2708 2699 2698
3 2862 7579 2861
3 2709 2559 2719
3 2709 2719 2703
3 7583 7584 2709
3 2702 7583 2709
3 2684 2672 2704
3 2684 2697 2710
3 2684 2704 2697
3 2684 2710 2714
3 2712 2667 2684
3 2713 2711 2701
3 2713 2710 2711
3 2713 2714 2710
3 2715 2684 2714
3 2715 2712 2684
3 2716 2712 2715
3 2717 2714 2713
3 2717 2715 2714
3 2718 2715 2717
3 2718 2716 2715
3 2718 2668 2716
3 2719 2713 2702
3 2719 2717 2713
3 2720 2718 2717
3 2721 2717 2719
3 2722 2668 2720
3 2721 2720 2717
3 2721 2722 2720
3 2669 2668 2722
3 2559 2721 2719
3 2563 2722 2721
3 2723 2669 2722
3 2563 2721 2559
3 2563 2723 2722
3 2733 2724 2731
3 6993 2732 2727
3 481 480 2732
3 2734 481 2732
3 2734 2732 6993
3 2736 2728 2724
3 2738 2724 2725
3 2738 2736 2724
3 2738 2728 2736
3 2739 2735 2737
3 2759 2764 2740
3 2742 2737 2738
3 2742 2739 2737
3 2742 2738 2741
3 2765 2759 2740
3 2743 2741 2738
3 2744 2742 2741
3 2743 2739 2744
3 2745 2740 2739
3 502 2740 2745
3 502 2765 2740
3 8060 2597 2586
3 8060 2753 2730
3 8060 2586 2753
3 2729 2728 2735
3 2746 2731 2724
3 2747 2725 2733
3 2747 2731 2746
3 2747 2733 2731
3 2746 2724 2728
3 2748 2747 2746
3 2749 2748 2746
3 2749 2747 2748
3 2749 8084 2747
3 2751 2749 2752
3 6994 2749 2750
3 2752 2746 2729
3 2750 2749 2751
3 2755 6994 2750
3 2750 2751 2752
3 2753 2752 2730
3 2753 2754 2752
3 2754 2750 2752
3 2756 2755 2754
3 2757 2754 2753
3 2757 2756 2754
3 2757 6995 2756
3 2757 2753 2586
3 8061 6995 2757
3 2765 7573 2767
3 7572 7573 2765
3 502 7572 2765
3 2765 2767 2759
3 2768 7703 2766
3 2785 7703 2768
3 2767 2758 2764
3 2769 2766 2758
3 2786 2785 2768
3 2769 2758 2767
3 2770 2768 2769
3 493 2770 2769
3 7573 2769 2767
3 2771 2769 7573
3 2800 2786 2770
3 493 2771 7573
3 7574 2770 493
3 7574 2800 2770
3 7582 2616 2763
3 7581 7582 2763
3 2628 7581 2763
3 7704 2760 2766
3 7704 2761 2760
3 2762 2761 2772
3 2774 2764 2758
3 2729 2735 2764
3 2780 2758 2760
3 2780 2773 2758
3 2781 2758 2773
3 2781 2774 2758
3 2781 2775 2774
3 2781 2776 2775
3 2781 2777 2776
3 2781 2778 2777
3 2781 2779 2778
3 2782 2760 2761
3 2782 2780 2760
3 2782 2773 2780
3 2782 2781 2773
3 2730 2729 2781
3 2763 2782 2762
3 2616 2781 2782
3 2616 2783 2781
3 8060 2730 2783
3 2616 2782 2763
3 8060 2783 2616
3 530 529 2800
3 7574 530 2800
3 7703 2784 2766
3 7703 2785 2784
3 2792 2788 2784
3 2794 2787 2788
3 2820 2787 2793
3 2794 2788 2792
3 2796 2787 2794
3 2796 2793 2787
3 2796 2820 2793
3 2797 2794 2792
3 2798 2794 2795
3 2798 2796 2794
3 2798 2795 2797
3 2800 2797 2792
3 2799 2796 2798
3 2800 2799 2798
3 7575 2800 529
3 7580 2651 2801
3 2652 7580 2801
3 2802 2790 2789
3 2847 2801 2791
3 2803 2766 2784
3 2804 2766 2803
3 2805 2804 2803
3 2805 7704 2804
3 2761 7704 2805
3 2772 2761 2805
3 2809 2803 2791
3 2810 2806 2803
3 2762 2772 2805
3 2811 2806 2810
3 2811 2807 2806
3 2811 2805 2807
3 2811 2808 2805
3 2811 2762 2808
3 2811 2809 2639
3 2811 2810 2809
3 7577 566 7576
3 2817 7576 2813
3 567 7577 7576
3 2796 2812 2820
3 2796 2813 2812
3 2796 2817 2813
3 2819 2833 2814
3 2818 2814 2835
3 2820 2818 2835
3 2821 2814 2818
3 2821 2818 2820
3 2825 2819 2821
3 2825 2833 2819
3 2812 2821 2820
3 2822 2821 2812
3 2822 2823 2821
3 2824 2825 2821
3 2822 2824 2823
3 2826 2812 2813
3 2826 2822 2812
3 2827 2825 2822
3 2827 2848 2825
3 2828 2826 2813
3 2830 2826 2828
3 2829 2828 2813
3 2829 2830 2828
3 2831 2829 2813
3 2832 2830 2829
3 2832 2849 2830
3 566 2829 2831
3 566 2832 2829
3 599 2849 2832
3 566 2831 7576
3 7578 2832 566
3 2834 2666 2816
3 2834 2816 2872
3 2833 2838 2814
3 2866 2838 2833
3 2789 2788 2835
3 2836 2835 2838
3 2836 2837 2835
3 2837 2789 2835
3 2837 2802 2789
3 2838 2837 2836
3 2839 2837 2838
3 2790 2802 2837
3 2839 2838 2815
3 2841 2839 2815
3 2837 2791 2790
3 7705 2841 2815
3 7705 2839 2841
3 7705 2840 2839
3 7705 2837 2840
3 2843 2791 7705
3 2845 7705 2842
3 2845 2843 7705
3 2844 7705 2872
3 2816 7705 2844
3 2847 2842 7705
3 2847 2845 2842
3 2816 2844 2872
3 2847 7705 2846
3 2847 2846 2816
3 2652 2801 2847
3 598 600 574
3 599 574 2849
3 2825 2848 2833
3 2827 2849 2848
3 2832 538 599
3 2856 2851 2854
3 2856 7 2851
3 2855 2850 2848
3 2858 2854 2850
3 2857 2854 2853
3 2859 2853 2858
3 2859 2857 2853
3 1 0 2856
3 2849 2858 2855
3 2860 2857 2859
3 573 2858 2849
3 8122 346 1
3 2861 2708 2862
3 2851 2850 2854
3 2707 7579 2862
3 2864 2833 2863
3 2866 2833 2864
3 2865 2863 2850
3 2865 2864 2863
3 2866 2864 2865
3 2869 2850 2852
3 2867 2866 2865
3 2868 2866 2867
3 2868 2838 2866
3 2871 2868 2867
3 2815 2868 2871
3 2815 2838 2868
3 2870 2869 2852
3 2871 2865 2869
3 2871 2867 2865
3 7705 2815 2871
3 2872 7705 2871
3 2871 2869 2870
3 2874 2872 2871
3 2873 2871 2870
3 2875 2874 2871
3 2873 2870 2862
3 2834 2874 2875
3 2834 2872 2874
3 3065 3056 2878
3 3065 2878 2883
3 3066 3065 2883
3 2884 2877 2876
3 2885 2878 2877
3 2885 2883 2878
3 2885 3066 2883
3 2998 2877 2884
3 2998 2885 2877
3 2880 7707 2889
3 2221 7707 2886
3 2239 2221 2886
3 2887 2239 2886
3 2887 2886 2880
3 3056 2879 2877
3 3056 2880 2879
3 2241 2887 2306
3 2889 2881 2879
3 2891 2882 2881
3 319 314 2890
3 320 319 2890
3 7707 2881 2889
3 7707 2891 2881
3 2237 2890 2891
3 2999 3002 2896
3 3003 2999 2896
3 2894 2893 2892
3 311 2895 2894
3 311 2896 2895
3 3004 3003 2896
3 3005 3004 311
3 7714 3005 311
3 3046 7708 2898
3 2904 2898 2897
3 3051 3046 2904
3 7732 2904 2897
3 8128 3051 2904
3 2905 2902 2907
3 302 2902 2905
3 7708 2897 2898
3 7708 2899 2897
3 2906 2907 2899
3 7731 2905 2907
3 7731 302 2905
3 7709 7731 2907
3 309 7731 7709
3 3044 309 7709
3 2934 2936 2915
3 2935 2934 2915
3 2901 2900 2899
3 2901 2903 2900
3 2901 2908 2903
3 2909 2915 2908
3 2909 2935 2915
3 306 2908 2901
3 2903 2910 2900
3 2914 2913 2912
3 2914 3059 2913
3 2915 2910 2903
3 2915 2911 2910
3 2917 2912 2911
3 2917 2914 2912
3 2916 2911 2915
3 2916 2917 2911
3 2917 7733 2914
3 8129 3060 2917
3 6904 6903 2919
3 2927 2919 2918
3 2926 2919 2927
3 2926 6904 2919
3 2926 6905 6904
3 2928 6907 2926
3 2961 2918 2925
3 2929 2928 2926
3 2929 6908 2928
3 2965 6909 2929
3 2301 2931 2923
3 2294 2301 2923
3 2921 2920 2918
3 8055 2294 2923
3 2930 2924 8129
3 2916 2915 2930
3 2931 2920 2922
3 2917 2916 2930
3 8129 2924 2920
3 2934 2933 2936
3 2935 2933 2934
3 2909 2925 2933
3 2967 2966 2961
3 2909 2967 2961
3 2909 2933 2935
3 6852 6846 6851
3 2937 6852 6851
3 6752 2937 2942
3 6752 6849 2937
3 6848 6849 6752
3 6850 6848 6752
3 3000 3001 7723
3 7722 2980 7723
3 2944 7722 7723
3 6838 2943 2938
3 2943 2939 2938
3 2944 2939 2943
3 2944 7723 2939
3 310 303 2946
3 2945 310 2946
3 7724 2940 2938
3 7724 2941 2940
3 7724 2946 2941
3 311 7715 2945
3 7714 311 2945
3 7714 2945 7724
3 2952 2942 2937
3 2955 2947 2946
3 2955 2948 2947
3 2955 2949 2948
3 2955 2950 2949
3 2955 2951 2950
3 2955 2952 2951
3 2956 2953 2952
3 2956 2954 2953
3 2956 8042 2954
3 2957 2952 2955
3 2957 2956 2952
3 6876 2959 2958
3 2964 6876 2958
3 6879 6878 2964
3 8057 6879 2964
3 2926 2961 2960
3 2926 2927 2961
3 2929 2926 2960
3 2965 2929 2960
3 6873 2960 2959
3 307 7710 2963
3 2966 2962 2959
3 2967 2963 2962
3 7711 307 2967
3 7712 7711 2967
3 2961 2966 2960
3 308 7712 2967
3 7713 308 2967
3 2975 2964 2958
3 2969 2968 2962
3 2978 7720 2977
3 7710 2970 2969
3 7710 2971 2970
3 7710 2972 2971
3 7710 2973 2972
3 7710 2974 2973
3 7710 2975 2974
3 2978 2976 2975
3 2978 2977 2976
3 7710 2969 2963
3 320 2975 7710
3 320 2978 2975
3 2237 2978 8127
3 6817 6798 2981
3 2986 6817 2981
3 2980 2979 2990
3 2985 2981 2980
3 2985 2986 2981
3 2980 2990 3000
3 2987 2985 2980
3 2987 2986 2985
3 2987 6818 2986
3 2988 6819 2987
3 6821 6820 2988
3 7723 2980 3000
3 7722 2987 2980
3 2944 2988 2987
3 2944 6821 2988
3 2991 3011 2983
3 2982 2989 2990
3 2982 2990 2979
3 2993 2991 2983
3 6798 2982 2981
3 7729 7730 6816
3 2992 2983 2982
3 6816 2993 2983
3 2984 2990 2989
3 2996 2984 2989
3 2995 2876 2984
3 2995 2884 2876
3 2998 2884 2995
3 3011 2996 2983
3 2997 2984 2996
3 2998 2984 2994
3 2998 2995 2984
3 3002 2990 2984
3 7724 7723 3001
3 2999 3000 3002
3 3004 3001 3000
3 3005 3001 3004
3 3005 7724 3001
3 3004 3000 3003
3 7714 7724 3005
3 6788 6787 3007
3 3012 6788 3007
3 7730 3015 3006
3 7730 3007 3015
3 7730 3012 3007
3 8046 6791 7730
3 3013 3006 3011
3 2991 3013 3011
3 2991 3006 3013
3 2993 7730 3006
3 7729 8046 7730
3 3014 3008 3010
3 3036 3039 3009
3 3015 3010 3006
3 3015 3014 3010
3 3016 3036 3009
3 3040 3036 3016
3 6779 3008 3014
3 3016 3009 3008
3 8049 3040 3016
3 8049 3041 3040
3 3017 3010 3008
3 3017 3018 3010
3 8128 3080 3024
3 3079 3080 8128
3 3039 3017 3009
3 3051 3018 3017
3 3021 3011 3006
3 2996 3011 3022
3 3020 3019 3010
3 3023 3021 3020
3 2997 2996 3022
3 2994 2997 3022
3 3024 3023 3020
3 3025 3011 3023
3 3026 3022 3011
3 2998 2994 3022
3 3025 3023 3024
3 3067 3026 3025
3 2885 2998 3067
3 6755 6753 3038
3 3036 3027 3045
3 3037 3038 3029
3 3036 3028 3027
3 3040 3038 3037
3 3040 6755 3038
3 6758 6757 3040
3 3040 3029 3036
3 3040 3037 3029
3 6759 6758 3040
3 6760 6759 3040
3 3041 6760 3040
3 8043 8042 3032
3 8044 8043 3032
3 3038 3027 3028
3 3031 3030 8050
3 6752 8044 3032
3 6748 3027 3038
3 6748 8050 3027
3 3042 7708 3035
3 3043 3027 8050
3 3043 3033 3027
3 3043 3034 3033
3 3043 3035 3034
3 2899 7708 3042
3 2906 2899 3042
3 2907 2906 3042
3 7709 2907 3042
3 8042 3043 3032
3 3046 3036 3045
3 3017 3039 3050
3 3051 3017 3050
3 3051 3047 3046
3 3051 3048 3047
3 3051 3049 3048
3 3051 3050 3049
3 7708 3045 3035
3 7708 3046 3045
3 7733 2314 3054
3 2312 2314 7733
3 2315 2312 7733
3 3059 3053 3052
3 7733 3054 3053
3 8129 2315 3060
3 2917 3060 7733
3 3061 3056 3055
3 3054 3055 3053
3 2888 3056 3061
3 2880 2888 3061
3 3062 3055 3054
3 3063 3061 3062
3 2887 2880 2306
3 3064 3024 3080
3 3064 3080 3058
3 3065 3057 3055
3 3065 3058 3057
3 3067 3025 3064
3 3067 3064 3058
3 3067 3058 3066
3 3073 3059 3052
3 7732 2897 3059
3 3075 3068 3057
3 3075 3069 3068
3 3075 3070 3069
3 3075 3071 3070
3 3075 3072 3071
3 3075 3073 3072
3 3075 3059 3073
3 2904 7732 3074
3 3076 3075 3058
3 3077 3075 3076
3 3079 3075 3078
3 3079 3074 3075
3 3080 3076 3058
3 3079 3078 3077
3 6810 6793 3082
3 2433 6810 3082
3 83 3081 3086
3 83 3082 3081
3 8045 2433 3082
3 7694 7695 3089
3 3087 3089 3081
3 3091 7694 3089
3 3090 3087 3082
3 3091 3089 3088
3 2443 3088 3087
3 6793 3090 3082
3 6793 2443 3090
3 7591 3091 3088
3 6735 2169 3085
3 7695 3083 3081
3 7595 6735 3085
3 6831 3083 7695
3 7696 3084 3083
3 7696 3085 3084
3 3095 3086 3092
3 3095 3094 3086
3 3094 7697 3093
3 3096 3083 3084
3 3095 3092 3096
3 3097 3094 3095
3 98 3094 3098
3 2180 3096 3085
3 2179 3095 3096
3 2179 3097 3095
3 6883 2092 3103
3 6895 6883 3103
3 7684 6895 3103
3 7596 7684 3103
3 2201 3099 7690
3 2201 3100 3099
3 7691 3101 3100
3 7691 3102 3101
3 7691 3103 3102
3 7691 7692 3103
3 6868 2250 3104
3 3109 6868 3104
3 3109 3100 3102
3 3109 3104 3100
3 2092 3109 3103
3 7721 2270 3109
3 7594 3114 3108
3 6959 7594 3108
3 7593 6959 3108
3 2242 3106 3105
3 2242 3107 3106
3 3111 7690 3099
3 3110 3099 3105
3 3113 3099 3110
3 3113 3111 3099
3 3112 7690 3111
3 3110 3105 3107
3 3114 3113 3110
3 3113 3112 3111
3 3113 7690 3112
3 2211 7690 3113
3 2369 3113 3114
3 3114 3110 3108
3 2370 3113 2369
3 3125 5948 3116
3 5950 5948 3125
3 3128 5950 3125
3 3126 3125 3116
3 3127 3125 3126
3 3127 3128 3125
3 3508 3128 3127
3 7734 3116 3124
3 7734 3126 3116
3 7734 3127 3126
3 7734 3508 3127
3 7794 7793 3120
3 3130 3115 3116
3 3130 3117 3115
3 3129 7794 3120
3 5944 3117 3130
3 5944 3118 3117
3 5801 3129 3120
3 3131 3117 3118
3 6306 6309 3123
3 6310 6306 3123
3 8010 6310 3123
3 7793 3131 3120
3 3158 3121 3131
3 3159 3122 3121
3 3159 3123 3122
3 3159 8010 3123
3 3134 3124 3115
3 7735 3124 3136
3 3498 7735 3136
3 7736 3498 3136
3 3148 3149 3137
3 3149 5802 3138
3 3150 3137 3147
3 3150 3148 3137
3 3152 3149 3150
3 5803 5800 3149
3 3151 3149 3152
3 5801 5803 3151
3 5801 3151 3152
3 7794 3150 3147
3 3129 3152 3150
3 3129 5801 3152
3 3153 3139 3137
3 3172 3143 3141
3 3154 3172 3141
3 5785 3139 3153
3 5785 3140 3139
3 3142 3139 3140
3 7801 3144 3143
3 3145 6333 3146
3 8013 6334 3145
3 3143 3142 3141
3 7800 3144 7801
3 7800 3145 3144
3 7800 8013 3145
3 3144 3160 3143
3 3159 3158 3157
3 3121 3158 3159
3 3162 3161 3175
3 3169 5672 3162
3 5671 5672 3169
3 3143 3162 3175
3 5651 5671 3169
3 3171 3162 3143
3 5658 5651 3169
3 3172 3170 3171
3 3172 3169 3170
3 3172 5658 3169
3 3172 3171 3143
3 3154 5658 3172
3 3164 3163 3161
3 5667 3189 3173
3 5672 3161 3162
3 5672 3164 3161
3 3174 3163 3164
3 3174 3166 3163
3 6358 6356 3168
3 6357 6358 3168
3 3197 6357 3168
3 7811 3174 3173
3 7810 3166 3174
3 7810 3167 3166
3 3197 3168 3167
3 7801 3143 3184
3 7800 7801 3184
3 3168 3175 3167
3 3168 3176 3175
3 7800 3184 3183
3 5520 5521 5522
3 3189 3190 3193
3 3190 5522 5521
3 5667 7812 3190
3 7812 5522 3190
3 3199 3187 3186
3 3200 3199 3186
3 7971 3200 3186
3 3191 3185 3190
3 6226 3202 7971
3 5502 3185 3191
3 5513 3186 3185
3 6390 6383 3192
3 6389 6390 3192
3 6391 6389 3192
3 6388 6391 3192
3 6392 6388 3192
3 7811 3173 3189
3 3174 7811 3189
3 3198 3193 3196
3 7810 3174 3189
3 3194 3193 3192
3 3197 3189 3198
3 6142 7968 3202
3 6143 6142 3202
3 3202 3201 3200
3 6141 6143 3202
3 6144 6141 3202
3 7967 6144 3202
3 7971 3202 3200
3 6226 7967 3202
3 7826 3206 3205
3 3209 7826 3205
3 3209 3203 3200
3 3209 3205 3204
3 3210 3209 3202
3 3230 3222 3209
3 5275 3222 3230
3 7968 3210 3202
3 7968 3209 3210
3 5275 3230 3212
3 6418 6417 3214
3 3213 3208 3207
3 6416 6418 3214
3 6439 6416 3214
3 3206 3203 3205
3 3237 3208 3213
3 7825 3214 3208
3 7825 6439 3214
3 3188 3187 3218
3 3216 3215 3208
3 3216 3219 3199
3 3220 3217 3219
3 3220 3218 3217
3 3192 3188 3220
3 6392 3192 3220
3 5273 3221 3222
3 5274 5273 3222
3 3229 7826 3221
3 3222 3221 7826
3 5260 5274 3222
3 5275 5260 3222
3 3209 3222 7826
3 7836 7835 3225
3 3231 3224 3223
3 3250 7836 3225
3 5269 3224 3231
3 5272 3225 3224
3 8143 3250 3225
3 6448 3234 3228
3 6442 6448 3228
3 3226 3223 3224
3 3232 6442 3228
3 8132 6449 3232
3 7835 3226 3225
3 3232 3228 3227
3 3233 3229 3221
3 3234 3223 3226
3 3207 3206 3213
3 3235 3233 3234
3 3235 3229 3233
3 3237 3213 3229
3 7825 3208 3237
3 3246 3245 3238
3 5150 5149 3245
3 7836 3245 3248
3 7836 3249 3245
3 5151 5150 3249
3 3250 3249 7836
3 3250 5151 3249
3 7836 3247 3246
3 7836 3248 3247
3 3251 3240 3239
3 7846 3240 7958
3 3252 3239 3245
3 5125 3252 3245
3 7958 3240 3251
3 6478 6477 3244
3 3253 3254 3239
3 3253 3241 3254
3 6474 6478 3244
3 6479 6474 3244
3 8019 6479 3244
3 7845 3242 3241
3 3284 3243 3242
3 3284 3244 3243
3 3284 8019 3244
3 3258 3246 3238
3 3244 3254 3242
3 8132 3232 3227
3 5002 3274 3269
3 3270 3269 3274
3 3270 3274 3260
3 3271 3269 3270
3 4977 4975 3269
3 5000 4977 3269
3 3273 3269 3271
3 5001 5000 3269
3 5001 3269 3273
3 3240 3270 3260
3 3240 3272 3270
3 7846 3273 3272
3 7846 5003 5001
3 7855 7854 3265
3 7855 3265 3264
3 3275 3261 3262
3 6499 6500 3268
3 6501 6499 3268
3 6520 6501 3268
3 7854 3275 3265
3 7853 3268 3267
3 7853 6520 3268
3 3241 3253 7845
3 3268 3260 3266
3 3268 3276 3260
3 3284 7845 3283
3 3242 7845 3284
3 3286 4853 4841
3 3292 3286 3285
3 3294 3286 3292
3 4862 3286 3293
3 3295 3292 3285
3 4863 4862 3293
3 3296 3294 3292
3 4866 4863 3293
3 3296 3292 3295
3 3296 4866 3293
3 4865 4864 3296
3 7854 3295 3285
3 7855 3296 3295
3 7855 4865 3296
3 7864 7863 3288
3 3297 7864 3288
3 4841 3287 3286
3 4860 3288 3287
3 3298 3286 3287
3 6523 6526 3291
3 6527 6523 3291
3 6547 6527 3291
3 7863 3298 3288
3 7863 3289 3298
3 7862 3290 3289
3 7862 3291 3290
3 7862 6547 3291
3 3266 7854 3307
3 3291 3299 3289
3 3291 3300 3299
3 3267 3266 3307
3 7853 3267 3307
3 4719 3322 3309
3 3317 4719 3309
3 3318 3309 3308
3 3320 3309 3316
3 3320 3317 3309
3 3321 3320 3316
3 3321 3317 3320
3 3297 4721 3321
3 3297 3321 3316
3 7864 3318 3308
3 7864 3319 3318
3 7864 3316 3319
3 7876 7875 3311
3 3310 3309 3322
3 3324 3310 3323
3 3324 3311 3310
3 4716 3311 3324
3 4716 7876 3311
3 4716 3347 7876
3 7875 3312 3310
3 6550 6553 3315
3 6554 6550 3315
3 8026 6554 3315
3 7874 3313 3312
3 3359 3314 3313
3 3359 3315 3314
3 3359 8026 3315
3 3289 7863 3332
3 3315 3325 3313
3 7862 3289 3332
3 3341 4574 3335
3 3341 3335 3334
3 3342 3334 3333
3 3344 3334 3342
3 3344 3341 3334
3 3345 3342 3333
3 3346 3344 3342
3 3347 3343 3344
3 3347 4573 3343
3 3347 3344 3346
3 7875 3345 3333
3 7875 3342 3345
3 7875 3346 3342
3 7876 3347 3346
3 4716 4718 3347
3 7885 3350 3336
3 3334 3335 3333
3 3372 7885 3336
3 4566 3335 3348
3 3349 3350 3335
3 3336 3350 3349
3 7886 3372 3336
3 3350 3337 3335
3 6575 6578 3340
3 6579 6575 3340
3 8029 6579 3340
3 7884 3338 3337
3 3378 3339 3338
3 3378 3340 3339
3 3378 8029 3340
3 3312 7875 7874
3 3340 3351 3338
3 3359 7874 3358
3 3313 7874 3359
3 3369 3362 3361
3 4427 4425 4424
3 3370 4424 3362
3 3370 3362 3369
3 3372 4427 3370
3 3371 3370 3369
3 3372 3370 3371
3 7885 3361 3360
3 7885 3369 3361
3 7885 3371 3369
3 7885 3372 3371
3 7886 4408 3372
3 7951 7893 3365
3 3373 3363 3362
3 7951 3365 3364
3 7894 3393 7951
3 6600 6603 3368
3 6604 6600 3368
3 6622 6604 3368
3 7893 3363 3365
3 7893 3366 3363
3 7892 3367 3366
3 7892 3368 3367
3 7892 6622 3368
3 3337 3350 7884
3 3368 3360 3366
3 3368 3374 3360
3 3378 7884 3377
3 3338 7884 3378
3 3387 3380 3379
3 3388 3380 3387
3 3389 3387 3379
3 3390 3388 3387
3 4292 3388 3390
3 3391 3390 3387
3 3391 4292 3390
3 3392 4280 4292
3 3393 3392 3391
3 7893 3389 3379
3 7951 3387 3389
3 7951 3391 3387
3 7951 3393 3391
3 7903 4148 4290
3 7949 7950 3381
3 4290 3382 7950
3 4290 7902 3382
3 3394 3381 7950
3 6625 6628 3386
3 6629 6625 3386
3 8033 6629 3386
3 7901 3384 3383
3 3423 3385 3384
3 3423 3386 3385
3 3423 8033 3386
3 3366 7893 3399
3 3386 3381 3384
3 3386 3395 3381
3 7892 3366 3399
3 4124 7945 3412
3 4123 3412 3410
3 4149 4123 3410
3 3411 3412 3400
3 3413 3410 3412
3 3413 4149 3410
3 4290 4148 3413
3 7902 3411 3400
3 7902 3413 3411
3 7916 7915 3406
3 3402 3401 3400
3 3402 3403 3401
3 7945 3402 3400
3 7945 3403 3402
3 7946 3404 3403
3 7946 3405 3404
3 7946 3406 3405
3 6649 6652 3409
3 6653 6649 3409
3 6671 6653 3409
3 7915 3403 3406
3 7914 3407 3403
3 7913 3409 3408
3 7913 6671 3409
3 3383 3394 7901
3 3409 3414 3407
3 3409 3415 3414
3 3423 7901 3422
3 3384 7901 3423
3 3432 3438 3424
3 4014 4017 3425
3 3992 4014 3425
3 3435 3433 3434
3 3435 3425 3433
3 3435 3436 3425
3 3436 3992 3425
3 3436 4015 3992
3 7916 3432 3424
3 3406 3434 3432
3 3406 3435 3434
3 7946 3436 3435
3 7946 4016 3436
3 3482 3439 3427
3 3437 3482 3427
3 3484 7926 3437
3 3483 3484 3437
3 4012 3483 3437
3 3439 3440 3427
3 3439 3428 3440
3 6674 6677 3431
3 6678 6674 3431
3 8038 6678 3431
3 3471 3429 3428
3 3491 3430 3429
3 3491 3431 3430
3 3491 8038 3431
3 7914 7915 3447
3 3431 3440 3429
3 3408 7914 3447
3 7913 3408 3447
3 6090 6076 3451
3 3458 6090 3451
3 7986 6091 3458
3 3449 3448 3457
3 8002 3450 3449
3 7986 3458 3451
3 3453 3452 3448
3 3459 3454 3453
3 3460 3453 3449
3 3462 8001 3459
3 3461 3460 3450
3 3461 3453 3460
3 3461 3462 3459
3 8000 5975 3461
3 5976 8000 3461
3 7985 3461 3451
3 6063 6062 3469
3 7988 6063 3469
3 7987 7988 3469
3 5973 3469 3456
3 5973 7987 3469
3 5966 3455 3452
3 5973 3456 3455
3 3464 3448 3463
3 3464 3457 3448
3 3467 3457 3464
3 3467 6005 3457
3 3468 6006 3467
3 3470 6009 3468
3 3469 3463 3456
3 3469 3464 3463
3 3469 3465 3464
3 3469 3468 3465
3 3468 3467 3466
3 6184 6010 3470
3 3879 3485 3473
3 3879 3877 3485
3 3481 3473 3472
3 3879 3473 3481
3 3876 3878 3879
3 3857 3879 3483
3 7926 3483 3482
3 7927 3857 3483
3 3482 3472 3471
3 3482 3481 3472
3 4012 7927 3483
3 3503 7934 3476
3 3506 3503 3476
3 3744 3506 3476
3 3474 3473 3485
3 3872 3486 3475
3 3874 3744 3476
3 3486 3473 3475
3 6699 6702 3480
3 6703 6699 3480
3 8041 6703 3480
3 7934 3486 3476
3 7933 3478 3477
3 3514 3479 3478
3 3514 3480 3479
3 3514 8041 3480
3 3428 3439 3471
3 3480 3471 3478
3 3480 3487 3471
3 3491 3471 3490
3 3429 3471 3491
3 3500 3507 3493
3 3742 3745 3507
3 3501 3507 3500
3 3502 3507 3501
3 3502 3501 3500
3 3503 3500 3493
3 3724 3742 3502
3 3505 3500 3504
3 3505 3502 3500
3 3743 3724 3502
3 3744 3502 3505
3 3506 3744 3505
3 3744 3743 3502
3 3503 3493 3492
3 3506 3505 3504
3 3495 3492 3493
3 3495 3494 3492
3 3507 3495 3493
3 3508 7734 3496
3 7941 3496 3495
3 6728 6729 3499
3 6730 6728 3499
3 6303 6730 3499
3 3124 3494 3496
3 7735 3497 3494
3 7736 3499 3498
3 7736 6303 3499
3 3477 7934 7933
3 3499 3494 3497
3 3499 3509 3494
3 3514 7933 3513
3 3478 7933 3514
3 3545 3544 3543
3 3621 3548 3518
3 7786 3621 3518
3 8130 7786 3518
3 3623 7786 8130
3 5811 8130 3518
3 7783 3749 7782
3 7783 7782 3551
3 3758 7783 3551
3 3547 3544 3516
3 3547 3519 3544
3 3551 3521 3520
3 7784 3758 3551
3 3549 3519 3547
3 3551 3520 3519
3 8141 7784 3551
3 3548 3547 3518
3 3549 3547 3548
3 7779 3884 7778
3 3552 3515 3519
3 7779 7778 3554
3 3893 7779 3554
3 3553 3552 3519
3 8140 3893 3554
3 3554 3522 3553
3 3555 8140 3554
3 7774 4023 7773
3 7774 7773 3557
3 4031 7774 3557
3 3556 3523 3553
3 8139 4031 3557
3 3557 3523 3556
3 3557 3524 3523
3 3558 8139 3557
3 7777 3556 7778
3 3557 3556 7777
3 7770 4153 7769
3 7770 7769 3560
3 4161 7770 3560
3 3559 3515 3523
3 3559 3525 3515
3 8138 4161 3560
3 3560 3525 3559
3 3560 3526 3525
3 3561 8138 3560
3 7772 3559 7773
3 3560 3559 7772
3 7766 4296 7765
3 7766 7765 3563
3 4305 7766 3563
3 3562 3527 3525
3 8137 4305 3563
3 3563 3527 3562
3 3563 3528 3527
3 3564 8137 3563
3 7768 3562 7769
3 3563 3562 7768
3 7762 4431 7761
3 7762 7761 3566
3 4441 7762 3566
3 3565 3529 3527
3 8136 4441 3566
3 3566 3529 3565
3 3566 3530 3529
3 3567 8136 3566
3 7764 3565 7765
3 3566 3565 7764
3 7759 3574 7758
3 7759 7758 3569
3 4587 7759 3569
3 3568 3531 3529
3 3568 3532 3531
3 8135 4587 3569
3 3570 8135 3569
3 7760 3568 7761
3 3533 3568 7760
3 4736 4734 7754
3 3571 7754 3534
3 4736 7754 3571
3 3572 3532 3533
3 7755 4736 3571
3 3576 3571 3534
3 3576 7755 3571
3 8134 7755 3576
3 3578 4878 7752
3 3577 3535 3572
3 3578 7752 3536
3 3573 3577 3572
3 3536 4882 3578
3 4730 3577 7754
3 7750 7749 3580
3 3581 3535 4730
3 5020 7750 3580
3 3582 3535 3581
3 8133 5020 3580
3 3582 3581 7752
3 4874 3580 3583
3 3585 7747 3587
3 7748 7747 3585
3 3586 3537 3535
3 3586 3588 3537
3 3587 7747 3584
3 7749 3586 3582
3 7749 3588 3586
3 5168 7748 3585
3 5014 5168 3585
3 5013 3587 3584
3 5162 5289 7746
3 7745 5289 5162
3 5161 3589 7747
3 3590 3537 3589
3 5407 5404 3592
3 3591 3590 5161
3 3593 3591 7746
3 8131 5407 3592
3 3538 3591 3593
3 3539 3537 3590
3 3594 7743 3598
3 3595 3539 3538
3 7744 7743 3594
3 3596 3595 3538
3 3596 3539 3595
3 3596 3597 3539
3 5537 7744 3594
3 3598 3597 3596
3 3541 3515 3537
3 7740 3605 3542
3 3599 7740 3542
3 7741 7740 3599
3 7739 7741 3599
3 3600 3541 3540
3 5536 3542 3600
3 5685 7739 3599
3 5536 3600 7743
3 3602 3544 3515
3 3603 3543 3544
3 3603 3602 3541
3 3605 3603 3542
3 3607 3543 3609
3 3607 3604 3543
3 3608 3603 3605
3 3608 3606 3603
3 3609 3543 3606
3 3550 3548 3612
3 3549 3548 3550
3 3551 3550 3612
3 8141 3551 3612
3 3613 3614 3760
3 5806 5804 3613
3 3619 3760 3610
3 3619 3613 3760
3 3620 3619 3611
3 3623 5806 3613
3 3548 3620 3612
3 3548 3619 3620
3 3621 3613 3619
3 7786 3623 3622
3 8130 5811 3623
3 3624 3614 3613
3 3634 3631 3617
3 3625 3634 3617
3 5804 3624 3613
3 5804 3614 3624
3 3616 3615 3614
3 7787 3625 3617
3 3626 3618 3760
3 3751 3760 3618
3 3752 3751 3618
3 3753 3752 3618
3 3629 3627 3626
3 3618 3626 3627
3 3630 3753 3618
3 3631 3626 3617
3 7785 3754 3630
3 3640 3631 3647
3 3628 3631 3640
3 3641 3647 3632
3 3629 3628 3640
3 3643 3647 3641
3 3629 3640 3647
3 3644 3641 3637
3 3645 3629 3647
3 3627 3629 3645
3 3646 3647 3643
3 3618 3627 3645
3 3769 3646 3644
3 3639 3644 3638
3 3630 3618 3645
3 3769 3647 3646
3 3642 3647 3769
3 7785 3630 3642
3 5838 3635 3625
3 3631 3648 3633
3 3625 3635 3634
3 7787 5838 3625
3 3660 3664 3636
3 3652 3636 3632
3 3661 3660 3636
3 3649 3648 3631
3 3652 3661 3636
3 3651 3649 3631
3 3651 3632 3649
3 3651 3650 3632
3 3634 3651 3631
3 3652 3650 3651
3 3653 3651 3634
3 3653 3652 3651
3 3654 3653 3634
3 3656 3653 3654
3 3655 3652 3653
3 3656 3655 3653
3 7789 3652 3655
3 7789 3662 3652
3 3635 3656 3654
3 5856 3656 3635
3 3656 7789 3655
3 3791 3769 3639
3 3658 3637 3641
3 3657 3638 3637
3 7938 3791 3639
3 3658 3641 3664
3 7938 3639 3638
3 3669 3637 3658
3 3665 3659 3660
3 3667 3665 3666
3 3669 3660 3659
3 3669 3664 3660
3 3669 3658 3664
3 3668 3665 3667
3 3668 3659 3665
3 3671 3668 3667
3 3671 3659 3668
3 3671 3669 3659
3 3657 3637 3670
3 3663 3667 3666
3 3638 3657 3670
3 3672 3669 3671
3 7938 3638 3670
3 3798 3667 3663
3 3798 3671 3667
3 3798 3672 3671
3 7938 3670 3672
3 5869 5871 3681
3 7789 5869 3681
3 7789 3681 3662
3 7788 5872 7789
3 3652 3662 3661
3 3675 3673 3674
3 3677 3673 3675
3 7939 3673 3676
3 7939 3688 3673
3 3678 3674 3661
3 3677 3675 3674
3 3677 3674 3678
3 3680 3676 3677
3 3681 3678 3662
3 3681 3679 3678
3 3682 7939 3680
3 3680 3679 3681
3 3683 3680 3681
3 3682 3680 3683
3 7790 3682 3683
3 3685 3663 3666
3 7937 3798 3663
3 3686 3665 3684
3 3686 3666 3665
3 3818 3663 3702
3 3686 3684 3687
3 3684 3673 3687
3 3694 3687 3691
3 3695 3687 3694
3 3727 3694 3691
3 3695 3694 3727
3 3697 3687 3695
3 3697 3686 3687
3 3692 3695 3727
3 3696 3697 3695
3 3696 3695 3692
3 3698 3697 3696
3 3693 3696 3692
3 3666 3697 3698
3 3699 3696 3693
3 3698 3696 3699
3 3700 3666 3698
3 3701 3698 3699
3 3701 3700 3698
3 3702 3700 3701
3 3663 3700 3702
3 3663 3685 3700
3 7936 3701 3699
3 3702 3701 7936
3 3838 3702 7936
3 7790 5920 3703
3 3673 3688 3687
3 7939 3682 3688
3 7790 3715 3689
3 7790 3703 3715
3 3704 3691 3688
3 3705 3690 3691
3 3705 3691 3704
3 7940 3690 3706
3 3707 3705 3704
3 3709 7940 3706
3 3708 3707 3704
3 3708 3704 3688
3 3710 7940 3709
3 3711 3709 3707
3 3711 3710 3709
3 3711 7940 3710
3 3711 3708 3688
3 3711 3707 3708
3 3712 3711 3688
3 3714 3720 3711
3 3715 3712 3689
3 3715 3713 3712
3 3713 3714 3712
3 3722 3714 3713
3 7791 3715 3703
3 7791 3722 3713
3 3693 3732 3699
3 3716 7936 3699
3 3730 3692 3727
3 3716 3699 3732
3 3734 7936 3716
3 3717 3691 3690
3 3727 3691 3717
3 3717 3690 3718
3 3717 3718 3725
3 3728 3726 3718
3 3729 3726 3728
3 3727 3717 3725
3 3728 3718 3724
3 3727 3725 3729
3 3730 3729 3728
3 3693 3692 3730
3 3733 3728 3724
3 3732 3730 3728
3 3732 3693 3730
3 3732 3728 3733
3 3733 3731 3732
3 3716 3732 3731
3 3734 3731 3733
3 3734 3716 3731
3 7935 3734 3733
3 5935 7792 3722
3 5936 5935 3722
3 3690 3719 3718
3 3714 3721 3720
3 3735 3507 3723
3 3495 3507 3735
3 3738 7940 3721
3 3739 3735 3736
3 7941 3495 3737
3 3508 7941 3737
3 7792 3738 3722
3 7792 3736 3738
3 7792 3739 3736
3 7792 3737 3739
3 3743 3733 3724
3 3745 3740 3723
3 3745 3724 3741
3 3874 3733 3744
3 3507 3745 3723
3 3744 3733 3743
3 3553 7782 3749
3 3554 3553 3749
3 3554 3749 3748
3 3555 3554 3748
3 8140 3555 3748
3 3750 3751 3746
3 3610 3760 3750
3 3756 3746 7781
3 3756 3750 3746
3 3757 3756 3747
3 3611 3610 3750
3 3758 3750 3756
3 3612 3611 3750
3 3749 3757 3748
3 3749 3756 3757
3 3749 3758 3756
3 7784 3759 3758
3 7784 3750 3759
3 8141 3612 7784
3 3760 3751 3750
3 3761 3779 3754
3 3767 3779 3761
3 3768 3767 3761
3 3630 3754 3753
3 7785 3761 3754
3 7785 3768 3761
3 7785 3642 3768
3 3762 3755 3746
3 3886 3746 3755
3 3887 3886 3755
3 3763 3751 3752
3 7780 3887 3755
3 3764 3762 3763
3 3765 3755 3762
3 3765 7780 3755
3 3779 3763 3754
3 3763 3779 3773
3 3764 3763 3773
3 3774 3775 3771
3 3762 3764 3777
3 3778 3775 3774
3 3778 3766 3775
3 3778 3773 3766
3 3765 3762 3777
3 3778 3774 3794
3 3777 3773 3772
3 3776 3777 3772
3 3779 3781 3766
3 3642 3769 3768
3 3780 3802 3770
3 3782 3770 3781
3 3782 3780 3770
3 3784 3781 3767
3 3786 3782 3783
3 3786 3780 3782
3 3787 3781 3784
3 3787 3785 3781
3 3787 3783 3785
3 3787 3784 3767
3 3789 3783 3787
3 3788 3786 3783
3 3812 3797 3786
3 3789 3787 3767
3 3791 3789 3768
3 3791 3790 3789
3 3792 3788 3790
3 3811 3812 3788
3 7938 3790 3791
3 7938 3792 3790
3 7938 3811 3792
3 7932 3902 3794
3 3924 7932 3794
3 3795 3775 3770
3 3793 3771 3775
3 3796 3794 3774
3 3808 3794 3796
3 3796 3774 3771
3 3923 3924 3794
3 3803 3775 3795
3 3810 3923 3794
3 3803 3770 3802
3 3803 3795 3770
3 3806 3804 3799
3 3805 3802 3804
3 3806 3799 3800
3 3801 3805 3804
3 3801 3802 3805
3 3801 3803 3802
3 3801 3806 3800
3 3801 3804 3806
3 3771 3803 3801
3 3771 3793 3803
3 3808 3771 3801
3 3808 3796 3771
3 3942 3807 3809
3 3810 3801 3807
3 3810 3807 3942
3 7931 3809 3951
3 3810 3794 3808
3 3812 3798 3797
3 7938 3798 3811
3 3786 3797 3802
3 3811 3798 3812
3 3820 3821 3813
3 3815 3799 3802
3 3813 3821 3799
3 3815 3813 3799
3 3815 3820 3813
3 3815 3814 3820
3 3817 3814 3815
3 3816 3817 3815
3 3816 3815 3797
3 3798 3817 3816
3 3818 3843 3817
3 3798 3816 3797
3 3822 3843 3818
3 3702 3822 3818
3 3818 3817 7937
3 3663 3818 7937
3 3819 3801 3800
3 3835 3951 3809
3 3830 3800 3799
3 3828 3821 3820
3 3828 3820 3823
3 3829 3828 3823
3 3829 3830 3828
3 3830 3821 3828
3 3830 3799 3821
3 3829 3823 3824
3 3831 3830 3829
3 3833 3819 3831
3 3819 3800 3831
3 3832 3825 3826
3 3834 3825 3832
3 3834 3833 3825
3 3833 3809 3819
3 3827 3832 3826
3 3827 3834 3832
3 3836 3834 3827
3 3835 3833 3834
3 3837 3835 3836
3 3837 3836 3827
3 7929 3951 3835
3 3838 7936 3849
3 3838 3849 3822
3 3817 3843 3814
3 3702 3838 3822
3 3871 3858 3842
3 3840 3851 3820
3 3840 3839 3851
3 3841 3840 3820
3 3841 3851 3839
3 3841 3820 3814
3 3867 3842 3841
3 3843 3841 3814
3 3845 3841 3843
3 3845 3867 3841
3 3844 3845 3843
3 3846 3867 3845
3 3846 3855 3867
3 3847 3844 3843
3 3847 3846 3844
3 3848 3855 3846
3 3849 3847 3822
3 3849 3850 3847
3 3856 3848 3734
3 3734 3848 3849
3 3734 3849 7936
3 3861 3829 3824
3 3852 3827 3826
3 3978 3837 3852
3 3861 3823 3851
3 3980 3978 3852
3 3861 3824 3823
3 3825 3829 3861
3 3853 3852 3826
3 3861 3851 3858
3 3861 3854 3860
3 3861 3858 3854
3 3859 3871 3878
3 3859 3854 3871
3 3863 3859 3878
3 3863 3854 3859
3 3863 3860 3854
3 3863 3861 3860
3 3864 3825 3863
3 3865 3862 3863
3 3826 3825 3864
3 3865 3864 3862
3 3865 3826 3864
3 3853 3826 3865
3 3866 3853 3865
3 7928 3865 3857
3 3852 3853 3866
3 7928 3866 3865
3 7928 3852 3866
3 7935 3733 3856
3 3734 7935 3856
3 3842 3867 3871
3 3855 3871 3867
3 3848 3856 3855
3 3870 3873 3871
3 3475 3474 3485
3 3872 3485 3869
3 3872 3475 3485
3 3874 3869 3868
3 3874 3868 3873
3 3875 3870 3856
3 3875 3873 3870
3 3733 3875 3856
3 3874 3873 3875
3 3874 3872 3869
3 3874 3476 3872
3 3876 3857 3878
3 4013 7928 3857
3 3877 3878 3871
3 3879 3857 3876
3 7777 7778 3884
3 3557 7777 3884
3 3557 3884 3883
3 3558 3557 3883
3 8139 3558 3883
3 3885 3886 3880
3 7781 3746 3885
3 3891 3880 3881
3 3891 3885 3880
3 3892 3891 3882
3 3747 7781 3885
3 3893 3885 3891
3 3748 3747 3885
3 3884 3892 3883
3 3884 3891 3892
3 3884 3893 3891
3 8140 3894 3893
3 8140 3885 3894
3 7942 3901 3889
3 3895 7942 3889
3 3902 7942 3895
3 3746 3886 3885
3 7780 3888 3887
3 3765 3889 3888
3 3765 3895 3889
3 3765 3902 3895
3 3896 3890 3880
3 4025 3880 3890
3 7776 4025 3890
3 3897 3886 3887
3 3897 3880 3886
3 3898 3896 3897
3 3910 3890 3896
3 3910 7776 3890
3 3901 3897 3889
3 7775 4027 3910
3 3906 3900 3899
3 3906 3907 3900
3 3907 3901 3900
3 3909 3899 3905
3 3909 3906 3899
3 3896 3898 3910
3 3911 3906 3909
3 3908 3907 3906
3 3910 3901 3907
3 3909 3905 3904
3 3928 3909 3904
3 3908 3910 3907
3 7775 3910 3908
3 3911 3909 3928
3 3911 3908 3906
3 7925 3911 3928
3 3778 3794 3902
3 3776 3778 3902
3 3765 3776 3902
3 3941 3929 3903
3 3915 3941 3903
3 3913 3903 3900
3 3912 3913 7942
3 3903 3913 3912
3 3914 3912 7942
3 3914 3903 3912
3 3914 3915 3903
3 3916 3914 7942
3 3917 3931 3915
3 3920 3916 7942
3 3918 3916 3920
3 3918 3915 3916
3 3932 3931 3917
3 3919 3918 3920
3 3921 3917 3915
3 3923 3921 3919
3 3921 3932 3917
3 3922 3919 3920
3 3902 3922 3920
3 3902 3924 3922
3 3923 3919 3924
3 7932 3924 3902
3 3810 3921 3923
3 3925 3899 3926
3 4059 7925 3928
3 3926 3899 3903
3 7924 3928 3904
3 7924 4059 3928
3 3934 3905 3927
3 3925 3926 3934
3 3899 3925 3934
3 3953 3929 3952
3 3953 3935 3929
3 3936 3929 3935
3 3936 3934 3929
3 3927 3899 3934
3 3937 3935 3953
3 3937 3936 3935
3 3938 3936 3937
3 3938 3934 3936
3 3933 3937 3953
3 3939 3934 3938
3 7924 3904 3939
3 7923 3937 3933
3 7923 3940 3937
3 3940 3938 3937
3 7924 3939 3938
3 7924 3938 3940
3 7931 3951 3932
3 3809 7931 3932
3 3941 3930 3929
3 3942 3809 3932
3 3810 3942 3932
3 3915 3930 3941
3 3915 3931 3930
3 3921 3810 3932
3 3956 3954 3943
3 3956 3955 3954
3 3956 3943 3946
3 3944 3943 3930
3 3947 3956 3946
3 3949 3944 3930
3 3947 3946 3945
3 3948 3956 3947
3 3950 3956 3948
3 3949 3930 3932
3 3947 3944 3949
3 3947 3945 3944
3 3950 3948 3947
3 7930 3947 3949
3 7930 3950 3947
3 7929 3957 7930
3 7930 3949 3932
3 7929 7930 3951
3 7922 7923 3933
3 4081 7922 3933
3 4082 4081 3933
3 3952 3943 3954
3 4092 4082 7921
3 3958 3961 3960
3 3961 3954 3960
3 3962 3954 3963
3 3963 3961 3958
3 3963 3954 3961
3 3967 3962 3963
3 3959 3963 3958
3 3964 3967 3963
3 3965 3962 3967
3 3953 3952 3962
3 3959 3964 3963
3 3966 3964 3959
3 3984 3964 3966
3 3984 3967 3964
3 3933 3965 3967
3 3933 3953 3965
3 3969 3968 3984
3 3970 3933 3968
3 7919 3984 4117
3 7919 3968 3969
3 7919 3970 3968
3 7921 3933 3970
3 7920 3970 7919
3 7929 3837 3957
3 3835 3837 7929
3 3950 3973 3956
3 3971 3960 3955
3 3972 3960 3971
3 3972 3988 3960
3 3973 3971 3955
3 4002 3972 3971
3 3974 3971 3973
3 3974 4002 3971
3 3975 3974 3973
3 3974 4003 4002
3 3990 3974 3975
3 3950 3975 3973
3 3976 3990 3975
3 3977 3976 3950
3 3977 3950 3957
3 4004 3990 3976
3 3978 3977 3957
3 3978 3976 3977
3 3980 3979 3978
3 3852 4004 3980
3 3982 3966 3959
3 4000 4117 3984
3 3982 3959 3981
3 3983 3966 3982
3 3985 4117 4000
3 4118 4117 3985
3 3987 3982 3981
3 3983 3982 3987
3 3981 3959 3958
3 7918 4118 3985
3 3995 3958 3986
3 4000 3983 3987
3 3994 3986 3989
3 3995 3986 3994
3 3996 3989 3992
3 3997 3995 3994
3 3997 3958 3995
3 3997 3981 3958
3 3998 3994 3996
3 3997 3994 3998
3 3987 3981 3997
3 3999 3997 3998
3 4000 3987 3999
3 3993 3996 3992
3 3993 3998 3996
3 3993 3999 3998
3 4001 3999 3993
3 4001 4000 3999
3 3985 4000 4001
3 4142 4001 3993
3 4004 7928 3990
3 4003 3990 3972
3 3974 3990 4003
3 3852 7928 4004
3 3960 3988 3986
3 4003 3972 4002
3 3438 3425 3991
3 4005 4007 3988
3 3426 3438 3991
3 4006 4007 4005
3 7943 3427 3426
3 4009 4007 4006
3 4011 4008 4009
3 4012 4008 4010
3 7943 4008 4012
3 4013 4005 3990
3 4013 4006 4005
3 3857 4011 4009
3 3857 4010 4011
3 3857 4012 4010
3 4012 3437 7943
3 4017 3989 3988
3 4014 3992 3989
3 4017 3988 4007
3 4018 3993 4015
3 7917 3993 4016
3 4019 4017 4007
3 3436 3993 4018
3 3425 4019 3991
3 3425 4017 4019
3 3436 4018 4015
3 7772 7773 4023
3 3560 7772 4023
3 3560 4023 4022
3 3561 3560 4022
3 8138 3561 4022
3 4024 4025 4020
3 3881 3880 4024
3 4029 4020 7771
3 4029 4024 4020
3 4030 4029 4021
3 3882 3881 4024
3 4031 4024 4029
3 3883 3882 4024
3 4023 4030 4022
3 4023 4029 4030
3 4023 4031 4029
3 8139 4032 4031
3 8139 4024 4032
3 4033 4041 4027
3 4034 4033 4027
3 4043 4033 4034
3 7775 4043 4034
3 3880 4025 4024
3 3910 4027 4026
3 7775 4034 4027
3 4035 4028 4020
3 4155 4020 4028
3 4156 4155 4028
3 4036 4020 7776
3 4157 4156 4028
3 4037 4035 4036
3 4038 4028 4035
3 4038 4157 4028
3 4041 4036 4027
3 7912 4163 4038
3 4037 4041 4040
3 4036 4041 4037
3 4044 4040 4039
3 4045 4040 4044
3 4048 4037 4040
3 4035 4037 4048
3 4045 4044 4047
3 4046 4044 4063
3 4038 4035 4048
3 4048 4040 4045
3 4049 4047 4046
3 4047 4048 4045
3 3911 7925 4043
3 3908 3911 7775
3 4033 4042 4041
3 4033 4043 4042
3 4042 4050 4041
3 4042 4054 4050
3 4054 4051 4050
3 4053 4054 4042
3 4053 4042 4052
3 4056 4054 4053
3 4057 4073 4051
3 4058 4054 4056
3 4058 4051 4054
3 4055 4053 4052
3 4055 4052 4043
3 4059 4058 4055
3 4060 4057 4059
3 7922 4057 4060
3 4059 4055 4043
3 7925 4059 4043
3 7924 4060 4059
3 7924 7922 4060
3 4195 4046 4063
3 4066 4044 4039
3 4066 4061 4062
3 4066 4050 4065
3 4066 4062 4050
3 4067 4065 4083
3 4068 4065 4067
3 4068 4066 4065
3 4044 4066 4068
3 4063 4044 4068
3 4069 4068 4067
3 4072 4067 4085
3 4072 4069 4067
3 4072 4085 4070
3 7911 4069 4072
3 4195 4063 4071
3 7911 4071 4068
3 7911 4195 4071
3 3940 7923 7922
3 4073 4083 4065
3 7924 3940 7922
3 4057 4064 4073
3 4057 7922 4064
3 4090 4088 4074
3 4075 4073 4078
3 4075 4074 4073
3 4078 4073 4079
3 4076 4074 4075
3 4076 4090 4074
3 4078 4076 4075
3 7944 4076 4078
3 7944 4091 4076
3 4080 4078 4079
3 4080 4077 4064
3 4080 4079 4077
3 4080 7944 4078
3 4115 7944 4080
3 4081 4080 7922
3 4082 4080 4081
3 4082 4115 4080
3 4084 4085 4067
3 7910 4070 4085
3 4086 4067 4083
3 4221 7910 4085
3 4088 4083 4073
3 4087 4067 4086
3 4087 4084 4067
3 7909 4221 4085
3 8144 7909 4103
3 4096 4088 4095
3 4094 4096 4095
3 4086 4088 4096
3 4086 4083 4088
3 4087 4086 4096
3 4098 4087 4096
3 4099 4096 4097
3 4084 4087 4098
3 4100 4099 4097
3 4100 4098 4099
3 4101 4100 4097
3 4085 4098 4100
3 4103 4085 4100
3 4102 4100 4101
3 7908 4100 4102
3 7908 4103 4100
3 7919 4117 4092
3 7920 7919 4092
3 3970 7920 4092
3 7921 3970 4092
3 4090 4089 4088
3 7944 4115 4091
3 4105 4104 4089
3 4105 4127 4104
3 4107 4105 4089
3 4106 4107 4089
3 4106 4089 4090
3 4108 4107 4106
3 4122 4105 4107
3 4109 4108 4106
3 4112 4109 4090
3 4113 4111 4110
3 4113 4107 4111
3 4113 4122 4107
3 4112 4090 4091
3 4113 4110 4109
3 4114 4109 4112
3 4114 4113 4109
3 4114 4143 4113
3 4115 4114 4112
3 4116 4143 4114
3 4117 4115 4092
3 4119 4114 4115
3 4119 4116 4114
3 4118 4115 4117
3 7918 4143 4116
3 7918 4119 4118
3 7918 4116 4119
3 4131 4094 4095
3 4120 4094 4131
3 4121 4097 4094
3 4136 4101 4097
3 4260 4102 7907
3 4121 4094 4120
3 4127 4095 4104
3 4121 4120 4131
3 4136 4097 4121
3 4126 4122 4123
3 4127 4105 4126
3 4128 4127 4126
3 4130 4128 4126
3 4131 4127 4128
3 4131 4093 4127
3 4130 4126 4129
3 4134 4131 4128
3 4134 4128 4130
3 4121 4131 4134
3 4133 4130 4129
3 4133 4134 4130
3 4137 4133 4129
3 4136 4134 4133
3 4136 4121 4134
3 4135 4136 4133
3 4137 4129 4132
3 4138 4133 4137
3 4139 4136 4135
3 4140 4137 4132
3 4141 4138 4137
3 4141 4133 4138
3 4141 4135 4133
3 4141 4139 4135
3 7906 4141 4137
3 7907 4102 4141
3 7906 4137 4140
3 7907 4141 7906
3 3985 4001 4142
3 4143 4142 4113
3 7918 4142 4143
3 7918 3985 4142
3 4124 4123 4122
3 4145 7945 4125
3 4144 4124 4122
3 3403 7945 4145
3 7946 3403 4145
3 4146 4144 4113
3 4016 4125 4147
3 4016 4145 4125
3 7917 4144 4146
3 3993 7917 4146
3 7917 4147 4125
3 4016 4147 7917
3 4149 4126 4123
3 4269 4140 4132
3 3412 4123 4124
3 7904 7905 4148
3 7903 7904 4148
3 7768 7769 4153
3 3563 7768 4153
3 3563 4153 4152
3 3564 3563 4152
3 8137 3564 4152
3 4154 4155 4307
3 7771 4020 4154
3 4159 4307 4150
3 4159 4154 4307
3 4160 4159 4151
3 4021 7771 4154
3 4161 4154 4159
3 4022 4021 4154
3 4153 4160 4152
3 4153 4159 4160
3 4153 4161 4159
3 8138 4162 4161
3 8138 4154 4162
3 7947 4168 4163
3 4163 4168 4157
3 4170 7947 4163
3 4171 4170 4163
3 4172 4171 4163
3 4020 4155 4154
3 4038 4163 4157
3 7912 4172 4163
3 4178 4158 4307
3 4298 4307 4158
3 4299 4298 4158
3 4164 4155 4156
3 4164 4307 4155
3 4300 4299 4158
3 4166 4178 4165
3 4166 4158 4178
3 4166 4300 4158
3 7767 4309 4166
3 4176 4168 4167
3 4178 4168 4176
3 4177 4167 4174
3 4180 4176 4167
3 4179 4177 4174
3 4180 4167 4177
3 4179 4174 4175
3 4165 4178 4180
3 4184 4177 4179
3 4184 4180 4177
3 4166 4165 4180
3 4183 4180 4181
3 4184 4179 4182
3 7900 4183 4181
3 7898 4184 4182
3 7899 4184 7898
3 7900 4181 4184
3 7767 4166 7900
3 4049 4046 4172
3 4047 4049 4172
3 4168 4173 4167
3 7912 4047 4172
3 7947 4169 4168
3 7947 4170 4169
3 4172 4192 4171
3 4188 7948 4173
3 4186 4173 4168
3 4188 4185 4186
3 4188 4173 4185
3 4187 7948 4188
3 4189 4186 4168
3 4189 4188 4186
3 4200 7948 4187
3 4170 4189 4169
3 4191 4188 4189
3 4200 4187 4191
3 4190 4189 4170
3 4191 4189 4190
3 4194 4200 4191
3 4193 4191 4190
3 4192 4190 4171
3 4192 4193 4190
3 4194 4191 4193
3 4196 4193 4192
3 4195 4194 4193
3 7911 4202 4194
3 4046 4192 4172
3 4046 4196 4192
3 4046 4195 4196
3 7911 4194 4195
3 4197 4167 4173
3 4197 4174 4167
3 4198 4182 4210
3 4199 4337 4182
3 4199 4182 4198
3 7897 4336 4199
3 4199 4198 4210
3 7896 7897 4199
3 4207 4204 4200
3 4197 7948 4204
3 4197 4173 7948
3 4206 4197 4204
3 4175 4197 4206
3 4208 4204 4207
3 4226 4207 4224
3 4209 4208 4207
3 7896 4204 4205
3 4179 4175 4206
3 4210 4206 7896
3 4210 4179 4206
3 4211 4208 4209
3 4212 7896 4205
3 4211 4226 4203
3 4211 4207 4226
3 4211 4209 4207
3 4212 4205 4211
3 7896 4199 4210
3 7911 4072 4070
3 7911 4070 4202
3 4214 4230 4222
3 4222 4200 4213
3 4216 4214 4213
3 4216 4230 4214
3 4231 4215 4216
3 4217 4231 4216
3 4218 4213 4200
3 4218 4216 4213
3 4219 4231 4217
3 4070 4218 4201
3 4220 4217 4218
3 4220 4218 4070
3 4221 4219 4217
3 4221 4217 4220
3 7909 4219 4221
3 4221 4220 4070
3 7910 4221 4070
3 8144 4247 7909
3 4223 4207 4200
3 4225 4207 4223
3 4225 4222 4230
3 4225 4223 4222
3 4227 4224 4207
3 4226 4224 4227
3 4230 4229 4228
3 4235 4230 4228
3 4236 4235 4228
3 4237 4230 4235
3 4237 4225 4230
3 4264 4236 4228
3 4238 4235 4236
3 4238 4237 4235
3 4238 4225 4237
3 4239 4236 4278
3 4239 4238 4236
3 4207 4225 4238
3 4240 4238 4239
3 4241 4239 4233
3 4241 4240 4239
3 4226 4227 4240
3 4242 4240 4241
3 4244 4240 4242
3 4244 4226 4240
3 4244 4242 4241
3 4234 4243 4241
3 4245 4241 4243
3 4246 4226 4244
3 4245 4243 4234
3 4246 4241 4245
3 4246 4244 4241
3 4203 4226 4246
3 4246 4245 4234
3 4364 4203 4246
3 4371 4246 4234
3 4371 4364 4246
3 7908 4102 4247
3 4103 7908 4247
3 4216 4248 4229
3 4216 4215 4248
3 4215 4231 4249
3 7909 4247 4231
3 8144 4103 4247
3 4266 4272 4232
3 4232 4228 4229
3 4249 4229 4248
3 4249 4232 4229
3 4267 4266 4232
3 4249 4248 4215
3 4251 4232 4249
3 4251 4267 4232
3 4250 4251 4249
3 4253 4267 4251
3 4252 4249 4231
3 4255 4251 4250
3 4255 4253 4251
3 4255 4250 4252
3 4255 4252 4231
3 4254 4255 4231
3 4256 4253 4255
3 4256 4255 4254
3 4258 4254 4231
3 4258 4256 4254
3 4259 4257 4256
3 4260 4256 4258
3 4102 4258 4247
3 7907 4259 4260
3 7907 4257 4259
3 7907 4269 4257
3 4233 4239 4278
3 4262 4241 4233
3 4263 4234 4241
3 4398 4371 4234
3 4232 4264 4228
3 4262 4233 4261
3 7895 4234 4263
3 4273 4272 4266
3 4275 4266 4265
3 4275 4273 4266
3 4275 4272 4273
3 4276 4272 4275
3 4276 4274 4272
3 4278 4272 4274
3 4276 4278 4274
3 4277 4276 4275
3 4233 4276 4277
3 4233 4278 4276
3 4280 4265 4291
3 4280 4275 4265
3 4279 4233 4277
3 4261 4233 4279
3 4281 4277 4280
3 4262 4261 4279
3 4282 4279 4281
3 4282 4262 4279
3 4283 4280 4271
3 4283 4281 4280
3 4241 4262 4282
3 4263 4241 4282
3 4284 4281 4283
3 4284 4282 4281
3 4263 4282 4284
3 7895 4263 4284
3 7906 4140 4269
3 7907 7906 4269
3 4253 4268 4267
3 4253 4257 4268
3 4257 4269 4268
3 3381 3388 7949
3 4287 4285 4266
3 4287 4270 4285
3 4286 7949 4270
3 4288 4270 4287
3 7950 7949 4286
3 4290 7950 4286
3 4269 4287 4268
3 4290 4288 4289
3 4290 4286 4288
3 7904 4288 4269
3 7905 7904 4269
3 7904 4290 4289
3 4292 4280 4291
3 3393 4271 4280
3 7894 4283 4271
3 4292 4291 3388
3 7894 4271 3393
3 3388 4291 4285
3 3392 3393 4280
3 3388 4285 7949
3 7764 7765 4296
3 3566 7764 4296
3 3566 4296 4295
3 3567 3566 4295
3 8136 3567 4295
3 4297 4298 4311
3 4150 4307 4297
3 4303 4311 4293
3 4303 4297 4311
3 4304 4303 4294
3 4151 4150 4297
3 4305 4297 4303
3 4152 4151 4297
3 4296 4304 4295
3 4296 4303 4304
3 4296 4305 4303
3 8137 4306 4305
3 8137 4297 4306
3 4307 4298 4297
3 4308 4328 4301
3 4309 4301 4300
3 4309 4308 4301
3 4309 4316 4308
3 7900 4317 4309
3 4166 4309 4300
3 7767 7900 4309
3 4312 4302 4311
3 4433 4311 4302
3 7763 4433 4302
3 4301 4298 4299
3 4312 4311 4310
3 4313 4302 4312
3 4313 7763 4302
3 4467 4436 4313
3 4315 4314 4338
3 4319 4315 4338
3 4339 4315 4319
3 4323 4315 4321
3 4323 4301 4315
3 4312 4310 4323
3 4321 4315 4339
3 4340 4321 4339
3 7891 4321 4340
3 4325 4323 4322
3 4313 4312 4324
3 4320 7891 4340
3 4326 4323 4325
3 4327 4325 7891
3 4327 4326 4325
3 4327 4324 4326
3 4467 4313 4327
3 7898 4182 7899
3 4328 4314 4315
3 4328 4316 4314
3 4308 4316 4328
3 4184 7899 4317
3 7900 4184 4317
3 4329 4328 4315
3 4309 4317 4316
3 4346 4318 4314
3 4346 4344 4318
3 4333 4314 4316
3 4333 4332 4314
3 4332 4331 4314
3 4346 4314 4331
3 4347 4346 4330
3 4334 4331 4332
3 4334 4346 4331
3 4335 4333 4316
3 4335 4334 4333
3 4330 4346 4334
3 7897 4347 4330
3 4337 4335 4317
3 7897 4330 4336
3 4182 4337 7899
3 4342 7891 4320
3 4352 4340 4339
3 4342 4320 4340
3 4343 7891 4342
3 4476 7891 4343
3 4344 4338 4318
3 4344 4319 4338
3 4344 4339 4319
3 7890 4476 4343
3 4351 4355 4349
3 4351 4344 4355
3 4352 4339 4344
3 4353 4351 4349
3 4354 4352 4351
3 4341 4340 4352
3 4350 4353 4349
3 4354 4351 4353
3 4342 4341 4352
3 4350 4354 4353
3 4342 4352 4354
3 7890 4354 4350
3 7890 4342 4354
3 7890 4343 4342
3 4211 4203 4348
3 4344 4345 4355
3 4212 4211 4348
3 7897 4348 4347
3 7897 4212 4348
3 4356 4355 4359
3 4359 4355 4345
3 4357 4356 4359
3 4357 4355 4356
3 4358 4357 4359
3 4360 4359 4345
3 4369 4368 4358
3 4362 4369 4358
3 4360 4345 4347
3 4361 4362 4359
3 4363 4362 4361
3 4398 4369 4362
3 4398 4362 4363
3 4203 4360 4348
3 4364 4360 4203
3 4370 4398 4363
3 4364 4363 4361
3 4364 4370 4363
3 4364 4371 4370
3 4365 4350 4349
3 4379 4349 4376
3 7889 4504 4350
3 4504 7889 4366
3 4373 4367 4357
3 4377 4376 4367
3 4379 4376 4377
3 4378 4377 4367
3 4381 4379 4377
3 4380 4367 4401
3 4374 4378 4367
3 4381 4377 4378
3 4374 4380 4401
3 4381 4378 4374
3 4382 4379 4381
3 4349 4379 4382
3 4384 4382 4416
3 4386 4382 4384
3 4386 4349 4382
3 7888 4365 4383
3 7888 4383 4386
3 4385 4386 4384
3 4350 4365 7888
3 4375 4385 4384
3 7888 4386 4385
3 4366 4350 7888
3 7888 4385 4375
3 4504 4366 7888
3 4355 4357 4367
3 4358 4368 4357
3 4387 4372 4357
3 4389 4372 4387
3 4389 4387 4388
3 4368 4388 4357
3 4368 4389 4388
3 4391 4390 4389
3 4391 4389 4368
3 4392 4390 4391
3 4394 4391 4368
3 4394 4392 4391
3 4394 4393 4392
3 4395 4394 4369
3 4396 4394 4395
3 4396 4393 4394
3 4234 7895 4397
3 4403 4367 4373
3 4399 4382 4374
3 4400 4416 4382
3 4401 4367 4403
3 4402 4401 4403
3 4538 4375 4384
3 4399 4374 4401
3 4403 4373 4372
3 4539 4538 4384
3 4372 4404 4410
3 4409 4410 4404
3 4403 4372 4410
3 4412 4410 4409
3 4402 4403 4410
3 4412 4404 4407
3 4412 4409 4404
3 4399 4402 4412
3 4401 4402 4399
3 4414 4407 4411
3 4414 4412 4407
3 4413 4399 4412
3 4414 4413 4412
3 4400 4382 4413
3 4416 4400 4413
3 4416 4414 4415
3 4416 4413 4414
3 4562 4415 4414
3 4562 4416 4415
3 4539 4384 4416
3 4560 4411 4408
3 4560 4414 4411
3 7887 4539 4416
3 4284 4283 4423
3 7895 4284 4423
3 4397 4423 4396
3 7895 4423 4397
3 4389 4390 4404
3 4392 4393 4390
3 3373 4424 4406
3 3364 4406 4405
3 3364 3373 4406
3 4419 4405 4417
3 4420 4405 4419
3 4420 4418 4405
3 4420 3364 4418
3 4422 4417 4393
3 4422 4419 4417
3 4422 4420 4419
3 7951 3364 4421
3 4421 3364 4420
3 4423 4422 4396
3 7894 4423 4283
3 7894 4422 4423
3 7894 4420 4422
3 7894 4421 4420
3 7894 7951 4421
3 4427 4407 4404
3 4426 4408 4407
3 7886 4560 4408
3 4424 4404 4406
3 7760 7761 4431
3 3533 7760 4431
3 3569 4431 4430
3 3570 3569 4430
3 8135 3570 4430
3 4432 4433 4445
3 4293 4311 4432
3 4439 4445 4428
3 4439 4432 4445
3 4440 4439 4429
3 4294 4293 4432
3 4441 4432 4439
3 4295 4294 4432
3 4431 4440 4430
3 4431 4439 4440
3 4431 4441 4439
3 8136 4442 4441
3 8136 4432 4442
3 4443 4437 4436
3 4451 4437 4443
3 4467 4451 4443
3 4311 4433 4432
3 7763 4435 4434
3 4313 4436 4435
3 4467 4443 4436
3 4580 4445 4446
3 4581 4580 4446
3 4582 4581 4446
3 4448 4447 4445
3 4449 4445 4447
3 4449 4438 4445
3 4450 4446 4438
3 4450 4582 4446
3 4437 4444 4436
3 4460 4590 4450
3 4458 4437 4457
3 4488 4457 4466
3 4455 4457 4488
3 4447 4448 4460
3 4461 4455 4478
3 4461 4462 4455
3 4463 4455 4462
3 4463 4457 4459
3 4449 4447 4460
3 4456 4461 4478
3 4465 4462 4461
3 4464 4458 4463
3 4460 4458 4464
3 4465 4461 4456
3 4450 4449 4460
3 4463 4462 4465
3 4463 4460 4464
3 4327 7891 4453
3 4327 4453 4452
3 4467 4327 4452
3 4468 4466 4457
3 4437 4451 4468
3 4467 4452 4451
3 4468 4469 4466
3 4470 4493 4454
3 4470 4469 4468
3 4470 4454 4469
3 4471 4468 4451
3 4473 4470 4468
3 4473 4468 4471
3 4472 4470 4473
3 4483 4470 4472
3 4474 4473 4471
3 4475 4471 4451
3 4475 4474 4471
3 4477 4474 4475
3 4477 4475 4451
3 4477 4472 4474
3 4476 4483 4472
3 4453 4477 4452
3 4476 4472 4477
3 4453 4476 4477
3 7891 4476 4453
3 4454 4466 4469
3 4478 4455 4488
3 4479 4620 4456
3 4479 4478 4480
3 4486 4492 4482
3 4488 4454 4492
3 4486 4482 4481
3 4490 4488 4492
3 4480 4478 4488
3 4489 4490 4486
3 4479 4488 4490
3 4479 4480 4488
3 4489 4486 4505
3 4491 4479 4490
3 4489 4505 4487
3 7883 4491 4490
3 7883 4479 4491
3 7881 4489 4487
3 7881 7882 4489
3 4489 7883 4490
3 7890 4350 4484
3 4493 4492 4454
3 4470 4492 4493
3 4470 4494 4492
3 4470 4483 4494
3 4476 4484 4483
3 4494 4481 4482
3 4495 4485 4494
3 4497 4496 4485
3 4510 4496 4497
3 4498 4494 4483
3 4500 4495 4494
3 4500 4485 4495
3 4500 4497 4485
3 4500 4510 4497
3 4502 4499 4498
3 4502 4500 4499
3 4501 4500 4503
3 4503 4500 4502
3 4504 4503 4502
3 4504 4501 4503
3 4504 4534 4501
3 4504 4502 4498
3 4651 7881 4487
3 4652 4651 4487
3 4506 4481 4494
3 4507 4652 4487
3 4518 4486 4516
3 4506 4485 4508
3 4516 4506 4508
3 4516 4481 4506
3 4519 4508 4515
3 4519 4516 4508
3 4517 4519 4515
3 4518 4516 4519
3 4514 4519 4517
3 4520 4518 4519
3 4505 4520 4519
3 4486 4518 4520
3 4505 4519 4514
3 4505 4486 4520
3 4522 4514 4521
3 4522 4505 4514
3 7880 4522 4521
3 4524 7880 4521
3 7880 4505 4522
3 4487 4505 7880
3 7880 4524 4523
3 4507 4487 7880
3 4523 4524 7879
3 4650 4507 7880
3 7888 4375 4512
3 4496 4509 4508
3 4504 7888 4512
3 4501 4511 4510
3 4504 4512 4534
3 4527 4513 4508
3 4525 4526 4543
3 4528 4513 4527
3 4528 4543 4513
3 4528 4525 4543
3 4531 4525 4528
3 4531 4526 4525
3 4510 4509 4496
3 4510 4527 4509
3 4510 4528 4527
3 4561 4526 4531
3 4530 4531 4528
3 4530 4528 4510
3 4545 4561 4531
3 4532 4529 4510
3 4532 4530 4529
3 4533 4531 4532
3 4535 4532 4511
3 4537 4546 4533
3 4534 4535 4501
3 4536 4537 4533
3 4536 4535 4534
3 4562 4548 4537
3 4512 4536 4534
3 4538 4537 4536
3 4539 4562 4537
3 7887 4562 4539
3 4554 4515 4508
3 4540 4517 4515
3 4542 4514 4517
3 4541 7879 4524
3 4688 4523 7879
3 4540 4515 4554
3 4543 4508 4513
3 4542 4517 4540
3 4521 4514 4542
3 7878 7879 4541
3 4541 4524 4521
3 7877 4712 7878
3 4543 4526 4544
3 4551 4544 4572
3 4551 4552 4544
3 4554 4543 4552
3 4554 4551 4540
3 4554 4552 4551
3 4553 4551 4572
3 4555 4540 4553
3 4556 4540 4555
3 4557 4572 4718
3 4557 4553 4572
3 4557 4555 4553
3 4557 4556 4555
3 4521 4542 4556
3 4521 4556 4557
3 4558 4521 4557
3 7878 4541 4558
3 4717 4557 4718
3 4717 4559 4557
3 7877 4558 4559
3 7877 7878 4558
3 4562 4560 4548
3 4561 4572 4544
3 7887 4416 4562
3 4526 4561 4544
3 4533 4546 4545
3 4537 4547 4546
3 4564 3335 4550
3 4565 4549 4561
3 4567 4564 4563
3 4566 4564 4571
3 4569 4567 4563
3 4570 4564 4567
3 4570 4568 4564
3 3336 3349 4566
3 4560 4565 4548
3 4560 4569 4565
3 4570 4567 4569
3 4571 4568 4570
3 7886 4569 4560
3 7886 4570 4569
3 7886 4571 4570
3 7886 4566 4571
3 7886 3336 4566
3 4573 4718 4572
3 4715 4717 4718
3 4574 4572 4549
3 3341 4572 4574
3 3343 4573 4572
3 4575 4718 4573
3 3347 4575 4573
3 3347 4718 4575
3 3572 7758 3574
3 3573 3572 3574
3 3576 3574 4584
3 3575 3574 3576
3 8134 3576 4584
3 4579 4580 4576
3 4428 4445 4579
3 4585 4576 7757
3 4585 4579 4576
3 4586 4585 4577
3 4429 4428 4579
3 4587 4579 4585
3 4430 4429 4579
3 3574 4586 4578
3 3574 4585 4586
3 3574 4587 4585
3 8135 4588 4587
3 8135 4579 4588
3 4612 4592 4589
3 4596 4612 4589
3 4618 4596 4589
3 4590 4589 4582
3 4611 4618 4589
3 4445 4580 4579
3 4450 4590 4582
3 4460 4589 4590
3 4460 4611 4589
3 4591 4583 4576
3 4726 4576 4583
3 4727 4726 4583
3 4592 4576 4581
3 4728 4727 4583
3 4593 4591 4592
3 4609 4583 4591
3 4609 4728 4583
3 7756 4737 4609
3 4603 4594 4599
3 4604 4592 4595
3 4602 4594 4603
3 4602 4603 4601
3 4593 4592 4604
3 4605 4594 4602
3 4605 4595 4594
3 4591 4593 4604
3 4623 4605 4602
3 4609 4591 4604
3 4607 4605 4623
3 4608 4595 4606
3 4609 4604 4595
3 4610 4607 4623
3 4610 4605 4607
3 4610 4606 4605
3 7873 4610 7872
3 4756 4606 4610
3 4756 4608 4606
3 4756 4609 4608
3 7756 4609 4756
3 4465 4456 4598
3 4463 4465 4598
3 4611 4598 4597
3 4592 4594 4595
3 4460 4463 4611
3 4618 4611 4597
3 4612 4599 4594
3 4613 4599 4612
3 4616 4600 4599
3 4613 4612 4596
3 4617 4630 4616
3 4615 4613 4618
3 4617 4616 4614
3 4615 4619 4616
3 4619 4614 4616
3 4619 4615 4618
3 4617 4614 4619
3 4620 4618 4597
3 4620 4619 4618
3 4621 4619 4620
3 4632 4631 4617
3 4479 4621 4620
3 7883 4617 4479
3 7883 4632 4617
3 4622 4603 4599
3 4622 4601 4603
3 4625 4602 4601
3 4624 4602 4625
3 4643 4623 4624
3 7871 7872 4623
3 4766 7871 4623
3 4626 4599 4600
3 4626 4622 4599
3 7870 4766 4623
3 4638 4625 4601
3 4643 4624 4625
3 4635 4600 4629
3 4622 4626 4635
3 4634 4627 4628
3 4635 4629 4627
3 4636 4627 4634
3 4640 4627 4636
3 4640 4635 4627
3 4601 4622 4635
3 4638 4635 4637
3 4638 4601 4635
3 4641 4635 4640
3 4645 4640 4634
3 4643 4637 4639
3 4643 4638 4637
3 4643 4625 4638
3 4642 4645 4634
3 4643 4639 4641
3 4641 4640 4645
3 4645 4643 4641
3 4623 4643 4644
3 4787 4642 7869
3 4787 4645 4642
3 7870 4623 4644
3 7882 7881 4632
3 4617 4631 4630
3 4489 7882 4632
3 7883 4489 4632
3 4616 4630 4627
3 4656 4657 4647
3 4646 4633 4628
3 4658 4656 4647
3 4659 4658 4647
3 4648 4646 4630
3 4647 4633 4646
3 4683 4659 4647
3 4649 4647 4648
3 4650 4683 4649
3 4651 4648 4631
3 4650 4649 4648
3 4652 4648 4651
3 4652 4650 4648
3 4650 4660 4683
3 4507 4650 4652
3 4628 4627 4646
3 4654 4634 4653
3 4655 4642 4634
3 4799 7869 4642
3 4657 4628 4633
3 4655 4634 4654
3 7868 4797 4799
3 4664 4657 4656
3 4664 4663 4657
3 4668 4628 4663
3 4668 4663 4664
3 4667 4664 4665
3 4667 4668 4664
3 4671 4667 4666
3 4669 4668 4667
3 4653 4628 4668
3 4670 4666 4665
3 4675 4671 4666
3 4672 4667 4671
3 4672 4669 4667
3 4674 4668 4669
3 4654 4653 4668
3 4675 4665 4661
3 4675 4670 4665
3 4672 4671 4675
3 4674 4669 4673
3 4675 4669 4672
3 4655 4674 4673
3 4655 4654 4674
3 4676 4669 4675
3 4676 4673 4669
3 4676 4655 4673
3 4676 4675 4662
3 4662 4677 4676
3 4799 4642 4655
3 7868 4677 4662
3 7868 4676 4677
3 7868 4655 4676
3 7868 4799 4655
3 7880 4523 4688
3 4650 4688 4686
3 4650 7880 4688
3 4650 4686 4660
3 4658 4678 4656
3 4679 4678 4658
3 4680 4678 4679
3 4681 4679 4658
3 4682 4679 4681
3 4696 4680 4679
3 4683 4681 4659
3 4683 4682 4681
3 4684 4682 4683
3 4684 4696 4682
3 4685 4696 4684
3 4660 4684 4683
3 4686 4684 4660
3 4687 4684 4686
3 4687 4685 4684
3 4712 4697 4687
3 7879 7878 4688
3 7877 4711 4712
3 4693 4661 4665
3 4709 7867 4662
3 4691 4661 4693
3 4692 4675 4661
3 4709 4662 4690
3 4693 4665 4689
3 4664 4656 4678
3 4708 4675 4692
3 7865 7867 4709
3 4690 4662 4708
3 7866 7867 7865
3 4692 4661 4691
3 4695 4664 4678
3 4689 4664 4695
3 4689 4695 4694
3 4701 4700 4694
3 4693 4694 4700
3 4693 4689 4694
3 4707 4693 4701
3 4703 4707 4701
3 4691 4693 4707
3 4704 4703 4701
3 4706 4707 4703
3 4692 4691 4707
3 4705 4701 4702
3 4708 4707 4706
3 4708 4692 4707
3 4709 4708 4706
3 4709 4706 4704
3 4709 4690 4708
3 4710 4702 4701
3 4710 4705 4702
3 4710 4704 4705
3 7865 4704 4710
3 7865 4709 4704
3 4711 4717 4697
3 4559 4717 4711
3 7877 4559 4711
3 4712 4711 4697
3 4685 4697 4696
3 4714 4699 4698
3 3323 3310 3322
3 3324 3322 4713
3 3324 3323 3322
3 4715 4698 4697
3 4715 4714 4698
3 4716 3324 4713
3 4717 4715 4697
3 4718 4714 4715
3 4718 3322 4699
3 4718 4713 3322
3 4720 4701 4694
3 4721 4710 4701
3 3297 4861 4710
3 3297 4710 4721
3 4719 4694 3322
3 3536 3579 4734
3 3536 4734 4731
3 4731 4734 4724
3 4725 4726 4722
3 7757 4576 4725
3 4732 4722 4723
3 4732 4725 4722
3 4733 4732 4877
3 4577 7757 4725
3 4735 4725 4732
3 4578 4577 4725
3 4734 4733 4724
3 4734 4732 4733
3 4734 4735 4732
3 4736 4735 4734
3 4736 7755 4735
3 4584 4578 7755
3 8134 4584 7755
3 7952 4740 4738
3 4737 4738 4728
3 4747 7952 4738
3 7756 4747 4738
3 4576 4726 4725
3 4609 4737 4728
3 7756 4738 4737
3 4739 4729 4722
3 4869 4722 4729
3 4870 4869 4729
3 4740 4726 4727
3 4740 4722 4726
3 4871 4870 4729
3 4742 4741 4739
3 4743 4729 4739
3 4743 4871 4729
3 7753 4883 4743
3 4744 4740 4749
3 4742 4744 4749
3 4750 4745 4749
3 4750 4748 4769
3 4750 4749 4748
3 4751 4750 4754
3 4752 4749 4745
3 4741 4742 4752
3 4753 4751 4754
3 4753 4750 4751
3 4739 4741 4752
3 4752 4745 4753
3 4743 4739 4752
3 4753 4754 4755
3 7861 4753 4755
3 7873 7872 4767
3 4610 7873 4767
3 4756 4610 4767
3 7756 4756 4767
3 4740 4746 4749
3 7952 4747 4746
3 7756 4767 4747
3 4773 4771 4757
3 4774 4773 4757
3 4757 4748 4746
3 4776 4774 4757
3 4758 4757 4746
3 4759 4757 4758
3 4747 4758 4746
3 4762 4776 4759
3 4776 4775 4774
3 4761 4759 4747
3 4761 4760 4759
3 4762 4760 4761
3 4763 4776 4762
3 4763 4777 4776
3 4765 4777 4763
3 4764 4761 4747
3 4766 4762 4764
3 4766 4763 4762
3 4766 4777 4765
3 4767 4766 4764
3 7872 4766 4767
3 7870 4787 4766
3 4768 4755 4754
3 4768 7861 4755
3 4770 4754 4769
3 4910 7861 4768
3 4782 4754 4770
3 4782 4768 4754
3 4782 4773 4772
3 4770 4769 4771
3 4779 4772 4803
3 4779 4781 4772
3 4783 4782 4781
3 4782 4770 4771
3 4784 4781 4779
3 4785 4783 4781
3 4785 4782 4783
3 4786 4782 4785
3 4768 4782 4786
3 7860 4786 4785
3 4910 4768 4786
3 7858 4784 4780
3 7859 4785 4784
3 7859 7860 4785
3 7860 4910 4786
3 4787 7869 4798
3 4787 4798 4777
3 4773 4774 4772
3 4643 4645 4787
3 7870 4643 4787
3 4805 4800 4778
3 4789 4778 4788
3 4793 4778 4789
3 4791 4805 4778
3 4805 4791 4790
3 4793 4789 4792
3 4796 4793 4792
3 4806 4805 4790
3 4796 4788 4775
3 4796 4792 4788
3 4806 4790 4795
3 4806 4795 4794
3 4798 4793 4796
3 4799 4806 4794
3 4797 4829 4806
3 4797 4806 4799
3 4798 4796 4777
3 7869 4794 4798
3 7869 4799 4794
3 4800 4803 4772
3 4934 4918 4780
3 4938 4934 4780
3 4802 4772 4788
3 7857 4938 4780
3 4817 4779 4803
3 4804 4780 4801
3 4800 4802 4778
3 4812 4805 4811
3 4813 4811 4810
3 4813 4812 4811
3 4815 4812 4814
3 4815 4800 4812
3 4848 4810 4808
3 4848 4813 4810
3 4814 4812 4813
3 4803 4800 4815
3 4814 4813 4848
3 4817 4803 4815
3 4817 4815 4814
3 4816 4814 4848
3 4816 4817 4814
3 4801 4779 4817
3 4804 4801 4817
3 4817 4816 4818
3 4819 4804 4817
3 7857 4804 4819
3 4818 4816 4835
3 4819 4817 4818
3 7868 7867 4797
3 4820 4807 4811
3 4823 4821 4807
3 4824 4820 4805
3 4824 4823 4820
3 4825 4822 4823
3 4826 4825 4824
3 4828 4822 4826
3 4827 4824 4805
3 4828 4826 4824
3 4828 4839 4822
3 4829 4827 4806
3 4829 4824 4827
3 4830 4824 4829
3 4831 4824 4830
3 4831 4830 4829
3 4832 4829 4797
3 4832 4831 4829
3 7866 4831 4833
3 7867 4832 4797
3 7867 4833 4832
3 4835 4816 4809
3 4836 4809 4848
3 4836 4848 4834
3 4848 4808 4837
3 7856 4947 4835
3 4844 4821 4823
3 4850 4836 4834
3 4844 4823 4846
3 4845 4838 4843
3 4845 4846 4838
3 4837 4844 4846
3 4837 4808 4844
3 4837 4846 4845
3 4847 4843 4838
3 4849 4845 4843
3 4849 4848 4845
3 4834 4848 4849
3 4847 4849 4843
3 4850 4834 4849
3 4851 4849 4847
3 4836 4850 4851
3 4842 4847 4863
3 4991 4851 4842
3 7856 4835 4851
3 4710 4861 4840
3 7865 4710 4840
3 4846 4822 4838
3 4831 4839 4828
3 4831 4840 4839
3 7866 4840 4831
3 4852 4853 4822
3 4855 4841 4859
3 4856 4852 4822
3 4856 4853 4852
3 4856 4854 4853
3 4859 4841 4854
3 4860 4855 4859
3 4860 3287 4855
3 4857 4856 4839
3 4859 4854 4858
3 4861 4856 4857
3 3297 3288 4860
3 3297 4859 4858
3 4997 4991 4842
3 4863 4847 4862
3 4864 4842 4863
3 4998 4997 4842
3 4865 4842 4864
3 4865 4998 4842
3 3286 4862 4838
3 3296 4863 4866
3 3582 7752 4874
3 8133 3580 4874
3 4876 4869 4873
3 4723 4722 4868
3 4875 4873 4867
3 4875 4876 4873
3 4877 4868 4876
3 4877 4723 4868
3 4879 4877 4876
3 4878 4875 7751
3 4878 4876 4875
3 4878 4879 4876
3 4882 4879 4878
3 4882 4880 4879
3 4882 4881 4880
3 4882 4877 4881
3 4731 4724 4882
3 3536 4731 4882
3 7953 4889 4871
3 4883 7953 4871
3 4905 7953 4883
3 4907 4905 4883
3 4902 4907 4883
3 4722 4869 4868
3 4743 4883 4871
3 7753 4902 4883
3 5009 4872 4886
3 4885 4872 4895
3 5010 5009 4886
3 4887 4872 4885
3 4887 4886 4872
3 4887 5010 4886
3 5021 5011 4887
3 4894 4897 4888
3 4895 4889 4897
3 4895 4884 4889
3 4885 4895 4897
3 4892 4894 4888
3 4892 4897 4894
3 4898 4897 4896
3 4900 4885 4898
3 4900 4898 4896
3 7852 4892 4899
3 7852 4896 4892
3 7852 4899 4893
3 5021 4887 4900
3 4901 4890 4889
3 4902 7861 4907
3 7753 4752 4902
3 7953 4901 4889
3 7953 4890 4901
3 7953 4905 4890
3 4929 4891 4897
3 4904 4897 4889
3 4904 4929 4897
3 4903 4929 4904
3 4905 4904 4890
3 4917 4916 4903
3 4908 4903 4904
3 4908 4917 4903
3 4909 4905 4907
3 4909 4904 4905
3 4909 4908 4904
3 4906 4909 4907
3 4911 4909 4906
3 4910 4909 4911
3 4910 4908 4909
3 4911 4906 4907
3 7860 4908 4910
3 4891 4892 4888
3 4913 4893 4892
3 7851 5051 4893
3 7850 7851 4893
3 4913 4892 4912
3 4914 4893 4913
3 4922 4929 4919
3 4891 4929 4922
3 4912 4891 4922
3 4924 4923 4920
3 4940 4924 4920
3 4925 4923 4924
3 4922 4919 4923
3 4925 4924 4940
3 4926 4923 4925
3 4914 4912 4922
3 4914 4913 4912
3 4927 4925 4940
3 4927 4926 4925
3 4927 4922 4926
3 4915 4914 4928
3 4927 4940 4921
3 7849 4915 4928
3 5060 4927 4921
3 7849 4928 5060
3 7850 4915 7849
3 7858 4780 4918
3 7859 4784 7858
3 7860 7859 7858
3 4903 4916 4929
3 4908 7858 4918
3 4930 4919 4916
3 4931 4919 4930
3 4931 4944 4943
3 4931 4943 4919
3 4932 4931 4930
3 4933 4930 4917
3 4932 4930 4933
3 4945 4931 4932
3 4934 4933 4917
3 4934 4932 4933
3 4945 4932 4935
3 4936 4932 4934
3 4937 4945 4935
3 4946 4945 4937
3 4938 4936 4934
3 4938 4935 4936
3 7857 4937 4938
3 7848 5060 4921
3 4957 4921 4940
3 5075 7848 4921
3 5080 5075 4921
3 5079 5080 4921
3 4940 4920 4953
3 5103 5079 4921
3 4939 4919 4943
3 4950 4942 4985
3 4951 4942 4950
3 4951 4943 4942
3 4941 4939 4943
3 4952 4950 4985
3 4952 4951 4950
3 4953 4943 4951
3 4920 4941 4943
3 4953 4951 4952
3 4940 4953 4954
3 4955 4953 4952
3 4955 4940 4954
3 4956 4955 4952
3 4957 4955 4956
3 4940 4955 4957
3 4958 4956 4949
3 4960 4957 4958
3 4959 4960 4958
3 4921 4957 4960
3 5103 4921 4960
3 4818 4835 4947
3 4937 4947 4946
3 4944 4942 4943
3 4819 4818 4937
3 7857 4819 4937
3 4931 4945 4944
3 4961 4948 4970
3 4961 4978 4948
3 4944 4970 4942
3 4944 4961 4970
3 4962 4961 4944
3 4963 4978 4961
3 4963 4962 4944
3 4963 4961 4962
3 4965 4963 4944
3 4964 4944 4945
3 4964 4965 4944
3 4965 4979 4963
3 4967 4965 4964
3 4969 4966 4967
3 4968 4964 4945
3 4968 4967 4964
3 4968 4969 4967
3 4980 4966 4969
3 7856 4980 4969
3 4947 4968 4946
3 4947 4969 4968
3 4992 4980 7856
3 4992 4991 4980
3 4972 4985 4942
3 4974 4952 4985
3 4972 4942 4970
3 4973 4958 4949
3 4971 4959 4973
3 4972 4970 4948
3 5115 4959 4971
3 4973 4949 4956
3 5110 5115 4971
3 4989 4956 4974
3 4982 4972 4978
3 4983 4978 4977
3 4982 4978 4983
3 4977 4976 4975
3 4984 4982 4983
3 4985 4972 4982
3 4986 4983 4977
3 4987 4984 4983
3 4974 4985 4987
3 4981 4986 4977
3 4988 4987 4986
3 4989 4987 4988
3 4989 4974 4987
3 4990 4986 4981
3 4989 4988 4986
3 4989 4986 4990
3 4990 4973 4989
3 5147 4990 4981
3 4971 4973 4990
3 5137 4971 4990
3 5137 4990 5147
3 7847 4971 5137
3 7847 5110 4971
3 4978 4976 4977
3 4992 4851 4991
3 7856 4851 4992
3 4963 4979 4978
3 4965 4966 4979
3 4995 4976 4994
3 3262 3261 4976
3 4993 4976 4979
3 4993 4994 4976
3 4996 4976 4995
3 3263 3262 4976
3 4997 4993 4979
3 4997 4995 4994
3 4998 4995 4997
3 4999 4995 4998
3 7855 3263 4996
3 7855 3264 3263
3 4865 4999 4998
3 4865 7855 4996
3 5000 4981 4977
3 5001 5147 4981
3 5002 4975 4976
3 7846 5147 5003
3 3269 4975 5002
3 5003 5147 5001
3 5001 4981 5000
3 5013 7749 5018
3 5013 5018 5005
3 3584 3588 5013
3 5014 5013 5005
3 3587 5013 5014
3 3585 3587 5014
3 4873 4872 5007
3 4867 4873 5007
3 5015 5006 5004
3 5018 5006 5015
3 5017 5007 5006
3 7751 4867 5007
3 5018 5015 5004
3 5019 5016 5018
3 5019 5017 5016
3 8133 5007 5017
3 8133 5017 5020
3 4874 7751 8133
3 7749 5019 5018
3 7750 5020 5019
3 7954 5034 5024
3 7955 5024 5011
3 7955 7954 5024
3 5029 7954 7955
3 5009 5008 5006
3 5021 7955 5011
3 7956 7955 5021
3 4872 5009 5007
3 5156 5012 5023
3 5157 5156 5023
3 5024 5008 5009
3 5026 5012 5022
3 5026 5157 5023
3 5025 5022 5008
3 5025 5026 5022
3 5026 5023 5012
3 5170 5169 5026
3 5185 5170 5026
3 7844 5185 5026
3 5032 5027 5028
3 5032 5033 5027
3 5036 5034 5033
3 5008 5024 5034
3 5036 5033 5035
3 7844 5025 5034
3 5037 5035 5028
3 5037 5036 5035
3 5037 5034 5036
3 5026 5025 7844
3 5054 5028 5030
3 5054 5037 5028
3 5038 5054 7843
3 5038 5037 5054
3 5031 5038 7843
3 7844 5037 5038
3 7852 4893 5051
3 7852 5051 5029
3 7956 7852 5029
3 5039 5027 5034
3 4900 7852 7956
3 7954 5027 5039
3 7954 5029 5027
3 7956 5029 7955
3 5021 4900 7956
3 5043 5042 5027
3 5041 5042 5043
3 5044 5041 5043
3 5047 5042 5041
3 5047 5057 5042
3 5048 5040 5029
3 5048 5043 5040
3 5045 5048 5029
3 5046 5044 5048
3 5046 5041 5044
3 5049 5046 5048
3 5049 5041 5046
3 5059 5057 5047
3 5050 5048 5045
3 5050 5049 5048
3 5051 5045 5029
3 5051 5050 5045
3 5059 5049 5050
3 7850 5050 5051
3 7850 5059 5050
3 7851 7850 5051
3 7843 5054 5030
3 5063 5052 5027
3 5053 5028 5052
3 7843 5030 5028
3 5056 7843 5055
3 7843 5199 5031
3 5067 7843 5056
3 5027 5042 5063
3 5066 5063 5042
3 5065 5063 5066
3 5052 5063 5065
3 5082 5064 5058
3 5065 5058 5064
3 5065 5066 5058
3 5053 5052 5065
3 5061 5064 5082
3 5055 5053 5065
3 5062 5065 5061
3 5062 5067 5065
3 5056 5055 5065
3 7841 5067 5062
3 7842 5067 7841
3 5042 5057 5066
3 7850 5060 5059
3 7850 7849 5060
3 5068 5058 5057
3 5069 5058 5068
3 5069 5070 5058
3 5074 5070 5069
3 5073 5070 5072
3 5073 5071 5070
3 5074 5068 5057
3 5074 5069 5068
3 5072 5070 5074
3 5079 5071 5073
3 5079 5085 5071
3 5075 5072 5074
3 5075 5073 5072
3 5079 5073 5076
3 5078 5074 5059
3 5075 5074 5077
3 5080 5079 5076
3 5103 5086 5079
3 7848 5078 5060
3 7848 5077 5078
3 5080 5076 5075
3 7840 7841 5238
3 5082 5058 5081
3 5218 7840 5238
3 5238 5062 5061
3 5094 5061 5091
3 5219 5218 5238
3 5083 5058 5070
3 5097 5238 5061
3 5083 5070 5084
3 5091 5083 5084
3 5092 5084 5087
3 5092 5091 5084
3 5081 5083 5091
3 5117 5092 5087
3 5082 5081 5091
3 5093 5091 5092
3 5092 5117 5088
3 5089 5092 5088
3 5094 5091 5093
3 5096 5089 5090
3 5096 5092 5089
3 5096 5093 5092
3 5096 5094 5093
3 5095 5096 5090
3 5098 5096 5095
3 5097 5061 5096
3 5097 5096 5098
3 5099 5098 5095
3 5102 5098 5100
3 5238 5097 5101
3 5101 5102 5100
3 4960 4959 5086
3 5103 4960 5086
3 5070 5104 5084
3 5071 5104 5070
3 5071 5085 5104
3 5079 5086 5085
3 5104 5138 5084
3 5105 5138 5104
3 5105 7957 5138
3 5107 5104 5085
3 5107 5106 5104
3 5108 5106 5107
3 5108 5105 5106
3 5108 7957 5105
3 5109 5107 5085
3 5110 5108 5107
3 5111 5107 5109
3 5123 5108 5110
3 5111 5109 5085
3 5112 5107 5111
3 5112 5111 5085
3 5137 5123 5110
3 5113 5112 5086
3 5114 5112 5113
3 5115 5112 5114
3 5115 5110 5112
3 7847 5137 5110
3 4959 5113 5086
3 4959 5114 5113
3 5117 5087 5084
3 5120 5088 5117
3 5119 5089 5088
3 5121 5090 5089
3 5118 5099 5095
3 5119 5088 5120
3 7839 5244 5118
3 7839 5118 5095
3 5121 5089 5119
3 5133 5095 5121
3 5128 5119 5120
3 5130 5119 5128
3 5126 5116 5122
3 5117 5116 5126
3 5127 5117 5126
3 5120 5117 5127
3 5128 5120 5127
3 5129 5127 5150
3 5129 5128 5127
3 5130 5128 5129
3 5130 5129 5150
3 5121 5119 5130
3 5131 5121 5130
3 5133 5131 5130
3 5133 5121 5131
3 5134 5150 5132
3 5134 5130 5150
3 5134 5133 5130
3 5135 5133 5134
3 5135 5095 5133
3 5132 5150 8143
3 5136 5135 5134
3 7839 5135 5136
3 5257 5132 8143
3 5257 5134 5132
3 5245 7839 5136
3 5137 5147 5124
3 5138 5122 5116
3 7957 5123 5122
3 5139 5140 5148
3 5140 3252 5125
3 5141 5142 5122
3 5143 5148 5142
3 3251 3239 5140
3 5147 5139 5143
3 5146 5140 5145
3 7958 3251 5140
3 5147 5143 5142
3 5147 5142 5141
3 7846 5144 5147
3 7846 5145 5144
3 7846 5146 5145
3 7846 7958 5146
3 5149 5150 5126
3 7838 5257 8143
3 5270 7838 8143
3 5271 5270 8143
3 5125 5148 5140
3 5268 5271 8143
3 7837 5268 8143
3 3250 8143 5151
3 5272 7837 8143
3 7746 5161 5154
3 5162 7746 5154
3 5164 5156 5152
3 5004 5012 5155
3 5163 5164 5152
3 5163 5156 5164
3 5163 5166 5156
3 5165 5163 5153
3 5167 5163 5165
3 5167 5166 5163
3 5005 5004 5166
3 5168 5166 5167
3 7747 5165 5161
3 7747 5167 5165
3 7748 5168 5167
3 5169 5160 5159
3 5182 5181 5160
3 5170 5160 5169
3 5170 5182 5160
3 5012 5156 5155
3 5026 5158 5157
3 5026 5159 5158
3 5173 5172 5171
3 5174 5171 5156
3 5174 5173 5171
3 5158 5174 5157
3 5174 5176 5173
3 5175 5173 5176
3 5176 5174 5158
3 5292 5290 5173
3 5178 5173 5175
3 5178 5292 5173
3 8142 5291 5178
3 5190 5176 5160
3 5191 5180 5179
3 5190 5160 5181
3 5191 5179 5189
3 5192 5176 5190
3 5203 5191 5189
3 5192 5181 5191
3 5192 5190 5181
3 5194 5191 5203
3 7834 5192 5193
3 6266 5193 5194
3 6265 5192 7834
3 6264 5178 5192
3 8142 5178 6264
3 5038 5031 5186
3 5185 5038 5186
3 5181 5180 5191
3 5170 5183 5182
3 5185 5184 5183
3 5212 7959 5188
3 5195 5188 5187
3 5207 5212 5188
3 5196 5195 5187
3 5196 5188 5195
3 5196 5207 5188
3 5198 5180 5183
3 5198 5187 5180
3 5184 5198 5183
3 5199 5197 5196
3 5199 5196 5198
3 5031 5199 5198
3 5200 5198 5185
3 5031 5200 5186
3 7843 5208 5199
3 7843 5209 5208
3 5211 5203 5189
3 5201 5194 5203
3 7833 6266 5194
3 5188 5179 5187
3 5202 5189 5179
3 7832 7833 5194
3 6020 7832 5194
3 7831 6020 5194
3 5179 5188 7959
3 5202 5179 7959
3 5189 5202 7959
3 5211 5189 7959
3 5211 7959 5212
3 5201 5203 5211
3 5194 5201 5211
3 7831 5211 5212
3 5212 5206 5205
3 7842 7841 5209
3 7843 7842 5209
3 5196 5197 5207
3 5199 5208 5197
3 5226 5227 5210
3 5228 5226 5210
3 5229 5210 5213
3 5229 5228 5210
3 5214 5229 5213
3 5214 5210 5206
3 5214 5213 5210
3 5214 5206 5197
3 5216 5214 5197
3 5217 5214 5216
3 5217 5215 5214
3 5217 5229 5215
3 5208 5216 5197
3 5219 5217 5216
3 5219 5230 5217
3 5218 5219 5216
3 7841 5216 5209
3 5222 5330 5204
3 5221 5204 5223
3 5223 5204 5220
3 5333 5222 5224
3 5342 5333 5224
3 5225 5220 5210
3 5227 5225 5210
3 5227 5220 5225
3 5237 5342 5224
3 5223 5220 5227
3 5236 5226 5235
3 5236 5227 5226
3 5221 5223 5237
3 5224 5221 5237
3 5359 5237 5236
3 5099 5118 5230
3 5100 5099 5230
3 5101 5100 5230
3 5239 5238 5230
3 5219 5238 5239
3 5217 5230 5229
3 5219 5239 5230
3 5256 5254 5234
3 5232 5231 5229
3 5256 5234 5233
3 5240 5232 5230
3 5241 5240 5230
3 5241 5232 5240
3 5241 5242 5232
3 5242 5233 5232
3 5242 5256 5233
3 5242 7960 5256
3 5243 5242 5241
3 5244 5241 5230
3 5245 5243 5241
3 5245 5242 5243
3 5118 5244 5230
3 7839 5245 5244
3 5248 5235 5226
3 5360 7829 5235
3 5352 5361 5250
3 5261 5246 5232
3 5250 5361 5249
3 5354 5250 6191
3 5262 5252 5251
3 5247 5226 5261
3 5264 5262 5251
3 5265 5252 5262
3 5266 5261 5263
3 5248 5247 5261
3 5250 5261 5266
3 5249 5248 5261
3 5264 5251 5260
3 5265 5262 5264
3 6191 5250 5266
3 7828 5263 5265
3 5265 5264 5260
3 6244 5266 5263
3 5253 5251 5252
3 5242 5267 7960
3 5134 5257 5267
3 5136 5134 5267
3 5245 5136 5267
3 5234 5254 5253
3 5256 5255 5254
3 5245 5267 5242
3 5255 5251 5253
3 5268 5259 5258
3 3223 3221 5259
3 3231 3223 5259
3 5269 3231 5259
3 5269 5259 5268
3 5267 5255 7960
3 5271 5258 5255
3 5271 5268 5258
3 5272 5269 5268
3 5272 3224 5269
3 7837 5272 5268
3 7838 5267 5257
3 7838 5255 5267
3 7838 5270 5255
3 5271 5255 5270
3 8143 3225 5272
3 7827 5265 5260
3 5274 5251 5273
3 5274 5260 5251
3 5275 7827 5260
3 3593 5289 5282
3 3538 3593 5282
3 3592 3538 5282
3 5282 5288 5277
3 8131 3592 5282
3 5284 5278 5276
3 5285 5278 5284
3 5286 5284 5277
3 5286 5285 5284
3 5286 5278 5285
3 5287 5279 5278
3 5287 5152 5279
3 5154 5153 5152
3 5288 5286 5277
3 5287 5278 5286
3 5289 5287 5286
3 5289 5286 5288
3 5162 5154 5287
3 7745 5287 5289
3 7745 5162 5287
3 7961 5302 5281
3 5381 7961 5281
3 5291 5381 5281
3 5173 5280 5276
3 5178 5291 5292
3 5297 5283 5276
3 5295 5276 5294
3 5299 5296 5295
3 5299 5297 5296
3 5299 5293 5280
3 5299 5294 5293
3 5299 5295 5294
3 5300 5297 5299
3 5300 5283 5297
3 5300 5298 5283
3 5300 5401 5298
3 5301 5300 5299
3 5409 5401 5300
3 5302 5299 5281
3 5437 5409 5300
3 7824 5437 5301
3 5388 5305 5304
3 5389 5388 5304
3 5394 5389 5304
3 5312 5394 5304
3 5301 5393 5312
3 7823 5304 5303
3 7824 5304 5311
3 7824 5312 5304
3 7824 5301 5312
3 5979 5980 5307
3 5982 5979 5307
3 5313 5306 5314
3 5313 5307 5306
3 5314 5306 5305
3 7989 5307 5313
3 7989 5982 5307
3 7990 6084 5321
3 7990 5321 5310
3 7991 6087 7990
3 5307 5308 5306
3 5315 5310 5309
3 5315 7990 5310
3 5315 7991 7990
3 5316 5308 5307
3 5317 6085 5315
3 7977 5316 5307
3 7977 5309 5316
3 5976 5317 5315
3 6270 6273 5303
3 5321 5318 5309
3 5321 5319 5318
3 5321 5320 5319
3 6272 6270 5324
3 5325 5322 5321
3 5441 6272 5324
3 7962 5340 5328
3 5337 5328 5336
3 5337 7962 5328
3 5451 5326 5335
3 5205 5204 5330
3 5338 5329 5327
3 5340 5330 5329
3 5339 5338 5328
3 5205 5330 5340
3 7831 5212 5205
3 5340 5339 5328
3 5340 5338 5339
3 5340 5329 5338
3 6099 5205 5340
3 5342 7963 5334
3 7964 7963 5342
3 5341 5331 5329
3 5342 5334 5333
3 5350 7964 5342
3 5358 5350 5342
3 5359 5358 5342
3 5222 5341 5330
3 5222 5331 5341
3 5222 5332 5331
3 5222 5333 5332
3 5237 5359 5342
3 5461 5451 5335
3 5452 5461 5335
3 5454 5452 5335
3 7822 5454 5335
3 7821 7822 5335
3 5344 5343 7963
3 5355 7963 5348
3 5326 5344 7963
3 5485 5348 5347
3 5335 5326 5355
3 5356 5355 5348
3 5356 5335 5355
3 7821 5335 5356
3 5485 5347 5346
3 5235 7829 5351
3 5236 5235 5351
3 5350 5349 5357
3 5358 5351 5350
3 7830 5236 5351
3 5359 5351 5358
3 5359 7830 5351
3 7964 5350 5357
3 7965 6050 5354
3 5360 5346 5349
3 5360 5361 5346
3 7966 7965 5354
3 6191 7966 5354
3 5250 5353 5352
3 5250 5354 5353
3 5365 5346 5345
3 5345 5346 5361
3 5473 5486 5369
3 5370 5473 5369
3 5370 5345 5352
3 5370 5362 5345
3 5370 5363 5362
3 5370 5364 5363
3 5370 5365 5364
3 5370 5366 5365
3 5370 5367 5366
3 5370 5368 5367
3 5370 5369 5368
3 6251 5370 5354
3 5487 7820 5370
3 6251 5371 5370
3 5372 5370 5371
3 5372 5487 5370
3 6050 6251 5354
3 5382 5380 5379
3 5381 5382 5379
3 6039 6041 5380
3 5392 5374 5373
3 7961 5379 5374
3 5291 5380 5382
3 8142 6039 5291
3 7961 5392 5302
3 5381 5379 7961
3 5291 5382 5381
3 6200 6218 7981
3 6203 6200 7981
3 5375 5373 5374
3 5383 7981 5376
3 6204 7981 5383
3 7982 6204 5383
3 5384 5373 5375
3 5314 5305 5378
3 5385 5384 5376
3 5386 5377 5384
3 5313 5314 5378
3 5386 5384 5385
3 5387 5378 5386
3 6218 5386 5385
3 6218 5385 7981
3 7980 5386 6218
3 7980 5387 5386
3 7980 7989 5387
3 5389 5392 5373
3 5390 5302 5392
3 5391 5392 5389
3 5301 5302 5390
3 5393 5392 5391
3 5301 5390 5393
3 5393 5391 5389
3 5394 5393 5389
3 5312 5393 5394
3 3598 3596 5404
3 3598 5404 5402
3 3540 3597 3598
3 5402 5399 5400
3 5402 5400 5395
3 5277 5283 5403
3 5405 5399 5402
3 5406 5399 5405
3 5407 5405 5404
3 5407 5406 5405
3 5282 5277 8131
3 5298 5400 5399
3 5298 5408 5400
3 5409 5425 5401
3 5437 5425 5409
3 7824 5428 5437
3 5298 5401 5408
3 5410 5400 5408
3 5410 5395 5400
3 5417 5411 5410
3 5419 5529 5415
3 5416 5410 5408
3 5418 5416 5401
3 5418 5417 5416
3 5419 5412 5417
3 5419 5413 5412
3 5419 5414 5413
3 5419 5415 5414
3 5443 5423 5422
3 5420 5418 7970
3 5421 5420 7970
3 5431 5424 5443
3 5432 5424 5431
3 5419 5421 7970
3 5433 5432 5431
3 5435 5424 5432
3 5435 7970 5424
3 5549 5433 5434
3 5549 5432 5433
3 5549 5435 5432
3 5549 5434 5430
3 7823 6273 5428
3 5437 5427 5426
3 5311 7823 5428
3 5428 5427 5437
3 7824 5311 5428
3 5437 5426 5425
3 5439 5442 5429
3 5438 5429 5422
3 5427 5422 5425
3 5440 5438 5422
3 5440 5429 5438
3 5440 5439 5429
3 5441 5450 5440
3 6270 6272 5440
3 6273 5427 5428
3 6270 5440 5427
3 7816 5549 5430
3 5458 5443 5444
3 5444 5443 5446
3 5446 5443 5442
3 5445 5443 5458
3 5431 5443 5445
3 5444 5446 5442
3 5458 5442 5439
3 5458 5444 5442
3 5457 5456 5467
3 5457 5448 5456
3 5458 5439 5449
3 5431 5445 5458
3 5459 5458 5449
3 5459 5457 5465
3 5459 5449 5457
3 5460 5431 5459
3 7816 5460 5459
3 7816 5430 5460
3 5327 5326 5451
3 5328 5327 5451
3 5439 5447 5448
3 5336 5328 5450
3 5439 5450 5447
3 5441 5337 5336
3 5455 5469 5463
3 5461 5453 5447
3 5461 5452 5453
3 5454 5453 5452
3 7821 5485 5455
3 7821 5455 5454
3 5356 5485 7821
3 5462 5456 5447
3 5482 5457 5467
3 5605 5604 5459
3 5481 5464 5463
3 5466 5605 5459
3 7815 5606 5466
3 5463 5469 5468
3 5478 5463 5468
3 5478 5468 5477
3 5478 5477 5479
3 5481 5478 5480
3 5475 5477 5474
3 5475 5479 5477
3 5482 5467 5481
3 5483 5482 5481
3 5484 5479 5475
3 5484 5480 5479
3 5465 5482 5483
3 5476 5484 5475
3 5466 5465 5483
3 7814 5483 5484
3 7814 5466 5483
3 7815 5466 7814
3 5346 5486 5472
3 5485 5346 5472
3 5471 5470 5469
3 5485 5472 5471
3 5455 5471 5469
3 5486 5488 5470
3 5486 5473 5488
3 5509 5496 7820
3 5487 5509 7820
3 5510 5497 5487
3 5372 5510 5487
3 7813 7814 5484
3 5491 5484 5476
3 5492 5484 5491
3 5636 5484 5492
3 5503 5488 5473
3 5505 5474 5490
3 5493 5475 5474
3 5491 5476 5475
3 5504 5495 5494
3 5489 5503 5495
3 5506 5505 5489
3 5506 5504 5494
3 5506 5495 5504
3 5506 5489 5495
3 5474 5505 5506
3 5493 5474 5506
3 5507 5506 5494
3 5519 5494 5518
3 5491 5506 5507
3 5491 5493 5506
3 5508 5491 5507
3 5508 5507 5519
3 5492 5491 5508
3 5661 5492 5508
3 5509 5497 5512
3 5510 7819 5497
3 5372 7819 5510
3 5487 5497 5509
3 7820 5496 5495
3 5509 5512 5496
3 5511 5498 5495
3 5500 5499 5511
3 5513 3185 5502
3 5512 5511 5496
3 5513 5501 5500
3 5511 5512 5497
3 7817 5513 5500
3 7971 3186 5513
3 7817 5500 5511
3 7818 5511 7819
3 6226 5513 7817
3 6226 7971 5513
3 5668 5519 5522
3 5522 5519 5518
3 5669 5668 5522
3 5521 5514 5499
3 5521 5515 5514
3 5521 5516 5515
3 5521 5517 5516
3 5521 5518 5517
3 5521 5520 5518
3 5522 5518 5520
3 7812 5669 5522
3 3601 5536 5531
3 3542 5536 3601
3 3599 3601 5531
3 5685 5531 5526
3 5395 5529 5528
3 5396 5395 5528
3 5531 5528 5527
3 5532 5527 5524
3 5534 5396 5528
3 5398 5397 5396
3 5531 5532 5525
3 5535 5533 5531
3 5535 5528 5533
3 5537 5398 5534
3 5537 5534 5535
3 3598 5402 5537
3 7743 5535 5536
3 3594 3598 5537
3 5529 5527 5528
3 5538 5547 5530
3 5548 5547 5538
3 5549 5548 5538
3 5559 5549 5538
3 5419 5530 5529
3 5419 5538 5530
3 5436 5559 5538
3 5539 5527 5529
3 5676 5523 5541
3 5542 5539 5529
3 5542 5523 5539
3 5678 5676 5541
3 5543 5523 5542
3 5544 5540 5523
3 5545 5523 5540
3 5545 5541 5523
3 5545 5678 5541
3 5687 5678 5545
3 7742 5687 5545
3 5552 5547 5546
3 5543 5542 5552
3 5544 5543 5552
3 5545 5544 5552
3 5556 5558 5554
3 5704 5546 5555
3 5557 5552 5546
3 5703 5546 5558
3 5551 5558 5556
3 5704 5555 5703
3 7742 5545 5557
3 5436 5435 5559
3 5550 5563 5560
3 5562 5560 5563
3 5562 5575 5560
3 5561 5550 5547
3 5565 5550 5561
3 5575 5562 5564
3 5566 5563 5565
3 5566 5562 5563
3 5566 5564 5562
3 5576 5575 5564
3 5566 5565 5561
3 5576 5564 5566
3 5567 5561 5547
3 5567 5566 5561
3 5569 5566 5567
3 5569 5576 5566
3 5568 5567 5549
3 5577 5576 5569
3 7816 5567 5568
3 7816 5569 5567
3 7816 5568 5549
3 7816 5577 5569
3 5571 5588 5550
3 5570 5556 5554
3 5551 5556 5570
3 5574 5551 5570
3 5572 5554 5588
3 5716 5717 5551
3 7809 5551 5573
3 7809 5716 5551
3 5570 5572 5588
3 5584 5582 5560
3 5582 5571 5560
3 5585 5582 5584
3 5588 5583 5582
3 5588 5571 5583
3 5587 5582 5585
3 5589 5586 5584
3 5573 5588 5587
3 5592 5586 5589
3 5590 5584 5580
3 5590 5589 5584
3 5591 5585 5592
3 5591 5587 5585
3 5591 5573 5587
3 5574 5570 5573
3 5581 5590 5580
3 5736 5592 5589
3 5551 5574 5573
3 5736 5589 5590
3 5593 5573 5591
3 5736 5590 5581
3 5593 5592 5736
3 5593 5591 5592
3 7809 5573 5593
3 5459 5604 5577
3 5594 5459 5577
3 7816 5594 5577
3 5579 5560 5578
3 5596 5579 5595
3 5598 5579 5578
3 5597 5596 5595
3 5600 5595 5598
3 5599 5600 5598
3 5603 5596 5597
3 5599 5578 5575
3 5599 5598 5578
3 5601 5600 5599
3 5611 5596 5603
3 5601 5599 5576
3 5601 5595 5600
3 5602 5603 5595
3 5602 5595 5601
3 5605 5603 5602
3 5604 5601 5577
3 5605 5602 5601
3 5606 5603 5605
3 5605 5601 5604
3 5607 5580 5584
3 7808 5736 5581
3 5609 5560 5579
3 5613 5584 5608
3 5609 5579 5610
3 5608 5609 5610
3 5615 5608 5610
3 5613 5615 5612
3 5613 5608 5615
3 5616 5613 5637
3 5607 5613 5616
3 5617 5643 5642
3 5617 5637 5643
3 5617 5616 5637
3 5580 5607 5616
3 5581 5580 5617
3 5638 5618 5617
3 5581 5617 5618
3 7806 5638 5614
3 5619 5638 7806
3 5619 5618 5638
3 5581 5618 5619
3 5748 5742 5581
3 5606 7814 5633
3 5596 5611 5579
3 5603 5606 5611
3 7815 7814 5606
3 5620 5610 5579
3 5623 7972 5610
3 5622 7972 5621
3 5623 5610 5620
3 5624 5620 5579
3 5624 5623 5620
3 5624 5621 5623
3 5624 5622 5621
3 5646 5645 5622
3 5611 5624 5579
3 5625 5622 5624
3 5625 5646 5622
3 5628 5625 5624
3 5626 5624 5611
3 5646 5625 5628
3 5627 5628 5626
3 5629 5626 5611
3 5629 5627 5626
3 5630 5627 5629
3 5630 5628 5627
3 5630 5646 5628
3 5631 5630 5629
3 5634 5629 5606
3 5634 5631 5629
3 5634 5630 5631
3 5634 5632 5630
3 5633 5634 5606
3 5636 5634 5633
3 5636 5635 5634
3 5636 5632 5635
3 7813 5633 7814
3 7813 5636 5633
3 5639 5637 5613
3 5643 5637 5639
3 7805 5614 5638
3 5641 5615 5610
3 5639 5612 5615
3 5641 5610 7972
3 5660 5638 5640
3 5774 5777 7805
3 7805 5638 5660
3 5655 5639 5615
3 5654 5639 5655
3 5640 5617 5642
3 5655 5615 5641
3 5657 5642 5643
3 5652 5641 5644
3 5655 5641 5652
3 5644 5648 5653
3 5654 5652 5644
3 5654 5655 5652
3 5654 5653 5648
3 5654 5644 5653
3 5643 5639 5654
3 5651 5654 5648
3 5657 5654 5656
3 5657 5643 5654
3 5658 5654 5651
3 5658 5656 5654
3 5659 5657 5656
3 5640 5642 5657
3 5659 5656 5658
3 7805 5659 7804
3 7805 5660 5659
3 5784 5659 5658
3 7803 7804 5659
3 5661 5508 5662
3 5492 5661 5662
3 5636 5492 5662
3 7972 5644 5641
3 5622 5645 5644
3 5630 5647 5646
3 5630 5632 5647
3 3164 5672 5650
3 5663 5650 5649
3 5663 3164 5650
3 5664 5648 5646
3 5666 5649 5648
3 5663 5649 5666
3 3165 3164 5663
3 3173 3165 5665
3 5669 5663 5666
3 5667 5665 5669
3 5667 3173 5665
3 5668 5666 5664
3 5519 5664 5508
3 5519 5668 5664
3 7812 5667 5669
3 7802 5784 5658
3 5671 5648 5670
3 3154 7802 5658
3 5672 5671 5670
3 5672 5648 5650
3 3608 3605 7740
3 5680 7740 5675
3 3606 3608 5680
3 5681 5680 5675
3 3609 3606 5675
3 3607 3609 5675
3 7738 5673 5817
3 5524 5523 5677
3 5677 5676 5817
3 5682 5817 5673
3 5682 5677 5817
3 5524 5677 5683
3 5525 5524 5683
3 5684 5677 5682
3 5684 5683 5677
3 5526 5525 5683
3 7740 5682 5674
3 7739 5684 5682
3 7739 5683 5684
3 5685 5526 5683
3 7739 5682 7740
3 5685 5683 7739
3 5705 5693 5686
3 5687 5686 5678
3 7973 5705 5686
3 7973 5686 5687
3 5523 5676 5677
3 7742 7973 5687
3 7742 5704 7973
3 5690 5679 5817
3 5808 5817 5679
3 5809 5808 5679
3 5688 5817 5676
3 5810 5809 5679
3 5691 5690 5689
3 5691 5679 5690
3 5691 5810 5679
3 5693 5688 5678
3 7737 5818 5691
3 5841 7737 5691
3 5698 5693 5692
3 5699 5697 5695
3 5689 5690 5700
3 5701 5692 5699
3 5701 5698 5692
3 5691 5689 5700
3 5696 5699 5695
3 5700 5698 5701
3 7798 5701 5696
3 7799 5701 7798
3 7799 5841 5701
3 5841 5700 5701
3 5702 5719 5692
3 5558 5551 5717
3 5703 5558 5717
3 5703 5717 7973
3 5705 5702 5693
3 5704 5703 7973
3 7742 5557 5704
3 5702 5694 5719
3 5706 5722 5694
3 5709 5707 5702
3 5709 5694 5707
3 5708 5706 5694
3 5710 5709 5702
3 5711 5709 5710
3 5713 5711 5710
3 5713 5708 5711
3 5714 5712 5708
3 5723 5708 5712
3 5714 5708 5713
3 5713 5710 5705
3 5715 5714 5713
3 5723 5712 5714
3 5715 5713 5705
3 5716 5714 5715
3 5717 5715 5705
3 7809 5714 5716
3 7809 5723 5714
3 5717 5716 5715
3 5697 5692 5719
3 5718 7798 5696
3 5720 7798 5718
3 5720 5854 7798
3 5727 5719 5694
3 5697 5719 5727
3 5728 5697 5727
3 5731 5697 5728
3 5730 5727 5729
3 5695 5697 5731
3 5726 5730 5729
3 5733 5727 5730
3 5696 5695 5731
3 5733 5730 5726
3 5734 5731 5733
3 5733 5726 5732
3 5720 5718 5696
3 7797 5733 5732
3 7974 5720 5696
3 5735 5736 5723
3 7809 5593 5736
3 7809 5736 5735
3 5708 5723 5706
3 7809 5735 5723
3 5744 5743 5749
3 5737 5724 5722
3 5737 5725 5724
3 5740 5725 5737
3 5740 5749 5725
3 5746 5749 5740
3 5739 5737 5706
3 5747 5746 5740
3 5738 5739 5723
3 7807 5747 5740
3 5741 5737 5739
3 5741 5740 5737
3 7807 5740 5741
3 7808 5738 5723
3 5742 5747 7807
3 5581 5741 5739
3 5881 5732 5726
3 5765 5881 5726
3 5754 5745 5744
3 5755 5745 5754
3 5756 5754 5751
3 5756 5755 5754
3 5757 5756 5751
3 5761 5743 5756
3 5761 5721 5743
3 5758 5756 5757
3 5761 5756 5758
3 5759 5760 5758
3 5761 5758 5760
3 5729 5721 5761
3 5759 5757 5762
3 5759 5758 5757
3 5759 5761 5760
3 5763 5759 5762
3 5780 5763 5762
3 5752 5759 5763
3 5752 5763 5780
3 5764 5759 5752
3 5753 5764 5752
3 5765 5726 5764
3 5619 7806 5748
3 5581 5619 5748
3 5746 5766 5749
3 5742 5748 5747
3 5766 5750 5749
3 5767 5782 5750
3 5766 5767 5750
3 5769 5782 5767
3 5768 5767 5766
3 5768 5769 5767
3 5770 5769 5768
3 5796 5769 5770
3 5771 5768 5746
3 5772 5770 5768
3 5772 5796 5770
3 5773 5768 5771
3 5773 5771 5747
3 5748 5773 5747
3 5748 5775 5773
3 5784 5783 5776
3 5774 5775 5748
3 5776 5772 5775
3 5776 5775 5774
3 7805 5776 5774
3 7805 5784 5776
3 5779 5754 5744
3 5762 5757 5751
3 5778 5753 5752
3 5778 5752 5780
3 5788 5751 5779
3 5779 5744 5750
3 5916 5915 5778
3 5782 5779 5750
3 5779 5782 5781
3 5789 5779 5786
3 5788 5779 5789
3 5787 5781 7796
3 5786 5781 5787
3 5792 5788 5789
3 5790 5786 5787
3 5790 5789 5786
3 5791 5789 5790
3 5791 5792 5789
3 5790 5787 7796
3 5793 5792 5791
3 5780 5762 5792
3 5926 5794 5790
3 5791 5790 5794
3 5795 5780 5793
3 5795 5778 5780
3 5926 5790 7796
3 5916 5778 5795
3 7804 7803 5784
3 7805 7804 5784
3 5772 5783 5796
3 3153 3138 5785
3 5785 5781 5782
3 5796 5785 5782
3 5797 3140 5785
3 5799 5785 5796
3 5798 5797 5785
3 5799 5796 5783
3 3141 3140 5797
3 3154 3141 5797
3 5798 5785 5799
3 7802 5799 5784
3 7802 5798 5799
3 7802 5797 5798
3 5802 5781 5785
3 7795 7796 5801
3 3149 7796 5802
3 5801 7796 5803
3 3545 3543 5811
3 3517 3545 5811
3 3546 3517 5811
3 3518 3546 5811
3 5806 5805 5804
3 3623 5811 5806
3 5807 5808 5804
3 7738 5817 5807
3 5812 5804 5805
3 5812 5807 5804
3 5813 5812 5806
3 5674 5807 5812
3 5673 7738 5807
3 5814 5674 5813
3 5814 5813 5806
3 3604 5815 5814
3 3604 5816 5815
3 3607 5674 5816
3 5675 5674 3607
3 3604 5814 5811
3 3607 5816 3604
3 5817 5808 5807
3 5818 5833 5810
3 5818 5839 5833
3 5818 5827 5839
3 5841 5828 5818
3 5691 5818 5810
3 3614 5804 5820
3 5821 5808 5809
3 3616 3614 5820
3 5823 5822 5819
3 5824 5819 5822
3 5824 5804 5819
3 3617 3616 5820
3 7787 3617 5820
3 5834 5833 5825
3 5860 5830 5857
3 5830 5834 5825
3 5835 5833 5834
3 5835 5834 5830
3 5836 5830 5831
3 5822 5823 5833
3 5832 5836 5831
3 5838 5830 5837
3 5838 5835 5830
3 5824 5822 5833
3 5838 5833 5835
3 5837 5836 5832
3 5820 5824 5838
3 3635 5838 5837
3 7787 5820 5838
3 7799 7798 5828
3 5841 7799 5828
3 5839 5826 5825
3 5840 5825 5833
3 5839 5825 5840
3 5827 5826 5839
3 5842 5829 5830
3 5847 5861 5829
3 5826 5842 5825
3 5826 5829 5842
3 5843 5829 5826
3 5862 5861 5847
3 5844 5829 5843
3 5844 5847 5829
3 5844 5843 5826
3 5849 5844 5827
3 5846 5847 5844
3 5862 5847 5846
3 5848 5849 5827
3 5848 5844 5849
3 5852 5848 5827
3 5720 5846 5845
3 5720 5862 5846
3 5720 5850 5862
3 5853 5851 5852
3 5720 5845 5853
3 7974 5850 5720
3 5854 5853 5852
3 5854 5720 5853
3 7798 5852 5828
3 7798 5854 5852
3 5858 5830 5860
3 5856 3635 5832
3 7788 3656 5856
3 7789 3656 7788
3 5866 5860 5859
3 5857 5855 5829
3 5860 5857 5829
3 5866 5859 5885
3 5831 5858 5860
3 5868 5866 5885
3 5872 5860 5867
3 5872 5831 5860
3 5869 5866 5868
3 5870 5866 5869
3 5856 5831 5872
3 5872 5867 5870
3 7788 5856 5872
3 3681 5871 5868
3 7789 5870 5869
3 5861 5864 5859
3 7797 5732 5863
3 5733 7797 5863
3 5734 5733 5863
3 5731 5734 5863
3 5696 5731 5863
3 7974 5696 5863
3 7974 5863 5850
3 5873 5875 5864
3 5874 5865 5875
3 5888 5865 5874
3 5888 5874 5876
3 5876 5875 5873
3 5876 5874 5875
3 5878 5888 5876
3 5877 5888 5878
3 5879 5873 5864
3 5879 5876 5873
3 5879 5864 5862
3 5880 5876 5879
3 5913 5888 5877
3 5881 5877 5880
3 5881 5913 5877
3 5881 5880 5879
3 5882 5913 5881
3 5732 5879 5863
3 5732 5881 5879
3 5765 5882 5881
3 5875 5859 5864
3 5884 5885 5859
3 5897 5868 5885
3 3683 3681 5868
3 5893 5859 5883
3 5897 5885 5884
3 7790 3683 5886
3 5892 5875 5865
3 5892 5865 5887
3 5883 5875 5892
3 5891 5892 5887
3 5893 5883 5892
3 5893 5892 5894
3 5895 5894 5891
3 5884 5859 5893
3 5896 5894 5895
3 5897 5893 5894
3 5897 5884 5893
3 5899 5895 5918
3 5899 5896 5895
3 5899 5897 5896
3 5919 5899 5918
3 5900 5899 5898
3 5900 5897 5899
3 5920 5899 5919
3 5920 5898 5899
3 5920 5900 5898
3 5900 5868 5897
3 5886 5868 5900
3 7790 5900 5920
3 7790 5886 5900
3 5753 5778 5889
3 5764 5753 5889
3 5882 5889 5913
3 5901 5890 5865
3 5901 5942 5890
3 5902 5901 5865
3 5903 5901 5902
3 5905 5903 5902
3 5909 5901 5903
3 5909 5924 5901
3 5888 5905 5902
3 5904 5903 5905
3 5908 5909 5903
3 5906 5905 5888
3 5907 5908 5905
3 5910 5905 5906
3 5910 5907 5905
3 5941 5909 5908
3 5941 5924 5909
3 5911 5941 5908
3 5911 5910 5906
3 5912 5906 5888
3 5912 5911 5906
3 5915 5925 5912
3 5914 5912 5913
3 5915 5912 5914
3 5916 5925 5915
3 5916 5940 5925
3 5778 5913 5889
3 5778 5914 5913
3 5778 5915 5914
3 5917 5887 5865
3 5921 5891 5887
3 7791 3703 5920
3 5895 5891 5921
3 5933 5895 5921
3 5930 5887 5917
3 5937 5919 5918
3 5921 5887 5930
3 5939 5920 5919
3 3722 7791 5939
3 5934 5937 5918
3 5929 5917 5923
3 5929 5930 5917
3 5930 5929 5923
3 5933 5921 5930
3 5932 5923 5928
3 5931 5930 5923
3 5934 5933 5931
3 5934 5918 5933
3 5935 5923 5932
3 5934 5931 5935
3 5935 5932 5928
3 5938 5937 5934
3 5938 5935 5936
3 5939 5937 5938
3 5939 5919 5937
3 5936 5939 5938
3 3722 5939 5936
3 5794 5926 5940
3 5941 5925 5924
3 5793 5794 5940
3 5940 5926 5925
3 5795 5793 5940
3 5916 5795 5940
3 5901 5924 5942
3 5911 5925 5941
3 3130 3116 5944
3 5943 5944 5942
3 5945 5944 5943
3 5947 5942 5924
3 5947 5943 5942
3 3119 3118 5944
3 5926 5924 5925
3 5926 5947 5924
3 5947 5944 5945
3 3120 3119 5946
3 5947 5945 5943
3 5946 5944 5947
3 5801 3120 5946
3 7796 5947 5926
3 7795 5947 7796
3 7795 5946 5947
3 5949 5927 5923
3 3508 5928 5927
3 5950 5923 5948
3 5948 5922 5944
3 5951 5928 3508
3 3128 5949 5950
3 3508 5927 5949
3 6117 6107 5956
3 6117 5956 5955
3 5964 6118 6117
3 5964 6117 5955
3 6119 6108 5964
3 7975 6119 5964
3 8005 5954 5953
3 5965 5952 5953
3 5965 5957 5952
3 5966 5958 5957
3 5966 3454 5958
3 5967 5965 5954
3 5968 5957 5965
3 5970 5966 5957
3 5973 3455 5971
3 5972 5967 5954
3 5972 5965 5967
3 5973 5971 5970
3 6106 5965 5972
3 6106 5968 5965
3 6106 5969 5968
3 7976 5973 5970
3 7977 5307 5975
3 8001 5961 5960
3 5975 5963 5962
3 5309 7977 5975
3 5315 5309 5975
3 3459 8001 5960
3 5974 5975 5962
3 5976 5315 5975
3 3454 5959 5958
3 3454 5960 5959
3 3462 5962 8001
3 3461 5974 5962
3 5978 5953 5952
3 6198 8006 5953
3 6216 6198 6220
3 5979 5978 5977
3 5981 5978 5979
3 5981 6220 5978
3 6221 6220 5981
3 5980 5977 5962
3 6219 6221 5981
3 6222 6219 5981
3 5991 5984 5983
3 5991 5990 5984
3 5989 5984 5990
3 8004 6193 5989
3 5992 5989 5990
3 6195 8004 5992
3 5993 5991 5988
3 5990 5991 5993
3 8003 6195 5992
3 7979 6015 5986
3 5994 5995 5983
3 6028 7979 5986
3 5996 6028 5986
3 5997 5995 5994
3 5998 5985 5995
3 5383 6026 5996
3 7982 5985 5998
3 7982 5986 5985
3 7982 5383 5996
3 5999 6004 5995
3 8002 3457 5999
3 6000 5999 5995
3 8002 3449 3457
3 6000 5995 5985
3 6001 8002 5999
3 6003 6000 5985
3 7986 8002 6002
3 3451 3450 8002
3 6015 6000 6003
3 7986 6002 6001
3 6006 5983 5995
3 6010 5988 5987
3 6005 6006 6004
3 6181 6183 5988
3 7978 6181 5988
3 6005 6004 5999
3 6007 6006 6005
3 6008 5987 6006
3 6009 6010 5987
3 6184 7978 6010
3 3467 6007 6005
3 3467 6006 6007
3 3468 6008 6006
3 3468 5987 6008
3 3470 6010 6009
3 6097 6096 6012
3 6019 6012 6011
3 6098 6097 6012
3 6021 6098 6012
3 6021 6012 6020
3 6022 6021 6020
3 7833 6019 6011
3 7831 6022 6020
3 6023 6024 6012
3 7992 6015 6014
3 6001 6015 7992
3 7986 6001 7992
3 7994 6023 6012
3 7994 6024 6023
3 7994 6013 6024
3 5379 6036 6018
3 5375 5379 6018
3 5376 5375 6027
3 6025 6016 6024
3 5383 5376 6027
3 7979 6016 6025
3 6026 6027 6017
3 5383 6027 6026
3 7979 6025 6015
3 5996 6017 6028
3 6036 6029 6016
3 6036 6030 6029
3 6037 6031 6030
3 6037 6032 6031
3 6037 6033 6032
3 6037 6034 6033
3 6037 6038 6034
3 6039 6035 6011
3 6039 6266 6035
3 7834 6266 6039
3 6040 6037 6036
3 6265 7834 6039
3 6041 6040 6036
3 6041 6037 6040
3 6041 6039 6037
3 6039 6038 6037
3 6264 6265 6039
3 5380 6041 6036
3 8142 6264 6039
3 6051 6043 6042
3 6054 6044 6051
3 6054 6189 6044
3 6054 6190 6189
3 6052 6051 6050
3 7966 6053 6052
3 7966 6051 6053
3 7966 6054 6051
3 7965 6052 6050
3 7965 7966 6052
3 6058 6046 6057
3 6055 7996 6042
3 3468 3469 6058
3 3470 6058 6057
3 6057 6046 6056
3 6103 6109 6059
3 6060 6048 6047
3 6061 6059 6049
3 6062 6047 6046
3 6063 6060 6047
3 6063 6049 6060
3 6061 7995 6059
3 6114 6105 6061
3 5973 6061 6063
3 6068 6050 6042
3 6251 6050 6069
3 6071 6068 6067
3 5371 6251 6069
3 6065 6064 6048
3 6071 6066 6065
3 6072 6068 6071
3 5372 5371 6070
3 6070 6068 6072
3 6070 6069 6068
3 6083 6084 6080
3 5325 5321 6083
3 6081 6074 6073
3 6082 6080 6074
3 5323 5325 6083
3 5324 5323 6083
3 6081 6073 6079
3 7962 6074 6081
3 5337 6080 6082
3 5337 6083 6080
3 5340 6081 6079
3 5340 7962 6081
3 7962 5337 6082
3 7985 3451 6076
3 3461 7985 6076
3 6086 3461 6076
3 6084 6073 6074
3 6084 6087 6073
3 6085 6075 6087
3 6085 6076 6075
3 7984 3461 6086
3 5317 6076 6085
3 7983 7984 6086
3 7990 6087 6084
3 5315 6085 6087
3 5317 6086 6076
3 5976 7983 6086
3 7994 6012 6078
3 6088 6078 6077
3 7993 6013 7994
3 6014 7993 7994
3 6090 6077 6076
3 6090 6088 6077
3 6090 6089 6088
3 6091 6078 6089
3 6091 7994 6078
3 7992 6014 7994
3 7986 7992 6091
3 6093 6079 6073
3 6099 5340 6095
3 6096 6092 6078
3 6096 6093 6092
3 6097 6094 6093
3 6099 6079 6094
3 6099 6095 6079
3 6021 6099 6098
3 6022 6099 6021
3 7831 6099 6022
3 6071 6065 6111
3 6102 6101 6100
3 6112 6110 6102
3 6112 6111 6110
3 6072 6071 6111
3 6070 6072 6111
3 5372 6113 6112
3 7819 6102 6100
3 7819 6112 6102
3 5972 5956 6106
3 7995 6104 6103
3 6114 6106 6105
3 5970 6106 6114
3 7976 5970 6114
3 5973 7976 6061
3 6146 6145 6128
3 6136 6146 6128
3 7998 6128 6115
3 6136 7998 6115
3 6118 6116 6107
3 7999 6136 6115
3 6117 6118 6107
3 6108 6116 6118
3 6119 6115 6108
3 7975 7999 6115
3 5964 6108 6118
3 7975 6115 6119
3 6122 6121 6120
3 6126 6123 6122
3 6126 6124 6123
3 6126 6125 6124
3 6127 6122 6120
3 7817 7818 6125
3 6128 6120 6108
3 6129 6127 6120
3 6129 6126 6127
3 6130 6125 6126
3 6131 6129 6128
3 6132 6126 6129
3 6226 7817 6130
3 6131 6128 6145
3 6129 6131 6145
3 6129 6145 6134
3 6141 6134 6133
3 6132 6129 6134
3 6142 6133 6140
3 6143 6141 6133
3 6130 6132 6134
3 6226 6130 6144
3 7968 6142 6140
3 6210 6212 6148
3 7975 6210 6148
3 6145 6135 6133
3 7975 6148 6138
3 7999 6137 6136
3 7999 6138 6137
3 6173 6164 6139
3 6175 6173 6139
3 6176 6175 6139
3 6174 6176 6139
3 6148 6147 6136
3 6151 6139 6147
3 6177 6174 6151
3 6149 6147 6148
3 6152 6177 6151
3 6152 6150 6149
3 6152 6151 6150
3 6178 6172 6152
3 8003 6178 6152
3 6154 6140 6133
3 6155 7968 6140
3 6156 6140 6157
3 6156 6155 6140
3 3211 7968 6155
3 7969 3211 6155
3 6157 6140 6154
3 6159 6156 6157
3 6158 6157 6154
3 6158 6159 6157
3 6160 6155 6156
3 6160 3212 6155
3 5275 3212 6160
3 6154 6153 6164
3 6161 6158 6164
3 6161 6163 6162
3 6170 6161 6169
3 6159 6161 6170
3 7827 6162 6168
3 6160 6159 6170
3 5265 7827 6168
3 7827 6161 6162
3 7827 6169 6161
3 5275 6170 6169
3 5275 6160 6170
3 6171 6165 6162
3 5993 5988 6166
3 6173 6165 6171
3 6174 6166 6165
3 6173 6171 6161
3 6175 6165 6173
3 5990 5993 6172
3 6176 6174 6175
3 6177 6166 6174
3 6178 5990 6172
3 6152 6172 6177
3 8003 5992 6178
3 6181 6167 6179
3 6181 6180 6167
3 6182 6167 6180
3 6182 7997 6167
3 6056 7996 6182
3 6183 6179 6166
3 6183 6181 6179
3 6057 6182 6180
3 6057 6056 6182
3 6184 3470 6057
3 7978 6180 6181
3 7978 6057 6180
3 6187 6168 6162
3 7828 5265 6168
3 6189 6185 6167
3 6190 6186 6189
3 6190 6187 6186
3 6190 6188 6187
3 7966 6187 6188
3 6244 7828 6168
3 6054 6188 6190
3 6191 6168 7966
3 6234 6244 6168
3 5997 5994 5989
3 6201 6202 6214
3 5998 5997 6202
3 6204 6202 6201
3 7982 5998 6202
3 6200 6201 6199
3 7981 6204 6203
3 6149 6148 6196
3 6152 6149 6205
3 8003 6196 6195
3 8003 6205 6196
3 8004 6194 6193
3 8004 6195 6194
3 6206 8006 6198
3 6207 6197 6192
3 6208 6198 6197
3 8005 6206 6198
3 5954 8005 6208
3 6209 6207 6194
3 6211 6208 6207
3 5954 6208 6211
3 6212 6210 6209
3 5964 5954 6211
3 6148 6209 6196
3 7975 6211 6210
3 7975 5964 6211
3 6198 6213 6197
3 6198 6214 6213
3 6216 6215 6198
3 6220 6217 6216
3 6221 6199 6220
3 6222 7980 6218
3 6222 6218 6219
3 7989 7980 6222
3 6142 7968 6226
3 6143 6142 6226
3 6141 6143 6226
3 6144 6141 6226
3 6237 6223 6236
3 6238 6224 6223
3 6239 6225 6224
3 7967 6144 6226
3 6238 6223 6237
3 7818 6237 6236
3 7818 6238 6237
3 7817 6239 6238
3 7817 6226 6239
3 7827 5265 5275
3 6240 6227 6224
3 6241 6240 6225
3 7968 6241 6239
3 3211 6240 6241
3 7969 6242 6240
3 7969 6228 6242
3 3212 6229 6228
3 7965 6050 6235
3 6243 6232 6231
3 6191 6235 6234
3 7966 7965 6191
3 6244 6232 6243
3 6244 6233 6232
3 5265 6231 6230
3 5265 6230 5275
3 7828 6231 5265
3 7828 6243 6231
3 7828 6244 6243
3 6234 6233 6244
3 6246 6236 6223
3 7819 7818 6250
3 6247 6223 6248
3 6247 6246 6223
3 6252 6236 6246
3 6248 6245 6232
3 6250 6236 6252
3 5372 7819 6250
3 6251 6248 6233
3 6251 6249 6248
3 6050 6251 6235
3 5371 6249 6251
3 5371 6252 6249
3 5372 6250 6252
3 7961 5302 6256
3 6264 6256 6265
3 5381 7961 6264
3 6254 6253 6263
3 6265 6255 6254
3 5291 5381 6264
3 6266 6254 6263
3 7834 6265 6266
3 8142 5291 6264
3 7823 6273 6258
3 6268 6253 6255
3 6268 6257 6253
3 5311 7823 5301
3 6269 6257 6268
3 6269 6267 6257
3 7824 5311 5301
3 6269 6268 6265
3 5302 6269 6256
3 5301 6258 6267
3 7962 5340 5441
3 6272 6261 6260
3 6271 6259 6267
3 6260 6270 6272
3 6272 6281 6261
3 5337 7962 5441
3 6273 6260 6271
3 6273 6271 6258
3 5441 6262 6272
3 6278 6263 6253
3 7833 6266 6277
3 6279 6274 6260
3 6282 6253 6275
3 6282 6276 6253
3 6282 6278 6276
3 7832 7833 6277
3 6281 6279 6261
3 6279 6282 6275
3 6277 6263 6278
3 6020 7832 6277
3 6280 6282 6279
3 5340 6281 6262
3 5340 6279 6281
3 6099 6282 6280
3 6099 6277 6282
3 7831 6020 6277
3 6296 6295 6284
3 8008 6292 6293
3 8008 6294 6292
3 6325 6283 6294
3 6325 6284 6283
3 8007 6714 6288
3 6283 6285 6294
3 6300 6715 8007
3 6297 6287 6286
3 6298 6288 6287
3 6300 8007 6288
3 6 345 6300
3 6301 6309 6291
3 3121 3123 6301
3 3115 3121 6301
3 3132 3115 6301
3 3133 3132 6301
3 6302 6290 6289
3 3134 3133 6301
3 3135 3134 6301
3 3136 3135 6301
3 6303 6301 6291
3 6714 6285 6288
3 6730 6290 6302
3 6303 6291 6290
3 7736 3136 6303
3 6304 6292 6294
3 6306 6293 6292
3 8009 6293 6308
3 6309 6304 6290
3 6309 6305 6304
3 6310 6307 6306
3 6310 6308 6307
3 6310 8009 6308
3 8010 6318 6310
3 6322 19 6312
3 8011 6319 6320
3 8011 6321 6319
3 6349 6311 6321
3 6349 6312 6311
3 8008 6293 6316
3 6311 6313 6321
3 6323 8008 6316
3 6294 8008 6323
3 6325 6294 6323
3 6324 6315 6314
3 6324 6316 6315
3 6325 6323 6316
3 3155 3160 3146
3 6327 3146 6318
3 6326 6317 8009
3 3147 3155 6327
3 3156 3147 6327
3 3157 3156 6327
3 3159 3157 6327
3 8010 6327 6318
3 6293 6313 6316
3 6310 6317 6326
3 6328 6319 6321
3 6329 6320 6319
3 8012 6320 6331
3 6333 6328 6317
3 6333 6329 6328
3 6334 6330 6332
3 6334 6331 6330
3 6334 8012 6331
3 3146 6333 6318
3 3145 6332 6333
3 8013 6341 6334
3 38 6335 6336
3 43 38 6345
3 8014 6344 6343
3 6345 6335 6344
3 6345 6336 6335
3 6345 38 6336
3 6335 6337 6344
3 6346 8011 6340
3 6321 8011 6346
3 6349 6321 6346
3 6347 6338 6335
3 6348 6339 6338
3 6348 6340 6339
3 6349 6346 6340
3 6350 6356 6342
3 3176 3168 6350
3 3177 3176 6350
3 3178 3177 6350
3 3179 3178 6350
3 3180 3179 6350
3 6351 6341 8012
3 3181 3180 6350
3 3182 3181 6350
3 3183 3182 6350
3 7800 3183 6350
3 8013 6350 6342
3 6320 6337 6340
3 6334 6341 6351
3 8013 6342 6341
3 6352 6343 6344
3 6354 8014 6343
3 6362 6366 6355
3 6382 6362 6355
3 6356 6352 6341
3 6356 6353 6352
3 6357 6355 6354
3 6368 6382 6355
3 6358 6354 6356
3 3197 6368 6357
3 7503 65 6361
3 6373 6376 6369
3 6373 6359 6376
3 6373 6371 6359
3 6361 6376 6360
3 6372 6369 6370
3 6375 6373 6372
3 66 7503 6374
3 7590 66 6374
3 6360 6371 6373
3 6360 6359 6371
3 8014 6366 6365
3 6378 8014 6365
3 6344 8014 6378
3 6345 6344 6378
3 6380 6363 6376
3 6378 6379 6377
3 3194 3192 6383
3 6382 6368 6367
3 3195 3194 6383
3 6382 6367 6362
3 3196 3195 6383
3 3198 3196 6383
3 6366 6362 6364
3 3197 6383 6368
3 6385 6369 6376
3 6399 8015 6386
3 6387 6370 6389
3 6401 6399 6386
3 6390 6385 6384
3 6401 6386 6372
3 6390 6384 6368
3 6391 6387 6389
3 6391 6370 6387
3 6391 6388 6370
3 6392 6401 6388
3 81 7509 6404
3 7508 81 6404
3 6405 6403 6393
3 6406 6408 6394
3 6407 6393 6422
3 6407 6405 6393
3 7507 7508 6406
3 6429 6407 6422
3 6429 6405 6407
3 7507 6394 6403
3 7507 6406 6394
3 6408 6395 6393
3 6375 8015 6398
3 6373 6375 6398
3 6360 6373 6398
3 6410 6396 6408
3 6410 6397 6396
3 6411 6398 6397
3 6361 6360 6398
3 6374 6361 6411
3 7590 6374 6411
3 6412 6417 6402
3 3220 6412 6402
3 3219 3216 3220
3 6392 3220 6402
3 8015 6395 6397
3 6401 6400 6399
3 6392 6402 6401
3 6415 6422 6393
3 6423 6422 6416
3 6418 6415 6414
3 6434 6423 6416
3 6437 6434 6416
3 6417 6413 6400
3 6418 6414 6413
3 6424 6437 6416
3 6426 6430 6425
3 6426 6419 6430
3 7514 6430 8016
3 110 7514 6427
3 6428 6426 6425
3 105 110 6427
3 7513 105 6427
3 8016 6419 6426
3 6429 6422 6421
3 6405 6429 6432
3 6403 6405 6432
3 7507 6403 6432
3 6433 6431 6430
3 7507 6420 6431
3 7507 6421 6420
3 7507 6432 6429
3 6422 6423 6420
3 6437 6435 6434
3 6438 6436 6424
3 3236 3235 6436
3 3237 3236 6436
3 6424 6435 6437
3 6439 6438 6424
3 7825 3237 6439
3 6441 6425 6430
3 6448 6440 6423
3 6448 6441 6440
3 6442 6441 6448
3 6449 6445 6444
3 6449 6446 6445
3 6449 6447 6446
3 6460 8017 6449
3 3232 6443 6442
3 8132 6460 6449
3 6463 124 6454
3 6463 6454 6453
3 6451 6450 6461
3 6464 6462 6451
3 6464 6451 6461
3 6463 6452 6462
3 6463 6453 6452
3 6428 6470 6457
3 6468 6455 6467
3 6465 6456 6455
3 6467 6455 6451
3 6426 6428 6457
3 8016 6426 6457
3 124 6468 6467
3 130 6465 6468
3 6469 6456 6465
3 6469 6466 6456
3 6469 6457 6466
3 6427 8016 6469
3 7513 6427 6469
3 3254 3244 6477
3 3255 3254 6477
3 3256 3255 6477
3 3257 3256 6477
3 6470 6458 6455
3 6471 6477 6460
3 3258 3257 6477
3 3259 3258 8132
3 3227 3259 8132
3 6447 6458 6470
3 8017 6458 6447
3 8017 6459 6458
3 6474 6461 6450
3 8018 6461 6476
3 6477 6472 6458
3 6477 6473 6472
3 6479 6475 6474
3 6479 6476 6475
3 6479 8018 6476
3 8019 6487 6479
3 8020 6480 6488
3 6517 7524 6481
3 8020 6488 6489
3 142 7524 6517
3 149 142 6517
3 7523 149 6517
3 6517 6480 8020
3 6517 6490 6480
3 6517 6481 6490
3 6464 6461 6485
3 6490 6482 6480
3 6491 6464 6485
3 6462 6464 6491
3 6463 6462 6491
3 6492 6483 6490
3 148 6484 6483
3 148 6485 6484
3 6493 6500 6487
3 3276 3268 6493
3 3277 3276 6493
3 3278 3277 6493
3 3279 3278 6493
3 3280 3279 6493
3 6494 6486 8018
3 3281 3280 6493
3 3282 3281 6493
3 3283 3282 6493
3 3284 3283 6493
3 8019 6493 6487
3 6461 6482 6485
3 6479 6486 6494
3 6495 6488 6480
3 6496 6489 6488
3 8021 6489 6498
3 6500 6495 6486
3 6500 6496 6495
3 6501 6497 6499
3 6501 6498 6497
3 6501 8021 6498
3 6499 6496 6500
3 6520 6508 6501
3 7530 6502 6503
3 8022 6510 6511
3 8022 6512 6510
3 160 7530 6513
3 6544 6502 6512
3 6544 6503 6502
3 6544 7530 6503
3 8020 6489 6507
3 6502 6504 6512
3 6514 8020 6507
3 6517 8020 6514
3 6515 6505 6502
3 6516 6506 6505
3 6516 6507 6506
3 6517 6514 6507
3 6518 6526 6509
3 3300 3291 6518
3 3301 3300 6518
3 3302 3301 6518
3 3303 3302 6518
3 3304 3303 6518
3 6519 6508 8021
3 3305 3304 6518
3 3306 3305 6518
3 3307 3306 6518
3 6520 6518 6509
3 6489 6504 6507
3 6501 6508 6519
3 6520 6509 6508
3 7853 3307 6520
3 6521 6510 6512
3 6523 6511 6510
3 8023 6511 6525
3 6526 6521 6508
3 6526 6522 6521
3 6527 6524 6523
3 6527 6525 6524
3 6527 8023 6525
3 6547 6534 6527
3 7537 6528 6529
3 8024 6536 6537
3 8024 6538 6536
3 185 7537 6539
3 6570 6528 6538
3 6570 6529 6528
3 6570 7537 6529
3 8022 6511 6533
3 6528 6530 6538
3 6540 8022 6533
3 6512 8022 6540
3 6544 6512 6540
3 6541 6531 6528
3 6542 6532 6531
3 6542 6533 6532
3 6544 6540 6533
3 6545 6553 6535
3 3325 3315 6545
3 3326 3325 6545
3 3327 3326 6545
3 3328 3327 6545
3 3329 3328 6545
3 6546 6534 8023
3 3330 3329 6545
3 3331 3330 6545
3 3332 3331 6545
3 6547 6545 6535
3 6511 6530 6533
3 6527 6534 6546
3 6547 6535 6534
3 7862 3332 6547
3 6548 6536 6538
3 6550 6537 6536
3 8025 6537 6552
3 6553 6548 6534
3 6553 6549 6548
3 6554 6551 6550
3 6554 6552 6551
3 6554 8025 6552
3 8026 6561 6554
3 8027 6563 6564
3 8027 6565 6563
3 6595 6555 6565
3 6595 6556 6555
3 8024 6537 6560
3 6555 6557 6565
3 6567 8024 6560
3 6538 8024 6567
3 6570 6538 6567
3 6568 6558 6555
3 6569 6559 6558
3 6569 6560 6559
3 6570 6567 6560
3 6571 6578 6562
3 3351 3340 6571
3 3352 3351 6571
3 3353 3352 6571
3 3354 3353 6571
3 3355 3354 6571
3 6572 6561 8025
3 3356 3355 6571
3 3357 3356 6571
3 3358 3357 6571
3 3359 3358 6571
3 8026 6571 6562
3 6537 6557 6560
3 6554 6561 6572
3 8026 6562 6561
3 6573 6563 6565
3 6575 6564 6563
3 8028 6564 6577
3 6578 6573 6561
3 6578 6574 6573
3 6579 6576 6575
3 6579 6577 6576
3 6579 8028 6577
3 8029 6587 6579
3 6590 6581 6580
3 6617 6580 6589
3 6617 6590 6580
3 6619 6581 6590
3 6619 6582 6581
3 6581 6583 6580
3 6592 8027 6586
3 6565 8027 6592
3 6595 6565 6592
3 6593 6584 6581
3 6594 6585 6584
3 6594 6586 6585
3 6595 6592 6586
3 6596 6603 6588
3 3374 3368 6596
3 3375 3374 6596
3 3376 3375 6596
3 6597 6587 8028
3 3377 3376 6596
3 3378 3377 6596
3 8029 6596 6588
3 6564 6583 6586
3 6579 6587 6597
3 8029 6588 6587
3 6600 6589 6580
3 8030 6589 6602
3 6603 6598 6587
3 6603 6599 6598
3 6604 6601 6600
3 6604 6602 6601
3 6604 8030 6602
3 6622 6611 6604
3 6616 6605 6606
3 8031 6613 6614
3 8031 6615 6613
3 250 239 6616
3 6644 6605 6615
3 6644 6606 6605
3 6644 6616 6606
3 6617 6589 6610
3 6605 6607 6615
3 6619 6590 6617
3 6618 6609 6608
3 6618 6610 6609
3 6619 6617 6610
3 6620 6628 6612
3 3395 3386 6620
3 3396 3395 6620
3 3379 3396 6620
3 6621 6611 8030
3 3397 3379 6620
3 3398 3397 6620
3 3399 3398 6620
3 6622 6620 6612
3 6589 6607 6610
3 6604 6611 6621
3 6622 6612 6611
3 7892 3399 6622
3 6623 6613 6615
3 6625 6614 6613
3 8032 6614 6627
3 6628 6623 6611
3 6628 6624 6623
3 6629 6626 6625
3 6629 6627 6626
3 6629 8032 6627
3 8033 6636 6629
3 8034 6638 6639
3 8034 6640 6638
3 6668 6630 6640
3 6668 6631 6630
3 8031 6614 6635
3 6630 6632 6640
3 6642 8031 6635
3 6615 8031 6642
3 6644 6615 6642
3 6643 6634 6633
3 6643 6635 6634
3 6644 6642 6635
3 6645 6652 6637
3 3415 3409 6645
3 3416 3415 6645
3 3417 3416 6645
3 3418 3417 6645
3 3419 3418 6645
3 6646 6636 8032
3 3420 3419 6645
3 3421 3420 6645
3 3422 3421 6645
3 3423 3422 6645
3 8033 6645 6637
3 6614 6632 6635
3 6629 6636 6646
3 8033 6637 6636
3 6647 6638 6640
3 6649 6639 6638
3 8035 6639 6651
3 6652 6647 6636
3 6652 6648 6647
3 6653 6650 6649
3 6653 6651 6650
3 6653 8035 6651
3 6671 6660 6653
3 6665 6654 6655
3 8036 6662 6663
3 8036 6664 6662
3 291 282 6665
3 6694 6654 6664
3 6694 6655 6654
3 6694 6665 6655
3 8034 6639 6659
3 6654 6656 6664
3 6666 8034 6659
3 6640 8034 6666
3 6668 6640 6666
3 6667 6658 6657
3 6667 6659 6658
3 6668 6666 6659
3 6669 6677 6661
3 3440 3431 6669
3 3441 3440 6669
3 3442 3441 6669
3 3443 3442 6669
3 3444 3443 6669
3 6670 6660 8035
3 3445 3444 6669
3 3446 3445 6669
3 3447 3446 6669
3 6671 6669 6661
3 6639 6656 6659
3 6653 6660 6670
3 6671 6661 6660
3 7913 3447 6671
3 6672 6662 6664
3 6674 6663 6662
3 8037 6663 6676
3 6677 6672 6660
3 6677 6673 6672
3 6678 6675 6674
3 6678 6676 6675
3 6678 8037 6676
3 8038 6685 6678
3 7568 6679 6680
3 8039 6687 6688
3 8039 6689 6687
3 331 7568 6690
3 6720 6679 6689
3 6720 6680 6679
3 6720 7568 6680
3 8036 6663 6684
3 6679 6681 6689
3 6691 8036 6684
3 6664 8036 6691
3 6694 6664 6691
3 6692 6682 6679
3 6693 6683 6682
3 6693 6684 6683
3 6694 6691 6684
3 6695 6702 6686
3 3487 3480 6695
3 3488 3487 6695
3 3489 3488 6695
3 6696 6685 8037
3 3490 3489 6695
3 3491 3490 6695
3 8038 6695 6686
3 6663 6681 6684
3 6678 6685 6696
3 8038 6686 6685
3 6697 6687 6689
3 6699 6688 6687
3 8040 6688 6701
3 6702 6697 6685
3 6702 6698 6697
3 6703 6700 6699
3 6703 6701 6700
3 6703 8040 6701
3 8041 6711 6703
3 7571 343 6706
3 345 7571 6706
3 6716 6713 6714
3 6716 6715 6713
3 351 346 345
3 8007 6716 6714
3 8007 6715 6716
3 6300 6704 6715
3 6300 6705 6704
3 6300 345 6705
3 6 351 345
3 8039 6688 6710
3 6704 6707 6715
3 6717 8039 6710
3 6689 8039 6717
3 6720 6689 6717
3 6718 6708 6704
3 6719 6709 6708
3 6719 6710 6709
3 6720 6717 6710
3 6721 6729 6712
3 3509 3499 6721
3 3510 3509 6721
3 3492 3510 6721
3 6722 6711 8040
3 3511 3492 6721
3 3512 3511 6721
3 3513 3512 6721
3 3514 3513 6721
3 8041 6721 6712
3 6688 6707 6710
3 6703 6711 6722
3 8041 6712 6711
3 6723 6713 6715
3 6725 6714 6713
3 6289 6714 6727
3 6302 6289 6727
3 6729 6723 6711
3 6729 6724 6723
3 6730 6726 6728
3 6730 6727 6726
3 6730 6302 6727
3 6728 6725 6729
3 6303 6290 6730
3 2180 2169 6732
3 6741 6732 6739
3 6740 6741 6739
3 6777 6741 6740
3 2179 2180 6741
3 6777 6740 6739
3 3098 6741 6777
3 3098 2179 6741
3 106 2179 3098
3 6834 7726 6737
3 7727 6834 6737
3 6744 6733 6739
3 6735 6734 6733
3 6737 6736 6735
3 7728 6836 7727
3 2169 6733 6744
3 7595 6737 6735
3 7595 7727 6737
3 7595 7728 7727
3 6746 6738 6733
3 6747 3038 6738
3 6750 6747 6738
3 8050 6748 6747
3 6749 6745 6734
3 6749 6746 6745
3 6750 6738 6746
3 3031 8050 6750
3 3032 3031 6750
3 7726 6749 6737
3 7725 6750 6749
3 7725 6751 6750
3 6752 3032 6751
3 6754 6739 6731
3 6759 8048 6739
3 6753 6731 6733
3 6755 6754 6753
3 6760 8048 6759
3 3041 8048 6760
3 8049 8048 3041
3 3040 6756 6755
3 3040 6757 6756
3 83 6763 6762
3 6773 6769 6761
3 6770 83 6762
3 6775 6770 6769
3 6771 6761 6768
3 6772 6773 6771
3 6775 83 6770
3 6772 6771 6768
3 8045 6775 6774
3 6776 8047 6766
3 6743 6742 6776
3 6777 6743 6776
3 3098 6777 6776
3 7697 6764 6763
3 7697 6765 6764
3 3094 6766 6765
3 98 6776 6766
3 3015 3007 6786
3 6781 6786 6767
3 6778 3015 6786
3 6778 6786 6781
3 6767 6761 6763
3 6779 6778 6781
3 6779 3014 6778
3 6780 6767 6765
3 3008 6779 6781
3 8048 6780 6766
3 8048 6767 6780
3 6784 6781 6767
3 8049 3016 3008
3 8048 6784 6783
3 8048 6785 6784
3 8048 8049 6785
3 8049 3008 6782
3 6789 6768 6761
3 6814 6772 6790
3 6791 6768 6789
3 8046 6814 6790
3 3012 6791 6789
3 8046 6790 6791
3 7729 6816 8046
3 6801 6803 6792
3 2443 6793 6803
3 6805 6803 6802
3 6809 6803 6805
3 6806 6804 6803
3 3088 2443 6806
3 6807 6801 6799
3 3088 6806 6809
3 7591 3088 6809
3 6773 6772 6796
3 6810 6795 6794
3 6773 6796 6795
3 2433 6773 6795
3 8045 6774 6773
3 6810 6794 6793
3 2433 6795 6810
3 6811 6797 6792
3 2982 6798 6797
3 6813 2982 6797
3 2992 2982 6813
3 6814 6792 6795
3 6812 6797 6811
3 6812 6813 6797
3 2983 2992 6813
3 8051 6813 6815
3 8051 2983 6813
3 6814 6811 6792
3 6814 6812 6811
3 6815 6813 6812
3 6816 8051 6815
3 2983 8051 6816
3 6772 6814 6796
3 8046 6812 6814
3 8046 6815 6812
3 6820 6800 6799
3 6841 6828 6800
3 2986 6799 6817
3 6842 6841 6800
3 6821 6842 6800
3 6817 6792 6797
3 6821 6800 6820
3 6831 6823 6822
3 6832 6831 6822
3 6834 6822 6830
3 6835 6831 6832
3 6833 6830 6849
3 6836 6832 6834
3 6836 6835 6832
3 7726 6833 6849
3 7726 6834 6833
3 7727 6836 6834
3 7728 7696 6836
3 6808 6807 6828
3 6837 6828 6827
3 6805 6808 6828
3 3091 6805 6828
3 7695 6824 6823
3 7591 6809 3091
3 7694 6824 7695
3 7694 6825 6824
3 7694 6826 6825
3 3091 6827 6826
3 3091 6837 6827
3 3091 6828 6837
3 2938 2937 6829
3 6838 2938 6829
3 6839 6845 6825
3 6839 6829 6845
3 6839 6838 6829
3 6844 2943 6838
3 6840 6844 6838
3 6841 6825 6828
3 6841 6839 6825
3 6840 6838 6839
3 2944 2943 6844
3 6821 6840 6843
3 6821 6844 6840
3 6847 6849 6830
3 6749 7726 6850
3 7725 6749 6850
3 6851 6830 6845
3 6851 6846 6830
3 6851 6845 6829
3 2937 6847 6852
3 6752 7725 6850
3 2937 6851 6829
3 2242 2250 6860
3 2242 6860 6861
3 6861 6860 6859
3 6865 2242 6861
3 6864 6861 6859
3 6866 2242 6865
3 3108 2242 6866
3 6862 6853 6858
3 6864 6859 6863
3 6865 6861 6864
3 3108 6866 6865
3 7593 6865 6960
3 7593 3108 6865
3 6863 6862 6858
3 6960 6864 6863
3 6960 6865 6864
3 6890 6889 6874
3 6891 6890 6874
3 6892 6891 6874
3 6893 6892 6874
3 6867 6854 6853
3 6894 6893 6874
3 6887 6894 6874
3 6860 6867 6859
3 6868 6874 6855
3 2250 6867 6860
3 2250 6854 6867
3 2250 6868 6854
3 6868 6855 6854
3 2270 6874 6868
3 2270 6887 6874
3 2270 7721 6887
3 6869 8058 6857
3 6870 6857 6856
3 6870 6869 6857
3 6871 8058 6869
3 6871 2959 8058
3 6872 6856 6854
3 6874 6872 6855
3 6872 6870 6856
3 6871 6869 6870
3 2965 6873 6871
3 8056 6863 6877
3 6961 8056 6877
3 8057 6961 6877
3 6879 6858 6878
3 8057 6877 6858
3 8057 6858 6879
3 6876 6875 8058
3 2093 2092 6880
3 6887 2093 6880
3 6887 6880 6886
3 7721 2093 6887
3 6895 6899 6883
3 6896 6884 6899
3 7692 6922 6896
3 2092 6881 6880
3 2092 6882 6881
3 7684 6899 6895
3 7596 6896 6899
3 7596 7692 6896
3 2921 2919 6903
3 6897 6898 6885
3 6898 2921 6903
3 6899 6885 6883
3 2922 2921 6898
3 7719 6898 6897
3 6899 6897 6885
3 6901 2922 6898
3 6902 6898 7719
3 6902 6901 6898
3 2923 2922 6901
3 8055 2923 6902
3 6923 6899 6884
3 6942 6900 6899
3 6942 6902 7719
3 6905 6886 6880
3 2929 6888 6886
3 6874 6889 6888
3 6872 6874 6888
3 6871 6872 6909
3 2965 6871 6909
3 2926 6906 6905
3 6921 6920 6910
3 6922 6921 6918
3 7692 7691 6922
3 6896 6922 6918
3 6955 6954 6916
3 6956 6955 6916
3 6916 6915 6914
3 6957 6956 6916
3 2211 6958 6957
3 6913 6912 7690
3 2211 6957 6916
3 8052 6958 2211
3 6953 8052 2211
3 7690 6910 2201
3 7690 6911 6910
3 7690 6914 6913
3 7690 6916 6914
3 2370 6953 2211
3 6925 6941 6917
3 6924 6917 6911
3 6927 6925 6924
3 2304 2296 6926
3 6928 6925 6927
3 6929 6926 6925
3 6928 6927 6924
3 2304 6929 6928
3 6930 6924 6916
3 8053 2304 6928
3 8053 2297 2304
3 6954 6930 6916
3 6933 6918 6910
3 6939 6919 6918
3 6899 6923 6919
3 6942 6899 6919
3 2302 6933 6932
3 6939 6938 6937
3 6940 6932 6941
3 2302 6936 6935
3 2302 6937 6936
3 6942 6919 6939
3 6951 6950 6943
3 6952 3114 6951
3 2370 2369 6953
3 6957 6951 6943
3 8052 6953 6958
3 6960 6863 6946
3 7594 6944 6943
3 7594 6945 6944
3 6960 6946 6945
3 7593 6960 6945
3 6959 6945 7594
3 7593 6945 6959
3 2222 2220 6948
3 6948 6967 6947
3 6963 6948 6947
3 2223 2222 6948
3 6961 6947 6945
3 6962 6963 6947
3 6963 2224 2223
3 8059 2224 6963
3 8056 6961 6945
3 6964 6962 6961
3 6965 6963 6962
3 2225 8059 6966
3 2235 2225 6966
3 6863 8056 6946
3 8057 6964 6961
3 8057 6962 6964
3 8057 6965 6962
3 8057 6966 6965
3 8057 2235 6966
3 6973 6949 6943
3 6931 6954 6949
3 8053 6931 6949
3 6969 6968 6967
3 6974 6972 6971
3 6974 6973 6972
3 2230 6969 6967
3 2220 6967 6948
3 2220 2230 6967
3 6974 6949 6973
3 8054 8053 6974
3 2234 6970 6969
3 2305 8054 6974
3 6983 6976 6982
3 6984 6983 6981
3 6999 6984 6981
3 6986 6983 6984
3 6985 7484 6983
3 6985 7480 7484
3 6986 6984 6999
3 6988 6986 6999
3 6990 6985 6986
3 7485 7481 6985
3 6991 6999 6987
3 6991 6988 6999
3 6991 6989 6988
3 6991 6990 6989
3 7486 6987 6999
3 7486 6991 6987
3 395 6990 6991
3 395 7485 6990
3 2724 2733 2725
3 6992 6975 6982
3 2726 2725 6979
3 6993 6978 8083
3 6993 6979 6978
3 2727 2726 6993
3 8082 6978 6992
3 8082 8083 6978
3 2747 6975 6992
3 6995 6980 6994
3 7016 6980 6995
3 7489 7016 6995
3 7488 7489 6995
3 8061 7488 6995
3 2749 6994 8084
3 2755 6995 6994
3 6996 6981 6982
3 362 7486 6999
3 7490 6982 6994
3 8106 6999 6998
3 8106 398 6999
3 7487 398 8106
3 7007 7002 7025
3 7007 7003 7002
3 6996 6982 7490
3 7008 7004 7003
3 7008 7490 7004
3 7012 7490 7008
3 7009 7008 7007
3 7000 6996 7012
3 7029 7009 7007
3 7001 7000 7012
3 7011 7009 7029
3 7011 7008 7009
3 6997 7001 7012
3 7014 7011 7029
3 7012 7010 7011
3 6998 6997 7012
3 7491 7029 7013
3 7491 7014 7029
3 7012 7011 7015
3 8106 6998 7012
3 7492 7013 7029
3 7492 7491 7013
3 7487 7012 7015
3 7017 2591 7006
3 2585 2584 7017
3 7018 7006 7016
3 2585 7017 7006
3 2586 2585 7018
3 6980 7006 7005
3 6980 7016 7006
3 7489 7018 7016
3 8061 2586 7018
3 8061 2757 2586
3 7019 7002 7005
3 7019 7020 7002
3 7021 7495 7020
3 7049 7495 7021
3 7023 7021 7020
3 7494 7049 7021
3 7024 7019 7006
3 8085 7020 7019
3 2612 7494 7021
3 7026 7007 7025
3 364 7492 7029
3 7495 7025 7020
3 8107 7029 7028
3 8107 401 7029
3 7493 401 8107
3 7040 7032 7056
3 7040 7033 7032
3 7026 7025 7495
3 7041 7034 7033
3 7041 7495 7034
3 7045 7495 7041
3 7042 7041 7040
3 7030 7026 7045
3 7060 7042 7040
3 7031 7030 7045
3 7044 7042 7060
3 7044 7041 7042
3 7027 7031 7045
3 7047 7044 7060
3 7045 7043 7044
3 7028 7027 7045
3 7496 7060 7046
3 7496 7047 7060
3 7045 7044 7048
3 8107 7028 7045
3 7497 7046 7060
3 7497 7496 7046
3 7493 7045 7048
3 7049 7037 7036
3 2446 2444 7038
3 7050 7037 7049
3 7050 7038 7037
3 7050 2446 7038
3 7495 7036 7035
3 7494 7050 7049
3 2612 2447 7050
3 2612 2448 2447
3 7037 7032 7035
3 7037 7051 7032
3 7499 7500 7039
3 7053 7499 7039
3 7054 7037 7038
3 7055 7051 7037
3 8067 7499 7053
3 7498 7499 8067
3 2318 7498 8067
3 8086 7054 7038
3 7057 7040 7056
3 366 7497 7060
3 7066 7056 7051
3 8108 7060 7059
3 8108 404 7060
3 367 404 8108
3 405 367 8108
3 7070 7064 7063
3 7057 7056 7066
3 7069 7064 7070
3 7071 7065 7064
3 7071 7066 7065
3 7072 7071 7069
3 7061 7057 7071
3 7073 7072 7069
3 7074 7071 7072
3 7062 7061 7071
3 7076 7072 7073
3 7076 7074 7072
3 7076 7075 7074
3 7076 7071 7075
3 7058 7062 7071
3 7078 7073 7090
3 7059 7058 7077
3 7076 7073 7078
3 8108 7059 7077
3 7501 7078 7090
3 7501 7076 7078
3 2316 2321 7068
3 7080 2316 7068
3 7081 7068 7079
3 7081 7080 7068
3 2318 2317 7081
3 7500 7068 7067
3 7500 7079 7068
3 7499 7081 7079
3 7082 7063 7067
3 7082 7083 7063
3 7084 7504 7083
3 7111 7504 7084
3 7085 7084 7083
3 7112 7111 7084
3 7113 7112 7084
3 7086 7082 7068
3 8087 7083 7082
3 7087 7069 7070
3 368 7501 7090
3 7504 7070 7083
3 8109 7090 7089
3 8109 408 7090
3 7502 408 8109
3 7102 7093 7118
3 7102 7094 7093
3 7087 7070 7504
3 7103 7095 7094
3 7103 7504 7095
3 7107 7504 7103
3 7104 7103 7102
3 7091 7087 7107
3 7122 7104 7102
3 7092 7091 7107
3 7106 7104 7122
3 7106 7103 7104
3 7088 7092 7107
3 7109 7106 7122
3 7107 7105 7106
3 7089 7088 7107
3 7505 7122 7108
3 7505 7109 7122
3 7107 7106 7110
3 8109 7089 7107
3 7506 7108 7122
3 7506 7505 7108
3 7502 7107 7110
3 7111 7098 7097
3 8088 7117 7099
3 8088 2196 7117
3 7112 7098 7111
3 7112 7099 7098
3 7113 8088 7099
3 2196 8088 7113
3 7504 7097 7096
3 7100 7093 7096
3 7115 7511 7101
3 7116 7115 7101
3 7510 7511 7115
3 7117 7100 7099
3 2215 7114 7100
3 8070 7510 7115
3 2218 7116 7101
3 8070 7115 7116
3 7119 7102 7118
3 370 7506 7122
3 7128 7118 7114
3 8110 7122 7121
3 8110 411 7122
3 371 411 8110
3 412 371 8110
3 7134 7126 7125
3 7119 7118 7128
3 7133 7126 7134
3 7135 7127 7126
3 7135 7128 7127
3 7136 7135 7133
3 7123 7119 7135
3 7137 7136 7133
3 7138 7135 7136
3 7124 7123 7135
3 7140 7136 7137
3 7140 7138 7136
3 7140 7139 7138
3 7140 7135 7139
3 7120 7124 7135
3 7142 7137 7152
3 7121 7120 7141
3 7140 7137 7142
3 8110 7121 7141
3 7512 7142 7152
3 7512 7140 7142
3 7143 7131 7130
3 7145 7131 7143
3 7145 7132 7131
3 7145 2061 7132
3 2057 7144 7145
3 7511 7130 7129
3 7511 7143 7130
3 7510 7145 7143
3 8070 2057 7145
3 7131 7125 7129
3 7131 7146 7125
3 7147 7516 7146
3 8089 7147 7146
3 7175 7516 7147
3 7515 7175 7147
3 2070 7146 7131
3 2078 7515 7147
3 7149 7133 7134
3 372 7512 7152
3 7158 7134 7146
3 8111 7152 7151
3 8111 415 7152
3 373 415 8111
3 416 373 8111
3 7165 7156 7155
3 7149 7134 7158
3 7164 7156 7165
3 7166 7157 7156
3 7166 7158 7157
3 7167 7166 7164
3 7153 7149 7166
3 7168 7167 7164
3 7169 7166 7167
3 7154 7153 7166
3 7171 7167 7168
3 7171 7169 7167
3 7171 7170 7169
3 7171 7166 7170
3 7150 7154 7166
3 7173 7168 7183
3 7151 7150 7172
3 7171 7168 7173
3 8111 7151 7172
3 7517 7173 7183
3 7517 7171 7173
3 1910 1919 7162
3 7174 7161 7160
3 1911 1910 8090
3 7175 7161 7174
3 7175 7162 7161
3 7516 7160 7159
3 7516 7174 7160
3 2078 8090 7175
3 2078 1918 8090
3 7161 7155 7159
3 7161 7176 7155
3 7177 7519 7163
3 7179 7177 7163
3 7204 7519 7177
3 7179 7204 7177
3 1932 7176 7161
3 1930 1932 1929
3 1935 7163 1932
3 7180 7164 7165
3 374 7517 7183
3 7519 7165 7176
3 8112 7183 7182
3 8112 419 7183
3 7518 419 8112
3 7194 7186 7211
3 7194 7187 7186
3 7180 7165 7519
3 7195 7188 7187
3 7195 7519 7188
3 7199 7519 7195
3 7196 7195 7194
3 7184 7180 7199
3 7215 7196 7194
3 7185 7184 7199
3 7198 7196 7215
3 7198 7195 7196
3 7181 7185 7199
3 7201 7198 7215
3 7199 7197 7198
3 7182 7181 7199
3 7520 7215 7200
3 7520 7201 7215
3 7199 7198 7202
3 8112 7182 7199
3 7521 7200 7215
3 7521 7520 7200
3 7518 7199 7202
3 1760 7192 7191
3 7204 7190 7203
3 7204 7191 7190
3 1761 1760 7191
3 7205 1761 7204
3 7519 7190 7189
3 7519 7203 7190
3 7193 7186 7189
3 7207 7526 7208
3 7235 7526 7207
3 1781 7207 7208
3 7525 7235 7207
3 1773 7206 7193
3 1782 7525 7207
3 1775 7208 1773
3 1782 7207 1781
3 7212 7194 7211
3 376 7521 7215
3 7526 7211 7206
3 8113 7215 7214
3 8113 422 7215
3 7522 422 8113
3 7226 7218 7242
3 7226 7219 7218
3 7212 7211 7526
3 7227 7220 7219
3 7227 7526 7220
3 7231 7526 7227
3 7228 7227 7226
3 7216 7212 7231
3 7246 7228 7226
3 7217 7216 7231
3 7230 7228 7246
3 7230 7227 7228
3 7213 7217 7231
3 7233 7230 7246
3 7231 7229 7230
3 7214 7213 7231
3 7527 7246 7232
3 7527 7233 7246
3 7231 7230 7234
3 8113 7214 7231
3 7528 7232 7246
3 7528 7527 7232
3 7522 7231 7234
3 7235 7223 7222
3 7236 1610 7224
3 7236 7223 7235
3 7236 7224 7223
3 1618 1612 7236
3 7526 7222 7221
3 7525 7236 7235
3 1782 1618 7236
3 1782 1619 1618
3 7223 7218 7221
3 7223 7237 7218
3 7238 7533 7225
3 7239 7238 7225
3 7266 7533 7238
3 7241 7266 7238
3 1628 7223 7224
3 7240 7237 7223
3 7241 7238 7239
3 7531 7532 7241
3 1632 1634 7240
3 7243 7226 7242
3 378 7528 7246
3 7533 7242 7237
3 8114 7246 7245
3 8114 425 7246
3 7529 425 8114
3 7256 7249 7271
3 7256 7250 7249
3 7243 7242 7533
3 7257 7251 7250
3 7257 7533 7251
3 7261 7533 7257
3 7258 7257 7256
3 7247 7243 7261
3 7275 7258 7256
3 7248 7247 7261
3 7260 7258 7275
3 7260 7257 7258
3 7244 7248 7261
3 7263 7260 7275
3 7261 7259 7260
3 7245 7244 7261
3 7534 7275 7262
3 7534 7263 7275
3 7261 7260 7264
3 8114 7245 7261
3 7535 7262 7275
3 7535 7534 7262
3 7529 7261 7264
3 1463 1470 7254
3 7266 7253 7265
3 7266 7254 7253
3 1464 1463 7254
3 7533 7253 7252
3 7533 7265 7253
3 7531 1464 7266
3 7531 1465 1464
3 7255 7249 7252
3 7268 7541 7269
3 7295 7541 7268
3 7540 7295 7268
3 7539 7540 7268
3 7270 7255 7254
3 1480 7267 7255
3 7538 7539 7268
3 7272 7256 7271
3 380 7535 7275
3 7541 7271 7267
3 8115 7275 7274
3 8115 428 7275
3 7536 428 8115
3 7286 7278 7303
3 7286 7279 7278
3 7272 7271 7541
3 7287 7280 7279
3 7287 7541 7280
3 7291 7541 7287
3 7288 7287 7286
3 7276 7272 7291
3 7306 7288 7286
3 7277 7276 7291
3 7290 7288 7306
3 7290 7287 7288
3 7273 7277 7291
3 7293 7290 7306
3 7291 7289 7290
3 7274 7273 7291
3 7542 7306 7292
3 7542 7293 7306
3 7291 7290 7294
3 8115 7274 7291
3 7543 7292 7306
3 7543 7542 7292
3 7536 7291 7294
3 7295 7283 7282
3 7296 1321 7284
3 1322 1321 7296
3 7296 7283 7295
3 7296 7284 7283
3 1323 1322 7296
3 7541 7282 7281
3 7540 7296 7295
3 7538 1323 7296
3 7283 7278 7281
3 7283 7297 7278
3 7302 7547 7285
3 7328 7547 7302
3 7299 7302 7285
3 7546 7328 7302
3 7545 7546 7302
3 7301 7297 7283
3 7544 7545 7302
3 1338 7301 8091
3 8092 7285 7298
3 7304 7286 7303
3 382 7543 7306
3 7547 7303 7297
3 7308 7306 7305
3 7308 431 7306
3 383 431 7308
3 432 383 7308
3 8116 432 7308
3 7319 7309 7334
3 7319 7310 7309
3 7304 7303 7547
3 7317 7319 7334
3 7317 7310 7319
3 7320 7311 7310
3 7320 7547 7311
3 7324 7547 7320
3 7321 7320 7317
3 7307 7304 7324
3 7323 7321 7317
3 7323 7320 7321
3 7305 7307 7324
3 7325 7317 7318
3 7326 7320 7323
3 8116 7322 7320
3 8116 7324 7322
3 7326 7317 7325
3 7326 7323 7317
3 7308 7305 8116
3 7548 7325 7318
3 7548 7326 7325
3 7548 7327 7326
3 432 8116 7327
3 1175 7314 7315
3 7328 7314 7313
3 7329 7314 7328
3 7329 7315 7314
3 7329 1175 7315
3 1177 1176 1175
3 1178 1177 7329
3 7547 7313 7312
3 7546 7329 7328
3 7544 1178 7329
3 7544 1327 1178
3 7314 7309 7312
3 7314 7330 7309
3 7331 7552 7316
3 7357 7552 7331
3 1203 7331 7316
3 7551 7357 7331
3 7550 7551 7331
3 1191 1196 7333
3 8093 7332 1196
3 7335 7317 7334
3 384 7548 7338
3 435 384 7338
3 7552 7334 7330
3 8117 7338 7337
3 7549 435 8117
3 7347 7339 7362
3 7347 7340 7339
3 7335 7334 7552
3 7348 7341 7340
3 7348 7552 7341
3 7352 7552 7348
3 7352 7335 7552
3 7349 7348 7347
3 7365 7349 7347
3 7351 7349 7365
3 7351 7348 7349
3 7337 7336 7352
3 7354 7351 7365
3 7356 7350 7351
3 7356 7352 7350
3 7553 7365 7353
3 7553 7354 7365
3 7356 7351 7355
3 8117 7337 7356
3 7554 7353 7365
3 7554 7553 7353
3 7549 7356 7355
3 1032 1037 7345
3 7357 7344 7343
3 7358 7344 7357
3 7358 7345 7344
3 7358 1032 7345
3 1033 1032 7358
3 7552 7343 7342
3 7551 7358 7357
3 7550 1033 7358
3 7344 7339 7342
3 7344 7359 7339
3 7556 7557 7346
3 7361 7556 7346
3 1037 7344 7345
3 8094 7359 7344
3 1057 7556 7361
3 8078 7555 1057
3 1055 7360 7346
3 1057 7361 7360
3 7363 7347 7362
3 386 7554 7365
3 7557 7362 7359
3 7367 7365 7364
3 7367 438 7365
3 387 438 7367
3 439 387 7367
3 8118 439 7367
3 7379 7368 7393
3 7379 7369 7368
3 7363 7362 7557
3 7377 7379 7393
3 7377 7369 7379
3 7380 7370 7369
3 7380 7557 7370
3 7384 7557 7380
3 7381 7380 7377
3 7366 7363 7384
3 7383 7381 7377
3 7383 7380 7381
3 7364 7366 7384
3 7385 7377 7378
3 7386 7380 7383
3 8118 7382 7380
3 8118 7384 7382
3 7386 7377 7385
3 7386 7383 7377
3 7367 7364 8118
3 7558 7385 7378
3 7558 7386 7385
3 7558 7387 7386
3 439 8118 7387
3 886 893 7374
3 7389 886 7374
3 7389 7372 7388
3 7389 7373 7372
3 7389 7374 7373
3 897 887 7389
3 8078 897 7389
3 7557 7372 7371
3 7557 7388 7372
3 7556 7389 7388
3 7375 7368 7371
3 7415 7376 7390
3 7391 7376 7392
3 7391 7390 7376
3 7559 7415 7390
3 908 7392 7375
3 7559 7390 7391
3 908 7391 7392
3 7394 7377 7393
3 442 7558 7398
3 443 442 7398
3 7560 7393 7392
3 8119 7398 7397
3 388 443 8119
3 389 388 8119
3 444 389 8119
3 7406 7400 7399
3 7394 7393 7560
3 7405 7400 7406
3 7407 7401 7400
3 7407 7560 7401
3 7411 7560 7407
3 7395 7394 7560
3 7408 7407 7405
3 7396 7395 7411
3 7412 7408 7405
3 7410 7408 7412
3 7410 7407 7408
3 7397 7396 7411
3 7413 7410 7412
3 8119 7409 7410
3 8119 7411 7409
3 8119 7410 7414
3 7562 7412 7423
3 7562 7413 7412
3 7561 7414 7413
3 444 8119 7414
3 8095 740 7403
3 741 740 8095
3 742 8095 7403
3 742 741 8095
3 748 742 7403
3 7376 7415 7402
3 7559 7403 7415
3 7404 7399 7402
3 7417 7566 8098
3 767 7417 8098
3 7419 7566 7417
3 8096 7404 7403
3 8097 7416 7404
3 7419 7417 767
3 7564 7565 7419
3 7420 7405 7406
3 7563 7562 7423
3 7566 7406 7416
3 7426 7423 7422
3 448 7563 7426
3 8120 448 7426
3 7434 7427 7449
3 7434 7428 7427
3 7420 7406 7566
3 7437 7429 7428
3 7437 7566 7429
3 7442 7566 7437
3 7439 7437 7434
3 7424 7420 7442
3 7438 7439 7434
3 7425 7424 7442
3 7441 7439 7438
3 7441 7437 7439
3 7421 7425 7442
3 7436 7438 7435
3 7443 7441 7438
3 7442 7440 7441
3 7422 7421 7442
3 7445 7438 7436
3 7445 7443 7438
3 7442 7441 7444
3 7426 7422 7442
3 7567 7444 7445
3 8120 7442 7444
3 8120 7426 7442
3 7447 8099 7432
3 7432 7431 7446
3 601 7447 7432
3 602 601 7432
3 7566 7431 7430
3 7566 7446 7431
3 7419 7432 7446
3 7564 602 7432
3 7433 7427 7430
3 7569 7570 8103
3 625 7569 8103
3 8100 7433 7432
3 8102 7448 7433
3 457 7569 625
3 627 457 625
3 7450 7434 7449
3 7452 7435 7434
3 7454 7436 7452
3 452 451 7436
3 7453 7436 8121
3 453 452 7453
3 7570 7449 7448
3 454 453 8121
3 7468 454 8121
3 7464 7455 7479
3 7464 7456 7455
3 7450 7449 7570
3 7463 7464 7479
3 7463 7456 7464
3 7465 7457 7456
3 7465 7570 7457
3 7466 7570 7465
3 7467 7465 7463
3 7451 7450 7466
3 7452 7451 7466
3 7454 7452 7466
3 7469 7467 7482
3 7470 7467 7469
3 7471 7465 7467
3 7472 7471 7470
3 8121 7454 7468
3 450 7469 7482
3 450 7470 7469
3 466 462 7460
3 456 455 462
3 7473 7460 7459
3 8104 466 7473
3 457 8104 7473
3 7570 7459 7458
3 7569 7473 7459
3 6992 6977 8082
3 7461 7455 7458
3 8105 8082 7462
3 7478 8083 8082
3 7478 8082 8105
3 471 7461 462
3 393 392 7483
3 7484 7479 7461
3 7484 7463 7479
3 394 393 7483
3 7480 7463 7484
3 6985 7482 7480
3 7485 7482 7481
3 395 7483 7482
3 361 394 395
